Declaring ID|Declaring Ruler|Declaring Nation|Declaring Alliance|Declaring Alliance ID|Declaring Team|Receiving ID|Receiving Ruler|Receiving Nation|Receiving Alliance|Receiving Alliance ID|Receiving Team|Status|Money|Technology|Soldiers|Date|Reason|Aid ID|
642110|Warden of 24 thralls|Hellionia|The Dark Templar|10056|Black|175157|Evey Jane|Evey Jane|The Dark Templar|10056|Black|Pending|0|100|0|9/17/2025 5:15:23 PM|Free tech|4994857|
642110|Warden of 24 thralls|Hellionia|The Dark Templar|10056|Black|126881|Lord Razzia|Razzian Dominion|The Dark Templar|10056|Black|Pending|0|100|0|9/17/2025 5:14:53 PM|Free Tech|4994856|
642110|Warden of 24 thralls|Hellionia|The Dark Templar|10056|Black|84729|D.A.D.1|IGP Warriors|The Dark Templar|10056|Black|Pending|0|100|0|9/17/2025 5:14:32 PM|Free Tech|4994855|
642110|Warden of 24 thralls|Hellionia|The Dark Templar|10056|Black|308695|Indiomaestro|Jahara|The Dark Templar|10056|Black|Pending|0|100|0|9/17/2025 5:14:07 PM|Financial Assistance|4994854|
642110|Warden of 24 thralls|Hellionia|The Dark Templar|10056|Black|262199|Bob|Beta Site|The Dark Templar|10056|Black|Pending|0|100|0|9/17/2025 5:13:46 PM|Free Tech|4994853|
407948|avatar3619|Shendu|New Pacific Order|10000|Red|647504|Mao Mao|The Country of Li|New Pacific Order|10000|Red|Pending|6000000|0|0|9/17/2025 5:10:16 PM|Konidatai|4994852|
407948|avatar3619|Shendu|New Pacific Order|10000|Red|605|Dilber|Dilber|New Pacific Order|10000|Red|Pending|9000000|0|0|9/17/2025 5:10:08 PM|Bankroll|4994851|
637113|Up in smoke|Ring of Fire Island|CLAWS|15841|Black|627747|bretrun|Togrador|CLAWS|15841|Black|Pending|9000000|0|0|9/17/2025 5:02:16 PM|$9 mil for 100 tech|4994850|
475014|cirk2|Agatea|Non Grata|10097|Maroon|631302|Gatherum|Vermis|Non Grata|10097|Maroon|Pending|9000000|0|0|9/17/2025 4:43:31 PM|Tech Deal 9m/100t|4994849|
258455|Magical Muslim|Alibaba Land|CLAWS|15841|Black|621876|thebigkas|kekistan69|COBRA|13717|Brown|Pending|9000000|0|0|9/17/2025 4:33:19 PM|9/100 tech deal|4994848|
72766|Gofastleft|Racesteria|Non Grata|10097|Maroon|369917|Gibsonator21|Gibsonistan|Non Grata|10097|Maroon|Pending|9000000|0|0|9/17/2025 4:23:55 PM|tech|4994847|
543972|zachart|The Father Land|New Pacific Order|10000|Red|603443|Crayon King|Aloyarc|New Pacific Order|10000|Red|Pending|0|100|0|9/17/2025 3:58:50 PM|Vallum Aelium|4994846|
560632|Harper77|Harpistan|Post Grunge Supergroup|16367|Brown|644916|Alexander Falkor|Adalwolf|Post Grunge Supergroup|16367|Brown|Pending|9000000|0|0|9/17/2025 3:49:35 PM|Financial Assistance|4994845|
560632|Harper77|Harpistan|Post Grunge Supergroup|16367|Brown|643449|Esabbi|Liberation Islands|Post Grunge Supergroup|16367|Brown|Pending|9000000|0|0|9/17/2025 3:49:25 PM|Financial Assistance|4994844|
4323|Xineoph|Um|The Legion|10020|Purple|129686|HK Boris|USEAR|The Legion|10020|Purple|Pending|0|100|0|9/17/2025 3:45:54 PM|Financial Assistance|4994843|
4323|Xineoph|Um|The Legion|10020|Purple|633077|DarkStar1348|Aoxomoxoa|The Legion|10020|Purple|Pending|0|100|0|9/17/2025 3:45:49 PM|Financial Assistance|4994842|
416695|pmacdaddy|Sanctuary|DOOMBIRD DOOMCAVE|10449|Black|532609|KingJohnny|Nechian Empire|Doom Squad|16454|Black|Pending|9000000|0|0|9/17/2025 3:30:00 PM|Doomerce|4994841|
416695|pmacdaddy|Sanctuary|DOOMBIRD DOOMCAVE|10449|Black|646836|Keyzlt5|Chi Seeds|Doom Squad|16454|Black|Pending|9000000|0|0|9/17/2025 3:29:35 PM|Doomerce|4994840|
441760|jacka|north 40|The Legion|10020|Purple|156693|Magnate|Republic of China|The Legion|10020|Purple|Pending|0|100|0|9/17/2025 3:18:03 PM|Financial Assistance|4994839|
441760|jacka|north 40|The Legion|10020|Purple|439338|kajkajete|Rheinlander|The Legion|10020|Purple|Pending|0|100|0|9/17/2025 3:17:53 PM|Financial Assistance|4994838|
646890|HarryJ|Wambulance|Post Grunge Supergroup|16367|Brown|443221|Mistral|Nicholas|Post Grunge Supergroup|16367|Brown|Approved|0|100|0|9/17/2025 2:57:24 PM|100/100 tech|4994837|
646890|HarryJ|Wambulance|Post Grunge Supergroup|16367|Brown|627118|Shabalabadingdong|Shabnation|Post Grunge Supergroup|16367|Yellow|Pending|0|100|0|9/17/2025 2:57:07 PM|100/100 tech|4994836|
646890|HarryJ|Wambulance|Post Grunge Supergroup|16367|Brown|311659|tanglerat|Tir Mor|Post Grunge Supergroup|16367|Brown|Pending|0|100|0|9/17/2025 2:55:16 PM|100/100 tech|4994835|
187132|White Majik|VSOP United|Doombrella|17368|Black|646975|Thomassh|HighGateHaven|Doombrella|17368|Black|Approved|9000000|0|0|9/17/2025 2:26:59 PM|Financial Assistance|4994834|
618150|Lyanna Mormont|Bear Island 4 Lyfe|Non Grata|10097|Maroon|582941|Cydonian Knight|Strodemia|Non Grata|10097|Maroon|Approved|0|100|0|9/17/2025 2:15:08 PM|Financial Assistance|4994833|
618150|Lyanna Mormont|Bear Island 4 Lyfe|Non Grata|10097|Maroon|314185|Rhizoctonia|Rhizoctonia|Non Grata|10097|Maroon|Pending|0|100|0|9/17/2025 2:15:04 PM|Financial Assistance|4994832|
531590|Ledon|Ledonia|Knights of the Round Table|10092|Green|646212|Immai|Steampower|Knights Of The Round Table|10092|Green|Pending|6000000|0|0|9/17/2025 2:11:09 PM|Tech Deal|4994831|
531590|Ledon|Ledonia|Knights of the Round Table|10092|Green|640027|Rdjzozet|Tryzovits|CLAWS|15841|Black|Pending|9000000|0|0|9/17/2025 2:06:50 PM|Tech Deal|4994830|
645139|4 Marzo|Nuova Sicilia|Veneris|17356|White|225241|Admiral Alexander|The CommonWealthCW|The Wolves|16660|Maroon|Pending|0|100|0|9/17/2025 1:46:32 PM|Financial Assistance|4994829|
531189|Peroman200|Petrolandija|Global Alliance And Treaty Organization|10003|Brown|253222|SlimCad|Cadii|Global Alliance And Treaty Organization|10003|Brown|Pending|0|100|0|9/17/2025 1:45:34 PM|Tech deal|4994828|
533273|AkkenNovikov|NewJersey|Madlads Union|17130|Brown|646439|Sagetheml|Santa Marco|Madlads Union|17130|Brown|Pending|6000000|0|0|9/17/2025 1:44:09 PM|Financial Assistance|4994827|
533273|AkkenNovikov|NewJersey|Madlads Union|17130|Brown|638116|OscarChen5|United Continental|COBRA|13717|Brown|Pending|6000000|0|0|9/17/2025 1:43:43 PM|6mill/100T|4994826|
646800|Brotherlouie27|Louimerica II|Global Alliance And Treaty Organization|10003|Brown|152876|Hankidan|Parkview 12|Global Alliance And Treaty Organization|10003|Brown|Pending|0|100|0|9/17/2025 1:22:27 PM|Financial Assistance|4994825|
645946|LiFeng|Qwertyiop|Non Grata|10097|Maroon|273692|Pope Bubba XIII|Rebel Virginia|Non Grata|10097|Maroon|Pending|0|100|0|9/17/2025 1:22:05 PM|Financial Assistance|4994824|
637223|ItsShader|Empire of Kazdouria|Knights Of The Round Table|10092|Green|424757|Round Table|Knights of the Grail|Knights of the Round Table|10092|Green|Approved|0|100|0|9/17/2025 1:07:07 PM|9/100 TT|4994823|
454402|Flyin Hawaiian|Hawaiian Land|The Dark Templar|10056|Black|545096|Mumzilla|Hulkville|The Dark Templar|10056|Black|Approved|0|100|0|9/17/2025 1:00:36 PM|Financial Assistance|4994822|
638048|CharlisonX|Willstate|New Polar Order|10006|Blue|597501|JayMillz|Curel|New Polar Order|10006|Blue|Pending|0|100|0|9/17/2025 12:52:16 PM|ICECAP Tech|4994821|
550914|reilstrap|reilstrap|Independent Republic Of Orange Nations|10004|Orange|636754|MAYBACH EMPIRE|MAYBACH 3MPIRE|Independent Republic Of Orange Nations|10004|Orange|Pending|0|10|0|9/17/2025 12:45:31 PM|ITF|4994820|
550914|reilstrap|reilstrap|Independent Republic Of Orange Nations|10004|Orange|207900|Queltocz|Quelto|Independent Republic Of Orange Nations|10004|Orange|Pending|0|100|0|9/17/2025 12:45:10 PM|ITF|4994819|
550914|reilstrap|reilstrap|Independent Republic Of Orange Nations|10004|Orange|347458|iwin90|stopwarnow|Independent Republic Of Orange Nations|10004|Orange|Pending|0|100|0|9/17/2025 12:44:48 PM|ITF|4994818|
550914|reilstrap|reilstrap|Independent Republic Of Orange Nations|10004|Orange|616887|Dontavian|Karnax|Independent Republic Of Orange Nations|10004|Orange|Pending|0|100|0|9/17/2025 12:44:26 PM|ITF|4994817|
550914|reilstrap|reilstrap|Independent Republic Of Orange Nations|10004|Orange|605023|JuggernautMD|Framework|Independent Republic Of Orange Nations|10004|Orange|Pending|0|10|0|9/17/2025 12:43:24 PM|ITF|4994816|
193964|Yukura|DeathSeekers|New Pacific Order|10000|Red|553651|Stanley Steemer|Erwin Township|New Pacific Order|10000|Red|Pending|9000000|0|0|9/17/2025 12:39:21 PM|Bankroll|4994815|
193964|Yukura|DeathSeekers|New Pacific Order|10000|Red|616302|Ashwyesum|The Ashes State|New Pacific Order|10000|Red|Pending|9000000|0|0|9/17/2025 12:39:11 PM|Bankroll|4994814|
300255|Argirioc|Argiriahn|The Legion|10020|Purple|129686|HK Boris|USEAR|The Legion|10020|Purple|Pending|0|100|0|9/17/2025 12:23:54 PM|Financial Assistance|4994813|
300255|Argirioc|Argiriahn|The Legion|10020|Purple|633077|DarkStar1348|Aoxomoxoa|The Legion|10020|Purple|Approved|0|100|0|9/17/2025 12:23:45 PM|Financial Assistance|4994812|
300255|Argirioc|Argiriahn|The Legion|10020|Purple|156693|Magnate|Republic of China|The Legion|10020|Purple|Pending|0|100|0|9/17/2025 12:23:37 PM|Financial Assistance|4994811|
582040|casey3927|landguardian|The Legion|10020|Purple|637077|Promethixian|Promethixia|The Legion|10020|Purple|Approved|0|100|0|9/17/2025 12:23:27 PM|Financial Assistance|4994810|
300255|Argirioc|Argiriahn|The Legion|10020|Purple|439338|kajkajete|Rheinlander|The Legion|10020|Purple|Pending|0|100|0|9/17/2025 12:23:26 PM|Financial Assistance|4994809|
300255|Argirioc|Argiriahn|The Legion|10020|Purple|637077|Promethixian|Promethixia|The Legion|10020|Purple|Approved|0|100|0|9/17/2025 12:23:17 PM|Financial Assistance|4994808|
319843|Sinister|New Terminal|Non Grata|10097|Maroon|457345|Taiki11|Taiki Land|Non Grata|10097|Maroon|Approved|9000000|0|0|9/17/2025 12:15:13 PM|Financial Assistance|4994807|
319843|Sinister|New Terminal|Non Grata|10097|Maroon|644042|calicocatface|Calico Islands|Non Grata|10097|Maroon|Pending|9000000|0|0|9/17/2025 12:14:59 PM|Financial Assistance|4994806|
573749|necAnt|Lucky Ants|The Gramlins|17440|Green|141164|LiquidMercury|FallenSeraphim|The Gramlins|17440|Black|Pending|0|100|0|9/17/2025 12:08:58 PM|TD 2/2|4994805|
573749|necAnt|Lucky Ants|The Gramlins|17440|Green|329142|Donada|Hobis|Argent|10063|Pink|Pending|0|100|0|9/17/2025 12:08:46 PM|TD 2/2|4994804|
558318|Falcon9|Darkest Chandler|Fark|10002|Aqua|407586|FreezingAssassin|Charr|Fark|10002|Aqua|Pending|0|100|0|9/17/2025 11:57:43 AM|9/100|4994803|
505179|amyameretta|Finlandia|New Pacific Order|10000|Red|605|Dilber|Dilber|New Pacific Order|10000|Red|Approved|9000000|0|0|9/17/2025 11:56:58 AM|Bankroll|4994802|
505179|amyameretta|Finlandia|New Pacific Order|10000|Red|609716|xander99|Melton|New Pacific Order|10000|Red|Pending|9000000|0|0|9/17/2025 11:56:53 AM|Bankroll|4994801|
505179|amyameretta|Finlandia|New Pacific Order|10000|Red|638860|Adrius Adler|Trostland|New Pacific Order|10000|Red|Pending|9000000|0|0|9/17/2025 11:56:48 AM|Bankroll|4994800|
640620|Frioz|Lusitania Portugalia|Post Grunge Supergroup|16367|Brown|533273|AkkenNovikov|NewJersey|Madlads Union|17130|Brown|Approved|0|100|0|9/17/2025 11:53:22 AM|Financial Assistance|4994799|
63284|Kills with Fire|New Highlands|Federation of Armed Nations|10021|Yellow|467217|aroswing|Land of Darkness|Freehold of The Wolves|15157|White|Approved|9000000|0|0|9/17/2025 11:44:05 AM|Valyrian|4994798|
63284|Kills with Fire|New Highlands|Federation of Armed Nations|10021|Yellow|645105|Trench Foast|TrenchFoastia|Christian Coalition Of Countries|10028|Maroon|Pending|9000000|0|0|9/17/2025 11:43:47 AM|Valyrian|4994797|
63284|Kills with Fire|New Highlands|Federation of Armed Nations|10021|Yellow|646556|DarkFae|FaeRealm|Christian Coalition Of Countries|10028|Maroon|Pending|6000000|0|0|9/17/2025 11:43:26 AM|Valyrian|4994796|
632937|informator|Ukrainians|Knights Of The Round Table|10092|Green|633989|Ernst S Blofeld|Blofeld Wineries|Knights Of The Round Table|10092|Aqua|Approved|0|100|0|9/17/2025 11:03:50 AM|Technology Assistance|4994795|
39705|Bmk812|Eisenherz|Global Alliance And Treaty Organization|10003|Brown|646815|godtoh1|hotdogal|Global Alliance And Treaty Organization|10003|Brown|Pending|9000000|0|0|9/17/2025 11:03:46 AM|Tech Aid|4994794|
632937|informator|Ukrainians|Knights Of The Round Table|10092|Green|511886|The Sentinel|Ruscino|Knights of the Round Table|10092|Green|Approved|0|100|0|9/17/2025 11:03:08 AM|Technology Assistance|4994793|
632937|informator|Ukrainians|Knights Of The Round Table|10092|Green|331985|aljabarian|CrabMan|Knights Of The Round Table|10092|Green|Pending|0|100|0|9/17/2025 11:02:55 AM|Technology Assistance|4994792|
632937|informator|Ukrainians|Knights Of The Round Table|10092|Green|518469|Combmartin Mining Co|Combe Martin|Knights of the Round Table|10092|Green|Approved|0|100|0|9/17/2025 11:02:37 AM|Technology Assistance|4994791|
132232|Justin666|Pain nation 666|Non Grata|10097|Maroon|631569|CaesarGorandius|Ohiostan|Non Grata|10097|Maroon|Pending|9000000|0|0|9/17/2025 10:52:51 AM|Financial Assistance|4994790|
624103|Wolf Man|Nuke Inc|CLAWS|15841|Black|647087|Meow22Meow22|Miwso|New Pacific Order|10000|Black|Approved|6000000|0|0|9/17/2025 10:48:25 AM|tech deal|4994789|
647336|Anomaly|Pub Republic|Global Alliance And Treaty Organization|10003|Brown|576916|Czar Cootie|Zernograd|Global Alliance And Treaty Organization|10003|Brown|Approved|0|100|0|9/17/2025 10:46:22 AM|Financial Assistance|4994788|
119121|mahmah|Banglia|The Grand Lodge of Freemasons|10029|Orange|635658|Chaotican|United CroatiaUC|Wurst Alliance|16919|Green|Pending|9000000|0|0|9/17/2025 10:43:30 AM|Tech Deal|4994787|
418455|Sabcat|Sabcat Island|Libertarian Socialist Federation|10027|Brown|642140|Venusia|Tenebris|Post Grunge Supergroup|16367|Brown|Pending|9000000|0|0|9/17/2025 10:32:51 AM|Tech deal|4994786|
348468|Ghan Khalav|Khalavistan|Global Alliance and Treaty Organization|10003|Brown|646813|SaberClawd|Nyxus|Global Alliance And Treaty Organization|10003|Brown|Pending|9000000|0|0|9/17/2025 10:20:45 AM|Tech|4994785|
514897|Phocas|Lighthouse Island|The Prussian Empire|14204|Green|631406|The Black Kaiser|Medieval Reich||0|Green|Approved|9000000|0|0|9/17/2025 10:08:54 AM|9 mil for 100 tech|4994783|
356682|Logic|8Bit Nation|Doombrella|17368|Black|202255|onelove|We Are One Love|Doombrella|17368|Black|Pending|0|100|0|9/17/2025 10:08:28 AM|Financial Assistance|4994782|
356682|Logic|8Bit Nation|Doombrella|17368|Black|623822|Comrade Marx|GreaterGoonSyndicate|Doombrella|17368|Black|Approved|0|100|0|9/17/2025 10:08:11 AM|Financial Assistance|4994780|
356682|Logic|8Bit Nation|Doombrella|17368|Black|184514|Franz Ferdinand|L252beck|Doombrella|17368|Black|Approved|0|100|0|9/17/2025 10:08:06 AM|Financial Assistance|4994779|
75992|weaverc|Weaver|Global Alliance and Treaty Organization|10003|Brown|646801|Chaos Gremlin|Chaostopia|Global Alliance And Treaty Organization|10003|Brown|Pending|9000000|0|0|9/17/2025 9:57:50 AM|Financial Assistance|4994778|
449283|Sir Benevale|Orangewall|Knights of the Round Table|10092|Green|643321|KerouacLives|Astorion|Knights Of The Round Table|10092|Green|Pending|9000000|0|0|9/17/2025 9:56:43 AM|Techno $9M/100T|4994777|
627722|Mustard Pougy|Frog Flats|Knights Of The Round Table|10092|Green|201332|dawg66|Grand Americana|Knights Of The Round Table|10092|Green|Approved|0|100|0|9/17/2025 9:51:23 AM|A frog was here|4994776|
509327|Pollard|Baby Baby Baby Ohhhh|The Chaos Brotherhood|10364|Black|647011|Knight del Sol|Esplandian|Veneris|17356|White|Pending|9000000|0|0|9/17/2025 9:45:26 AM|Tech Deal|4994775|
586091|Prince Henry|Great Atlanta|New Pacific Order|10000|Red|603443|Crayon King|Aloyarc|New Pacific Order|10000|Red|Approved|0|100|0|9/17/2025 9:40:23 AM|Vallum Aelium|4994774|
586091|Prince Henry|Great Atlanta|New Pacific Order|10000|Red|366247|Polgas|Novasea|New Pacific Order|10000|Red|Pending|0|100|0|9/17/2025 9:40:18 AM|QT Tech|4994773|
586091|Prince Henry|Great Atlanta|New Pacific Order|10000|Red|305440|Daimos|Micon|New Pacific Order|10000|Red|Pending|0|100|0|9/17/2025 9:40:13 AM|QT Tech|4994772|
586091|Prince Henry|Great Atlanta|New Pacific Order|10000|Red|234918|LordOfTheLand|APIGP|New Pacific Order|10000|Red|Pending|0|100|0|9/17/2025 9:40:09 AM|QT Tech|4994771|
586091|Prince Henry|Great Atlanta|New Pacific Order|10000|Red|94143|soultaker|myatt|New Pacific Order|10000|Red|Pending|0|100|0|9/17/2025 9:40:04 AM|QT Tech|4994770|
586091|Prince Henry|Great Atlanta|New Pacific Order|10000|Red|111283|K L Emall|North Unstunstia|New Pacific Order|10000|Red|Approved|0|100|0|9/17/2025 9:39:57 AM|QT Tech|4994769|
508630|notkintoot|particle|Nuclear Proliferation League|17228|Aqua|645985|CaboMabo|CaboMabo|Nuclear Proliferation League|17228|Aqua|Pending|9000000|100|0|9/17/2025 9:35:11 AM|Donation deal 5/10|4994768|
273692|Pope Bubba XIII|Rebel Virginia|Non Grata|10097|Maroon|624649|arif2016|TheIndomitableEmpire|COBRA|13717|Brown|Approved|9000000|0|0|9/17/2025 9:34:59 AM|Tech|4994767|
487838|Lord von Manteuffel|Kampfgruppe Panzer|Swash Plates And Tail Rotors|10126|None|325202|murtibing|Fluens|Axiom of Regularity|17122|White|Pending|9000000|0|0|9/17/2025 9:18:14 AM|Financial Assistance|4994766|
487838|Lord von Manteuffel|Kampfgruppe Panzer|Swash Plates And Tail Rotors|10126|None|260817|MamazlilMistake|Happy Hunting Ground|Non Grata|10097|Maroon|Approved|9000000|100|0|9/17/2025 9:18:03 AM|Financial Assistance|4994765|
487838|Lord von Manteuffel|Kampfgruppe Panzer|Swash Plates And Tail Rotors|10126|None|265697|Laskar Pelangi|Rainbow Soldier|Kaskus|10104|Brown|Pending|9000000|100|0|9/17/2025 9:17:50 AM|Financial Assistance|4994764|
487838|Lord von Manteuffel|Kampfgruppe Panzer|Swash Plates And Tail Rotors|10126|None|40650|kerschbs|indica|Non Grata|10097|Maroon|Approved|9000000|100|0|9/17/2025 9:17:37 AM|Financial Assistance|4994763|
430606|KemMo|Maurinaria|Nuclear Proliferation League|17228|Aqua|646886|Root3|Kansa|Nuclear Proliferation League|17228|Aqua|Approved|9000000|0|0|9/17/2025 9:13:24 AM|9/100|4994762|
385567|NinoCelestial|Ciudad de leon|Fark|10002|Aqua|645740|ShadowSleeper|Noevgono|Nuclear Proliferation League|17228|Aqua|Pending|9000000|0|0|9/17/2025 9:07:41 AM|tech deal|4994761|
385567|NinoCelestial|Ciudad de leon|Fark|10002|Aqua|558318|Falcon9|Darkest Chandler|Fark|10002|Aqua|Approved|9000000|0|0|9/17/2025 9:06:02 AM|tech deal|4994760|
643876|LordInfamous|Swindlerstan|Independent Republic Of Orange Nations|10004|Orange|636601|Wolfbite|Caffinated Wolves|Independent Republic Of Orange Nations|10004|Orange|Approved|0|100|0|9/17/2025 9:05:34 AM|ITF|4994759|
452727|Avakael|Klaus Devestatorie|Nuclear Proliferation League|17228|Brown|646886|Root3|Kansa|Nuclear Proliferation League|17228|Aqua|Approved|9000000|0|0|9/17/2025 9:04:26 AM|Tech deal 9m/100|4994758|
646297|Snorkel|Rockies Folk State|Nuclear Proliferation League|17228|Aqua|543131|Morjon|Wayward Renegade|Nuclear Proliferation League|17228|Aqua|Pending|0|100|0|9/17/2025 9:02:53 AM|Tech delivery|4994757|
257186|Southern Comfort|Wild Wild West|Knights Of The Round Table|10092|Green|647271|Overlord121|Velmorra|Knights Of The Round Table|10092|Green|Approved|6000000|0|0|9/17/2025 8:58:48 AM|Financial Assistance|4994756|
347458|iwin90|stopwarnow|Independent Republic Of Orange Nations|10004|Orange|635131|Thandrumland|Thandrumland|Independent Republic Of Orange Nations|10004|Orange|Pending|9000000|0|0|9/17/2025 8:39:50 AM|ITF|4994755|
588563|Kasper|Skora Horda|Knights Of The Round Table|10092|Green|647060|CAMOM|CAMOM EMPIRE|The Phoenix Federation|17385|Red|Approved|6000000|0|0|9/17/2025 8:37:42 AM|6=100t?|4994754|
625902|Patrick Stewart|Republic of Yorkshir|Non Grata|10097|Maroon|276365|ShadowSKAR|Hidden Shadows|Non Grata|10097|Maroon|Pending|0|100|0|9/17/2025 8:33:59 AM|Financial Assistance|4994753|
625902|Patrick Stewart|Republic of Yorkshir|Non Grata|10097|Maroon|72766|Gofastleft|Racesteria|Non Grata|10097|Maroon|Pending|0|100|0|9/17/2025 8:33:49 AM|Financial Assistance|4994752|
625902|Patrick Stewart|Republic of Yorkshir|Non Grata|10097|Maroon|324224|SemperFidelis|United Carborundum|Non Grata|10097|Maroon|Pending|0|100|0|9/17/2025 8:33:37 AM|Financial Assistance|4994751|
625902|Patrick Stewart|Republic of Yorkshir|Non Grata|10097|Maroon|596901|Malic|Veridia|Non Grata|10097|Maroon|Approved|0|100|0|9/17/2025 8:33:26 AM|Financial Assistance|4994750|
625902|Patrick Stewart|Republic of Yorkshir|Non Grata|10097|Maroon|600902|HackSlash|NewFinlandia|Non Grata|10097|Maroon|Approved|0|100|0|9/17/2025 8:33:15 AM|Financial Assistance|4994749|
578954|Rydin|Vundf|Freehold of The Wolves|15157|White|160240|Pamacii|Speedy Cats|Freehold of The Wolves|15157|White|Pending|9000000|0|0|9/17/2025 8:30:07 AM|FTW|4994748|
578954|Rydin|Vundf|Freehold of The Wolves|15157|White|647422|WarLordSnaxx|Snackdom|Freehold of The Wolves|15157|White|Pending|6000000|0|0|9/17/2025 8:28:34 AM|FTW|4994747|
532788|end666|A New India|New Pacific Order|10000|Red|594363|Greatkitteh|Guahan|New Pacific Order|10000|Red|Approved|9000000|0|0|9/17/2025 8:28:32 AM|Bankroll|4994746|
532788|end666|A New India|New Pacific Order|10000|Red|551335|Hakora Kiyanto|Makayan|New Pacific Order|10000|Red|Pending|9000000|0|0|9/17/2025 8:28:23 AM|Bankroll|4994745|
532788|end666|A New India|New Pacific Order|10000|Red|647186|Paxywoo|Paxyland|New Pacific Order|10000|Red|Pending|9000000|0|0|9/17/2025 8:28:15 AM|Rising Stars|4994744|
532788|end666|A New India|New Pacific Order|10000|Red|576649|Caighil Coiri|Emerald Isles|New Pacific Order|10000|Red|Approved|9000000|0|0|9/17/2025 8:28:08 AM|QT Pay|4994743|
588563|Kasper|Skora Horda|Knights Of The Round Table|10092|Green|646885|Justin Ordinary|Ordinary|Knights Of The Round Table|10092|Green|Approved|6000000|0|0|9/17/2025 8:28:07 AM|Ordinary 6m=100t|4994742|
532788|end666|A New India|New Pacific Order|10000|Red|207736|maxpower316|Lunatic Pandora|New Pacific Order|10000|Red|Approved|9000000|0|0|9/17/2025 8:28:01 AM|Bankroll|4994741|
532788|end666|A New India|New Pacific Order|10000|Red|643162|DarkDefiance|United Defiance|New Pacific Order|10000|Red|Pending|9000000|0|0|9/17/2025 8:27:55 AM|Bankroll|4994740|
578954|Rydin|Vundf|Freehold of The Wolves|15157|White|647026|Garcannon|Tarmintar|Goldenrod Accords|17406|Green|Pending|6000000|0|0|9/17/2025 8:27:41 AM|Valyrian Tech|4994739|
643784|Cypher Link|Cyphristria|Post Grunge Supergroup|16367|Brown|647184|DCBinks|Caogalna|Post Grunge Supergroup|16367|Brown|Approved|6000000|0|0|9/17/2025 8:21:46 AM|Tech Deal 6/100|4994738|
12258|Commissar Sendoa|Cataduanes|Non Grata|10097|Maroon|469301|Lars Jorgens|Whale of a Time|Non Grata|10097|Maroon|Pending|0|100|0|9/17/2025 8:18:26 AM|Tech madness|4994737|
12258|Commissar Sendoa|Cataduanes|Non Grata|10097|Maroon|2621|James|TIEIXIAIS|Non Grata|10097|Maroon|Approved|0|100|0|9/17/2025 8:17:28 AM|Tech madness|4994736|
18236|javaswiller|swillerland|Freehold of The Wolves|15157|White|608652|King of Clu|Kingdom of Clu|Freehold of The Wolves|15157|White|Pending|9000000|0|0|9/17/2025 8:16:48 AM|Financial Assistance|4994735|
557687|gameoverclocker|kryzhome|NATO|10037|Blue|646682|HyeUrartu2|UrartuKingdom|Christian Coalition Of Countries|10028|Maroon|Approved|6000000|0|0|9/17/2025 8:15:53 AM|Valyrian Program|4994734|
557687|gameoverclocker|kryzhome|NATO|10037|Blue|647026|Garcannon|Tarmintar|Goldenrod Accords|17406|Green|Pending|6000000|0|0|9/17/2025 8:15:33 AM|Valyrian Program|4994733|
18236|javaswiller|swillerland|Freehold of The Wolves|15157|White|478755|Democracy|UnitedNation|Freehold of The Wolves|15157|White|Pending|9000000|0|0|9/17/2025 8:15:04 AM|Financial Assistance|4994732|
293406|Jeffimus|Smoothwater|The Dark Templar|10056|Black|33116|+Zeke+|Iron Heart|The Dark Templar|10056|Black|Pending|0|100|0|9/17/2025 8:13:37 AM|Financial Assistance|4994731|
250431|riser|Goodwill|CLAWS|15841|Black|143998|planetary|planetarium|CLAWS|15841|Black|Pending|9000000|0|0|9/17/2025 8:13:13 AM|9m/100 tech deal|4994730|
325990|Bleak Outlook|New Dun Likus|Fark|10002|Aqua|385567|NinoCelestial|Ciudad de leon|Fark|10002|Aqua|Approved|0|100|0|9/17/2025 7:58:00 AM|Farkin tecnolog&#195;&#173;a gratis|4994729|
325990|Bleak Outlook|New Dun Likus|Fark|10002|Aqua|370722|GrumpyOldMan|Lawnistan|Fark|10002|Aqua|Pending|0|100|0|9/17/2025 7:56:05 AM|Free Farkin Tech!|4994728|
526716|Ultraman|Nebula M78|Interkosmos|16298|Green|638884|WideVader|Balkan Union Pact|Interkosmos|16298|Green|Pending|9000000|0|0|9/17/2025 7:52:00 AM|Wonder Assistance|4994727|
481103|AzureShadow|Coobie|Doombrella|17368|Black|66883|Crown Prince Mishka|Tygaland|Doombrella|17368|Black|Approved|0|100|0|9/17/2025 7:49:54 AM|Financial Assistance|4994726|
481103|AzureShadow|Coobie|Doombrella|17368|Black|144708|Matthew PK|Commonwealth of LoL|Doombrella|17368|Black|Approved|0|100|0|9/17/2025 7:49:42 AM|Financial Assistance|4994725|
481103|AzureShadow|Coobie|Doombrella|17368|Black|503436|StevieG|Dinglebay|Doombrella|17368|Black|Approved|0|100|0|9/17/2025 7:49:29 AM|Financial Assistance|4994724|
481103|AzureShadow|Coobie|Doombrella|17368|Black|541774|Das Blitzkrieger|Leistungsstarke|Doombrella|17368|Black|Pending|0|100|0|9/17/2025 7:49:17 AM|Financial Assistance|4994723|
481103|AzureShadow|Coobie|Doombrella|17368|Black|585631|Srivatsan|MAHANADU|Doombrella|17368|Black|Pending|0|100|0|9/17/2025 7:49:01 AM|Financial Assistance|4994722|
498421|killjoy123|DAR LAND|Nuclear Proliferation League|17228|White|647485|SausyNapkins|SausyTits|Nuclear Proliferation League|17228|Black|Pending|6000000|0|0|9/17/2025 7:48:11 AM|Tech deal 6/100|4994721|
497000|Democzar|frequathrive|Global Alliance And Treaty Organization|10003|Brown|646764|Reverend Edo|Outopostan|Global Alliance And Treaty Organization|10003|Brown|Pending|9000000|0|0|9/17/2025 7:47:18 AM|Financial Assistance|4994720|
590030|toledomike|BUGANATION|CLAWS|15841|Black|275547|BigKif|KifLand|CLAWS|15841|Black|Pending|0|100|0|9/17/2025 7:45:36 AM|Financial Assistance|4994719|
497000|Democzar|frequathrive|Global Alliance And Treaty Organization|10003|Brown|603950|Michael Locke|Baltorussia|Global Alliance And Treaty Organization|10003|Brown|Pending|9000000|0|0|9/17/2025 7:45:04 AM|Financial Assistance|4994718|
500125|Soxirella|Jusmania|Non Grata|10097|Maroon|627572|Latexi|Why would I do this|Non Grata|10097|Maroon|Approved|9000000|0|0|9/17/2025 7:44:25 AM|Financial Assistance|4994717|
500125|Soxirella|Jusmania|Non Grata|10097|Maroon|633611|Speeder|Dronterlands|Non Grata|10097|Maroon|Pending|9000000|0|0|9/17/2025 7:44:06 AM|Financial Assistance|4994716|
500125|Soxirella|Jusmania|Non Grata|10097|Maroon|181481|HammerMan|Dooche|Non Grata|10097|Maroon|Approved|9000000|0|0|9/17/2025 7:43:57 AM|Financial Assistance|4994715|
500125|Soxirella|Jusmania|Non Grata|10097|Maroon|638461|Jerby|Simulacra|Non Grata|10097|Maroon|Pending|9000000|0|0|9/17/2025 7:43:45 AM|Financial Assistance|4994714|
608458|Johnny Cutlass|Claw Key|Knights Of The Round Table|10092|Aqua|643449|Esabbi|Liberation Islands|Post Grunge Supergroup|16367|Brown|Approved|9000000|0|0|9/17/2025 7:42:47 AM|Surrender your tech!|4994713|
602563|AntiChoice|SuperNaturale|Sparta|10008|Black|143364|Inkblot|Poverty|Sparta|10008|Black|Pending|6000000|0|0|9/17/2025 7:34:02 AM|Tech Deal|4994712|
253222|SlimCad|Cadii|Global Alliance And Treaty Organization|10003|Brown|647457|wakamavrick|New Schneeny|Global Alliance And Treaty Organization|10003|Brown|Approved|6000000|0|0|9/17/2025 7:24:04 AM|Tech Deal|4994711|
631406|The Black Kaiser|Medieval Reich||0|Green|624486|Anubis777|Flat Earth|The Prussian Empire|14204|Green|Approved|0|100|0|9/17/2025 7:03:49 AM|Anubis Auslandshilfe|4994710|
646762|Kevlar|Sasquatch|Global Alliance And Treaty Organization|10003|Brown|147284|Magicninja|Grundy|Global Alliance And Treaty Organization|10003|Brown|Pending|0|100|0|9/17/2025 7:01:37 AM|Sweet squatch tech|4994709|
498421|killjoy123|DAR LAND|Nuclear Proliferation League|17228|White|646497|Arcanium|Averium|Nuclear Proliferation League|17228|Aqua|Approved|9000000|0|0|9/17/2025 6:47:07 AM|Word is bond|4994708|
498421|killjoy123|DAR LAND|Nuclear Proliferation League|17228|White|647188|Ra Zeus|NewEygptianEmpire|Nuclear Proliferation League|17228|White|Approved|6000000|0|0|9/17/2025 6:45:16 AM|Tech deal|4994707|
206879|Platinumviper|Bekaa|NATO|10037|Blue|510139|AnthraxAnderson|Empire of Armageddon|NATO|10037|Blue|Pending|9000000|0|0|9/17/2025 6:40:56 AM|Valyrian Aid|4994706|
206879|Platinumviper|Bekaa|NATO|10037|Blue|647347|RealShrimpShady|Shrimplandia|NATO|10037|Blue|Approved|9000000|0|0|9/17/2025 6:40:18 AM|Valyrian Aid|4994705|
206879|Platinumviper|Bekaa|NATO|10037|Blue|209648|neonthefox|waltoria|NATO|10037|Blue|Pending|9000000|0|0|9/17/2025 6:39:26 AM|Valyrian Aid|4994704|
206879|Platinumviper|Bekaa|NATO|10037|Blue|646145|ScootDootson|UnitedPeoplesOfDoot|Goldenrod Accords|17406|Green|Pending|9000000|0|0|9/17/2025 6:38:34 AM|Valyrian Aid|4994703|
644785|Optimus881|Wakanda881|Post Grunge Supergroup|16367|Brown|560632|Harper77|Harpistan|Post Grunge Supergroup|16367|Brown|Approved|0|100|0|9/17/2025 6:35:04 AM|$9M/100T tech trade|4994702|
638515|silkhyacinth|Taiat|The Legion|10020|Purple|637077|Promethixian|Promethixia|The Legion|10020|Purple|Approved|0|100|0|9/17/2025 6:33:13 AM|Financial Assistance|4994701|
535865|Donbo McSlay|Donbo Land|Federation Of Armed Nations|10021|Yellow|62721|brass|Banlovit|Federation of Armed Nations|10021|Yellow|Pending|0|100|0|9/17/2025 6:19:30 AM|Financial Assistance|4994700|
1037|mona lisa|3 oaks|Old Guard|11296|Blue|646787|Hye781|Calilove4ever|Christian Coalition Of Countries|10028|Maroon|Pending|9000000|0|0|9/17/2025 6:16:47 AM|Valyrian Aid|4994699|
1037|mona lisa|3 oaks|Old Guard|11296|Blue|647347|RealShrimpShady|Shrimplandia|NATO|10037|Blue|Approved|9000000|0|0|9/17/2025 6:14:47 AM|Valyrian Aid|4994698|
607213|Ernak son of Attila|The Huns|The Prussian Empire|14204|Green|631385|Kingdom of Denmark|Jutland Germany|The Prussian Empire|14204|Green|Approved|9000000|0|0|9/17/2025 6:03:15 AM|The Huns need 100 tech|4994697|
4930|Sir Sci|Scots Empire|Global Alliance and Treaty Organization|10003|Brown|152876|Hankidan|Parkview 12|Global Alliance And Treaty Organization|10003|Brown|Pending|0|100|0|9/17/2025 6:00:59 AM|Financial Assistance|4994696|
453391|Rokula|Paraiso|New Pacific Order|10000|Red|551335|Hakora Kiyanto|Makayan|New Pacific Order|10000|Red|Pending|9000000|0|0|9/17/2025 6:00:23 AM|Bankroll|4994695|
638628|Hogboy|Maeshowe|Knights Of The Round Table|10092|Green|491885|Chuck Jongil|Soylent Greenland|Viridian Entente|10010|Green|Pending|0|100|0|9/17/2025 6:00:17 AM|Soy concentrate|4994694|
453391|Rokula|Paraiso|New Pacific Order|10000|Red|594363|Greatkitteh|Guahan|New Pacific Order|10000|Red|Approved|9000000|0|0|9/17/2025 6:00:14 AM|Bankroll|4994693|
638628|Hogboy|Maeshowe|Knights Of The Round Table|10092|Green|25379|Stylesjl|Pontbridge|Coalition of Royal Allied Powers|10051|Maroon|Pending|0|100|0|9/17/2025 5:59:49 AM|Teicneolas|4994692|
633989|Ernst S Blofeld|Blofeld Wineries|Knights Of The Round Table|10092|Aqua|644916|Alexander Falkor|Adalwolf|Post Grunge Supergroup|16367|Brown|Pending|9000000|0|0|9/17/2025 5:56:03 AM|Tech import?|4994691|
633989|Ernst S Blofeld|Blofeld Wineries|Knights Of The Round Table|10092|Aqua|640291|Sith Emperor|HothEmpire|The Prussian Empire|14204|Green|Approved|6000000|0|0|9/17/2025 5:54:00 AM|Tech import?|4994690|
206879|Platinumviper|Bekaa|NATO|10037|Blue|643887|SilenttShadow27|Temnota|NATO|10037|Blue|Pending|9000000|0|0|9/17/2025 5:33:42 AM|Valyrian Aid|4994689|
129864|Mike the Greatest|Palookastan|Nuclear Proliferation League|17228|Maroon|646892|Kamva|Zaire Republic|Nuclear Proliferation League|17228|Blue|Pending|6000000|0|0|9/17/2025 5:29:02 AM|Tech trade|4994688|
129864|Mike the Greatest|Palookastan|Nuclear Proliferation League|17228|Maroon|646240|WelpLOLoofE|Slavnia|Nuclear Proliferation League|17228|Black|Pending|9000000|0|0|9/17/2025 5:28:35 AM|Tech trade|4994687|
311344|asapilu|Persianiran|NATO|10037|Blue|646682|HyeUrartu2|UrartuKingdom|Christian Coalition Of Countries|10028|Maroon|Approved|6000000|0|0|9/17/2025 5:19:22 AM|Valyrian aid|4994686|
311344|asapilu|Persianiran|NATO|10037|Blue|647026|Garcannon|Tarmintar|Goldenrod Accords|17406|Green|Pending|6000000|0|0|9/17/2025 5:19:07 AM|Valyrian aid|4994685|
645740|ShadowSleeper|Noevgono|Nuclear Proliferation League|17228|Aqua|280326|Scytale|Tleilax|Fark|10002|Aqua|Approved|0|100|0|9/17/2025 5:17:23 AM|Financial Assistance|4994684|
633463|Mein Kaiser|DasVaterland|Church of the Holy Platypus|17265|Green|493791|azntrigboi|Symmetry|NATO|10037|Blue|Pending|0|100|0|9/17/2025 5:14:05 AM|Financial Assistance|4994683|
633463|Mein Kaiser|DasVaterland|Church of the Holy Platypus|17265|Green|626566|Peacy McPeaceface|New Olde Switzerland|Christian Coalition Of Countries|10028|Maroon|Approved|0|100|0|9/17/2025 5:13:48 AM|Financial Assistance|4994682|
200690|Andrew Wiggin|Eros|Knights Of The Round Table|10092|Green|641418|The Gingerbread Man|The edge of a wood|Knights Of The Round Table|10092|Green|Pending|9000000|0|0|9/17/2025 5:00:46 AM|Tech deal|4994681|
596771|Pentix|Mars Colony|New Polar Order|10006|Blue|646886|Root3|Kansa|Nuclear Proliferation League|17228|Aqua|Approved|9000000|0|0|9/17/2025 4:26:57 AM|Financial Assistance|4994680|
626894|Gamestonk|GameStonk|COBRA|13717|Brown|437548|Dutchmaster|Feardare|Coalition of Royal Allied Powers|10051|Maroon|Approved|0|100|0|9/17/2025 4:24:34 AM|100/100|4994679|
583468|Qldvespanut|Mr Ben|Mostly Harmless Alliance|14879|Aqua|645139|4 Marzo|Nuova Sicilia|Veneris|17356|White|Approved|9000000|0|0|9/17/2025 4:23:02 AM|9/100|4994678|
583468|Qldvespanut|Mr Ben|Mostly Harmless Alliance|14879|Aqua|558202|Doug Henning|Magic Land|Nuclear Proliferation League|17228|Aqua|Approved|9000000|0|0|9/17/2025 4:22:35 AM|9/100|4994677|
637489|Osirispuprex|Osirispuprex|Post Grunge Supergroup|16367|Brown|563422|nekro448|North Eugenia|Post Grunge Supergroup|16367|Brown|Approved|0|100|0|9/17/2025 4:10:20 AM|Financial Assistance|4994676|
637489|Osirispuprex|Osirispuprex|Post Grunge Supergroup|16367|Brown|577964|WagonWheel|Wagons|Post Grunge Supergroup|16367|Brown|Approved|0|100|0|9/17/2025 4:10:05 AM|Financial Assistance|4994675|
645768|Sitthemdown|Emperor Protects|Doombrella|17368|Black|484851|enderland|Fields of Elysium|Doombrella|17368|Black|Approved|0|100|0|9/17/2025 4:06:22 AM|Financial Assistance|4994674|
645768|Sitthemdown|Emperor Protects|Doombrella|17368|Black|342957|tayloj7|Rabbitopia|Doombrella|17368|Black|Pending|0|100|0|9/17/2025 4:06:09 AM|Financial Assistance|4994673|
645768|Sitthemdown|Emperor Protects|Doombrella|17368|Black|402492|NikolaP|Wiggles|Doombrella|17368|Black|Pending|0|100|0|9/17/2025 4:05:27 AM|Financial Assistance|4994672|
254442|Oddballalex|Alexville|CLAWS|15841|Black|647152|White Ruler|Exotica|Veneris|17356|White|Pending|6000000|0|0|9/17/2025 3:47:25 AM|tech deal|4994671|
254442|Oddballalex|Alexville|CLAWS|15841|Black|645268|fucho|fucho|Veneris|17356|White|Approved|6000000|0|0|9/17/2025 3:47:14 AM|tech deal|4994670|
254442|Oddballalex|Alexville|CLAWS|15841|Black|640191|Landowner|Free Land for Sale|COBRA|13717|Brown|Pending|9000000|0|0|9/17/2025 3:46:56 AM|tech deal|4994669|
274261|Ub3rdude|Uberlandia|Nordreich|11319|Maroon|639833|sogekido|sinetron|Nordreich|11319|Maroon|Pending|9000000|0|0|9/17/2025 3:37:22 AM|Tech deal|4994668|
601747|Michael Dalton|Attarnia|Global Alliance And Treaty Organization|10003|Brown|647305|Valid|Finnish Commune|Nuclear Proliferation League|17228|Aqua|Pending|0|100|0|9/17/2025 3:03:58 AM|Regional Aid|4994667|
286761|Nemphesis|Evility|New Pacific Order|10000|Red|603443|Crayon King|Aloyarc|New Pacific Order|10000|Red|Approved|0|100|0|9/17/2025 2:49:57 AM|Financial Assistance|4994666|
286761|Nemphesis|Evility|New Pacific Order|10000|Red|366247|Polgas|Novasea|New Pacific Order|10000|Red|Pending|0|100|0|9/17/2025 2:49:44 AM|Financial Assistance|4994665|
286761|Nemphesis|Evility|New Pacific Order|10000|Red|442731|Madd|Modra|New Pacific Order|10000|Red|Approved|0|100|0|9/17/2025 2:49:33 AM|Financial Assistance|4994664|
286761|Nemphesis|Evility|New Pacific Order|10000|Red|305440|Daimos|Micon|New Pacific Order|10000|Red|Pending|0|100|0|9/17/2025 2:49:23 AM|Financial Assistance|4994663|
286761|Nemphesis|Evility|New Pacific Order|10000|Red|234918|LordOfTheLand|APIGP|New Pacific Order|10000|Red|Pending|0|100|0|9/17/2025 2:49:07 AM|Financial Assistance|4994662|
286761|Nemphesis|Evility|New Pacific Order|10000|Red|629229|HopeFun|LimaPT|New Pacific Order|10000|Red|Pending|0|100|0|9/17/2025 2:48:56 AM|Financial Assistance|4994661|
646453|Fortune|Protea|The Legion|10020|Purple|637077|Promethixian|Promethixia|The Legion|10020|Purple|Approved|0|100|0|9/17/2025 2:47:18 AM|Financial Assistance|4994660|
629384|Cruspad the Younger|Cittagazze|CLAWS|15841|Black|86943|DenverDan|Greater Basin|CLAWS|15841|Black|Pending|0|100|0|9/17/2025 2:44:02 AM|Your Tech.|4994659|
585631|Srivatsan|MAHANADU|Doombrella|17368|Black|566736|amossio|amossio|Doombrella|17368|Black|Pending|9000000|0|0|9/17/2025 2:43:01 AM|Financial Assistance|4994658|
80845|Aracto Totar|Taprobane|Viridian Entente|10010|Green|555346|TacticalAldiko|TacticalAldiko|Viridian Entente|10010|Green|Pending|0|100|0|9/17/2025 2:26:08 AM|Financial Assistance|4994657|
257166|Yggdrazil|Ginginugap|Independent Republic Of Orange Nations|10004|Orange|636754|MAYBACH EMPIRE|MAYBACH 3MPIRE|Independent Republic Of Orange Nations|10004|Orange|Approved|0|100|0|9/17/2025 2:22:26 AM|itf|4994656|
129686|HK Boris|USEAR|The Legion|10020|Purple|638515|silkhyacinth|Taiat|The Legion|10020|Purple|Approved|6000000|0|0|9/17/2025 2:20:30 AM|Financial Assistance|4994655|
129686|HK Boris|USEAR|The Legion|10020|Purple|644713|Nailz|Clavos|The Legion|10020|Purple|Pending|9000000|0|0|9/17/2025 2:20:12 AM|Financial Assistance|4994654|
129686|HK Boris|USEAR|The Legion|10020|Purple|643549|KingDutchison|KingDutchison|The Legion|10020|Purple|Pending|9000000|0|0|9/17/2025 2:19:36 AM|Financial Assistance|4994653|
155817|MutedFaith|Faithoria|Non Grata|10097|Maroon|623644|Van Hoo X|Hoovokia|Non Grata|10097|White|Approved|9000000|0|0|9/17/2025 2:18:16 AM|Tech|4994652|
633077|DarkStar1348|Aoxomoxoa|The Legion|10020|Purple|638515|silkhyacinth|Taiat|The Legion|10020|Purple|Approved|6000000|0|0|9/17/2025 2:17:25 AM|Financial Assistance|4994651|
633077|DarkStar1348|Aoxomoxoa|The Legion|10020|Purple|645017|RobbentheRider|Skylarkton|The Legion|10020|Purple|Pending|6000000|0|0|9/17/2025 2:17:05 AM|Financial Assistance|4994650|
155817|MutedFaith|Faithoria|Non Grata|10097|Maroon|558909|InvaderZim1987|Robonia|Fark|10002|Aqua|Pending|9000000|0|0|9/17/2025 2:16:16 AM|Tech|4994649|
155817|MutedFaith|Faithoria|Non Grata|10097|Maroon|634903|ToasterOven|Pancake Republic|Non Grata|10097|Maroon|Approved|9000000|0|0|9/17/2025 2:15:59 AM|Tech |4994648|
470323|plaw44|infinite desire|Doombrella|17368|Black|635159|xAnri|xRoan|Doombrella|17368|Black|Pending|9000000|0|0|9/17/2025 2:15:11 AM|Financial Assistance|4994647|
470323|plaw44|infinite desire|Doombrella|17368|Black|647502|twitchanswers|Twitch|Doombrella|17368|Black|Pending|6000000|0|0|9/17/2025 2:12:14 AM|Financial Assistance|4994646|
646473|Pegasus Gold Saint|Saint Seiya|Veneris|17356|White|42086|bones_wizard|_snap_crackle_pop_|AGW Overlords|10043|Black|Approved|0|100|0|9/17/2025 1:52:51 AM|100 tech|4994645|
424757|Round Table|Knights of the Grail|Knights of the Round Table|10092|Green|631406|The Black Kaiser|Medieval Reich||0|Green|Approved|9000000|0|0|9/17/2025 1:50:23 AM|Tech Deal 9/100?|4994644|
424757|Round Table|Knights of the Grail|Knights of the Round Table|10092|Green|643321|KerouacLives|Astorion|Knights Of The Round Table|10092|Green|Approved|9000000|0|0|9/17/2025 1:49:57 AM|Tech Deal 9/100|4994643|
569906|Tradewind|Republic of Bort|Viridian Entente|10010|Green|71592|upchuck|warmarding|Viridian Entente|10010|Green|Approved|0|100|0|9/17/2025 1:25:19 AM|Tech 1 of 2|4994641|
545724|Matmal|Matmalia|Post Grunge Supergroup|16367|Brown|311659|tanglerat|Tir Mor|Post Grunge Supergroup|16367|Brown|Approved|0|100|0|9/17/2025 1:21:42 AM|Financial Assistance|4994640|
568130|Bucky Carson|Santa Pecos|Knights Of The Round Table|10092|Green|644916|Alexander Falkor|Adalwolf|Post Grunge Supergroup|16367|Brown|Pending|9000000|0|0|9/17/2025 1:17:14 AM|Tech round up|4994639|
604229|St Mungo|Glasgow|Knights Of The Round Table|10092|Green|568130|Bucky Carson|Santa Pecos|Knights Of The Round Table|10092|Green|Approved|0|100|0|9/17/2025 1:14:20 AM|Tech round up|4994638|
604229|St Mungo|Glasgow|Knights Of The Round Table|10092|Green|608458|Johnny Cutlass|Claw Key|Knights Of The Round Table|10092|Aqua|Approved|0|100|0|9/17/2025 1:12:45 AM|Surrenderd Tech|4994637|
643625|DERVISHchaff|Sudentor|New Polar Order|10006|Blue|430606|KemMo|Maurinaria|Nuclear Proliferation League|17228|Aqua|Approved|0|100|0|9/17/2025 12:49:10 AM|Tech owed|4994636|
529025|Chllama|Renton|Post Grunge Supergroup|16367|Brown|560632|Harper77|Harpistan|Post Grunge Supergroup|16367|Brown|Approved|0|100|0|9/17/2025 12:43:14 AM|Financial Assistance|4994635|
559191|Darksight1|ChineseEmpire|New Pacific Order|10000|Red|603443|Crayon King|Aloyarc|New Pacific Order|10000|Red|Approved|0|100|0|9/17/2025 12:38:09 AM|Vallum Aelium|4994634|
559191|Darksight1|ChineseEmpire|New Pacific Order|10000|Red|273843|Northern Empire|Northern Empire|Independent Republic Of Orange Nations|10004|Orange|Pending|0|100|0|9/17/2025 12:38:02 AM|QT Tech|4994633|
414519|markpalm1|vacous|Freehold of The Wolves|15157|White|646682|HyeUrartu2|UrartuKingdom|Christian Coalition Of Countries|10028|Maroon|Approved|6000000|0|0|9/17/2025 12:31:53 AM|Valyrian Cash|4994632|
645707|The Goddess|Cotyttia|Veneris|17356|White|195832|hackerhog|Frontier|Random Insanity Alliance|10038|Maroon|Approved|0|100|0|9/17/2025 12:27:40 AM|Financial Assistance|4994631|
19959|Elegarth|NewHeavens|New Pacific Order|10000|Red|555876|Khandov|Polonia Overlordship|New Pacific Order|10000|Red|Pending|9000000|0|0|9/17/2025 12:27:28 AM|Bankroll |4994630|
645707|The Goddess|Cotyttia|Veneris|17356|White|583014|Rothaic|Munrovia|The Wolves|16660|Maroon|Approved|0|100|0|9/17/2025 12:27:25 AM|FL assistance|4994629|
19959|Elegarth|NewHeavens|New Pacific Order|10000|Red|605|Dilber|Dilber|New Pacific Order|10000|Red|Approved|9000000|0|0|9/17/2025 12:27:11 AM|Bankroll|4994628|
19959|Elegarth|NewHeavens|New Pacific Order|10000|Red|594363|Greatkitteh|Guahan|New Pacific Order|10000|Red|Approved|9000000|0|0|9/17/2025 12:26:54 AM|Bankroll |4994627|
19959|Elegarth|NewHeavens|New Pacific Order|10000|Red|580705|Theory|Westermont|New Pacific Order|10000|Red|Pending|9000000|0|0|9/17/2025 12:26:38 AM|Bankroll |4994626|
19959|Elegarth|NewHeavens|New Pacific Order|10000|Red|647379|d516b|ddwqs|New Pacific Order|10000|Red|Approved|6000000|0|0|9/17/2025 12:26:17 AM|Rising stars |4994625|
19959|Elegarth|NewHeavens|New Pacific Order|10000|Red|551335|Hakora Kiyanto|Makayan|New Pacific Order|10000|Red|Pending|9000000|0|0|9/17/2025 12:25:53 AM|Bankroll |4994624|
624193|The1nonlykk|Biourja|Non Grata|10097|Maroon|469301|Lars Jorgens|Whale of a Time|Non Grata|10097|Maroon|Pending|0|100|0|9/17/2025 12:21:27 AM|Financial Assistance|4994623|
372061|Mandystalin|Lutonstan|The Templar Knights|10012|Maroon|551356|NuclearGlow|Dawg Nation|The Templar Knights|10012|Maroon|Pending|9000000|0|0|9/17/2025 12:13:48 AM|Financial Assistance|4994622|
627972|GearHead|Rosche|NATO|10037|Blue|647026|Garcannon|Tarmintar|Goldenrod Accords|17406|Green|Pending|6000000|0|0|9/17/2025 12:12:02 AM|Vep|4994621|
627972|GearHead|Rosche|NATO|10037|Blue|646682|HyeUrartu2|UrartuKingdom|Christian Coalition Of Countries|10028|Maroon|Approved|6000000|0|0|9/17/2025 12:11:45 AM|Vep|4994620|
627972|GearHead|Rosche|NATO|10037|Blue|645124|stugots|Trumpopolis|NATO|10037|Blue|Approved|9000000|0|0|9/17/2025 12:11:27 AM|Vep|4994619|
627972|GearHead|Rosche|NATO|10037|Blue|627906|AironthFlamewing|The Crown Dominion|Christian Coalition Of Countries|10028|Maroon|Pending|9000000|0|0|9/17/2025 12:11:11 AM|Vep|4994618|
86974|Mad Mike|Mikeville|Global Alliance And Treaty Organization|10003|Brown|646635|supremeruler|Astros|Post Grunge Supergroup|16367|Yellow|Approved|9000000|0|0|9/17/2025 12:09:58 AM|finally the time arrives|4994617|
645688|Queen Victoria Hale|Kingdom of Thalassia|Post Grunge Supergroup|16367|Brown|533273|AkkenNovikov|NewJersey|Madlads Union|17130|Brown|Approved|0|100|0|9/17/2025 12:03:14 AM|Financial Assistance|4994616|
445432|andrewb610|Brennana1|Freehold of The Wolves|15157|White|646682|HyeUrartu2|UrartuKingdom|Christian Coalition Of Countries|10028|Maroon|Approved|6000000|0|0|9/17/2025 12:01:47 AM|Valyrian Cash|4994615|
445432|andrewb610|Brennana1|Freehold of The Wolves|15157|White|645124|stugots|Trumpopolis|NATO|10037|Blue|Approved|9000000|0|0|9/17/2025 12:01:38 AM|Valyrian Cash|4994614|
445432|andrewb610|Brennana1|Freehold of The Wolves|15157|White|627906|AironthFlamewing|The Crown Dominion|Christian Coalition Of Countries|10028|Maroon|Pending|9000000|0|0|9/17/2025 12:01:29 AM|Valyrian Cash|4994613|
445432|andrewb610|Brennana1|Freehold of The Wolves|15157|White|621760|Brother Gerard|Knights of St John|Christian Coalition Of Countries|10028|Maroon|Pending|9000000|0|0|9/17/2025 12:01:20 AM|Valyrian Cash|4994612|
445432|andrewb610|Brennana1|Freehold of The Wolves|15157|White|559161|KingBilly1|DerrysWalls|Mostly Harmless Alliance|14879|White|Pending|9000000|0|0|9/17/2025 12:01:08 AM|Valyrian Cash|4994611|
643370|Extractum11|TerraExtraxi|The Legion|10020|Purple|439338|kajkajete|Rheinlander|The Legion|10020|Purple|Pending|0|100|0|9/16/2025 11:51:34 PM|Financial Assistance|4994610|
643370|Extractum11|TerraExtraxi|The Legion|10020|Purple|637077|Promethixian|Promethixia|The Legion|10020|Purple|Approved|0|100|0|9/16/2025 11:51:27 PM|Financial Assistance|4994609|
643370|Extractum11|TerraExtraxi|The Legion|10020|Purple|288372|king qaz|my own little workd|The Legion|10020|Purple|Pending|0|100|0|9/16/2025 11:51:20 PM|Financial Assistance|4994608|
418916|HeroofTime55|New XGA|Non Grata|10097|Maroon|626678|slothix|Kevin|Non Grata|10097|Maroon|Pending|9000000|0|0|9/16/2025 11:02:07 PM|Financial Assistance|4994607|
418916|HeroofTime55|New XGA|Non Grata|10097|Maroon|638461|Jerby|Simulacra|Non Grata|10097|Maroon|Approved|9000000|0|0|9/16/2025 11:01:42 PM|Financial Assistance|4994606|
597501|JayMillz|Curel|New Polar Order|10006|Blue|591794|Raden Wijaya|Kerajaan Majapahit|New Polar Order|10006|Green|Approved|9000000|0|0|9/16/2025 10:52:05 PM|Financial Assistance|4994605|
83962|Victor_Delta|VaultTec|Federation of Armed Nations|10021|Yellow|645372|darkestofdans|Alert1|Federation Of Armed Nations|10021|Yellow|Approved|9000000|0|0|9/16/2025 10:48:08 PM|Financial Assistance|4994604|
646568|Joan De Marquinly|Rallende|Nuclear Proliferation League|17228|Aqua|362361|Gofast2006|Pioneer Village|Nuclear Proliferation League|17228|Aqua|Pending|0|100|0|9/16/2025 10:25:15 PM|Financial Assistance|4994603|
514274|stonybeast|Los Reyes|Nordreich|11319|Maroon|634412|hadwyn|One piece|Nordreich|11319|Maroon|Pending|9000000|0|0|9/16/2025 10:19:16 PM|Financial Assistance|4994602|
646771|King Chocolate|Chocolate Cookie|Nuclear Proliferation League|17228|Aqua|452727|Avakael|Klaus Devestatorie|Nuclear Proliferation League|17228|Brown|Approved|0|100|0|9/16/2025 10:07:05 PM|Financial Assistance|4994601|
646556|DarkFae|FaeRealm|Christian Coalition Of Countries|10028|Maroon|309529|Seiyuuki|Saigon Commonwealth|NATO|10037|Blue|Approved|0|100|0|9/16/2025 9:57:28 PM|Financial Assistance|4994600|
228721|Hob Dobson|Uustonia|Viridian Entente|10010|Green|277593|falconer360|Gondowan|CLAWS|15841|Purple|Pending|0|100|0|9/16/2025 9:56:03 PM|Tech (3 of 3)|4994599|
646556|DarkFae|FaeRealm|Christian Coalition Of Countries|10028|Maroon|65430|Lord Bane|Damasca|Freehold of The Wolves|15157|White|Approved|0|100|0|9/16/2025 9:55:50 PM|Financial Assistance|4994598|
646556|DarkFae|FaeRealm|Christian Coalition Of Countries|10028|Maroon|62721|brass|Banlovit|Federation of Armed Nations|10021|Yellow|Pending|0|100|0|9/16/2025 9:53:24 PM|Financial Assistance|4994597|
162795|sterbean|Bean Union|Viridian Entente|10010|Green|271928|Thebanished|UnitedStatesOfDes|Viridian Entente|10010|Green|Pending|9000000|0|0|9/16/2025 9:34:39 PM|Tech Deal 9mil/200tech|4994596|
405936|Griffy|Rememberence|Global Alliance And Treaty Organization|10003|Brown|429171|Inquisitor Gaunt|Cult Imperialis|Global Alliance And Treaty Organization|10003|Brown|Pending|0|100|0|9/16/2025 9:13:05 PM|Financial Assistance|4994595|
646801|Chaos Gremlin|Chaostopia|Global Alliance And Treaty Organization|10003|Brown|206001|Mallardius|Dominion of the Duck|Global Alliance And Treaty Organization|10003|Brown|Approved|0|100|0|9/16/2025 9:11:38 PM|Financial Assistance|4994594|
559862|majestic ruler|pedro penduko|Argent|10063|Pink|635294|King Afonso|Porto Novo|Wurst Alliance|16919|Green|Pending|9000000|0|0|9/16/2025 9:05:34 PM|Tech deal|4994593|
168237|Ducky is King|Duckys Kingdom|Sparta|10008|Black|582707|Balthier|Dalmascan Ruins|Sparta|10008|Black|Approved|6000000|0|0|9/16/2025 8:52:51 PM|Tech Deal|4994592|
168237|Ducky is King|Duckys Kingdom|Sparta|10008|Black|143364|Inkblot|Poverty|Sparta|10008|Black|Pending|6000000|0|0|9/16/2025 8:52:29 PM|Tech Deal|4994591|
168237|Ducky is King|Duckys Kingdom|Sparta|10008|Black|644316|Sam Sparks|Mendota|Sparta|10008|Black|Pending|6000000|0|0|9/16/2025 8:52:12 PM|Tech Deal|4994590|
619806|Epimethys|Pyrrha|Doombrella|17368|Black|334182|st6mm|Northern Reich|Doombrella|17368|Black|Approved|0|100|0|9/16/2025 8:41:35 PM|Financial Assistance|4994589|
619806|Epimethys|Pyrrha|Doombrella|17368|Black|585631|Srivatsan|MAHANADU|Doombrella|17368|Black|Approved|0|100|0|9/16/2025 8:41:26 PM|Financial Assistance|4994588|
256722|MDH962|Claysburgh|The Grand Lodge of Freemasons|10029|Orange|644967|Mushrat|Ormarr Land|The Grand Lodge Of Freemasons|10029|Orange|Pending|9000000|0|0|9/16/2025 8:35:45 PM|Tech Deal|4994587|
506358|lightningjim|Fulmen Ingenium|Doom Squad|16454|Black|96568|Dagny Taggart|Galtian Commune|DOOMBIRD DOOMCAVE|10449|Black|Pending|0|100|0|9/16/2025 8:23:24 PM|Tech deal|4994586|
506358|lightningjim|Fulmen Ingenium|Doom Squad|16454|Black|61657|Umar ibn Abd al-Aziz|Umayyad Caliphate|DOOMBIRD DOOMCAVE|10449|Black|Approved|0|100|0|9/16/2025 8:22:54 PM|Tech deal|4994584|
506358|lightningjim|Fulmen Ingenium|Doom Squad|16454|Black|392583|Javier360|Tenochtitlan|DOOMBIRD DOOMCAVE|10449|Black|Approved|0|100|0|9/16/2025 8:22:34 PM|Tech deal|4994583|
486033|CobaltBlazer|Cobalt27|United Equestria|10101|Pink|559862|majestic ruler|pedro penduko|Argent|10063|Pink|Approved|0|100|0|9/16/2025 8:18:47 PM|Financial Assistance|4994582|
486033|CobaltBlazer|Cobalt27|United Equestria|10101|Pink|137097|htmlmaster|Technopolis|Argent|10063|Pink|Approved|0|100|0|9/16/2025 8:18:43 PM|Financial Assistance|4994581|
630674|Ghostruler1|Winterfelllllll|New Pacific Order|10000|Red|476208|Itzcoliuhqui|Firelands|New Pacific Order|10000|Red|Approved|0|100|0|9/16/2025 8:10:11 PM|QT Tech|4994580|
630674|Ghostruler1|Winterfelllllll|New Pacific Order|10000|Red|94143|soultaker|myatt|New Pacific Order|10000|Red|Pending|0|100|0|9/16/2025 8:10:08 PM|QT Tech|4994579|
257186|Southern Comfort|Wild Wild West|Knights Of The Round Table|10092|Green|636551|gnews|Norveeba|Knights Of The Round Table|10092|Green|Approved|6000000|0|0|9/16/2025 7:51:24 PM|Tech?|4994578|
546488|levothy|mycybernation|Knights Of The Round Table|10092|Green|419811|Duke Mark|Old Missouri|Knights Of The Round Table|10092|Green|Approved|0|100|0|9/16/2025 7:50:43 PM|Tech Insurance Steampower|4994577|
642002|Telikos Terakhir|Eschatosia|The Legion|10020|Purple|288372|king qaz|my own little workd|The Legion|10020|Purple|Pending|0|100|0|9/16/2025 7:43:24 PM|Financial Assistance|4994576|
642002|Telikos Terakhir|Eschatosia|The Legion|10020|Purple|638311|FightingSioux405|New Whitehall|The Legion|10020|Purple|Approved|0|100|0|9/16/2025 7:43:15 PM|Financial Assistance|4994575|
642002|Telikos Terakhir|Eschatosia|The Legion|10020|Purple|637999|jumali|Bocorz|The Legion|10020|Purple|Pending|0|100|0|9/16/2025 7:43:07 PM|Financial Assistance|4994574|
106268|cable77|Tau ri|Fark|10002|Aqua|627906|AironthFlamewing|The Crown Dominion|Christian Coalition Of Countries|10028|Maroon|Approved|9000000|0|0|9/16/2025 7:24:07 PM|VEP|4994573|
106268|cable77|Tau ri|Fark|10002|Aqua|621760|Brother Gerard|Knights of St John|Christian Coalition Of Countries|10028|Maroon|Pending|9000000|0|0|9/16/2025 7:23:50 PM|VEP|4994572|
106268|cable77|Tau ri|Fark|10002|Aqua|559161|KingBilly1|DerrysWalls|Mostly Harmless Alliance|14879|White|Pending|9000000|0|0|9/16/2025 7:23:28 PM|VEP|4994571|
519729|MammothCave|National Park|Swash Plates And Tail Rotors|10126|Maroon|265697|Laskar Pelangi|Rainbow Soldier|Kaskus|10104|Brown|Approved|9000000|100|0|9/16/2025 7:10:32 PM|Financial Assistance|4994570|
519729|MammothCave|National Park|Swash Plates And Tail Rotors|10126|Maroon|260817|MamazlilMistake|Happy Hunting Ground|Non Grata|10097|Maroon|Approved|9000000|100|0|9/16/2025 7:10:15 PM|Financial Assistance|4994569|
519729|MammothCave|National Park|Swash Plates And Tail Rotors|10126|Maroon|22121|spartan 84|UNSC Reach|Non Grata|10097|Maroon|Pending|9000000|100|0|9/16/2025 7:10:05 PM|Financial Assistance|4994568|
519729|MammothCave|National Park|Swash Plates And Tail Rotors|10126|Maroon|325202|murtibing|Fluens|Axiom of Regularity|17122|White|Approved|9000000|0|0|9/16/2025 7:09:52 PM|Financial Assistance|4994567|
646824|AlphaB|Blue Ribbon|The Legion|10020|Purple|637999|jumali|Bocorz|The Legion|10020|Purple|Approved|0|100|0|9/16/2025 6:53:37 PM|Financial Assistance|4994566|
545923|VHongo|Canadian Dominanace|Green Protection Agency|10041|Green|541311|King Quincy|Confederate USA|Green Protection Agency|10041|Green|Approved|0|100|0|9/16/2025 6:51:21 PM|First of 200|4994565|
646307|Hermes Observer|Radchaai|Doombrella|17368|Black|151268|Zerileous|Monkey Time|Doombrella|17368|Black|Approved|0|100|0|9/16/2025 6:50:26 PM|Financial Assistance|4994564|
646307|Hermes Observer|Radchaai|Doombrella|17368|Black|502087|Astryl|Ethereal|Doombrella|17368|Black|Pending|0|100|0|9/16/2025 6:50:14 PM|Financial Assistance|4994563|
646307|Hermes Observer|Radchaai|Doombrella|17368|Black|342957|tayloj7|Rabbitopia|Doombrella|17368|Black|Approved|0|100|0|9/16/2025 6:50:05 PM|Financial Assistance|4994562|
646307|Hermes Observer|Radchaai|Doombrella|17368|Black|144708|Matthew PK|Commonwealth of LoL|Doombrella|17368|Black|Approved|0|100|0|9/16/2025 6:49:55 PM|Financial Assistance|4994561|
646307|Hermes Observer|Radchaai|Doombrella|17368|Black|334182|st6mm|Northern Reich|Doombrella|17368|Black|Approved|0|100|0|9/16/2025 6:49:44 PM|Financial Assistance|4994560|
646307|Hermes Observer|Radchaai|Doombrella|17368|Black|402492|NikolaP|Wiggles|Doombrella|17368|Black|Approved|0|100|0|9/16/2025 6:49:33 PM|Financial Assistance|4994559|
646984|fruitloomps|Loomberg|Global Alliance And Treaty Organization|10003|Brown|561575|DragonsPhyre|Dragon Spire|Global Alliance And Treaty Organization|10003|Brown|Approved|0|100|0|9/16/2025 6:39:27 PM|Financial Assistance|4994558|
142120|Commander Thrawn|Csilla|Doombrella|17368|Black|647502|twitchanswers|Twitch|Doombrella|17368|Black|Approved|6000000|0|0|9/16/2025 6:38:25 PM|Financial Assistance|4994557|
142120|Commander Thrawn|Csilla|Doombrella|17368|Black|635159|xAnri|xRoan|Doombrella|17368|Black|Approved|9000000|0|0|9/16/2025 6:37:55 PM|Financial Assistance|4994556|
142120|Commander Thrawn|Csilla|Doombrella|17368|Black|646870|Waffless|Wafflandia|Doombrella|17368|Black|Approved|9000000|0|0|9/16/2025 6:37:31 PM|Financial Assistance|4994555|
388182|lucky6|Direct Impingement|Federation of Armed Nations|10021|Yellow|626566|Peacy McPeaceface|New Olde Switzerland|Christian Coalition Of Countries|10028|Maroon|Approved|0|100|0|9/16/2025 6:34:42 PM|Financial Assistance|4994554|
32861|Drachonum|drachonia|Global Alliance and Treaty Organization|10003|Brown|646984|fruitloomps|Loomberg|Global Alliance And Treaty Organization|10003|Brown|Approved|6000000|0|0|9/16/2025 6:24:41 PM|Financial Assistance|4994553|
202255|onelove|We Are One Love|Doombrella|17368|Black|646870|Waffless|Wafflandia|Doombrella|17368|Black|Approved|9000000|0|0|9/16/2025 6:21:48 PM|Financial Assistance|4994552|
202255|onelove|We Are One Love|Doombrella|17368|Black|647502|twitchanswers|Twitch|Doombrella|17368|Black|Approved|6000000|0|0|9/16/2025 6:21:27 PM|Financial Assistance|4994551|
647032|CVTWayne|Hintonia|Christian Coalition Of Countries|10028|Maroon|430046|Beowulf88|Arcanium|Christian Coalition of Countries|10028|Maroon|Pending|0|100|0|9/16/2025 6:15:48 PM|Financial Assistance|4994550|
647334|Healthy|Perfectly Healthy|Global Alliance And Treaty Organization|10003|Brown|576916|Czar Cootie|Zernograd|Global Alliance And Treaty Organization|10003|Brown|Approved|0|100|0|9/16/2025 6:02:18 PM|Financial Assistance|4994549|
638884|WideVader|Balkan Union Pact|Interkosmos|16298|Green|633989|Ernst S Blofeld|Blofeld Wineries|Knights Of The Round Table|10092|Aqua|Approved|0|100|0|9/16/2025 6:00:55 PM|tech|4994548|
638884|WideVader|Balkan Union Pact|Interkosmos|16298|Green|511886|The Sentinel|Ruscino|Knights of the Round Table|10092|Green|Approved|0|100|0|9/16/2025 6:00:42 PM|tech|4994547|
471972|Monkzaon|Ecliptonia|United Equestria|10101|Pink|137097|htmlmaster|Technopolis|Argent|10063|Pink|Approved|0|100|0|9/16/2025 5:34:01 PM|Tech|4994546|
471972|Monkzaon|Ecliptonia|United Equestria|10101|Pink|380255|Vaslov|UFPNS|Argent|10063|Pink|Approved|0|100|0|9/16/2025 5:33:50 PM|Tech|4994545|
471972|Monkzaon|Ecliptonia|United Equestria|10101|Pink|329142|Donada|Hobis|Argent|10063|Pink|Pending|0|100|0|9/16/2025 5:33:38 PM|Tech|4994544|
646033|PlatinumAero|Verloren|The Wolves|16660|Maroon|531745|armpit|Armpit|The Wolves|16660|Maroon|Approved|0|100|0|9/16/2025 5:17:32 PM|Financial Assistance|4994543|
248357|MrSka|Slartibartfast|NATO|10037|Blue|621760|Brother Gerard|Knights of St John|Christian Coalition Of Countries|10028|Maroon|Pending|9000000|0|0|9/16/2025 5:14:52 PM|Valyrian Aid|4994542|
248357|MrSka|Slartibartfast|NATO|10037|Blue|604148|US Chrisderica|US of Chrisderica|Freehold of The Wolves|15157|White|Pending|9000000|0|0|9/16/2025 5:14:35 PM|Valyrian Aid|4994541|
248357|MrSka|Slartibartfast|NATO|10037|Blue|559161|KingBilly1|DerrysWalls|Mostly Harmless Alliance|14879|White|Pending|9000000|0|0|9/16/2025 5:14:10 PM|Valyrian Aid|4994540|
176740|Apolloyon|Logres|Post Grunge Supergroup|16367|None|379651|reghar73|Zeman|The Dark Templar|10056|Black|Approved|0|100|0|9/16/2025 5:10:21 PM|Financial Assistance|4994539|
584955|Ayiana|Veritable|Independent Republic Of Orange Nations|10004|Orange|87890|Formanj|Norvegs Trøndelag|Independent Republic of Orange Nations|10004|Orange|Approved|0|100|0|9/16/2025 5:00:54 PM|ITF|4994538|
582040|casey3927|landguardian|The Legion|10020|Purple|637999|jumali|Bocorz|The Legion|10020|Purple|Approved|0|100|0|9/16/2025 4:54:35 PM|Financial Assistance|4994537|
225103|Lord Squintus|Strudeldorf|New Pacific Order|10000|Red|476208|Itzcoliuhqui|Firelands|New Pacific Order|10000|Red|Approved|0|100|0|9/16/2025 4:51:51 PM|Qt tech|4994536|
225103|Lord Squintus|Strudeldorf|New Pacific Order|10000|Red|26771|proud american|Duorp  Nacirema|New Pacific Order|10000|Red|Approved|0|100|0|9/16/2025 4:51:33 PM|Qt tech|4994535|
225103|Lord Squintus|Strudeldorf|New Pacific Order|10000|Red|94143|soultaker|myatt|New Pacific Order|10000|Red|Approved|0|100|0|9/16/2025 4:50:43 PM|Qt tech|4994534|
155031|joanne1|Tweetypie|Non Grata|10097|Maroon|639721|TheCompany0|Malacipe|Non Grata|10097|Maroon|Pending|9000000|0|0|9/16/2025 4:40:49 PM|Financial Assistance|4994533|
302380|Rillarri|Empire of Rillarri|New Pacific Order|10000|Red|152802|eclipse363|Suttonia|New Pacific Order|10000|Red|Approved|0|100|0|9/16/2025 4:40:27 PM|QT Tech|4994532|
155031|joanne1|Tweetypie|Non Grata|10097|Maroon|238472|Xerxes|New Persia|Non Grata|10097|Maroon|Approved|9000000|0|0|9/16/2025 4:40:22 PM|Financial Assistance|4994531|
302380|Rillarri|Empire of Rillarri|New Pacific Order|10000|Red|289177|Blaskowicz|Doomsland|New Pacific Order|10000|Red|Pending|0|100|0|9/16/2025 4:40:14 PM|QT Tech|4994530|
302380|Rillarri|Empire of Rillarri|New Pacific Order|10000|Red|111283|K L Emall|North Unstunstia|New Pacific Order|10000|Red|Approved|0|100|0|9/16/2025 4:39:51 PM|QT Tech|4994529|
302380|Rillarri|Empire of Rillarri|New Pacific Order|10000|Red|94143|soultaker|myatt|New Pacific Order|10000|Red|Approved|0|100|0|9/16/2025 4:39:44 PM|QT Tech|4994528|
302380|Rillarri|Empire of Rillarri|New Pacific Order|10000|Red|476208|Itzcoliuhqui|Firelands|New Pacific Order|10000|Red|Approved|0|100|0|9/16/2025 4:39:38 PM|QT Tech|4994527|
302380|Rillarri|Empire of Rillarri|New Pacific Order|10000|Red|26771|proud american|Duorp  Nacirema|New Pacific Order|10000|Red|Approved|0|100|0|9/16/2025 4:39:31 PM|Vallum Aelium|4994526|
467217|aroswing|Land of Darkness|Freehold of The Wolves|15157|White|9093|Hannibal Vess|Mimetica|Old Guard|11296|Blue|Approved|0|100|0|9/16/2025 4:38:27 PM|Valyrian tech |4994525|
583069|Embowaf|Ilium|Mostly Harmless Alliance|14879|Aqua|559161|KingBilly1|DerrysWalls|Mostly Harmless Alliance|14879|White|Pending|9000000|0|0|9/16/2025 4:13:01 PM|VEP|4994524|
100248|Champcardon|Rudostan|Coalition of Royal Allied Powers|10051|Maroon|348070|Chopin|Republic of Poland|Avalanche|10078|Blue|Pending|0|100|0|9/16/2025 4:00:43 PM|Tech Payment|4994523|
645156|RekEm Republic|RekEm Republic|The Legion|10020|Purple|629180|filgod|Sicara|The Legion|10020|Purple|Pending|0|100|0|9/16/2025 3:54:35 PM|Financial Assistance|4994522|
645156|RekEm Republic|RekEm Republic|The Legion|10020|Purple|637999|jumali|Bocorz|The Legion|10020|Purple|Approved|0|100|0|9/16/2025 3:54:18 PM|Financial Assistance|4994521|
225241|Admiral Alexander|The CommonWealthCW|The Wolves|16660|Maroon|644461|Aran Belmont|Metroidvania|Veneris|17356|White|Approved|9000000|0|0|9/16/2025 3:43:51 PM|Tech Deal 9/100|4994520|
225241|Admiral Alexander|The CommonWealthCW|The Wolves|16660|Maroon|645707|The Goddess|Cotyttia|Veneris|17356|White|Approved|9000000|0|0|9/16/2025 3:43:20 PM|Tech Deal 9/100|4994519|
639953|Mihail the Just|Republic of Onivlac|New Polar Order|10006|Blue|516493|The dutch Dragonborn|The Dutch Dragonborn|New Polar Order|10006|Blue|Approved|0|100|0|9/16/2025 3:26:34 PM|ICECAP Tech|4994518|
404176|Sadero|Saderia|New Polar Order|10006|Blue|512699|Mindbraker|Aguda|New Polar Order|10006|Blue|Approved|0|100|0|9/16/2025 3:26:30 PM|ICECAP Tech|4994517|
531189|Peroman200|Petrolandija|Global Alliance And Treaty Organization|10003|Brown|39430|Kuzuryusen|Jianada|Global Alliance And Treaty Organization|10003|Brown|Approved|0|100|0|9/16/2025 3:26:05 PM|Tech deal|4994516|
404176|Sadero|Saderia|New Polar Order|10006|Blue|234369|EaTeMuP|EatemVille|Non Grata|10097|Blue|Approved|0|100|0|9/16/2025 3:26:00 PM|ICECAP Tech|4994515|
404176|Sadero|Saderia|New Polar Order|10006|Blue|164367|hazardousdoc|EggmanEmpire|New Polar Order|10006|Blue|Pending|0|100|0|9/16/2025 3:25:54 PM|ICECAP Tech|4994514|
404176|Sadero|Saderia|New Polar Order|10006|Blue|516493|The dutch Dragonborn|The Dutch Dragonborn|New Polar Order|10006|Blue|Approved|0|100|0|9/16/2025 3:25:49 PM|ICECAP Tech|4994513|
440257|lonabis|flying dutchmen|NATO|10037|Blue|604148|US Chrisderica|US of Chrisderica|Freehold of The Wolves|15157|White|Approved|9000000|0|0|9/16/2025 3:11:24 PM|Valyrian Cash|4994512|
440257|lonabis|flying dutchmen|NATO|10037|Blue|559161|KingBilly1|DerrysWalls|Mostly Harmless Alliance|14879|White|Pending|9000000|0|0|9/16/2025 3:11:04 PM|Valyrian Cash|4994511|
440257|lonabis|flying dutchmen|NATO|10037|Blue|525090|Codeman|United|Christian Coalition Of Countries|10028|Maroon|Approved|9000000|0|0|9/16/2025 3:10:46 PM|Valyrian Cash|4994510|
645829|blegth|irting|Nuclear Proliferation League|17228|Aqua|430606|KemMo|Maurinaria|Nuclear Proliferation League|17228|Aqua|Approved|0|100|0|9/16/2025 3:00:32 PM|Financial Assistance|4994509|
621029|Le Trout|Lambo Lambo Lambo|Post Grunge Supergroup|16367|Brown|641418|The Gingerbread Man|The edge of a wood|Knights Of The Round Table|10092|Green|Approved|9000000|0|0|9/16/2025 2:52:15 PM|MY SUGA COOKIE|4994508|
647405|Victorboss|Victorcon|Nuclear Proliferation League|17228|White|507771|MtPollux|The Monkey Kingdom|Nuclear Proliferation League|17228|Brown|Approved|0|100|0|9/16/2025 2:34:46 PM|Financial Assistance|4994507|
647405|Victorboss|Victorcon|Nuclear Proliferation League|17228|White|583069|Embowaf|Ilium|Mostly Harmless Alliance|14879|Aqua|Approved|0|100|0|9/16/2025 2:33:05 PM|Financial Assistance|4994506|
482099|Sir Gunz|Talent|Christian Coalition Of Countries|10028|Maroon|647190|Tomato Emperor|Cabbage Empire|Christian Coalition Of Countries|10028|Maroon|Approved|9000000|0|0|9/16/2025 2:25:54 PM|Build Aid|4994505|
257875|JGolla|Jaytown|New Pacific Order|10000|Red|647186|Paxywoo|Paxyland|New Pacific Order|10000|Red|Approved|9000000|0|0|9/16/2025 2:25:53 PM|Rising Stars|4994504|
257875|JGolla|Jaytown|New Pacific Order|10000|Red|551335|Hakora Kiyanto|Makayan|New Pacific Order|10000|Red|Pending|9000000|0|0|9/16/2025 2:25:48 PM|Bankroll|4994503|
582992|Troopa|Southland|New Pacific Order|10000|Red|260612|Qazzian|Qaziakstan|New Pacific Order|10000|Red|Pending|0|100|0|9/16/2025 2:21:27 PM|QT Tech|4994502|
582992|Troopa|Southland|New Pacific Order|10000|Red|94143|soultaker|myatt|New Pacific Order|10000|Red|Approved|0|100|0|9/16/2025 2:21:18 PM|QT Tech|4994501|
468549|shadowstriker|shadow world|NATO|10037|Blue|645124|stugots|Trumpopolis|NATO|10037|Blue|Approved|9000000|0|0|9/16/2025 2:15:52 PM|Valyrian Aid|4994500|
647457|wakamavrick|New Schneeny|Global Alliance And Treaty Organization|10003|Brown|529189|Combat Pope|Vaticana|Global Alliance And Treaty Organization|10003|Brown|Approved|0|100|0|9/16/2025 2:07:51 PM|Financial Assistance|4994499|
623176|Britishdude|Lucosnia VIII|Christian Coalition Of Countries|10028|Maroon|627906|AironthFlamewing|The Crown Dominion|Christian Coalition Of Countries|10028|Maroon|Approved|9000000|0|0|9/16/2025 2:07:16 PM|VEP|4994498|
623176|Britishdude|Lucosnia VIII|Christian Coalition Of Countries|10028|Maroon|621760|Brother Gerard|Knights of St John|Christian Coalition Of Countries|10028|Maroon|Pending|9000000|0|0|9/16/2025 2:07:04 PM|VEP|4994497|
623176|Britishdude|Lucosnia VIII|Christian Coalition Of Countries|10028|Maroon|604148|US Chrisderica|US of Chrisderica|Freehold of The Wolves|15157|White|Approved|9000000|0|0|9/16/2025 2:06:55 PM|VEP|4994496|
623176|Britishdude|Lucosnia VIII|Christian Coalition Of Countries|10028|Maroon|559161|KingBilly1|DerrysWalls|Mostly Harmless Alliance|14879|White|Pending|9000000|0|0|9/16/2025 2:06:24 PM|VEP|4994495|
623176|Britishdude|Lucosnia VIII|Christian Coalition Of Countries|10028|Maroon|525090|Codeman|United|Christian Coalition Of Countries|10028|Maroon|Approved|9000000|0|0|9/16/2025 2:06:17 PM|VEP|4994494|
645139|4 Marzo|Nuova Sicilia|Veneris|17356|White|583014|Rothaic|Munrovia|The Wolves|16660|Maroon|Approved|0|100|0|9/16/2025 1:45:06 PM|Financial Assistance|4994493|
641298|Marshal Kendall|Shafar|The Legion|10020|Purple|205980|deathbiter|Arrakis2|The Legion|10020|Purple|Pending|0|100|0|9/16/2025 1:12:44 PM|Tech |4994492|
62721|brass|Banlovit|Federation of Armed Nations|10021|Yellow|388182|lucky6|Direct Impingement|Federation of Armed Nations|10021|Yellow|Approved|9000000|0|0|9/16/2025 1:12:13 PM|Financial Assistance|4994491|
621073|Sylvainwrath|Sylvain Land|New Pacific Order|10000|Red|580705|Theory|Westermont|New Pacific Order|10000|Red|Approved|9000000|0|0|9/16/2025 1:04:24 PM|Bankroll|4994490|
604250|RedHawkRuler|MiamiU|New Polar Order|10006|Blue|639953|Mihail the Just|Republic of Onivlac|New Polar Order|10006|Blue|Approved|9000000|0|0|9/16/2025 12:35:15 PM|ICECAP Cash|4994489|
604250|RedHawkRuler|MiamiU|New Polar Order|10006|Blue|642764|Nerdslayerx|Friheden|New Polar Order|10006|Blue|Approved|9000000|0|0|9/16/2025 12:34:51 PM|ICECAP Cash|4994488|
359275|Jesusfreak|El Dorado|Christian Coalition of Countries|10028|Maroon|645124|stugots|Trumpopolis|NATO|10037|Blue|Approved|9000000|0|0|9/16/2025 12:34:30 PM|VEP|4994487|
645688|Queen Victoria Hale|Kingdom of Thalassia|Post Grunge Supergroup|16367|Brown|587594|Jason8|Waldo|Post Grunge Supergroup|16367|Brown|Approved|0|100|0|9/16/2025 12:23:19 PM|Financial Assistance|4994486|
254879|tnnnn|Turtle Empire|Global Alliance and Treaty Organization|10003|Brown|588353|FieryVixen|Craptonia|Global Alliance And Treaty Organization|10003|Brown|Approved|9000000|0|0|9/16/2025 12:20:25 PM|Financial Assistance|4994485|
254879|tnnnn|Turtle Empire|Global Alliance and Treaty Organization|10003|Brown|646764|Reverend Edo|Outopostan|Global Alliance And Treaty Organization|10003|Brown|Approved|9000000|0|0|9/16/2025 12:20:11 PM|Financial Assistance|4994484|
254879|tnnnn|Turtle Empire|Global Alliance and Treaty Organization|10003|Brown|646813|SaberClawd|Nyxus|Global Alliance And Treaty Organization|10003|Brown|Pending|9000000|0|0|9/16/2025 12:19:39 PM|Financial Assistance|4994483|
254879|tnnnn|Turtle Empire|Global Alliance and Treaty Organization|10003|Brown|405936|Griffy|Rememberence|Global Alliance And Treaty Organization|10003|Brown|Approved|9000000|0|0|9/16/2025 12:19:09 PM|Financial Assistance|4994482|
254879|tnnnn|Turtle Empire|Global Alliance and Treaty Organization|10003|Brown|646800|Brotherlouie27|Louimerica II|Global Alliance And Treaty Organization|10003|Brown|Approved|9000000|0|0|9/16/2025 12:18:28 PM|Financial Assistance|4994481|
634448|Stewie|Stewieland III|Non Grata|10097|Maroon|580021|General Kanabis|Imperio Mexica|COBRA|13717|Brown|Approved|9000000|0|0|9/16/2025 12:15:02 PM|Financial Assistance|4994480|
646297|Snorkel|Rockies Folk State|Nuclear Proliferation League|17228|Aqua|430606|KemMo|Maurinaria|Nuclear Proliferation League|17228|Aqua|Approved|0|100|0|9/16/2025 12:08:18 PM|Tech delivery|4994479|
618381|Drizzy|Corneria|New Pacific Order|10000|Red|476208|Itzcoliuhqui|Firelands|New Pacific Order|10000|Red|Approved|0|100|0|9/16/2025 12:00:20 PM|QT Tech|4994478|
618381|Drizzy|Corneria|New Pacific Order|10000|Red|111283|K L Emall|North Unstunstia|New Pacific Order|10000|Red|Approved|0|100|0|9/16/2025 12:00:14 PM|QT Tech|4994477|
618381|Drizzy|Corneria|New Pacific Order|10000|Red|581758|Tiberius|Nuke Town|New Pacific Order|10000|Red|Approved|0|100|0|9/16/2025 11:59:32 AM|QT Tech|4994476|
618381|Drizzy|Corneria|New Pacific Order|10000|Red|260612|Qazzian|Qaziakstan|New Pacific Order|10000|Red|Pending|0|100|0|9/16/2025 11:59:27 AM|QT Tech|4994475|
618381|Drizzy|Corneria|New Pacific Order|10000|Red|289177|Blaskowicz|Doomsland|New Pacific Order|10000|Red|Pending|0|100|0|9/16/2025 11:59:22 AM|QT Tech|4994474|
618381|Drizzy|Corneria|New Pacific Order|10000|Red|94143|soultaker|myatt|New Pacific Order|10000|Red|Approved|0|100|0|9/16/2025 11:59:17 AM|QT Tech|4994473|
638702|Vins10|Quebec Second|Post Grunge Supergroup|16367|Brown|201332|dawg66|Grand Americana|Knights Of The Round Table|10092|Green|Approved|0|100|0|9/16/2025 11:43:32 AM|Return of tech|4994472|
526716|Ultraman|Nebula M78|Interkosmos|16298|Green|621283|SukinGame|FreeRedthai|Interkosmos|16298|Red|Pending|9000000|0|0|9/16/2025 11:36:35 AM|Interkosmos tech|4994471|
573749|necAnt|Lucky Ants|The Gramlins|17440|Green|141583|jerdge|Gaela|Green Protection Agency|10041|Green|Approved|0|100|0|9/16/2025 11:31:52 AM|TD 1/2|4994470|
553512|Marcin|Karpowicze|Knights Of The Round Table|10092|Green|647426|Johnnie Stark|Gorbals|No Mean City|17453|Green|Approved|6000000|0|0|9/16/2025 11:24:45 AM|Technologia 100?|4994469|
646824|AlphaB|Blue Ribbon|The Legion|10020|Purple|529402|Firkinvald|Firkinland|The Legion|10020|Purple|Pending|0|100|0|9/16/2025 11:17:58 AM|Financial Assistance|4994468|
532609|KingJohnny|Nechian Empire|Doom Squad|16454|Black|627592|Lord Xamaeron|Celtic Forest|Doombrella|17368|Black|Approved|0|100|0|9/16/2025 11:01:27 AM|Financial Assistance|4994467|
532609|KingJohnny|Nechian Empire|Doom Squad|16454|Black|466941|Komplex|Despair|DOOMBIRD DOOMCAVE|10449|Black|Pending|0|100|0|9/16/2025 11:00:33 AM|Financial Assistance|4994466|
324224|SemperFidelis|United Carborundum|Non Grata|10097|Maroon|634903|ToasterOven|Pancake Republic|Non Grata|10097|Maroon|Approved|9000000|0|0|9/16/2025 10:47:51 AM|NG Tech Deal|4994465|
324224|SemperFidelis|United Carborundum|Non Grata|10097|Maroon|623644|Van Hoo X|Hoovokia|Non Grata|10097|White|Approved|9000000|0|0|9/16/2025 10:47:31 AM|NG Tech Deal|4994464|
229836|apemax|smugglers and mercs|The Imperial Order|10082|Blue|627906|AironthFlamewing|The Crown Dominion|Christian Coalition Of Countries|10028|Maroon|Approved|9000000|0|0|9/16/2025 10:40:16 AM|VEP Tech Deal|4994463|
229836|apemax|smugglers and mercs|The Imperial Order|10082|Blue|645124|stugots|Trumpopolis|NATO|10037|Blue|Approved|9000000|0|0|9/16/2025 10:40:03 AM|VEP Tech Deal|4994462|
131473|Kilkenny|Huntonian|Christian Coalition Of Countries|10028|Maroon|627906|AironthFlamewing|The Crown Dominion|Christian Coalition Of Countries|10028|Maroon|Approved|9000000|0|0|9/16/2025 10:34:28 AM|Valyrian Aid|4994461|
131473|Kilkenny|Huntonian|Christian Coalition Of Countries|10028|Maroon|621760|Brother Gerard|Knights of St John|Christian Coalition Of Countries|10028|Maroon|Pending|9000000|0|0|9/16/2025 10:34:14 AM|Valyrian Aid|4994460|
131473|Kilkenny|Huntonian|Christian Coalition Of Countries|10028|Maroon|525090|Codeman|United|Christian Coalition Of Countries|10028|Maroon|Approved|9000000|0|0|9/16/2025 10:34:01 AM|Valyrian Aid|4994459|
8515|Turetel|Turetel|Freehold of The Wolves|15157|White|65430|Lord Bane|Damasca|Freehold of The Wolves|15157|White|Approved|9000000|0|0|9/16/2025 10:32:49 AM|Alliance Aid|4994458|
8515|Turetel|Turetel|Freehold of The Wolves|15157|White|160240|Pamacii|Speedy Cats|Freehold of The Wolves|15157|White|Approved|9000000|0|0|9/16/2025 10:29:35 AM|Alliance Aid|4994457|
8515|Turetel|Turetel|Freehold of The Wolves|15157|White|647422|WarLordSnaxx|Snackdom|Freehold of The Wolves|15157|White|Approved|6000000|0|0|9/16/2025 10:28:58 AM|Alliance Aid|4994456|
525885|Zieg Know|Caldari State|CLAWS|15841|Black|182598|Phrog|Phrogville|CLAWS|15841|Black|Pending|0|100|0|9/16/2025 10:22:26 AM|Financial Assistance|4994454|
597501|JayMillz|Curel|New Polar Order|10006|Blue|641765|Chandragupta Maurya|Maurya Dynasty|New Polar Order|10006|Blue|Approved|9000000|0|0|9/16/2025 10:21:57 AM|Financial Assistance|4994453|
597501|JayMillz|Curel|New Polar Order|10006|Blue|639953|Mihail the Just|Republic of Onivlac|New Polar Order|10006|Blue|Approved|9000000|0|0|9/16/2025 10:21:25 AM|Financial Assistance|4994452|
637804|Not the Carlton|Margaritaville|NATO|10037|Blue|340698|Onified|Spork|NATO|10037|Blue|Approved|0|100|0|9/16/2025 10:14:21 AM|Vep|4994451|
637804|Not the Carlton|Margaritaville|NATO|10037|Blue|309529|Seiyuuki|Saigon Commonwealth|NATO|10037|Blue|Approved|0|100|0|9/16/2025 10:14:02 AM|Vep|4994450|
39705|Bmk812|Eisenherz|Global Alliance And Treaty Organization|10003|Brown|647033|rachel666|Rachellia|Global Alliance And Treaty Organization|10003|Brown|Approved|9000000|0|0|9/16/2025 10:13:19 AM|Tech Aid|4994449|
39705|Bmk812|Eisenherz|Global Alliance And Treaty Organization|10003|Brown|646813|SaberClawd|Nyxus|Global Alliance And Treaty Organization|10003|Brown|Pending|9000000|0|0|9/16/2025 10:13:01 AM|Tech Aid|4994448|
39705|Bmk812|Eisenherz|Global Alliance And Treaty Organization|10003|Brown|603950|Michael Locke|Baltorussia|Global Alliance And Treaty Organization|10003|Brown|Approved|9000000|0|0|9/16/2025 10:12:36 AM|Tech Aid|4994447|
203961|porkpotpie|UnitedCanance|CLAWS|15841|Black|613764|Aggressor|Waifu Hunters|CLAWS|15841|Black|Pending|9000000|0|0|9/16/2025 10:12:18 AM|Financial Assistance|4994446|
200690|Andrew Wiggin|Eros|Knights Of The Round Table|10092|Green|621283|SukinGame|FreeRedthai|Interkosmos|16298|Red|Pending|9000000|0|0|9/16/2025 10:03:16 AM|Tech deal|4994445|
588563|Kasper|Skora Horda|Knights Of The Round Table|10092|Green|607597|LukeDiamondking|Kosletraf Empire|The Greater Confederacy|16370|Green|Pending|9000000|0|4000|9/16/2025 9:58:14 AM|Zlota Horda|4994444|
588563|Kasper|Skora Horda|Knights Of The Round Table|10092|Green|631459|Gorbachov|Soviet Union|COMECON|16703|Red|Approved|9000000|0|0|9/16/2025 9:57:41 AM|9=100t|4994443|
637804|Not the Carlton|Margaritaville|NATO|10037|Blue|92714|Judge|Kingdom of Azar|NATO|10037|Blue|Approved|0|100|0|9/16/2025 9:55:39 AM|Vep|4994442|
637804|Not the Carlton|Margaritaville|NATO|10037|Blue|65430|Lord Bane|Damasca|Freehold of The Wolves|15157|White|Approved|0|100|0|9/16/2025 9:51:13 AM|Vep|4994441|
637804|Not the Carlton|Margaritaville|NATO|10037|Blue|62721|brass|Banlovit|Federation of Armed Nations|10021|Yellow|Approved|0|100|0|9/16/2025 9:49:53 AM|Vep|4994440|
637804|Not the Carlton|Margaritaville|NATO|10037|Blue|88398|thepunk|thepunk|Federation Of Armed Nations|10021|Yellow|Approved|0|100|0|9/16/2025 9:49:32 AM|Vep|4994439|
637804|Not the Carlton|Margaritaville|NATO|10037|Blue|9093|Hannibal Vess|Mimetica|Old Guard|11296|Blue|Approved|0|100|0|9/16/2025 9:49:11 AM|Vep|4994438|
620598|Alexhigh|Nation of Alexander|The Prussian Empire|14204|Green|449283|Sir Benevale|Orangewall|Knights of the Round Table|10092|Green|Approved|0|100|0|9/16/2025 9:49:03 AM|Financial Assistance|4994437|
253222|SlimCad|Cadii|Global Alliance And Treaty Organization|10003|Brown|535786|ThE K9|09Charger|Global Alliance And Treaty Organization|10003|Brown|Pending|9000000|0|0|9/16/2025 9:43:56 AM|Tech Deal|4994436|
185464|Randalla|The HiElands|CLAWS|15841|Black|258455|Magical Muslim|Alibaba Land|CLAWS|15841|Black|Approved|0|100|0|9/16/2025 9:32:49 AM|partysnax|4994435|
185464|Randalla|The HiElands|CLAWS|15841|Black|203961|porkpotpie|UnitedCanance|CLAWS|15841|Black|Approved|0|100|0|9/16/2025 9:32:36 AM|partysnax|4994434|
185464|Randalla|The HiElands|CLAWS|15841|Black|281387|Thud III|Thudsylvania|CLAWS|15841|Black|Approved|0|100|0|9/16/2025 9:32:25 AM|partysnax|4994433|
185464|Randalla|The HiElands|CLAWS|15841|Black|263220|Gambona|Gambona|CLAWS|15841|Black|Approved|0|100|0|9/16/2025 9:32:14 AM|partysnax|4994432|
185464|Randalla|The HiElands|CLAWS|15841|Black|413336|Tevron|Devion|CLAWS|15841|Black|Approved|0|100|0|9/16/2025 9:32:03 AM|partysnax|4994431|
185464|Randalla|The HiElands|CLAWS|15841|Black|51153|chiles|The UFOC|CLAWS|15841|Black|Pending|0|100|0|9/16/2025 9:31:52 AM|partysnax|4994430|
490921|Roo Blu II|Blue Roo|Non Grata|10097|Maroon|547395|KameraadLenin|Newfoundland SSR|Non Grata|10097|Maroon|Approved|9000000|0|0|9/16/2025 9:30:54 AM|NG Tech Deal|4994429|
116324|Wayne World|Wayne World|The Grand Lodge of Freemasons|10029|Orange|639282|Agaton Sax|Asmodean|COBRA|13717|Brown|Pending|6000000|0|0|9/16/2025 9:30:52 AM|tech plz|4994428|
116324|Wayne World|Wayne World|The Grand Lodge of Freemasons|10029|Orange|644951|Landric|Republic of Ursus|The Grand Lodge Of Freemasons|10029|Orange|Approved|6000000|0|0|9/16/2025 9:30:17 AM|tech plz|4994427|
116324|Wayne World|Wayne World|The Grand Lodge of Freemasons|10029|Orange|301419|SirTwist|Twistland|The Grand Lodge Of Freemasons|10029|Orange|Pending|9000000|0|0|9/16/2025 9:29:57 AM|tech plz|4994426|
541983|CVO|Kush|NATO|10037|Blue|525090|Codeman|United|Christian Coalition Of Countries|10028|Maroon|Approved|9000000|0|0|9/16/2025 9:27:04 AM|Valyrian Aid|4994425|
541983|CVO|Kush|NATO|10037|Blue|524424|Leman|Fenris|NATO|10037|Blue|Approved|9000000|0|0|9/16/2025 9:26:27 AM|Valyrian Aid|4994424|
638628|Hogboy|Maeshowe|Knights Of The Round Table|10092|Green|42086|bones_wizard|_snap_crackle_pop_|AGW Overlords|10043|Black|Approved|0|100|0|9/16/2025 9:24:22 AM|Bones|4994423|
201332|dawg66|Grand Americana|Knights Of The Round Table|10092|Green|641418|The Gingerbread Man|The edge of a wood|Knights Of The Round Table|10092|Green|Approved|9000000|0|0|9/16/2025 9:22:37 AM|tech|4994422|
414519|markpalm1|vacous|Freehold of The Wolves|15157|White|524424|Leman|Fenris|NATO|10037|Blue|Approved|9000000|0|0|9/16/2025 9:21:59 AM|Valyrian Cash|4994421|
106012|President JR Seisa|Themysciera|NATO|10037|Blue|621760|Brother Gerard|Knights of St John|Christian Coalition Of Countries|10028|Maroon|Approved|9000000|0|0|9/16/2025 9:19:37 AM|VEP|4994420|
106012|President JR Seisa|Themysciera|NATO|10037|Blue|604148|US Chrisderica|US of Chrisderica|Freehold of The Wolves|15157|White|Approved|9000000|0|0|9/16/2025 9:19:12 AM|VEP|4994419|
106012|President JR Seisa|Themysciera|NATO|10037|Blue|525090|Codeman|United|Christian Coalition Of Countries|10028|Maroon|Approved|9000000|0|0|9/16/2025 9:18:38 AM|VEP|4994418|
107100|Lenny N Karl|Mudfoot|NATO|10037|Blue|524424|Leman|Fenris|NATO|10037|Blue|Approved|9000000|0|0|9/16/2025 9:18:33 AM|Valyrian Aid|4994417|
109489|blackpony|the Mad Ninja|Freehold of The Wolves|15157|White|525090|Codeman|United|Christian Coalition Of Countries|10028|Maroon|Approved|9000000|0|0|9/16/2025 9:18:08 AM|Vep cash|4994415|
109489|blackpony|the Mad Ninja|Freehold of The Wolves|15157|White|524424|Leman|Fenris|NATO|10037|Blue|Approved|9000000|0|0|9/16/2025 9:17:45 AM|Vep cash|4994414|
106012|President JR Seisa|Themysciera|NATO|10037|Blue|524424|Leman|Fenris|NATO|10037|Blue|Approved|9000000|0|0|9/16/2025 9:17:43 AM|VEP|4994413|
468549|shadowstriker|shadow world|NATO|10037|Blue|645870|Maximilian von Adler|Preussisches Kaiserr|NATO|10037|Blue|Approved|9000000|0|0|9/16/2025 9:08:13 AM|Valyrian Aid|4994411|
634521|Kapleo|Kapleo|The Phoenix Federation|17385|Black|187838|morrisons|scollotto|CLAWS|15841|Black|Approved|0|100|0|9/16/2025 9:03:18 AM|Financial Assistance|4994410|
527097|Galerion|blighty|Freehold of The Wolves|15157|White|524424|Leman|Fenris|NATO|10037|Blue|Approved|9000000|0|0|9/16/2025 9:01:58 AM|Valyrian Aid|4994409|
527097|Galerion|blighty|Freehold of The Wolves|15157|White|645870|Maximilian von Adler|Preussisches Kaiserr|NATO|10037|Blue|Approved|9000000|0|0|9/16/2025 9:01:41 AM|Valyrian Aid|4994408|
527097|Galerion|blighty|Freehold of The Wolves|15157|White|645652|SpaceGhostCTC|Phantom crusier|Federation Of Armed Nations|10021|Yellow|Approved|9000000|0|0|9/16/2025 9:01:18 AM|Financial Assistance|4994407|
554646|A1ph4 0m3ga|Paradisia|Christian Coalition Of Countries|10028|Maroon|524424|Leman|Fenris|NATO|10037|Blue|Approved|9000000|0|0|9/16/2025 8:55:50 AM|VEP|4994406|
554646|A1ph4 0m3ga|Paradisia|Christian Coalition Of Countries|10028|Maroon|645870|Maximilian von Adler|Preussisches Kaiserr|NATO|10037|Blue|Approved|9000000|0|0|9/16/2025 8:55:38 AM|VEP|4994405|
554646|A1ph4 0m3ga|Paradisia|Christian Coalition Of Countries|10028|Maroon|645652|SpaceGhostCTC|Phantom crusier|Federation Of Armed Nations|10021|Yellow|Approved|9000000|0|0|9/16/2025 8:55:26 AM|VEP|4994404|
529402|Firkinvald|Firkinland|The Legion|10020|Purple|646453|Fortune|Protea|The Legion|10020|Purple|Approved|6000000|0|0|9/16/2025 8:52:19 AM|Financial Assistance|4994403|
528882|JSoprano|Darasuum|Post Grunge Supergroup|16367|Brown|643741|Danteeternity|Balan|Post Grunge Supergroup|16367|Brown|Approved|9000000|0|0|9/16/2025 8:50:34 AM|tech dealz!|4994402|
202168|Dr Doctor|NATO Armed Forces|NATO|10037|Blue|9093|Hannibal Vess|Mimetica|Old Guard|11296|Blue|Approved|0|100|0|9/16/2025 8:49:42 AM|Valyrian Aid|4994401|
202168|Dr Doctor|NATO Armed Forces|NATO|10037|Blue|32845|Mackay Warrior|Land-o-Mackay|Federation Of Armed Nations|10021|Yellow|Pending|0|100|0|9/16/2025 8:49:29 AM|Valyrian Aid|4994400|
357423|claude|Doom House|Doom Squad|16454|Black|56391|MexiMoot|Mooxico|DOOMBIRD DOOMCAVE|10449|Black|Pending|0|100|0|9/16/2025 8:49:04 AM|Financial Assistance|4994399|
357423|claude|Doom House|Doom Squad|16454|Black|627592|Lord Xamaeron|Celtic Forest|Doombrella|17368|Black|Approved|0|100|0|9/16/2025 8:46:19 AM|Financial Assistance|4994398|
357423|claude|Doom House|Doom Squad|16454|Black|240223|White Chocolate|Lander Clan|CLAWS|15841|Black|Approved|0|100|0|9/16/2025 8:45:33 AM|Financial Assistance|4994397|
395340|Lord Hershey|Palaven|Doom Squad|16454|Black|622221|cobwebbyarc6|Dasein|Doom Squad|16454|Black|Approved|0|100|0|9/16/2025 8:45:31 AM|Financial Assistance|4994396|
395340|Lord Hershey|Palaven|Doom Squad|16454|Black|627592|Lord Xamaeron|Celtic Forest|Doombrella|17368|Black|Approved|0|100|0|9/16/2025 8:45:17 AM|Financial Assistance|4994395|
395340|Lord Hershey|Palaven|Doom Squad|16454|Black|93757|Irons82|Zero-One|DOOMBIRD DOOMCAVE|10449|Black|Pending|0|100|0|9/16/2025 8:45:08 AM|Financial Assistance|4994394|
395340|Lord Hershey|Palaven|Doom Squad|16454|Black|56391|MexiMoot|Mooxico|DOOMBIRD DOOMCAVE|10449|Black|Pending|0|100|0|9/16/2025 8:44:58 AM|Financial Assistance|4994393|
395340|Lord Hershey|Palaven|Doom Squad|16454|Black|61657|Umar ibn Abd al-Aziz|Umayyad Caliphate|DOOMBIRD DOOMCAVE|10449|Black|Approved|0|100|0|9/16/2025 8:44:49 AM|Financial Assistance|4994392|
395340|Lord Hershey|Palaven|Doom Squad|16454|Black|520285|Banned|Lacedaemon|DOOMBIRD DOOMCAVE|10449|Black|Approved|9000000|100|0|9/16/2025 8:44:40 AM|Financial Assistance|4994391|
586922|WileyXero|Wiley|CLAWS|15841|Black|637264|RiddervanGelre|Nieuw Gelre|CLAWS|15841|Black|Approved|9000000|0|0|9/16/2025 8:34:01 AM|Financial Assistance|4994390|
586922|WileyXero|Wiley|CLAWS|15841|Black|228721|Hob Dobson|Uustonia|Viridian Entente|10010|Green|Approved|9000000|0|0|9/16/2025 8:33:52 AM|Financial Assistance|4994389|
586922|WileyXero|Wiley|CLAWS|15841|Black|645374|Zia Ul Haq|Emirate of Pakistan|COBRA|13717|Brown|Pending|9000000|0|0|9/16/2025 8:33:42 AM|Financial Assistance|4994388|
586922|WileyXero|Wiley|CLAWS|15841|Black|627747|bretrun|Togrador|CLAWS|15841|Black|Approved|9000000|0|0|9/16/2025 8:33:30 AM|Financial Assistance|4994387|
641018|xxPocketxx|Savere|The Legion|10020|Purple|363340|Lord of Coke and Hot Dogs|TOOTLOCAHD|The Legion|10020|Purple|Approved|0|100|0|9/16/2025 8:31:32 AM|Financial Assistance|4994386|
623644|Van Hoo X|Hoovokia|Non Grata|10097|White|254775|Bionic redhead|Bionicus|Non Grata|10097|Aqua|Approved|0|100|0|9/16/2025 8:30:40 AM|Financial Assistance|4994385|
487436|Arborder|Garrison One|Avalanche|10078|Blue|554572|paulpig|Strongland|Avalanche|10078|Blue|Approved|0|100|0|9/16/2025 8:17:04 AM|Shipment 2|4994384|
487436|Arborder|Garrison One|Avalanche|10078|Blue|604964|SirDog|Wollemi|Avalanche|10078|Blue|Approved|0|100|0|9/16/2025 8:16:50 AM|Shipment 1|4994383|
625634|firingline|TheCastle|The Wolves|16660|Black|225241|Admiral Alexander|The CommonWealthCW|The Wolves|16660|Maroon|Approved|9000000|100|0|9/16/2025 8:12:52 AM|Financial Assistance|4994382|
625634|firingline|TheCastle|The Wolves|16660|Black|531745|armpit|Armpit|The Wolves|16660|Maroon|Approved|1000000|100|0|9/16/2025 8:12:35 AM|Financial Assistance|4994380|
216336|Stetson76|Axeland|CLAWS|15841|Black|143998|planetary|planetarium|CLAWS|15841|Black|Approved|9000000|0|0|9/16/2025 8:01:00 AM|$9mil for 100 tech deal?|4994379|
308695|Indiomaestro|Jahara|The Dark Templar|10056|Black|646383|Son Of Him|Land of Forever|aNiMaLz|17433|Black|Approved|9000000|0|0|9/16/2025 8:00:30 AM|Tech deal|4994378|
273254|unstpblpimp|unstpblpimp|Global Alliance and Treaty Organization|10003|Brown|647457|wakamavrick|New Schneeny|Global Alliance And Treaty Organization|10003|Brown|Approved|6000000|0|0|9/16/2025 7:59:52 AM|Financial Assistance|4994377|
637223|ItsShader|Empire of Kazdouria|Knights Of The Round Table|10092|Green|511886|The Sentinel|Ruscino|Knights of the Round Table|10092|Green|Approved|0|100|0|9/16/2025 7:59:36 AM|9/100 TT|4994376|
637223|ItsShader|Empire of Kazdouria|Knights Of The Round Table|10092|Green|525223|Zorrr|Deep Zither|Knights of the Round Table|10092|Purple|Approved|0|100|0|9/16/2025 7:59:23 AM|9/100 TT|4994375|
393441|John Clark|Rainbow|Valhalla|15563|Purple|205980|deathbiter|Arrakis2|The Legion|10020|Purple|Approved|0|100|0|9/16/2025 7:54:43 AM|Financial Assistance|4994374|
639721|TheCompany0|Malacipe|Non Grata|10097|Maroon|155817|MutedFaith|Faithoria|Non Grata|10097|Maroon|Approved|0|100|0|9/16/2025 7:54:43 AM|Financial Assistance|4994373|
314185|Rhizoctonia|Rhizoctonia|Non Grata|10097|Maroon|580021|General Kanabis|Imperio Mexica|COBRA|13717|Brown|Approved|9000000|0|0|9/16/2025 7:51:06 AM|Financial Assistance|4994372|
610594|ADude|OceaniaRedux|Doom Squad|16454|Black|506358|lightningjim|Fulmen Ingenium|Doom Squad|16454|Black|Approved|9000000|0|0|9/16/2025 7:33:23 AM|Financial Assistance|4994371|
610594|ADude|OceaniaRedux|Doom Squad|16454|Black|646804|dragonshardz|Cruinneachadh|Doom Squad|16454|Black|Pending|9000000|0|0|9/16/2025 7:33:15 AM|Financial Assistance|4994370|
610594|ADude|OceaniaRedux|Doom Squad|16454|Black|99344|lunar146|Dreadnaught|Doom Squad|16454|Black|Approved|0|100|0|9/16/2025 7:31:21 AM|Financial Assistance|4994369|
610594|ADude|OceaniaRedux|Doom Squad|16454|Black|622221|cobwebbyarc6|Dasein|Doom Squad|16454|Black|Approved|0|100|0|9/16/2025 7:30:45 AM|Financial Assistance|4994368|
610594|ADude|OceaniaRedux|Doom Squad|16454|Black|567720|Cosmic Chocolate|Soaring Eagle|Doombrella|17368|Black|Approved|0|100|0|9/16/2025 7:30:36 AM|Financial Assistance|4994367|
610594|ADude|OceaniaRedux|Doom Squad|16454|Black|392583|Javier360|Tenochtitlan|DOOMBIRD DOOMCAVE|10449|Black|Approved|0|100|0|9/16/2025 7:30:31 AM|Financial Assistance|4994366|
192584|malazar|Jinnailand|CLAWS|15841|White|634521|Kapleo|Kapleo|The Phoenix Federation|17385|Black|Approved|9000000|0|0|9/16/2025 7:28:13 AM|Tech Deal|4994365|
562556|Nicholas Strakhov|Kurkazia|Freehold of The Wolves|15157|White|338643|Conundrum|Wallabyville|Federation of Armed Nations|10021|Yellow|Pending|0|100|0|9/16/2025 7:15:20 AM|VEP Tech|4994364|
562556|Nicholas Strakhov|Kurkazia|Freehold of The Wolves|15157|White|583069|Embowaf|Ilium|Mostly Harmless Alliance|14879|Aqua|Approved|0|100|0|9/16/2025 7:15:05 AM|VEP Tech|4994363|
562556|Nicholas Strakhov|Kurkazia|Freehold of The Wolves|15157|White|324421|Einer|Jesusland|Mostly Harmless Alliance|14879|White|Pending|0|100|0|9/16/2025 7:14:53 AM|VEP Tech|4994362|
562556|Nicholas Strakhov|Kurkazia|Freehold of The Wolves|15157|White|283424|Dropo7777|DelOrto|NATO|10037|Blue|Approved|0|100|0|9/16/2025 7:14:34 AM|VEP Tech|4994361|
562556|Nicholas Strakhov|Kurkazia|Freehold of The Wolves|15157|White|107100|Lenny N Karl|Mudfoot|NATO|10037|Blue|Approved|0|100|0|9/16/2025 7:14:16 AM|VEP Tech|4994360|
631432|Elector King|Bohemia Moravia|The Prussian Empire|14204|Green|159192|Matt Bowen|Bowenland|Knights Of The Round Table|10092|Green|Approved|0|100|0|9/16/2025 7:09:36 AM|Financial Assistance|4994359|
631432|Elector King|Bohemia Moravia|The Prussian Empire|14204|Green|618698|Arminius Cheruski|Germania Magna|The Prussian Empire|14204|Green|Approved|0|100|0|9/16/2025 7:08:53 AM|Financial Assistance|4994358|
630254|Venoxis|Anartektica|Post Grunge Supergroup|16367|Brown|643449|Esabbi|Liberation Islands|Post Grunge Supergroup|16367|Brown|Approved|9000000|0|0|9/16/2025 6:51:29 AM|9m/100t TECH DEAL|4994357|
630254|Venoxis|Anartektica|Post Grunge Supergroup|16367|Brown|642140|Venusia|Tenebris|Post Grunge Supergroup|16367|Brown|Approved|9000000|0|0|9/16/2025 6:51:20 AM|9m/100t TECH DEAL|4994356|
547395|KameraadLenin|Newfoundland SSR|Non Grata|10097|Maroon|418916|HeroofTime55|New XGA|Non Grata|10097|Maroon|Approved|0|100|0|9/16/2025 6:38:19 AM|Financial Assistance|4994355|
631459|Gorbachov|Soviet Union|COMECON|16703|Red|425377|Commander Ferraday|Ice Station Zebra|CLAWS|15841|Black|Approved|0|100|0|9/16/2025 6:34:42 AM|Financial Assistance|4994354|
406081|Valhalla|Ukropa|Viridian Entente|10010|Green|71592|upchuck|warmarding|Viridian Entente|10010|Green|Approved|0|100|0|9/16/2025 6:29:30 AM|2/2|4994353|
406081|Valhalla|Ukropa|Viridian Entente|10010|Green|555346|TacticalAldiko|TacticalAldiko|Viridian Entente|10010|Green|Approved|0|100|0|9/16/2025 6:29:11 AM|2/2|4994352|
416942|Chris Kaos|The Kingdom of Kaos|Global Alliance And Treaty Organization|10003|Brown|647334|Healthy|Perfectly Healthy|Global Alliance And Treaty Organization|10003|Brown|Approved|6000000|0|0|9/16/2025 6:06:22 AM|Financial Assistance|4994351|
646756|DyneVeilstone|Felis Felicitas|Global Alliance And Treaty Organization|10003|Brown|39842|Uelen|Uelen|Global Alliance and Treaty Organization|10003|Brown|Pending|0|100|0|9/16/2025 6:04:02 AM|Financial Assistance|4994350|
646756|DyneVeilstone|Felis Felicitas|Global Alliance And Treaty Organization|10003|Brown|39430|Kuzuryusen|Jianada|Global Alliance And Treaty Organization|10003|Brown|Approved|0|100|0|9/16/2025 6:03:51 AM|Financial Assistance|4994349|
1037|mona lisa|3 oaks|Old Guard|11296|Blue|122098|tylerdurden1|Baldfatastan|NATO|10037|Maroon|Approved|9000000|0|0|9/16/2025 6:02:47 AM|Valyrian Aid|4994348|
437548|Dutchmaster|Feardare|Coalition of Royal Allied Powers|10051|Maroon|631459|Gorbachov|Soviet Union|COMECON|16703|Red|Approved|9000000|0|0|9/16/2025 6:00:49 AM|9 million for 100 tech|4994347|
474935|Enabran Tain|Obsidian Order|Non Grata|10097|Maroon|631302|Gatherum|Vermis|Non Grata|10097|Maroon|Pending|9000000|0|0|9/16/2025 5:47:15 AM|Tech Deal|4994346|
474935|Enabran Tain|Obsidian Order|Non Grata|10097|Maroon|560469|draggie|Aporia|Non Grata|10097|Maroon|Pending|9000000|0|0|9/16/2025 5:47:03 AM|Tech Deal|4994345|
619806|Epimethys|Pyrrha|Doombrella|17368|Black|541774|Das Blitzkrieger|Leistungsstarke|Doombrella|17368|Black|Approved|0|100|0|9/16/2025 5:21:52 AM|Financial Assistance|4994344|
619806|Epimethys|Pyrrha|Doombrella|17368|Black|402492|NikolaP|Wiggles|Doombrella|17368|Black|Approved|0|100|0|9/16/2025 5:21:22 AM|Financial Assistance|4994343|
644316|Sam Sparks|Mendota|Sparta|10008|Black|623136|rofrif|rofrif|Sparta|10008|Black|Approved|0|100|0|9/16/2025 5:19:22 AM|Tech Deal|4994342|
643876|LordInfamous|Swindlerstan|Independent Republic Of Orange Nations|10004|Orange|374610|Captain Crozier|Dime Store Novena|Independent Republic Of Orange Nations|10004|Orange|Approved|0|100|0|9/16/2025 5:17:03 AM|ITF|4994341|
574720|tuhar|pastia|Knights Of The Round Table|10092|Green|504045|Agravain Cardif|Dures Mains|Knights Of The Round Table|10092|Green|Approved|0|100|0|9/16/2025 4:50:05 AM|Financial Assistance|4994340|
647514|blazinglantern|Sabalan|NATO|10037|None|311344|asapilu|Persianiran|NATO|10037|Blue|Approved|0|50|0|9/16/2025 4:38:40 AM|SellTech|4994339|
230895|TCTriangle|Taninsania|Non Grata|10097|Maroon|590806|vocalese|Vocalese|The Imperial Entente|16809|Maroon|Approved|9000000|0|0|9/16/2025 4:08:17 AM|Tech Circle|4994338|
631706|Silver Witch|Virtual Empire|The Legion|10020|Purple|363340|Lord of Coke and Hot Dogs|TOOTLOCAHD|The Legion|10020|Purple|Approved|0|100|0|9/16/2025 4:01:32 AM|Caesar|4994337|
631706|Silver Witch|Virtual Empire|The Legion|10020|Purple|231614|Frey the Great|Freytopia|The Legion|10020|Purple|Approved|0|100|0|9/16/2025 4:01:05 AM|Caesar|4994336|
631706|Silver Witch|Virtual Empire|The Legion|10020|Purple|205980|deathbiter|Arrakis2|The Legion|10020|Purple|Approved|0|100|0|9/16/2025 4:00:17 AM|Caesar|4994335|
644713|Nailz|Clavos|The Legion|10020|Purple|363340|Lord of Coke and Hot Dogs|TOOTLOCAHD|The Legion|10020|Purple|Approved|0|100|0|9/16/2025 3:34:41 AM|Financial Assistance|4994334|
413336|Tevron|Devion|CLAWS|15841|Black|645139|4 Marzo|Nuova Sicilia|Veneris|17356|White|Approved|9000000|0|0|9/16/2025 3:21:05 AM|Financial Assistance|4994333|
327088|spearo|Deep Blue|Non Grata|10097|Maroon|627572|Latexi|Why would I do this|Non Grata|10097|Maroon|Approved|9000000|0|0|9/16/2025 3:19:53 AM|Financial Assistance|4994332|
555535|Presidential|WashingtonDC|Viridian Entente|10010|Green|301014|asawyer|Zabril|Viridian Entente|10010|Green|Approved|0|100|0|9/16/2025 3:11:40 AM|Financial Assistance|4994331|
555535|Presidential|WashingtonDC|Viridian Entente|10010|Green|71592|upchuck|warmarding|Viridian Entente|10010|Green|Approved|0|100|0|9/16/2025 3:11:25 AM|Financial Assistance|4994330|
80845|Aracto Totar|Taprobane|Viridian Entente|10010|Green|241126|cbuzz24|Angle|Viridian Entente|10010|Green|Pending|0|100|0|9/16/2025 3:10:55 AM|Financial Assistance|4994329|
633062|SoloRocket|Rocket Republic|Post Grunge Supergroup|16367|Brown|637489|Osirispuprex|Osirispuprex|Post Grunge Supergroup|16367|Brown|Approved|9000000|0|0|9/16/2025 3:08:48 AM|Tech|4994328|
633062|SoloRocket|Rocket Republic|Post Grunge Supergroup|16367|Brown|533529|NustyPistachio|Isle of Noot|Post Grunge Supergroup|16367|Brown|Approved|9000000|0|0|9/16/2025 3:08:42 AM|Tech|4994327|
633062|SoloRocket|Rocket Republic|Post Grunge Supergroup|16367|Brown|645688|Queen Victoria Hale|Kingdom of Thalassia|Post Grunge Supergroup|16367|Brown|Approved|6000000|0|0|9/16/2025 3:08:33 AM|Tech|4994326|
257166|Yggdrazil|Ginginugap|Independent Republic Of Orange Nations|10004|Orange|636601|Wolfbite|Caffinated Wolves|Independent Republic Of Orange Nations|10004|Orange|Approved|0|100|0|9/16/2025 3:01:05 AM|itf|4994325|
384577|wayoik|SunOase|Knights Of The Round Table|10092|Green|646230|Canuck|Oh Canada|Knights Of The Round Table|10092|Green|Pending|9000000|0|0|9/16/2025 3:00:54 AM|Tech Deal?|4994324|
646681|Jokkeh|Andebu Technocracy|New Pacific Order|10000|Red|289177|Blaskowicz|Doomsland|New Pacific Order|10000|Red|Pending|0|100|0|9/16/2025 2:55:05 AM|Financial Assistance|4994323|
646681|Jokkeh|Andebu Technocracy|New Pacific Order|10000|Red|260612|Qazzian|Qaziakstan|New Pacific Order|10000|Red|Approved|0|100|0|9/16/2025 2:54:53 AM|Financial Assistance|4994322|
646681|Jokkeh|Andebu Technocracy|New Pacific Order|10000|Red|581758|Tiberius|Nuke Town|New Pacific Order|10000|Red|Approved|0|100|0|9/16/2025 2:54:44 AM|Financial Assistance|4994321|
247054|shivamuck|Iarlean|Knights Of The Round Table|10092|Green|606786|The Milkmaid|Dun Holm|Knights Of The Round Table|10092|White|Approved|9000000|0|0|9/16/2025 2:49:56 AM|Grade AA contented cows|4994320|
348070|Chopin|Republic of Poland|Avalanche|10078|Blue|271928|Thebanished|UnitedStatesOfDes|Viridian Entente|10010|Green|Pending|9000000|0|0|9/16/2025 2:40:53 AM|td|4994319|
639275|Giultyspark|Arborija|Post Grunge Supergroup|16367|Brown|633062|SoloRocket|Rocket Republic|Post Grunge Supergroup|16367|Brown|Approved|0|100|0|9/16/2025 2:37:50 AM|Financial Assistance|4994318|
133051|MikeTheFirst|MikeLand|Non Grata|10097|Maroon|580021|General Kanabis|Imperio Mexica|COBRA|13717|Brown|Approved|9000000|0|0|9/16/2025 2:00:00 AM|Tech circle|4994317|
268021|Mandarijn|Mandarijni|Independent Republic of Orange Nations|10004|Orange|635704|Stony|Stonation|Independent Republic Of Orange Nations|10004|Orange|Pending|9000000|100|0|9/16/2025 1:36:45 AM|Financial Assistance|4994316|
268021|Mandarijn|Mandarijni|Independent Republic of Orange Nations|10004|Orange|626246|Bryan93|Anacostia|Independent Republic Of Orange Nations|10004|Orange|Approved|9000000|100|0|9/16/2025 1:36:10 AM|Financial Assistance|4994315|
268021|Mandarijn|Mandarijni|Independent Republic of Orange Nations|10004|Orange|636754|MAYBACH EMPIRE|MAYBACH 3MPIRE|Independent Republic Of Orange Nations|10004|Orange|Approved|9000000|100|0|9/16/2025 1:35:21 AM|Financial Assistance|4994314|
624649|arif2016|TheIndomitableEmpire|COBRA|13717|Brown|120237|Ice Princess|Tundra Mountain|The Grand Lodge of Freemasons|10029|Orange|Approved|0|100|0|9/16/2025 1:34:59 AM|Financial Assistance|4994313|
268021|Mandarijn|Mandarijni|Independent Republic of Orange Nations|10004|Orange|568614|joe44|Berlin Republik|Independent Republic Of Orange Nations|10004|Orange|Approved|9000000|100|0|9/16/2025 1:31:58 AM|Financial Assistance|4994312|
268021|Mandarijn|Mandarijni|Independent Republic of Orange Nations|10004|Orange|515270|Chrismathews|Empire81|Independent Republic Of Orange Nations|10004|Orange|Approved|9000000|100|0|9/16/2025 1:31:42 AM|Financial Assistance|4994311|
268021|Mandarijn|Mandarijni|Independent Republic of Orange Nations|10004|Orange|616887|Dontavian|Karnax|Independent Republic Of Orange Nations|10004|Orange|Approved|9000000|100|0|9/16/2025 1:31:25 AM|Financial Assistance|4994310|
646353|tuomas|temple of perversion|The Legion|10020|Purple|197161|Juleandor|Kleptoville|The Legion|10020|Purple|Approved|0|100|0|9/16/2025 1:24:03 AM|Financial Assistance|4994309|
10287|Moriarty|Formosa|Knights Of The Round Table|10092|Green|621283|SukinGame|FreeRedthai|Interkosmos|16298|Red|Pending|9000000|0|0|9/16/2025 12:57:39 AM|Tech Deal|4994308|
646205|Vashinator|Cedarland|Veneris|17356|White|645234|HARP THE GREAT|NICOLAMIA|Veneris|17356|White|Approved|0|100|0|9/16/2025 12:51:45 AM|Tech Deal PT 2|4994307|
644785|Optimus881|Wakanda881|Post Grunge Supergroup|16367|Brown|86974|Mad Mike|Mikeville|Global Alliance And Treaty Organization|10003|Brown|Approved|0|100|0|9/16/2025 12:48:43 AM|PSG $9M/100Tech|4994306|
635299|Jujohouse|Genshin Impact|Nordreich|11319|Maroon|21368|Melos|Melos|Nordreich|11319|Maroon|Pending|0|100|0|9/16/2025 12:37:01 AM|Financial Assistance|4994305|
374610|Captain Crozier|Dime Store Novena|Independent Republic Of Orange Nations|10004|Orange|647037|Pachacan Federation|Pachacan Federation|Independent Republic Of Orange Nations|10004|Orange|Approved|9000000|0|0|9/16/2025 12:27:56 AM|ITF|4994304|
577964|WagonWheel|Wagons|Post Grunge Supergroup|16367|Brown|642140|Venusia|Tenebris|Post Grunge Supergroup|16367|Brown|Approved|9000000|0|0|9/16/2025 12:27:19 AM|Tek deal |4994303|
604148|US Chrisderica|US of Chrisderica|Freehold of The Wolves|15157|White|583069|Embowaf|Ilium|Mostly Harmless Alliance|14879|Aqua|Approved|0|100|0|9/16/2025 12:23:54 AM|Valyrian Aid|4994302|
604148|US Chrisderica|US of Chrisderica|Freehold of The Wolves|15157|White|414337|Shadowfury|Illyria|Freehold of The Wolves|15157|Black|Approved|0|100|0|9/16/2025 12:23:14 AM|Valyrian Aid|4994301|
639833|sogekido|sinetron|Nordreich|11319|Maroon|21368|Melos|Melos|Nordreich|11319|Maroon|Pending|0|100|0|9/16/2025 12:21:18 AM|Financial Assistance|4994300|
593353|Kitkat16|Sofie|NATO|10037|Blue|388182|lucky6|Direct Impingement|Federation of Armed Nations|10021|Yellow|Approved|9000000|0|0|9/16/2025 12:20:43 AM|Valyrian Aid|4994299|
644461|Aran Belmont|Metroidvania|Veneris|17356|White|573111|Al Bundy|bundyville|The Wolves|16660|Maroon|Pending|0|100|0|9/16/2025 12:18:41 AM|Financial Assistance|4994298|
644461|Aran Belmont|Metroidvania|Veneris|17356|White|583014|Rothaic|Munrovia|The Wolves|16660|Maroon|Approved|0|100|0|9/16/2025 12:18:33 AM|Financial Assistance|4994297|
276365|ShadowSKAR|Hidden Shadows|Non Grata|10097|Maroon|623644|Van Hoo X|Hoovokia|Non Grata|10097|White|Approved|9000000|0|0|9/16/2025 12:16:58 AM|Tech deal|4994296|
276365|ShadowSKAR|Hidden Shadows|Non Grata|10097|Maroon|633611|Speeder|Dronterlands|Non Grata|10097|Maroon|Approved|9000000|0|0|9/16/2025 12:16:48 AM|Tech deal|4994295|
634284|mikeymikes|batmanism|Doombrella|17368|Black|202255|onelove|We Are One Love|Doombrella|17368|Black|Approved|9000000|100|4000|9/16/2025 12:10:19 AM|aids |4994294|
630971|Jeremiah|CERAVA|Non Grata|10097|Maroon|584157|Sheekyz|Kingdom Of Xe|Non Grata|10097|Maroon|Approved|0|100|0|9/16/2025 12:05:58 AM|Tech Delivery|4994292|
334182|st6mm|Northern Reich|Doombrella|17368|Black|646947|Hawggystyle|Djibigbouti|Doombrella|17368|Black|Pending|9000000|0|0|9/16/2025 12:05:19 AM|Financial Assistance|4994291|
627972|GearHead|Rosche|NATO|10037|Blue|647496|Amarion|Rhodesae|NATO|10037|Purple|Approved|6000000|0|0|9/15/2025 11:55:29 PM|Welcome|4994290|
626161|54vee|Tallinn Compact|CLAWS|15841|Black|281387|Thud III|Thudsylvania|CLAWS|15841|Black|Approved|0|100|0|9/15/2025 11:53:16 PM|Tech 9/100|4994289|
645652|SpaceGhostCTC|Phantom crusier|Federation Of Armed Nations|10021|Yellow|414337|Shadowfury|Illyria|Freehold of The Wolves|15157|Black|Pending|0|100|0|9/15/2025 11:27:39 PM|Financial Assistance|4994288|
645652|SpaceGhostCTC|Phantom crusier|Federation Of Armed Nations|10021|Yellow|39465|King Tom|king Tom|NATO|10037|Blue|Approved|0|100|0|9/15/2025 11:27:22 PM|Financial Assistance|4994287|
645652|SpaceGhostCTC|Phantom crusier|Federation Of Armed Nations|10021|Yellow|63284|Kills with Fire|New Highlands|Federation of Armed Nations|10021|Yellow|Approved|0|100|0|9/15/2025 11:27:10 PM|Financial Assistance|4994286|
635306|koumail|Aesperia|Nordreich|11319|Maroon|240196|Seagram|Siperia|Nordreich|11319|Maroon|Pending|0|100|0|9/15/2025 11:26:30 PM|Financial Assistance|4994285|
503436|StevieG|Dinglebay|Doombrella|17368|Black|646947|Hawggystyle|Djibigbouti|Doombrella|17368|Black|Pending|9000000|0|0|9/15/2025 11:20:48 PM|Financial Assistance|4994284|
503436|StevieG|Dinglebay|Doombrella|17368|Black|646870|Waffless|Wafflandia|Doombrella|17368|Black|Approved|9000000|0|0|9/15/2025 11:18:10 PM|Financial Assistance|4994283|
503436|StevieG|Dinglebay|Doombrella|17368|Black|635159|xAnri|xRoan|Doombrella|17368|Black|Approved|9000000|0|0|9/15/2025 11:17:37 PM|Financial Assistance|4994282|
647395|Jackson72|Betrothed|Nuclear Proliferation League|17228|White|380007|Supreme Emperor Daeg|Metal|Doom Squad|16454|Black|Pending|0|100|0|9/15/2025 11:10:41 PM|Financial Assistance|4994281|
569003|Nefertiti|Dahshur|New Pacific Order|10000|Red|565552|Kayla Frost|Anselion|New Pacific Order|10000|Red|Pending|0|100|0|9/15/2025 11:07:00 PM|QT Tech|4994280|
569003|Nefertiti|Dahshur|New Pacific Order|10000|Red|448981|Knight|Alliance of Knights|New Pacific Order|10000|Red|Pending|0|100|0|9/15/2025 11:06:54 PM|QT Tech|4994279|
569003|Nefertiti|Dahshur|New Pacific Order|10000|Red|366247|Polgas|Novasea|New Pacific Order|10000|Red|Pending|0|100|0|9/15/2025 11:05:58 PM|QT Tech|4994278|
569003|Nefertiti|Dahshur|New Pacific Order|10000|Red|588946|AlphaCenturion|Sentosa Republic|New Pacific Order|10000|Red|Approved|0|100|0|9/15/2025 11:05:44 PM|QT Tech|4994277|
569003|Nefertiti|Dahshur|New Pacific Order|10000|Red|16124|Hatterson|Hamlin|New Pacific Order|10000|Red|Pending|0|100|0|9/15/2025 11:05:40 PM|QT Tech|4994276|
569003|Nefertiti|Dahshur|New Pacific Order|10000|Red|601748|Tarfiel|Babblefish|New Pacific Order|10000|Red|Pending|0|100|0|9/15/2025 11:05:36 PM|QT Tech|4994275|
113773|Njero|Njebooro|NATO|10037|Blue|414337|Shadowfury|Illyria|Freehold of The Wolves|15157|Black|Pending|0|100|0|9/15/2025 10:26:14 PM|Valyrian Aid|4994274|
113773|Njero|Njebooro|NATO|10037|Blue|39465|King Tom|king Tom|NATO|10037|Blue|Approved|0|100|0|9/15/2025 10:26:01 PM|Valyrian Aid|4994273|
113773|Njero|Njebooro|NATO|10037|Blue|322849|BLITZ1|BLITZKRIEG THE FIRST|Freehold of The Wolves|15157|White|Approved|0|100|0|9/15/2025 10:25:49 PM|Valyrian Aid|4994272|
113773|Njero|Njebooro|NATO|10037|Blue|315967|slmarsch|Rio Grande|Freehold of The Wolves|15157|White|Pending|0|100|0|9/15/2025 10:25:39 PM|Valyrian Aid|4994271|
113773|Njero|Njebooro|NATO|10037|Blue|283424|Dropo7777|DelOrto|NATO|10037|Blue|Approved|0|100|0|9/15/2025 10:24:24 PM|Valyrian Aid|4994270|
113773|Njero|Njebooro|NATO|10037|Blue|107100|Lenny N Karl|Mudfoot|NATO|10037|Blue|Approved|0|100|0|9/15/2025 10:24:12 PM|Valyrian Aid|4994269|
113773|Njero|Njebooro|NATO|10037|Blue|338643|Conundrum|Wallabyville|Federation of Armed Nations|10021|Yellow|Pending|0|100|0|9/15/2025 10:24:02 PM|Valyrian Aid|4994268|
646950|KarmaBlaster|NoNameIstan|Non Grata|10097|Maroon|144192|Sagha|Nickelattia|Non Grata|10097|Maroon|Approved|0|100|0|9/15/2025 10:10:47 PM|techdeal|4994267|
646950|KarmaBlaster|NoNameIstan|Non Grata|10097|Maroon|418916|HeroofTime55|New XGA|Non Grata|10097|Maroon|Pending|0|100|0|9/15/2025 10:10:18 PM|techdeal|4994266|
646950|KarmaBlaster|NoNameIstan|Non Grata|10097|Maroon|40650|kerschbs|indica|Non Grata|10097|Maroon|Pending|0|100|0|9/15/2025 10:10:04 PM|techdeal|4994265|
2621|James|TIEIXIAIS|Non Grata|10097|Maroon|588320|RUB10|Establishmentaria|Non Grata|10097|Maroon|Approved|9000000|0|0|9/15/2025 10:01:08 PM|Financial Assistance|4994264|
2621|James|TIEIXIAIS|Non Grata|10097|Maroon|631569|CaesarGorandius|Ohiostan|Non Grata|10097|Maroon|Approved|9000000|0|0|9/15/2025 10:00:52 PM|Financial Assistance|4994263|
144192|Sagha|Nickelattia|Non Grata|10097|Maroon|558909|InvaderZim1987|Robonia|Fark|10002|Aqua|Pending|9000000|0|0|9/15/2025 9:43:14 PM|9mil for 100 tech|4994262|
263122|Uncle Don|The Tannhauser Gate|Freehold of The Wolves|15157|White|134794|Tasker74|Thebigharbour|Freehold of The Wolves|15157|White|Approved|9000000|0|0|9/15/2025 9:22:27 PM|Financial Assistance|4994261|
263122|Uncle Don|The Tannhauser Gate|Freehold of The Wolves|15157|White|613652|Peterkin|Quaraguay|Freehold of The Wolves|15157|White|Approved|9000000|0|0|9/15/2025 9:21:46 PM|Financial Assistance|4994260|
188637|Caustic|Hazardous Materials|Non Grata|10097|Maroon|580021|General Kanabis|Imperio Mexica|COBRA|13717|Brown|Approved|9000000|0|0|9/15/2025 9:14:56 PM|Financial Assistance|4994259|
121872|Katahdin|Fraise de Sang|Global Alliance and Treaty Organization|10003|Brown|646800|Brotherlouie27|Louimerica II|Global Alliance And Treaty Organization|10003|Brown|Approved|9000000|0|0|9/15/2025 8:52:48 PM|Financial Assistance|4994258|
638048|CharlisonX|Willstate|New Polar Order|10006|Blue|120390|Imperator Azenquor|Vaule|New Polar Order|10006|Blue|Approved|0|100|0|9/15/2025 8:37:06 PM|ICECAP Tech|4994257|
634412|hadwyn|One piece|Nordreich|11319|Maroon|240196|Seagram|Siperia|Nordreich|11319|Maroon|Pending|0|100|0|9/15/2025 8:29:23 PM|Financial Assistance|4994256|
634412|hadwyn|One piece|Nordreich|11319|Maroon|274261|Ub3rdude|Uberlandia|Nordreich|11319|Maroon|Approved|0|100|0|9/15/2025 8:28:56 PM|Financial Assistance|4994255|
643887|SilenttShadow27|Temnota|NATO|10037|Blue|283424|Dropo7777|DelOrto|NATO|10037|Blue|Approved|0|100|0|9/15/2025 8:21:49 PM|Cupcakes &amp; techz &lt;3|4994254|
646409|Kingdjthadestroyer|King Dj|Global Alliance And Treaty Organization|10003|Brown|580044|Sir Kiloist|Tiocfaidh ar la|Global Alliance And Treaty Organization|10003|Brown|Pending|0|100|0|9/15/2025 7:59:29 PM|Financial Assistance|4994253|
567451|Valcanar|Alyssar|New Pacific Order|10000|Red|553651|Stanley Steemer|Erwin Township|New Pacific Order|10000|Red|Pending|9000000|0|0|9/15/2025 7:41:43 PM|Bankroll|4994252|
567451|Valcanar|Alyssar|New Pacific Order|10000|Red|638860|Adrius Adler|Trostland|New Pacific Order|10000|Red|Approved|9000000|0|0|9/15/2025 7:41:39 PM|Bankroll|4994251|
567451|Valcanar|Alyssar|New Pacific Order|10000|Red|616302|Ashwyesum|The Ashes State|New Pacific Order|10000|Red|Pending|9000000|0|0|9/15/2025 7:41:31 PM|Bankroll|4994250|
567451|Valcanar|Alyssar|New Pacific Order|10000|Red|605|Dilber|Dilber|New Pacific Order|10000|Red|Approved|9000000|0|0|9/15/2025 7:41:25 PM|Bankroll|4994249|
567451|Valcanar|Alyssar|New Pacific Order|10000|Red|609716|xander99|Melton|New Pacific Order|10000|Red|Pending|9000000|0|0|9/15/2025 7:41:20 PM|Bankroll|4994248|
567451|Valcanar|Alyssar|New Pacific Order|10000|Red|555876|Khandov|Polonia Overlordship|New Pacific Order|10000|Red|Pending|9000000|0|0|9/15/2025 7:41:15 PM|Bankroll|4994247|
247134|ShadowChaos|ShadowChaos|COBRA|13717|Maroon|624649|arif2016|TheIndomitableEmpire|COBRA|13717|Brown|Approved|9000000|0|0|9/15/2025 7:38:50 PM|Tech Deal - 9M/100T|4994246|
647395|Jackson72|Betrothed|Nuclear Proliferation League|17228|White|280326|Scytale|Tleilax|Fark|10002|Aqua|Approved|0|100|0|9/15/2025 7:18:02 PM|Financial Assistance|4994245|
631409|German Made|German Engineering|The Prussian Empire|14204|Green|618698|Arminius Cheruski|Germania Magna|The Prussian Empire|14204|Green|Approved|0|100|0|9/15/2025 7:17:26 PM|Financial Assistance|4994244|
631409|German Made|German Engineering|The Prussian Empire|14204|Green|488372|Heinrich I|Das Ostfrankenreich|The Prussian Empire|14204|Green|Approved|0|100|0|9/15/2025 7:16:48 PM|Financial Assistance|4994243|
381828|InconspicuousBarrel|Kievan Rus|Global Alliance And Treaty Organization|10003|Brown|647474|dudekidguy|Republic of Jacob|Nuclear Proliferation League|17228|Blue|Pending|6000000|0|0|9/15/2025 6:56:29 PM|Tech Deal|4994242|
538755|zeldafan4ever|Terminus|Orange Defense Network|17435|Orange|589715|nostalgia|Outer Spira|Orange Defense Network|17435|Orange|Pending|0|100|0|9/15/2025 6:44:57 PM|Tech 2/3|4994241|
144708|Matthew PK|Commonwealth of LoL|Doombrella|17368|Black|101493|ak47don|sicily mafia|Doombrella|17368|Black|Pending|9000000|0|0|9/15/2025 6:43:17 PM|Financial Assistance|4994240|
144708|Matthew PK|Commonwealth of LoL|Doombrella|17368|Black|635159|xAnri|xRoan|Doombrella|17368|Black|Approved|9000000|0|0|9/15/2025 6:43:01 PM|Financial Assistance|4994239|
529267|Pastor Jason|Gods Country|Doom Squad|16454|Black|96568|Dagny Taggart|Galtian Commune|DOOMBIRD DOOMCAVE|10449|Black|Approved|0|100|0|9/15/2025 6:30:16 PM|Jesus Christ is Lord |4994238|
529267|Pastor Jason|Gods Country|Doom Squad|16454|Black|364329|Donnie Darko|DarkoLand|Doom Squad|16454|Black|Approved|0|100|0|9/15/2025 6:29:52 PM|Jesus is Lord|4994237|
529267|Pastor Jason|Gods Country|Doom Squad|16454|Black|61657|Umar ibn Abd al-Aziz|Umayyad Caliphate|DOOMBIRD DOOMCAVE|10449|Black|Approved|0|100|0|9/15/2025 6:28:27 PM|Jesus Christ is Lord |4994236|
529267|Pastor Jason|Gods Country|Doom Squad|16454|Black|392583|Javier360|Tenochtitlan|DOOMBIRD DOOMCAVE|10449|Black|Approved|0|100|0|9/15/2025 6:27:55 PM|Jesus Christ is Lord |4994235|
529267|Pastor Jason|Gods Country|Doom Squad|16454|Black|95044|Allnighte|Allnighteica|Doom Squad|16454|Black|Pending|0|100|0|9/15/2025 6:27:33 PM|Jesus is Lord|4994234|
25527|Flembosh|Randall|Mostly Harmless Alliance|14879|Aqua|250983|Shakka Kahn|Shakka Land|Mostly Harmless Alliance|14879|Aqua|Approved|0|100|0|9/15/2025 6:27:26 PM|Financial Assistance|4994233|
529267|Pastor Jason|Gods Country|Doom Squad|16454|Black|622221|cobwebbyarc6|Dasein|Doom Squad|16454|Black|Pending|0|100|0|9/15/2025 6:27:03 PM|Jesus Christ is Lord |4994232|
645870|Maximilian von Adler|Preussisches Kaiserr|NATO|10037|Blue|120427|Ashleaa|Pigtopia|Federation of Armed Nations|10021|Yellow|Approved|0|100|0|9/15/2025 6:07:14 PM|VEP|4994231|
645870|Maximilian von Adler|Preussisches Kaiserr|NATO|10037|Blue|107100|Lenny N Karl|Mudfoot|NATO|10037|Blue|Approved|0|100|0|9/15/2025 6:06:51 PM|VEP|4994229|
418644|shakespeare|shakespeare|Freehold of The Wolves|15157|White|613652|Peterkin|Quaraguay|Freehold of The Wolves|15157|White|Approved|9000000|0|0|9/15/2025 5:52:54 PM|Wolf Aid|4994228|
418644|shakespeare|shakespeare|Freehold of The Wolves|15157|White|134794|Tasker74|Thebigharbour|Freehold of The Wolves|15157|White|Approved|9000000|0|0|9/15/2025 5:52:14 PM|Wolf Aid|4994227|
418644|shakespeare|shakespeare|Freehold of The Wolves|15157|White|647422|WarLordSnaxx|Snackdom|Freehold of The Wolves|15157|White|Approved|6000000|0|0|9/15/2025 5:51:13 PM|Wolf Aid|4994226|
418644|shakespeare|shakespeare|Freehold of The Wolves|15157|White|535013|Deadwartin|Republic of SOS|Freehold of The Wolves|15157|White|Approved|9000000|0|0|9/15/2025 5:50:58 PM|Wolf Aid|4994225|
642764|Nerdslayerx|Friheden|New Polar Order|10006|Blue|497470|Skaros Thunderbane|Shimazu Conglomerate|New Polar Order|10006|Blue|Approved|0|100|0|9/15/2025 5:45:22 PM|ICECAP Tech|4994224|
642764|Nerdslayerx|Friheden|New Polar Order|10006|Blue|202519|Zombie Glaucon|UTC Labs|New Polar Order|10006|Blue|Pending|0|100|0|9/15/2025 5:45:01 PM|RATS Tech|4994223|
644476|ICCoug|VanDanBerg|Catholic Reich|17311|Black|644571|Juno02|Mystic Land|Catholic Reich|17311|Black|Approved|9000000|100|0|9/15/2025 5:43:28 PM|Financial Assistance|4994222|
642764|Nerdslayerx|Friheden|New Polar Order|10006|Blue|597501|JayMillz|Curel|New Polar Order|10006|Blue|Approved|0|100|0|9/15/2025 5:43:25 PM|ICECAP Tech|4994221|
642764|Nerdslayerx|Friheden|New Polar Order|10006|Blue|512699|Mindbraker|Aguda|New Polar Order|10006|Blue|Approved|0|100|0|9/15/2025 5:43:08 PM|ICECAP Tech|4994220|
642764|Nerdslayerx|Friheden|New Polar Order|10006|Blue|516493|The dutch Dragonborn|The Dutch Dragonborn|New Polar Order|10006|Blue|Pending|0|100|0|9/15/2025 5:42:50 PM|ICECAP Tech|4994219|
543972|zachart|The Father Land|New Pacific Order|10000|Red|581758|Tiberius|Nuke Town|New Pacific Order|10000|Red|Approved|0|100|0|9/15/2025 5:34:32 PM|QT Tech|4994218|
543972|zachart|The Father Land|New Pacific Order|10000|Red|448981|Knight|Alliance of Knights|New Pacific Order|10000|Red|Approved|0|100|0|9/15/2025 5:34:25 PM|QT Tech|4994217|
587834|alucardx13|The United Regions|New Pacific Order|10000|Red|515093|GoldenAura|Communist Crackous|New Pacific Order|10000|Red|Pending|0|100|0|9/15/2025 5:03:54 PM|QT Tech|4994216|
587834|alucardx13|The United Regions|New Pacific Order|10000|Red|448981|Knight|Alliance of Knights|New Pacific Order|10000|Red|Approved|0|100|0|9/15/2025 5:03:49 PM|QT Tech|4994215|
604565|New Reverie|Hollow Land|Random Insanity Alliance|10038|Maroon|602009|JDRod|ReDux Empire|Coalition of Royal Allied Powers|10051|Maroon|Pending|6000000|0|0|9/15/2025 4:46:37 PM|6M/100T|4994214|
604565|New Reverie|Hollow Land|Random Insanity Alliance|10038|Maroon|132067|Merick|Panamkey|The Templar Knights|10012|Maroon|Pending|9000000|0|0|9/15/2025 4:46:09 PM|9M/100T|4994213|
637113|Up in smoke|Ring of Fire Island|CLAWS|15841|Black|646790|ADEVA|Lyceaum|The Legion|10020|Purple|Approved|9000000|0|0|9/15/2025 4:41:40 PM|$9 mil for 100 tech|4994212|
262358|Johnny123|Johhny|New Polar Order|10006|Blue|640161|ToiletGaming3000|Good Game|New Polar Order|10006|Blue|Pending|9000000|0|0|9/15/2025 4:14:01 PM|Military Wonder Funding|4994211|
630575|Sven Herrman|Germanus|The Prussian Empire|14204|Green|646090|big daddy 69|Underwater Rapture|The Prussian Empire|14204|Green|Pending|9000000|0|0|9/15/2025 3:56:51 PM|Financial Assistance|4994210|
94305|Brettward|Truckerland|Nordreich|11319|Maroon|636192|Elizah|Monshun|Nordreich|11319|Maroon|Pending|9000000|0|0|9/15/2025 3:35:00 PM|Tech deal|4994209|
94305|Brettward|Truckerland|Nordreich|11319|Maroon|49522|Croix|Edjaal|Random Insanity Alliance|10038|Maroon|Approved|9000000|0|0|9/15/2025 3:33:29 PM|Tech deal|4994208|
166207|Jekalle|Ranus|Non Grata|10097|Maroon|626678|slothix|Kevin|Non Grata|10097|Maroon|Pending|9000000|0|0|9/15/2025 3:22:54 PM|Build Aid 5/5|4994207|
637264|RiddervanGelre|Nieuw Gelre|CLAWS|15841|Black|425377|Commander Ferraday|Ice Station Zebra|CLAWS|15841|Black|Approved|0|100|0|9/15/2025 2:58:37 PM|Financial Assistance|4994206|
637264|RiddervanGelre|Nieuw Gelre|CLAWS|15841|Black|177947|Badassname|Badassnation|CLAWS|15841|Black|Approved|0|100|0|9/15/2025 2:58:25 PM|Financial Assistance|4994205|
32861|Drachonum|drachonia|Global Alliance and Treaty Organization|10003|Brown|405936|Griffy|Rememberence|Global Alliance And Treaty Organization|10003|Brown|Approved|9000000|0|0|9/15/2025 2:47:25 PM|Financial Assistance|4994204|
32861|Drachonum|drachonia|Global Alliance and Treaty Organization|10003|Brown|646756|DyneVeilstone|Felis Felicitas|Global Alliance And Treaty Organization|10003|Brown|Approved|6000000|0|0|9/15/2025 2:47:18 PM|Financial Assistance|4994203|
646118|King Lavey|Republic of Hamster|The Prussian Empire|14204|Green|639165|Otto Die Heilige|Holy Roman Reich|The Prussian Empire|14204|Green|Pending|0|100|0|9/15/2025 2:36:46 PM|Financial Assistance|4994202|
646118|King Lavey|Republic of Hamster|The Prussian Empire|14204|Green|488372|Heinrich I|Das Ostfrankenreich|The Prussian Empire|14204|Green|Approved|0|100|0|9/15/2025 2:36:22 PM|Financial Assistance|4994201|
646090|big daddy 69|Underwater Rapture|The Prussian Empire|14204|Green|91088|Dragster|winukka|Nordreich|11319|Maroon|Approved|0|100|0|9/15/2025 2:34:51 PM|tech|4994200|
645994|Emperor Hintz|Hintztopia|The Prussian Empire|14204|Green|618698|Arminius Cheruski|Germania Magna|The Prussian Empire|14204|Green|Approved|0|100|0|9/15/2025 2:33:06 PM|Financial Assistance|4994199|
645994|Emperor Hintz|Hintztopia|The Prussian Empire|14204|Green|630575|Sven Herrman|Germanus|The Prussian Empire|14204|Green|Approved|0|100|0|9/15/2025 2:33:00 PM|Financial Assistance|4994198|
633233|Mike Khunt|Cypress Hill|CLAWS|15841|Black|645268|fucho|fucho|Veneris|17356|White|Approved|6000000|0|0|9/15/2025 2:19:28 PM|$6 mil for 100 tech |4994197|
558318|Falcon9|Darkest Chandler|Fark|10002|Aqua|319343|realpal|REALPAL|Fark|10002|Aqua|Pending|0|100|0|9/15/2025 2:00:32 PM|9/100|4994196|
640096|recockulous|Yuge Indictments|Fark|10002|Aqua|280326|Scytale|Tleilax|Fark|10002|Aqua|Approved|0|100|0|9/15/2025 1:59:37 PM|9/100|4994195|
544732|axel3200|Valta|New Pacific Order|10000|Red|515093|GoldenAura|Communist Crackous|New Pacific Order|10000|Red|Pending|0|100|0|9/15/2025 1:54:35 PM|QT Tech|4994194|
544732|axel3200|Valta|New Pacific Order|10000|Red|448981|Knight|Alliance of Knights|New Pacific Order|10000|Red|Approved|0|100|0|9/15/2025 1:54:32 PM|QT Tech|4994193|
544732|axel3200|Valta|New Pacific Order|10000|Red|167235|ORCACommander|Hiigaran Federation|New Pacific Order|10000|Red|Approved|0|100|0|9/15/2025 1:53:36 PM|QT Tech|4994192|
544732|axel3200|Valta|New Pacific Order|10000|Red|17202|Cybolt|Time and Space|New Pacific Order|10000|Red|Approved|0|100|0|9/15/2025 1:53:33 PM|QT Tech|4994191|
544732|axel3200|Valta|New Pacific Order|10000|Red|581758|Tiberius|Nuke Town|New Pacific Order|10000|Red|Approved|0|100|0|9/15/2025 1:53:29 PM|QT Tech|4994190|
544732|axel3200|Valta|New Pacific Order|10000|Red|289177|Blaskowicz|Doomsland|New Pacific Order|10000|Red|Pending|0|100|0|9/15/2025 1:53:26 PM|QT Tech|4994189|
647184|DCBinks|Caogalna|Post Grunge Supergroup|16367|Brown|640416|kevinbotz|Westerling|Knights Of The Round Table|10092|Green|Approved|0|100|0|9/15/2025 1:49:18 PM|Tech deal|4994188|
505179|amyameretta|Finlandia|New Pacific Order|10000|Red|552125|Mouseman490|The Empire of Klein|New Pacific Order|10000|Red|Pending|9000000|0|0|9/15/2025 1:42:40 PM|Bankroll|4994187|
505179|amyameretta|Finlandia|New Pacific Order|10000|Red|616302|Ashwyesum|The Ashes State|New Pacific Order|10000|Red|Pending|9000000|0|0|9/15/2025 1:42:35 PM|Bankroll|4994186|
505179|amyameretta|Finlandia|New Pacific Order|10000|Red|553651|Stanley Steemer|Erwin Township|New Pacific Order|10000|Red|Pending|9000000|0|0|9/15/2025 1:42:30 PM|Bankroll|4994185|
356682|Logic|8Bit Nation|Doombrella|17368|Black|101493|ak47don|sicily mafia|Doombrella|17368|Black|Pending|0|100|0|9/15/2025 1:25:12 PM|Financial Assistance|4994184|
600902|HackSlash|NewFinlandia|Non Grata|10097|Maroon|622072|Tmac73|Norway2|The Dark Templar|10056|Black|Approved|9000000|0|0|9/15/2025 1:24:06 PM|Tech Deal 100/9Mil|4994183|
600902|HackSlash|NewFinlandia|Non Grata|10097|Maroon|457345|Taiki11|Taiki Land|Non Grata|10097|Maroon|Approved|9000000|0|0|9/15/2025 1:23:49 PM|Tech Deal 100/9Mil|4994182|
184966|The Upper Bass|Little Basses|The Dark Templar|10056|Black|639937|The Evilest Eye|NeoNeftyaniki|The Dark Templar|10056|Black|Approved|9000000|0|0|9/15/2025 1:22:58 PM|Tech Deal|4994181|
644476|ICCoug|VanDanBerg|Catholic Reich|17311|Black|644426|Bram Walt Schirkophf|Texkentuck|Catholic Reich|17311|Black|Approved|9000000|100|4000|9/15/2025 1:21:54 PM|Financial Assistance|4994179|
288430|jrsyboy|toqueville|Non Grata|10097|Maroon|631569|CaesarGorandius|Ohiostan|Non Grata|10097|Maroon|Approved|9000000|0|0|9/15/2025 1:08:03 PM|Financial Assistance|4994178|
618150|Lyanna Mormont|Bear Island 4 Lyfe|Non Grata|10097|Maroon|188637|Caustic|Hazardous Materials|Non Grata|10097|Maroon|Approved|0|100|0|9/15/2025 1:07:33 PM|Financial Assistance|4994177|
618150|Lyanna Mormont|Bear Island 4 Lyfe|Non Grata|10097|Maroon|230895|TCTriangle|Taninsania|Non Grata|10097|Maroon|Approved|0|100|0|9/15/2025 1:07:30 PM|Financial Assistance|4994176|
618150|Lyanna Mormont|Bear Island 4 Lyfe|Non Grata|10097|Maroon|634448|Stewie|Stewieland III|Non Grata|10097|Maroon|Approved|0|100|0|9/15/2025 1:07:25 PM|Financial Assistance|4994175|
618150|Lyanna Mormont|Bear Island 4 Lyfe|Non Grata|10097|Maroon|155826|weebl2000|Azeer|Non Grata|10097|Maroon|Approved|0|100|0|9/15/2025 1:07:20 PM|Financial Assistance|4994174|
582040|casey3927|landguardian|The Legion|10020|Purple|618779|learjet|Racinante|The Legion|10020|Purple|Approved|0|100|0|9/15/2025 1:06:53 PM|Financial Assistance|4994173|
288430|jrsyboy|toqueville|Non Grata|10097|Maroon|181481|HammerMan|Dooche|Non Grata|10097|Maroon|Approved|9000000|0|0|9/15/2025 1:00:17 PM|Financial Assistance|4994172|
53781|Algolei|Manitobah|CLAWS|15841|Black|485812|Amyante|Zargathia|Shangri La|13799|White|Pending|9000000|0|0|9/15/2025 12:56:12 PM|9/100 tech deal?|4994171|
53781|Algolei|Manitobah|CLAWS|15841|Black|621876|thebigkas|kekistan69|COBRA|13717|Brown|Pending|9000000|0|0|9/15/2025 12:55:52 PM|9/100 tech deal?|4994170|
605765|Darth Actorbass|Tarmon Gaidon|New Polar Order|10006|Blue|181640|medic32|Ecateca|New Polar Order|10006|Blue|Approved|0|100|0|9/15/2025 12:48:49 PM|ICECAP Tech|4994169|
187838|morrisons|scollotto|CLAWS|15841|Black|646506|Jenna Montreal|Wolvanica|The Phoenix Federation|17385|Black|Approved|9000000|0|0|9/15/2025 12:45:47 PM|Tech Deal|4994168|
533529|NustyPistachio|Isle of Noot|Post Grunge Supergroup|16367|Brown|525223|Zorrr|Deep Zither|Knights of the Round Table|10092|Purple|Approved|0|100|0|9/15/2025 12:29:05 PM|Tech Deal|4994167|
533529|NustyPistachio|Isle of Noot|Post Grunge Supergroup|16367|Brown|568130|Bucky Carson|Santa Pecos|Knights Of The Round Table|10092|Green|Approved|0|100|0|9/15/2025 12:28:53 PM|Tech Deal|4994166|
573111|Al Bundy|bundyville|The Wolves|16660|Maroon|645139|4 Marzo|Nuova Sicilia|Veneris|17356|White|Approved|9000000|0|0|9/15/2025 12:18:13 PM|9/100|4994165|
454402|Flyin Hawaiian|Hawaiian Land|The Dark Templar|10056|Black|391476|mickgreat|Namayan|The Dark Templar|10056|Black|Approved|0|100|0|9/15/2025 12:18:10 PM|Financial Assistance|4994164|
573111|Al Bundy|bundyville|The Wolves|16660|Maroon|630433|Wuldor Winnan|Wuldor Winnan|The Wolves|16660|Maroon|Approved|9000000|0|0|9/15/2025 12:17:41 PM|9/100|4994163|
144157|Sarkin|My Hero Party|The Dark Templar|10056|Black|635658|Chaotican|United CroatiaUC|Wurst Alliance|16919|Green|Pending|9000000|0|0|9/15/2025 12:17:13 PM|Financial Assistance|4994162|
631385|Kingdom of Denmark|Jutland Germany|The Prussian Empire|14204|Green|514897|Phocas|Lighthouse Island|The Prussian Empire|14204|Green|Approved|0|100|0|9/15/2025 12:04:00 PM|Financial Assistance|4994161|
634597|LiaColle|Prynthian|Non Grata|10097|Maroon|475014|cirk2|Agatea|Non Grata|10097|Maroon|Approved|0|100|0|9/15/2025 11:56:00 AM|Financial Assistance|4994160|
634597|LiaColle|Prynthian|Non Grata|10097|Maroon|469301|Lars Jorgens|Whale of a Time|Non Grata|10097|Maroon|Approved|0|100|0|9/15/2025 11:55:52 AM|Financial Assistance|4994159|
634597|LiaColle|Prynthian|Non Grata|10097|Maroon|132232|Justin666|Pain nation 666|Non Grata|10097|Maroon|Approved|0|100|0|9/15/2025 11:55:45 AM|Financial Assistance|4994158|
299962|dev0win|1nfinity Otriad|Christian Coalition Of Countries|10028|Blue|647347|RealShrimpShady|Shrimplandia|NATO|10037|Blue|Approved|9000000|0|0|9/15/2025 11:41:01 AM|Valyrian Aid|4994157|
559191|Darksight1|ChineseEmpire|New Pacific Order|10000|Red|16124|Hatterson|Hamlin|New Pacific Order|10000|Red|Pending|0|100|0|9/15/2025 11:30:48 AM|QT Tech|4994156|
559191|Darksight1|ChineseEmpire|New Pacific Order|10000|Red|601748|Tarfiel|Babblefish|New Pacific Order|10000|Red|Approved|0|100|0|9/15/2025 11:30:43 AM|QT Tech|4994155|
559191|Darksight1|ChineseEmpire|New Pacific Order|10000|Red|565552|Kayla Frost|Anselion|New Pacific Order|10000|Red|Approved|0|100|0|9/15/2025 11:30:38 AM|QT Tech|4994154|
255997|archduke jack|vittatorio|New Polar Order|10006|Blue|646230|Canuck|Oh Canada|Knights Of The Round Table|10092|Green|Approved|9000000|0|0|9/15/2025 11:26:16 AM|Tech Deal|4994153|
255997|archduke jack|vittatorio|New Polar Order|10006|Blue|645994|Emperor Hintz|Hintztopia|The Prussian Empire|14204|Green|Approved|9000000|0|0|9/15/2025 11:26:05 AM|Tech Deal|4994152|
255997|archduke jack|vittatorio|New Polar Order|10006|Blue|646090|big daddy 69|Underwater Rapture|The Prussian Empire|14204|Green|Approved|9000000|0|0|9/15/2025 11:25:56 AM|Tech Deal|4994151|
255997|archduke jack|vittatorio|New Polar Order|10006|Blue|646118|King Lavey|Republic of Hamster|The Prussian Empire|14204|Green|Approved|9000000|0|0|9/15/2025 11:25:46 AM|Tech Deal|4994150|
497470|Skaros Thunderbane|Shimazu Conglomerate|New Polar Order|10006|Blue|641765|Chandragupta Maurya|Maurya Dynasty|New Polar Order|10006|Blue|Approved|9000000|0|0|9/15/2025 11:09:18 AM|Icecap Cash|4994149|
497470|Skaros Thunderbane|Shimazu Conglomerate|New Polar Order|10006|Blue|605765|Darth Actorbass|Tarmon Gaidon|New Polar Order|10006|Blue|Approved|9000000|0|0|9/15/2025 11:09:10 AM|War is looming! See Forum|4994148|
102751|Jack Whiterstein|Gyuard|Global Alliance And Treaty Organization|10003|Brown|646409|Kingdjthadestroyer|King Dj|Global Alliance And Treaty Organization|10003|Brown|Approved|9000000|0|0|9/15/2025 10:49:23 AM|Tech Deal 9m/100|4994147|
639416|Addisonjam|Additomia|The Dark Templar|10056|Black|144157|Sarkin|My Hero Party|The Dark Templar|10056|Black|Approved|0|100|0|9/15/2025 10:29:05 AM|Financial Assistance|4994146|
641018|xxPocketxx|Savere|The Legion|10020|Purple|156693|Magnate|Republic of China|The Legion|10020|Purple|Approved|0|100|0|9/15/2025 10:23:31 AM|Financial Assistance|4994145|
201332|dawg66|Grand Americana|Knights Of The Round Table|10092|Green|646230|Canuck|Oh Canada|Knights Of The Round Table|10092|Green|Approved|9000000|0|0|9/15/2025 10:23:01 AM|tech|4994144|
552359|SeaBeeGipson|Denton|MONGOLS|14492|Maroon|487765|Wing Zero|Lorien|The Wolves|16660|Maroon|Pending|9000000|0|0|9/15/2025 10:18:15 AM|Wolves Expansion Pack|4994143|
552359|SeaBeeGipson|Denton|MONGOLS|14492|Maroon|630433|Wuldor Winnan|Wuldor Winnan|The Wolves|16660|Maroon|Approved|9000000|0|0|9/15/2025 10:17:47 AM|Wolves Expansion Pack|4994142|
152779|Crazyguy945|United Nick|Coalition of Royal Allied Powers|10051|Maroon|100248|Champcardon|Rudostan|Coalition of Royal Allied Powers|10051|Maroon|Approved|9000000|0|0|9/15/2025 10:17:43 AM|t deal|4994141|
152779|Crazyguy945|United Nick|Coalition of Royal Allied Powers|10051|Maroon|625646|muji111|muji111|Random Insanity Alliance|10038|Maroon|Approved|9000000|0|0|9/15/2025 10:17:17 AM|t deal|4994140|
552359|SeaBeeGipson|Denton|MONGOLS|14492|Maroon|646033|PlatinumAero|Verloren|The Wolves|16660|Maroon|Approved|9000000|0|0|9/15/2025 10:17:08 AM|Wolves Expansion Pack|4994139|
152779|Crazyguy945|United Nick|Coalition of Royal Allied Powers|10051|Maroon|644461|Aran Belmont|Metroidvania|Veneris|17356|White|Approved|9000000|0|0|9/15/2025 10:16:58 AM|t deal|4994138|
638158|TheBlob|Space Jelly|Knights Of The Round Table|10092|Red|257186|Southern Comfort|Wild Wild West|Knights Of The Round Table|10092|Green|Approved|0|100|0|9/15/2025 10:16:46 AM|Glob|4994137|
152779|Crazyguy945|United Nick|Coalition of Royal Allied Powers|10051|Maroon|631385|Kingdom of Denmark|Jutland Germany|The Prussian Empire|14204|Green|Approved|9000000|0|0|9/15/2025 10:16:34 AM|t deal|4994136|
552359|SeaBeeGipson|Denton|MONGOLS|14492|Maroon|450111|Crowncowboy|Confederate Isle|The Wolves|16660|Maroon|Pending|9000000|0|0|9/15/2025 10:16:34 AM|Wolves Expansion Pack|4994135|
552359|SeaBeeGipson|Denton|MONGOLS|14492|Maroon|279053|Thom98|Swampville|The Wolves|16660|Maroon|Pending|9000000|0|0|9/15/2025 10:15:55 AM|Wolves Expansion Pack|4994134|
18236|javaswiller|swillerland|Freehold of The Wolves|15157|White|535013|Deadwartin|Republic of SOS|Freehold of The Wolves|15157|White|Approved|9000000|0|0|9/15/2025 10:10:41 AM|Financial Assistance|4994132|
18236|javaswiller|swillerland|Freehold of The Wolves|15157|White|613652|Peterkin|Quaraguay|Freehold of The Wolves|15157|White|Approved|9000000|0|0|9/15/2025 10:10:23 AM|Financial Assistance|4994131|
633077|DarkStar1348|Aoxomoxoa|The Legion|10020|Purple|616289|Kingzing|Glister|The Legion|10020|Purple|Approved|9000000|0|0|9/15/2025 10:08:03 AM|Financial Assistance|4994130|
646824|AlphaB|Blue Ribbon|The Legion|10020|Purple|618779|learjet|Racinante|The Legion|10020|Purple|Approved|0|100|0|9/15/2025 10:00:32 AM|Financial Assistance|4994129|
646824|AlphaB|Blue Ribbon|The Legion|10020|Purple|156693|Magnate|Republic of China|The Legion|10020|Purple|Approved|0|100|0|9/15/2025 10:00:07 AM|Financial Assistance|4994128|
25745|JJ452|Eire.|Avalanche|10078|Blue|641533|Haamu|Sampo|WWF|14310|Blue|Approved|9000000|0|0|9/15/2025 9:44:58 AM|Financial Assistance|4994127|
88398|thepunk|thepunk|Federation Of Armed Nations|10021|Yellow|645372|darkestofdans|Alert1|Federation Of Armed Nations|10021|Yellow|Approved|9000000|0|4000|9/15/2025 9:43:01 AM|Financial Assistance|4994126|
436358|mordred|Lothian and Orcanie|Knights of the Round Table|10092|Green|633305|Angel Ray|Tecnia|Knights Of The Round Table|10092|Green|Approved|9000000|0|0|9/15/2025 9:31:21 AM|Tech $9m-100t deal|4994125|
638157|Karifire|Hogsmead|Doom Squad|16454|Black|326267|Steeldor|Jerel|DOOMBIRD DOOMCAVE|10449|Black|Approved|0|100|0|9/15/2025 9:20:20 AM|Financial Assistance|4994124|
638157|Karifire|Hogsmead|Doom Squad|16454|Black|392583|Javier360|Tenochtitlan|DOOMBIRD DOOMCAVE|10449|Black|Approved|0|100|0|9/15/2025 9:20:09 AM|Financial Assistance|4994123|
638157|Karifire|Hogsmead|Doom Squad|16454|Black|627592|Lord Xamaeron|Celtic Forest|Doombrella|17368|Black|Approved|0|100|0|9/15/2025 9:19:52 AM|Financial Assistance|4994122|
131473|Kilkenny|Huntonian|Christian Coalition Of Countries|10028|Maroon|137753|The Doogan|Republic of Wang|Mostly Harmless Alliance|14879|Aqua|Approved|9000000|0|0|9/15/2025 9:19:52 AM|Valyrian Aid|4994121|
69978|Garbunkel|Gravillia|CLAWS|15841|Black|646790|ADEVA|Lyceaum|The Legion|10020|Purple|Approved|9000000|0|0|9/15/2025 9:19:41 AM|Claws 9/100 Tech Deal|4994120|
638157|Karifire|Hogsmead|Doom Squad|16454|Black|95044|Allnighte|Allnighteica|Doom Squad|16454|Black|Approved|0|100|0|9/15/2025 9:19:38 AM|Financial Assistance|4994119|
638157|Karifire|Hogsmead|Doom Squad|16454|Black|622221|cobwebbyarc6|Dasein|Doom Squad|16454|Black|Approved|0|100|0|9/15/2025 9:19:20 AM|Financial Assistance|4994118|
638157|Karifire|Hogsmead|Doom Squad|16454|Black|99344|lunar146|Dreadnaught|Doom Squad|16454|Black|Approved|0|100|0|9/15/2025 9:19:06 AM|Financial Assistance|4994117|
396041|Joseph Black|Rural Route 3|Freehold of The Wolves|15157|White|100236|Wolfprince|Azaroth|Freehold of The Wolves|15157|White|Pending|0|100|0|9/15/2025 9:13:27 AM|Financial Assistance|4994116|
396041|Joseph Black|Rural Route 3|Freehold of The Wolves|15157|White|8515|Turetel|Turetel|Freehold of The Wolves|15157|White|Approved|0|100|0|9/15/2025 9:13:13 AM|Financial Assistance|4994115|
396041|Joseph Black|Rural Route 3|Freehold of The Wolves|15157|White|535013|Deadwartin|Republic of SOS|Freehold of The Wolves|15157|White|Approved|9000000|0|0|9/15/2025 9:12:59 AM|Financial Assistance|4994114|
545096|Mumzilla|Hulkville|The Dark Templar|10056|Black|639937|The Evilest Eye|NeoNeftyaniki|The Dark Templar|10056|Black|Approved|9000000|0|0|9/15/2025 9:12:09 AM|Financial Assistance|4994113|
528479|paul711|Paulinca|Non Grata|10097|Maroon|645844|Dario the Great|Darioland|Non Grata|10097|Maroon|Approved|9000000|0|0|9/15/2025 9:11:06 AM|Financial Assistance|4994112|
642107|xUnwanteDx|xNazaricKx|New Pacific Order|10000|Red|234918|LordOfTheLand|APIGP|New Pacific Order|10000|Red|Pending|0|100|0|9/15/2025 9:07:26 AM|QT Tech|4994111|
639282|Agaton Sax|Asmodean|COBRA|13717|Brown|170471|Smurthwaite|Smurthwaite|Nuclear Proliferation League|17228|Aqua|Approved|0|100|0|9/15/2025 9:04:37 AM|Financial Assistance|4994110|
369840|Astron|Svedala|NATO|10037|Blue|646548|mass781|Mass781|Christian Coalition Of Countries|10028|Maroon|Approved|9000000|0|0|9/15/2025 9:01:24 AM|Valyrian Aid|4994109|
369840|Astron|Svedala|NATO|10037|Blue|556496|rheebrosinc|SwagJuice|Christian Coalition Of Countries|10028|Maroon|Approved|9000000|0|0|9/15/2025 9:01:10 AM|Valyrian Aid|4994108|
369840|Astron|Svedala|NATO|10037|Blue|137753|The Doogan|Republic of Wang|Mostly Harmless Alliance|14879|Aqua|Approved|9000000|0|0|9/15/2025 9:00:52 AM|Valyrian Aid|4994107|
535786|ThE K9|09Charger|Global Alliance And Treaty Organization|10003|Brown|601747|Michael Dalton|Attarnia|Global Alliance And Treaty Organization|10003|Brown|Approved|0|100|0|9/15/2025 8:51:03 AM|Financial Assistance|4994106|
646762|Kevlar|Sasquatch|Global Alliance And Treaty Organization|10003|Brown|580044|Sir Kiloist|Tiocfaidh ar la|Global Alliance And Treaty Organization|10003|Brown|Pending|0|100|0|9/15/2025 8:45:25 AM|Sweet squatch tech|4994105|
644508|texwarhawk|Fjord Republic|The Legion|10020|Purple|288372|king qaz|my own little workd|The Legion|10020|Purple|Approved|0|100|0|9/15/2025 8:35:48 AM|Financial Assistance|4994104|
644508|texwarhawk|Fjord Republic|The Legion|10020|Purple|197161|Juleandor|Kleptoville|The Legion|10020|Purple|Approved|0|100|0|9/15/2025 8:35:40 AM|Financial Assistance|4994103|
299962|dev0win|1nfinity Otriad|Christian Coalition Of Countries|10028|Blue|556496|rheebrosinc|SwagJuice|Christian Coalition Of Countries|10028|Maroon|Approved|9000000|0|0|9/15/2025 8:34:50 AM|Valyrian Aid|4994102|
299962|dev0win|1nfinity Otriad|Christian Coalition Of Countries|10028|Blue|137753|The Doogan|Republic of Wang|Mostly Harmless Alliance|14879|Aqua|Approved|9000000|0|0|9/15/2025 8:34:30 AM|Valyrian Aid|4994101|
643474|Thilsh|Ibvralia|Post Grunge Supergroup|16367|Brown|632434|Stineamania|Nowitme|Post Grunge Supergroup|16367|Brown|Approved|0|100|0|9/15/2025 8:26:51 AM|Financial Assistance|4994100|
14735|jsims8|DeKalb|Global Alliance and Treaty Organization|10003|Brown|646195|Ebaggerisintown|Tinneas Cinn|Global Alliance And Treaty Organization|10003|Brown|Approved|9000000|0|0|9/15/2025 8:06:47 AM|Financial Assistance|4994099|
646764|Reverend Edo|Outopostan|Global Alliance And Treaty Organization|10003|Brown|394625|Empress Elizabeth|DeWitt|Global Alliance And Treaty Organization|10003|Brown|Approved|0|100|0|9/15/2025 8:06:36 AM|Financial Assistance|4994098|
14735|jsims8|DeKalb|Global Alliance and Treaty Organization|10003|Brown|646815|godtoh1|hotdogal|Global Alliance And Treaty Organization|10003|Brown|Approved|9000000|0|0|9/15/2025 8:05:55 AM|free $|4994097|
260612|Qazzian|Qaziakstan|New Pacific Order|10000|Red|644646|Naturschuetzer|Naturumgibt|New Pacific Order|10000|Red|Approved|9000000|0|0|9/15/2025 7:56:20 AM|Bankroll|4994096|
260612|Qazzian|Qaziakstan|New Pacific Order|10000|Red|570155|Thrash04|Ohio Terrority|New Pacific Order|10000|Red|Approved|9000000|0|0|9/15/2025 7:56:15 AM|Bankroll|4994095|
260612|Qazzian|Qaziakstan|New Pacific Order|10000|Red|552125|Mouseman490|The Empire of Klein|New Pacific Order|10000|Red|Approved|9000000|0|0|9/15/2025 7:56:11 AM|Bankroll|4994094|
644936|bertcoin|Bertlandia|Knights Of The Round Table|10092|Green|574720|tuhar|pastia|Knights Of The Round Table|10092|Green|Approved|9000000|0|0|9/15/2025 7:48:09 AM|Tech deal?|4994093|
644936|bertcoin|Bertlandia|Knights Of The Round Table|10092|Green|633305|Angel Ray|Tecnia|Knights Of The Round Table|10092|Green|Approved|9000000|0|0|9/15/2025 7:47:32 AM|Tech deal?|4994092|
644936|bertcoin|Bertlandia|Knights Of The Round Table|10092|Green|606786|The Milkmaid|Dun Holm|Knights Of The Round Table|10092|White|Approved|9000000|0|0|9/15/2025 7:46:50 AM|Tech deal?|4994091|
626980|Aspire|AspireFerty|Non Grata|10097|Maroon|538690|CrinkledStraw|The Fierce Crown|Non Grata|10097|Maroon|Approved|9000000|0|0|9/15/2025 7:46:46 AM|Tech Deal|4994090|
644936|bertcoin|Bertlandia|Knights Of The Round Table|10092|Green|646204|Tunne|minion|Knights Of The Round Table|10092|Green|Pending|6000000|0|0|9/15/2025 7:45:49 AM|Tech deal?|4994089|
443221|Mistral|Nicholas|Post Grunge Supergroup|16367|Brown|646916|SmugglyMcWeed|SmugglyMcWeed|Post Grunge Supergroup|16367|Brown|Approved|6000000|0|0|9/15/2025 7:39:37 AM|6m/100t|4994087|
625634|firingline|TheCastle|The Wolves|16660|Black|645707|The Goddess|Cotyttia|Veneris|17356|White|Approved|9000000|0|0|9/15/2025 7:39:31 AM|Financial Assistance|4994086|
257875|JGolla|Jaytown|New Pacific Order|10000|Red|645082|TowerQueen|Turrim|New Pacific Order|10000|Red|Approved|9000000|0|0|9/15/2025 7:33:16 AM|QT Pay|4994085|
257875|JGolla|Jaytown|New Pacific Order|10000|Red|644646|Naturschuetzer|Naturumgibt|New Pacific Order|10000|Red|Approved|9000000|0|0|9/15/2025 7:33:11 AM|Bankroll|4994084|
257875|JGolla|Jaytown|New Pacific Order|10000|Red|554906|Terekhov|Revenge of Gravity|New Pacific Order|10000|Red|Pending|9000000|0|0|9/15/2025 7:33:07 AM|Bankroll|4994083|
257875|JGolla|Jaytown|New Pacific Order|10000|Red|552125|Mouseman490|The Empire of Klein|New Pacific Order|10000|Red|Approved|9000000|0|0|9/15/2025 7:33:02 AM|Bankroll|4994082|
644454|Mike Oxlong|Dixie Wrecked|Global Alliance And Treaty Organization|10003|Brown|580044|Sir Kiloist|Tiocfaidh ar la|Global Alliance And Treaty Organization|10003|Brown|Pending|0|100|0|9/15/2025 7:27:40 AM|Financial Assistance|4994081|
53832|Starcraftmazter|DPRK|The Dark Templar|10056|Black|637471|Branjawn|United Bishops|Post Grunge Supergroup|16367|Brown|Pending|9000000|0|0|9/15/2025 7:26:14 AM|tech deal|4994080|
53832|Starcraftmazter|DPRK|The Dark Templar|10056|Black|529025|Chllama|Renton|Post Grunge Supergroup|16367|Brown|Approved|9000000|0|0|9/15/2025 7:25:49 AM|tech deal|4994079|
53832|Starcraftmazter|DPRK|The Dark Templar|10056|Black|627412|Jason Radix|Radix|The Dark Templar|10056|Black|Approved|9000000|0|0|9/15/2025 7:25:20 AM|tech deal|4994078|
365705|rileyaddaff|legalized|Doom Squad|16454|Black|622221|cobwebbyarc6|Dasein|Doom Squad|16454|Black|Approved|0|100|0|9/15/2025 6:44:42 AM|Financial Assistance|4994077|
365705|rileyaddaff|legalized|Doom Squad|16454|Black|99344|lunar146|Dreadnaught|Doom Squad|16454|Black|Approved|3|100|7|9/15/2025 6:44:24 AM|Financial Assistance|4994076|
365705|rileyaddaff|legalized|Doom Squad|16454|Black|240223|White Chocolate|Lander Clan|CLAWS|15841|Black|Approved|10|100|0|9/15/2025 6:43:54 AM|Financial Assistance|4994075|
365705|rileyaddaff|legalized|Doom Squad|16454|Black|520285|Banned|Lacedaemon|DOOMBIRD DOOMCAVE|10449|Black|Approved|1|100|2|9/15/2025 6:43:25 AM|Financial Assistance|4994074|
365705|rileyaddaff|legalized|Doom Squad|16454|Black|567720|Cosmic Chocolate|Soaring Eagle|Doombrella|17368|Black|Approved|0|100|1|9/15/2025 6:42:51 AM|Financial Assistance|4994073|
365705|rileyaddaff|legalized|Doom Squad|16454|Black|410812|Berbers|Kingdom of AlRezana|The Wolves|16660|Black|Approved|0|100|0|9/15/2025 6:42:20 AM|Financial Assistance|4994072|
603950|Michael Locke|Baltorussia|Global Alliance And Treaty Organization|10003|Brown|83518|Johnny Apocalypse|Anubia|Global Alliance And Treaty Organization|10003|Brown|Approved|0|100|0|9/15/2025 6:38:08 AM|Financial Assistance|4994071|
24905|Arminius|Festung Germania|Old Guard|11296|Blue|638158|TheBlob|Space Jelly|Knights Of The Round Table|10092|Red|Approved|9000000|0|0|9/15/2025 6:27:27 AM|Financial Assistance|4994070|
341158|Eumirbago|World Wide Web|Doom Squad|16454|Black|61657|Umar ibn Abd al-Aziz|Umayyad Caliphate|DOOMBIRD DOOMCAVE|10449|Black|Approved|0|100|0|9/15/2025 6:24:11 AM|Phat $tax|4994069|
634963|Trout87|Birchy Head|Post Grunge Supergroup|16367|Black|643474|Thilsh|Ibvralia|Post Grunge Supergroup|16367|Brown|Approved|9000000|0|0|9/15/2025 6:24:09 AM|Financial Assistance|4994068|
341158|Eumirbago|World Wide Web|Doom Squad|16454|Black|364329|Donnie Darko|DarkoLand|Doom Squad|16454|Black|Approved|0|100|0|9/15/2025 6:23:59 AM|Phat $tax|4994067|
341158|Eumirbago|World Wide Web|Doom Squad|16454|Black|416695|pmacdaddy|Sanctuary|DOOMBIRD DOOMCAVE|10449|Black|Approved|0|100|0|9/15/2025 6:23:47 AM|Phat $tax|4994066|
581999|Johnny Mac|Big Brother 17|CLAWS|15841|Black|287231|Bolivar|Bolivar|Libertarian Socialist Federation|10027|Brown|Approved|9000000|0|0|9/15/2025 6:23:40 AM|$9 mil for 100 tech|4994065|
341158|Eumirbago|World Wide Web|Doom Squad|16454|Black|96568|Dagny Taggart|Galtian Commune|DOOMBIRD DOOMCAVE|10449|Black|Approved|0|100|0|9/15/2025 6:23:35 AM|Phat $tax|4994064|
341158|Eumirbago|World Wide Web|Doom Squad|16454|Black|342957|tayloj7|Rabbitopia|Doombrella|17368|Black|Approved|0|100|0|9/15/2025 6:23:21 AM|Phat $tax|4994063|
341158|Eumirbago|World Wide Web|Doom Squad|16454|Black|520285|Banned|Lacedaemon|DOOMBIRD DOOMCAVE|10449|Black|Approved|0|100|0|9/15/2025 6:23:11 AM|Phat $tax|4994062|
384577|wayoik|SunOase|Knights Of The Round Table|10092|Green|641418|The Gingerbread Man|The edge of a wood|Knights Of The Round Table|10092|Green|Approved|9000000|0|0|9/15/2025 6:21:00 AM|tech deal?|4994061|
646462|Stupid Sliver|Tuckvania|Doom Squad|16454|Black|634169|Cadlore|OId Lore|CLAWS|15841|Black|Approved|0|100|0|9/15/2025 6:19:24 AM|Financial Assistance|4994060|
646462|Stupid Sliver|Tuckvania|Doom Squad|16454|Black|567720|Cosmic Chocolate|Soaring Eagle|Doombrella|17368|Black|Approved|0|100|0|9/15/2025 6:18:50 AM|Financial Assistance|4994059|
646462|Stupid Sliver|Tuckvania|Doom Squad|16454|Black|466941|Komplex|Despair|DOOMBIRD DOOMCAVE|10449|Black|Approved|0|100|0|9/15/2025 6:18:35 AM|Financial Assistance|4994058|
646462|Stupid Sliver|Tuckvania|Doom Squad|16454|Black|642141|Crusadan|Doimestea|The Dark Templar|10056|Black|Approved|0|100|0|9/15/2025 6:18:21 AM|Financial Assistance|4994057|
645268|fucho|fucho|Veneris|17356|White|581999|Johnny Mac|Big Brother 17|CLAWS|15841|Black|Approved|0|100|0|9/15/2025 6:14:50 AM|Tech deal|4994056|
638|mikharr123|Sirrahistan|New Polar Order|10006|Blue|120390|Imperator Azenquor|Vaule|New Polar Order|10006|Blue|Approved|0|100|0|9/15/2025 6:12:50 AM| ICECAP Tech|4994055|
638|mikharr123|Sirrahistan|New Polar Order|10006|Blue|516493|The dutch Dragonborn|The Dutch Dragonborn|New Polar Order|10006|Blue|Approved|0|100|0|9/15/2025 6:12:13 AM|ICECAP Tech|4994054|
447303|Terminator|USSROK|CLAWS|15841|Aqua|637264|RiddervanGelre|Nieuw Gelre|CLAWS|15841|Black|Approved|9000000|0|0|9/15/2025 6:10:49 AM|Financial Assistance|4994053|
638|mikharr123|Sirrahistan|New Polar Order|10006|Blue|602798|Tharu|Thunnalai|New Polar Order|10006|Blue|Approved|9000000|0|0|9/15/2025 6:09:54 AM|Polar Express|4994052|
638|mikharr123|Sirrahistan|New Polar Order|10006|Blue|605765|Darth Actorbass|Tarmon Gaidon|New Polar Order|10006|Blue|Approved|9000000|0|0|9/15/2025 6:09:35 AM|War is looming! See Forum|4994051|
638|mikharr123|Sirrahistan|New Polar Order|10006|Blue|640161|ToiletGaming3000|Good Game|New Polar Order|10006|Blue|Pending|9000000|0|0|9/15/2025 6:08:56 AM|Military Wonder Funding|4994050|
638|mikharr123|Sirrahistan|New Polar Order|10006|Blue|641765|Chandragupta Maurya|Maurya Dynasty|New Polar Order|10006|Blue|Approved|9000000|0|0|9/15/2025 6:08:34 AM| ICECAP Cash|4994049|
35448|Randle|Cheesia|Global Alliance and Treaty Organization|10003|Brown|646409|Kingdjthadestroyer|King Dj|Global Alliance And Treaty Organization|10003|Brown|Approved|9000000|0|0|9/15/2025 6:05:09 AM|Financial Assistance|4994048|
646548|mass781|Mass781|Christian Coalition Of Countries|10028|Maroon|647442|Zuniga|BioEmpire|Christian Coalition Of Countries|10028|Maroon|Approved|6000000|0|0|9/15/2025 5:59:15 AM|Economy Boost Package|4994047|
453391|Rokula|Paraiso|New Pacific Order|10000|Red|207736|maxpower316|Lunatic Pandora|New Pacific Order|10000|Red|Approved|9000000|0|0|9/15/2025 5:46:43 AM|Bankroll|4994046|
453391|Rokula|Paraiso|New Pacific Order|10000|Red|646098|Brutus5149|Legio Lupi|New Pacific Order|10000|Red|Approved|9000000|0|0|9/15/2025 5:46:34 AM|Miraculum|4994045|
642148|Exod IV|Ummah AlMuwahhidah|Doom Squad|16454|Black|606462|Iamjust0ne|Senstown|Doom Squad|16454|Black|Approved|0|100|0|9/15/2025 5:23:31 AM|Financial Assistance|4994044|
642148|Exod IV|Ummah AlMuwahhidah|Doom Squad|16454|Black|99344|lunar146|Dreadnaught|Doom Squad|16454|Black|Approved|0|100|0|9/15/2025 5:23:23 AM|Financial Assistance|4994043|
642148|Exod IV|Ummah AlMuwahhidah|Doom Squad|16454|Black|95044|Allnighte|Allnighteica|Doom Squad|16454|Black|Approved|0|10|0|9/15/2025 5:23:12 AM|Financial Assistance|4994042|
642148|Exod IV|Ummah AlMuwahhidah|Doom Squad|16454|Black|615966|tehol|Lether|Doom Squad|16454|Black|Approved|0|100|0|9/15/2025 5:22:53 AM|Financial Assistance|4994041|
642148|Exod IV|Ummah AlMuwahhidah|Doom Squad|16454|Black|410812|Berbers|Kingdom of AlRezana|The Wolves|16660|Black|Approved|0|100|0|9/15/2025 5:22:43 AM|Financial Assistance|4994040|
642148|Exod IV|Ummah AlMuwahhidah|Doom Squad|16454|Black|466941|Komplex|Despair|DOOMBIRD DOOMCAVE|10449|Black|Approved|0|100|0|9/15/2025 5:22:32 AM|Financial Assistance|4994039|
632435|Lordsmallballs|Acadian States|Post Grunge Supergroup|16367|Brown|627177|SupaSural|Suraltopia|Post Grunge Supergroup|16367|Brown|Approved|9000000|0|0|9/15/2025 5:14:08 AM|9 mil / 100 tech|4994038|
638628|Hogboy|Maeshowe|Knights Of The Round Table|10092|Green|186805|Grendel|Beowulf|Knights Of The Round Table|10092|Green|Approved|0|100|0|9/15/2025 5:00:12 AM|A favor is returned|4994037|
91088|Dragster|winukka|Nordreich|11319|Maroon|91872|PuliSher|Kerj&#228;l&#228;|Non Grata|10097|Maroon|Approved|9000000|0|0|9/15/2025 4:51:00 AM|9t|4994036|
643449|Esabbi|Liberation Islands|Post Grunge Supergroup|16367|Brown|53832|Starcraftmazter|DPRK|The Dark Templar|10056|Black|Approved|0|100|0|9/15/2025 4:38:14 AM|Tech deal 100t/9m|4994035|
106268|cable77|Tau ri|Fark|10002|Aqua|643887|SilenttShadow27|Temnota|NATO|10037|Blue|Approved|9000000|0|0|9/15/2025 4:35:15 AM|VEP|4994034|
136993|Hotti|Kiosk|Non Grata|10097|Maroon|40650|kerschbs|indica|Non Grata|10097|Maroon|Approved|0|100|0|9/15/2025 4:28:37 AM|Financial Assistance|4994033|
646916|SmugglyMcWeed|SmugglyMcWeed|Post Grunge Supergroup|16367|Brown|36287|SirWilliam|Blissfields|Post Grunge Supergroup|16367|Brown|Approved|0|100|0|9/15/2025 4:26:11 AM|Financial Assistance|4994032|
449283|Sir Benevale|Orangewall|Knights of the Round Table|10092|Green|626421|JesusCrocs|Isla Guahan|Knights Of The Round Table|10092|Green|Pending|6000000|0|0|9/15/2025 4:25:24 AM|Techno $6M/100T|4994031|
101986|windir|Technology|Global Alliance and Treaty Organization|10003|Brown|139990|BacTalan|NorseTurks|Global Alliance And Treaty Organization|10003|Brown|Approved|0|100|0|9/15/2025 4:18:38 AM|Tech deal 1/3|4994030|
637646|Anarch Nexus|Aevum Providence|Christian Coalition Of Countries|10028|Maroon|18236|javaswiller|swillerland|Freehold of The Wolves|15157|White|Approved|0|100|0|9/15/2025 4:06:18 AM|VEP|4994028|
637646|Anarch Nexus|Aevum Providence|Christian Coalition Of Countries|10028|Maroon|39465|King Tom|king Tom|NATO|10037|Blue|Pending|0|100|0|9/15/2025 4:05:53 AM|VEP|4994027|
637646|Anarch Nexus|Aevum Providence|Christian Coalition Of Countries|10028|Maroon|283424|Dropo7777|DelOrto|NATO|10037|Blue|Approved|0|100|0|9/15/2025 4:05:39 AM|VEP|4994026|
637646|Anarch Nexus|Aevum Providence|Christian Coalition Of Countries|10028|Maroon|414519|markpalm1|vacous|Freehold of The Wolves|15157|White|Approved|0|100|0|9/15/2025 4:05:26 AM|VEP|4994025|
637646|Anarch Nexus|Aevum Providence|Christian Coalition Of Countries|10028|Maroon|359275|Jesusfreak|El Dorado|Christian Coalition of Countries|10028|Maroon|Approved|0|100|0|9/15/2025 4:04:51 AM|VEP|4994024|
639275|Giultyspark|Arborija|Post Grunge Supergroup|16367|Brown|257186|Southern Comfort|Wild Wild West|Knights Of The Round Table|10092|Green|Approved|0|100|0|9/15/2025 3:45:00 AM|Financial Assistance|4994023|
639275|Giultyspark|Arborija|Post Grunge Supergroup|16367|Brown|504045|Agravain Cardif|Dures Mains|Knights Of The Round Table|10092|Green|Approved|0|100|0|9/15/2025 3:44:52 AM|Financial Assistance|4994022|
143998|planetary|planetarium|CLAWS|15841|Black|624103|Wolf Man|Nuke Inc|CLAWS|15841|Black|Approved|0|100|0|9/15/2025 3:39:00 AM|techs|4994021|
141583|jerdge|Gaela|Green Protection Agency|10041|Green|23377|Pippedy|Lauran|Green Protection Agency|10041|Green|Approved|9000000|0|0|9/15/2025 3:01:24 AM|Forever Aid|4994020|
629384|Cruspad the Younger|Cittagazze|CLAWS|15841|Black|187838|morrisons|scollotto|CLAWS|15841|Black|Approved|0|100|0|9/15/2025 2:54:59 AM|Your Tech.|4994019|
641533|Haamu|Sampo|WWF|14310|Blue|342332|Hellhound|MythDranor|WWF|14310|Green|Approved|0|100|0|9/15/2025 2:50:56 AM|Financial Assistance|4994018|
641533|Haamu|Sampo|WWF|14310|Blue|380432|dimaradona|Piedra Negra|Green Protection Agency|10041|Green|Approved|0|100|0|9/15/2025 2:50:43 AM|Financial Assistance|4994017|
570802|IlDuce|ItaliaSS|CLAWS|15841|Black|632798|KYBALION|HVITIRDREKAR|Knights Of The Round Table|10092|Green|Approved|0|100|0|9/15/2025 2:35:36 AM|deal|4994016|
457345|Taiki11|Taiki Land|Non Grata|10097|Maroon|418916|HeroofTime55|New XGA|Non Grata|10097|Maroon|Approved|0|100|0|9/15/2025 2:15:24 AM|Financial Assistance|4994015|
634448|Stewie|Stewieland III|Non Grata|10097|Maroon|624193|The1nonlykk|Biourja|Non Grata|10097|Maroon|Approved|9000000|0|0|9/15/2025 2:05:56 AM|Financial Assistance|4994014|
101765|KevinH|Establishmentism|Independent Republic of Orange Nations|10004|Orange|568080|Krammer|Copl Punishment|Independent Republic Of Orange Nations|10004|Orange|Approved|9000000|100|4000|9/15/2025 1:17:27 AM|Giddy up|4994013|
647413|Dominus Antarctis|Sancta Antarctica|Veneris|17356|White|263220|Gambona|Gambona|CLAWS|15841|Black|Pending|0|100|0|9/15/2025 1:10:01 AM|Financial Assistance|4994012|
647413|Dominus Antarctis|Sancta Antarctica|Veneris|17356|White|115556|Chuck Normis|Kickastan|Coalition of Royal Allied Powers|10051|Maroon|Approved|0|100|0|9/15/2025 1:09:50 AM|Financial Assistance|4994011|
583468|Qldvespanut|Mr Ben|Mostly Harmless Alliance|14879|Aqua|25527|Flembosh|Randall|Mostly Harmless Alliance|14879|Aqua|Approved|9000000|0|0|9/15/2025 12:57:48 AM|9/100|4994010|
604229|St Mungo|Glasgow|Knights Of The Round Table|10092|Green|425240|Aqua Archon|Aquamark|Knights Of The Round Table|10092|Aqua|Approved|0|100|0|9/15/2025 12:56:20 AM|Your Tech|4994009|
632798|KYBALION|HVITIRDREKAR|Knights Of The Round Table|10092|Green|626421|JesusCrocs|Isla Guahan|Knights Of The Round Table|10092|Green|Pending|6000000|0|0|9/15/2025 12:52:11 AM|Tech request |4994008|
632798|KYBALION|HVITIRDREKAR|Knights Of The Round Table|10092|Green|647271|Overlord121|Velmorra|Knights Of The Round Table|10092|Green|Approved|6000000|0|0|9/15/2025 12:51:34 AM|Tech Calling ;-)|4994007|
637489|Osirispuprex|Osirispuprex|Post Grunge Supergroup|16367|Brown|419811|Duke Mark|Old Missouri|Knights Of The Round Table|10092|Green|Approved|0|100|0|9/15/2025 12:46:51 AM|Financial Assistance|4994006|
33116|+Zeke+|Iron Heart|The Dark Templar|10056|Black|50145|makarraka|MAKARRALAND|The Dark Templar|10056|Black|Approved|9000000|0|0|9/15/2025 12:28:34 AM|DT Aids Program|4994005|
574720|tuhar|pastia|Knights Of The Round Table|10092|Green|425240|Aqua Archon|Aquamark|Knights Of The Round Table|10092|Aqua|Approved|0|100|0|9/15/2025 12:23:43 AM|Tech deal |4994004|
143364|Inkblot|Poverty|Sparta|10008|Black|119735|smusmu|Smustra|Sparta|10008|Black|Approved|0|100|0|9/15/2025 12:15:28 AM|Financial Assistance|4994003|
645234|HARP THE GREAT|NICOLAMIA|Veneris|17356|White|638824|Marlin Loriya|Karlskrona|Veneris|17356|White|Approved|6000000|0|0|9/15/2025 12:05:42 AM|Tech deal 100 per 6m|4994002|
546488|levothy|mycybernation|Knights Of The Round Table|10092|Green|504045|Agravain Cardif|Dures Mains|Knights Of The Round Table|10092|Green|Approved|0|100|0|9/15/2025 12:04:24 AM|Godwin tech paid by KoRT|4994001|
642970|Rhett Kahn|Retconia|New Pacific Order|10000|Red|581758|Tiberius|Nuke Town|New Pacific Order|10000|Red|Approved|0|100|0|9/14/2025 11:12:23 PM|QT Tech|4994000|
642970|Rhett Kahn|Retconia|New Pacific Order|10000|Red|167235|ORCACommander|Hiigaran Federation|New Pacific Order|10000|Red|Approved|0|100|0|9/14/2025 11:12:17 PM|QT Tech|4993999|
642970|Rhett Kahn|Retconia|New Pacific Order|10000|Red|448981|Knight|Alliance of Knights|New Pacific Order|10000|Red|Approved|0|100|0|9/14/2025 11:12:11 PM|QT Tech|4993998|
326273|Red Rebel|Pi Lambda Phi|Madlads Union|17130|Brown|643449|Esabbi|Liberation Islands|Post Grunge Supergroup|16367|Brown|Approved|9000000|0|0|9/14/2025 11:09:39 PM|Tech Deal 9m/100t|4993997|
484851|enderland|Fields of Elysium|Doombrella|17368|Black|647502|twitchanswers|Twitch|Doombrella|17368|Black|Approved|6000000|0|0|9/14/2025 10:48:50 PM|aids|4993996|
181640|medic32|Ecateca|New Polar Order|10006|Blue|481947|Morgaine|Cruithne|New Polar Order|10006|Blue|Approved|9000000|0|0|9/14/2025 10:23:35 PM|ICECAP cash|4993995|
247134|ShadowChaos|ShadowChaos|COBRA|13717|Maroon|644206|RubyGloom|Big Scania|COBRA|13717|Green|Pending|6000000|0|0|9/14/2025 10:22:39 PM|Tech Deal - 6M/100T|4993994|
640557|CrixKringle|Paragonia|Viridian Entente|10010|Green|491885|Chuck Jongil|Soylent Greenland|Viridian Entente|10010|Green|Approved|0|100|0|9/14/2025 9:55:18 PM|Tech Deal (1 of 2)|4993993|
261397|Rampage3|United Liberocracy|Nuclear Proliferation League|17228|Aqua|647405|Victorboss|Victorcon|Nuclear Proliferation League|17228|White|Approved|6000000|0|0|9/14/2025 9:41:41 PM|For Wally|4993992|
645427|Clank|Clank|Doombrella|17368|Black|623822|Comrade Marx|GreaterGoonSyndicate|Doombrella|17368|Black|Pending|0|100|0|9/14/2025 9:41:38 PM|Financial Assistance|4993991|
645427|Clank|Clank|Doombrella|17368|Black|503436|StevieG|Dinglebay|Doombrella|17368|Black|Approved|0|100|0|9/14/2025 9:41:17 PM|Financial Assistance|4993990|
645427|Clank|Clank|Doombrella|17368|Black|199494|Bomber66|Baxter|Doombrella|17368|Black|Pending|0|100|0|9/14/2025 9:41:02 PM|Financial Assistance|4993989|
645427|Clank|Clank|Doombrella|17368|Black|66883|Crown Prince Mishka|Tygaland|Doombrella|17368|Black|Approved|0|100|0|9/14/2025 9:40:46 PM|Financial Assistance|4993988|
645427|Clank|Clank|Doombrella|17368|Black|626860|BringMeTheHorizon|Dakotas|Doombrella|17368|Black|Approved|0|100|0|9/14/2025 9:40:31 PM|Financial Assistance|4993987|
645427|Clank|Clank|Doombrella|17368|Black|139809|John Orris|Commonwealth of John|Doombrella|17368|Black|Pending|0|100|0|9/14/2025 9:40:15 PM|Financial Assistance|4993986|
310672|King Wally|Rep of Queensland|Nuclear Proliferation League|17228|Aqua|647395|Jackson72|Betrothed|Nuclear Proliferation League|17228|White|Approved|6000000|100|0|9/14/2025 9:38:25 PM|Keep up the great work!|4993985|
647395|Jackson72|Betrothed|Nuclear Proliferation League|17228|White|425240|Aqua Archon|Aquamark|Knights Of The Round Table|10092|Aqua|Approved|0|100|0|9/14/2025 9:36:43 PM|Financial Assistance|4993984|
627747|bretrun|Togrador|CLAWS|15841|Black|86943|DenverDan|Greater Basin|CLAWS|15841|Black|Approved|0|100|0|9/14/2025 9:27:19 PM|Financial Assistance|4993983|
630971|Jeremiah|CERAVA|Non Grata|10097|Maroon|40650|kerschbs|indica|Non Grata|10097|Maroon|Approved|0|100|0|9/14/2025 9:03:51 PM|Tech Delivery|4993982|
613432|Talbrys|Keltroy|Non Grata|10097|Maroon|626678|slothix|Kevin|Non Grata|10097|Maroon|Pending|9000000|0|0|9/14/2025 9:03:26 PM|9/100|4993981|
613432|Talbrys|Keltroy|Non Grata|10097|Maroon|645946|LiFeng|Qwertyiop|Non Grata|10097|Maroon|Approved|9000000|0|0|9/14/2025 9:01:33 PM|9/100|4993980|
613432|Talbrys|Keltroy|Non Grata|10097|Maroon|12258|Commissar Sendoa|Cataduanes|Non Grata|10097|Maroon|Approved|9000000|0|0|9/14/2025 9:01:20 PM|9/100|4993979|
170124|WackyDan|Wackytopia|Nordreich|11319|Maroon|639833|sogekido|sinetron|Nordreich|11319|Maroon|Approved|9000000|0|0|9/14/2025 8:57:28 PM|9M/100t|4993978|
590806|vocalese|Vocalese|The Imperial Entente|16809|Maroon|327088|spearo|Deep Blue|Non Grata|10097|Maroon|Approved|0|100|0|9/14/2025 8:44:25 PM|Financial Assistance|4993977|
322157|Cartmantoria|Cartmantoria|Orange Defense Network|17435|Orange|423349|Raiser|Inireland|Orange Defense Network|17435|Orange|Approved|6000000|0|0|9/14/2025 8:16:21 PM|6 mil for 200 tech|4993976|
638461|Jerby|Simulacra|Non Grata|10097|Maroon|319843|Sinister|New Terminal|Non Grata|10097|Maroon|Approved|0|100|0|9/14/2025 8:15:43 PM|Financial Assistance|4993975|
381828|InconspicuousBarrel|Kievan Rus|Global Alliance And Treaty Organization|10003|Brown|647277|yesyesnono|Rostovan|Nuclear Proliferation League|17228|Blue|Pending|6000000|0|0|9/14/2025 8:05:53 PM|Tech Deal|4993974|
486033|CobaltBlazer|Cobalt27|United Equestria|10101|Pink|329142|Donada|Hobis|Argent|10063|Pink|Approved|0|100|0|9/14/2025 7:51:01 PM|Financial Assistance|4993973|
486033|CobaltBlazer|Cobalt27|United Equestria|10101|Pink|190647|Kapsyl I|Kapsylonia|AGW Overlords|10043|Black|Approved|0|100|0|9/14/2025 7:50:56 PM|Financial Assistance|4993972|
149038|Kenfolk GTS|Shogoland|The Chaos Brotherhood|10364|Green|647011|Knight del Sol|Esplandian|Veneris|17356|White|Approved|9000000|0|0|9/14/2025 7:18:50 PM|Tech Deal|4993971|
407151|Dre4mwe4ver|Fidensgen|Global Alliance And Treaty Organization|10003|Brown|39430|Kuzuryusen|Jianada|Global Alliance And Treaty Organization|10003|Brown|Approved|0|100|0|9/14/2025 7:06:28 PM|Techalicious|4993970|
606462|Iamjust0ne|Senstown|Doom Squad|16454|Black|645607|vincentchuking|vincent|The Phoenix Federation|17385|Black|Pending|6000000|0|0|9/14/2025 6:49:05 PM|6m for 100 tech?|4993969|
606462|Iamjust0ne|Senstown|Doom Squad|16454|Black|301419|SirTwist|Twistland|The Grand Lodge Of Freemasons|10029|Orange|Pending|9000000|0|0|9/14/2025 6:48:27 PM|Tech deal|4993968|
582992|Troopa|Southland|New Pacific Order|10000|Red|448981|Knight|Alliance of Knights|New Pacific Order|10000|Red|Approved|0|100|0|9/14/2025 6:47:58 PM|QT Tech|4993967|
582992|Troopa|Southland|New Pacific Order|10000|Red|167235|ORCACommander|Hiigaran Federation|New Pacific Order|10000|Red|Pending|0|100|0|9/14/2025 6:47:48 PM|QT Tech|4993966|
582992|Troopa|Southland|New Pacific Order|10000|Red|581758|Tiberius|Nuke Town|New Pacific Order|10000|Red|Pending|0|100|0|9/14/2025 6:47:38 PM|QT Tech|4993965|
582992|Troopa|Southland|New Pacific Order|10000|Red|289177|Blaskowicz|Doomsland|New Pacific Order|10000|Red|Pending|0|100|0|9/14/2025 6:47:27 PM|QT Tech|4993964|
645136|district10VICTOR|Amelo|Global Alliance And Treaty Organization|10003|Brown|38760|Daedalus27|Daedalistan|Global Alliance and Treaty Organization|10003|Brown|Approved|0|100|0|9/14/2025 6:45:03 PM|Financial Assistance|4993963|
646890|HarryJ|Wambulance|Post Grunge Supergroup|16367|Brown|630254|Venoxis|Anartektica|Post Grunge Supergroup|16367|Brown|Approved|0|100|0|9/14/2025 6:34:59 PM|100/100 tech|4993962|
645607|vincentchuking|vincent|The Phoenix Federation|17385|Black|131079|losinglife|SlaveII|CLAWS|15841|Black|Approved|0|100|0|9/14/2025 6:31:25 PM|Financial Assistance|4993961|
314185|Rhizoctonia|Rhizoctonia|Non Grata|10097|Maroon|622072|Tmac73|Norway2|The Dark Templar|10056|Black|Approved|6000000|0|0|9/14/2025 6:28:49 PM|Financial Assistance|4993960|
601747|Michael Dalton|Attarnia|Global Alliance And Treaty Organization|10003|Brown|645136|district10VICTOR|Amelo|Global Alliance And Treaty Organization|10003|Brown|Approved|6000000|0|0|9/14/2025 6:26:26 PM|Regional Aid|4993959|
638884|WideVader|Balkan Union Pact|Interkosmos|16298|Green|607213|Ernak son of Attila|The Huns|The Prussian Empire|14204|Green|Approved|0|100|0|9/14/2025 6:20:22 PM|tech|4993958|
79371|xkirra|Mordlandia|Global Alliance And Treaty Organization|10003|Brown|646764|Reverend Edo|Outopostan|Global Alliance And Treaty Organization|10003|Brown|Approved|9000000|0|0|9/14/2025 5:54:28 PM|Financial Assistance|4993957|
543972|zachart|The Father Land|New Pacific Order|10000|Red|543701|AlphaDio|Landreth|New Pacific Order|10000|Red|Approved|0|100|0|9/14/2025 5:41:32 PM|QT Tech|4993956|
635294|King Afonso|Porto Novo|Wurst Alliance|16919|Green|273509|Enrage|TheEmpire|WWF|14310|Green|Pending|0|100|0|9/14/2025 5:39:46 PM|Tech|4993955|
635294|King Afonso|Porto Novo|Wurst Alliance|16919|Green|518469|Combmartin Mining Co|Combe Martin|Knights of the Round Table|10092|Green|Approved|0|100|0|9/14/2025 5:39:31 PM|Tech|4993954|
635294|King Afonso|Porto Novo|Wurst Alliance|16919|Green|560607|lurkr|Calontir|The Grand Lodge Of Freemasons|10029|Orange|Pending|0|100|0|9/14/2025 5:39:19 PM|Tech|4993953|
637080|Secundum|Uhtceare|Knights Of The Round Table|10092|Green|424757|Round Table|Knights of the Grail|Knights of the Round Table|10092|Green|Approved|0|100|0|9/14/2025 5:32:49 PM|Financial Assistance|4993952|
637080|Secundum|Uhtceare|Knights Of The Round Table|10092|Green|511886|The Sentinel|Ruscino|Knights of the Round Table|10092|Green|Approved|0|100|0|9/14/2025 5:32:43 PM|Financial Assistance|4993951|
404438|Herzog|Black Amber|Sparta|10008|Black|283366|Ronpau17|libertylando|Sparta|10008|Black|Pending|0|100|0|9/14/2025 5:25:28 PM|Financial Assistance|4993950|
633062|SoloRocket|Rocket Republic|Post Grunge Supergroup|16367|Brown|645467|LiefzDel|Greater Czechia|Post Grunge Supergroup|16367|Brown|Approved|9000000|0|0|9/14/2025 5:22:32 PM|tech|4993949|
319343|realpal|REALPAL|Fark|10002|Aqua|558909|InvaderZim1987|Robonia|Fark|10002|Aqua|Pending|9000000|0|0|9/14/2025 5:21:23 PM|9/100|4993948|
319343|realpal|REALPAL|Fark|10002|Aqua|25527|Flembosh|Randall|Mostly Harmless Alliance|14879|Aqua|Approved|9000000|0|0|9/14/2025 5:20:15 PM|900/100|4993947|
603950|Michael Locke|Baltorussia|Global Alliance And Treaty Organization|10003|Brown|529189|Combat Pope|Vaticana|Global Alliance And Treaty Organization|10003|Brown|Approved|0|100|0|9/14/2025 5:13:41 PM|Financial Assistance|4993946|
428668|EViL0nE|Hivestonia|Fark|10002|Aqua|558318|Falcon9|Darkest Chandler|Fark|10002|Aqua|Approved|9000000|0|0|9/14/2025 5:02:59 PM|Financial Assistance|4993945|
12501|onbekende|Kapellen|Independent Republic of Orange Nations|10004|Orange|586516|W1Ck3d|Aberdonia|Independent Republic Of Orange Nations|10004|Orange|Pending|0|100|0|9/14/2025 5:02:23 PM|ITF|4993944|
12501|onbekende|Kapellen|Independent Republic of Orange Nations|10004|Orange|260342|abcdefg|Alphabets|Independent Republic Of Orange Nations|10004|Aqua|Approved|0|100|0|9/14/2025 5:02:07 PM|ITF|4993943|
12501|onbekende|Kapellen|Independent Republic of Orange Nations|10004|Orange|207900|Queltocz|Quelto|Independent Republic Of Orange Nations|10004|Orange|Pending|0|100|0|9/14/2025 5:01:57 PM|ITF|4993942|
12501|onbekende|Kapellen|Independent Republic of Orange Nations|10004|Orange|87890|Formanj|Norvegs Trøndelag|Independent Republic of Orange Nations|10004|Orange|Approved|0|100|0|9/14/2025 5:01:43 PM|ITF|4993941|
12501|onbekende|Kapellen|Independent Republic of Orange Nations|10004|Orange|616887|Dontavian|Karnax|Independent Republic Of Orange Nations|10004|Orange|Approved|0|100|0|9/14/2025 5:01:29 PM|ITF|4993940|
273509|Enrage|TheEmpire|WWF|14310|Green|635658|Chaotican|United CroatiaUC|Wurst Alliance|16919|Green|Pending|9000000|0|0|9/14/2025 4:54:19 PM|tech deal |4993939|
115556|Chuck Normis|Kickastan|Coalition of Royal Allied Powers|10051|Maroon|49522|Croix|Edjaal|Random Insanity Alliance|10038|Maroon|Approved|9000000|0|0|9/14/2025 4:49:20 PM|Tech Deal 9m/100T |4993938|
645768|Sitthemdown|Emperor Protects|Doombrella|17368|Black|502087|Astryl|Ethereal|Doombrella|17368|Black|Approved|0|100|0|9/14/2025 4:47:33 PM|Financial Assistance|4993937|
645768|Sitthemdown|Emperor Protects|Doombrella|17368|Black|184514|Franz Ferdinand|L252beck|Doombrella|17368|Black|Approved|0|100|0|9/14/2025 4:47:06 PM|Financial Assistance|4993936|
446109|VVhite Majik|VS0P United|Doombrella|17368|Black|66883|Crown Prince Mishka|Tygaland|Doombrella|17368|Black|Approved|0|100|0|9/14/2025 4:37:35 PM|Financial Assistance|4993935|
446109|VVhite Majik|VS0P United|Doombrella|17368|Black|202255|onelove|We Are One Love|Doombrella|17368|Black|Approved|9000000|100|0|9/14/2025 4:37:23 PM|Financial Assistance|4993934|
141175|Kaiser Willis|Kryton|Freehold of The Wolves|15157|White|624889|Dogeisagod|Dogelands|Freehold of The Wolves|15157|White|Approved|9000000|0|0|9/14/2025 4:32:40 PM|Have fun!|4993933|
141175|Kaiser Willis|Kryton|Freehold of The Wolves|15157|White|600118|Habs Nation|Feel the Bern|Freehold of The Wolves|15157|White|Approved|9000000|0|0|9/14/2025 4:32:25 PM|Have fun!|4993932|
141175|Kaiser Willis|Kryton|Freehold of The Wolves|15157|White|134794|Tasker74|Thebigharbour|Freehold of The Wolves|15157|White|Approved|9000000|0|0|9/14/2025 4:32:11 PM|Have fun!|4993931|
141175|Kaiser Willis|Kryton|Freehold of The Wolves|15157|White|535013|Deadwartin|Republic of SOS|Freehold of The Wolves|15157|White|Approved|9000000|0|0|9/14/2025 4:31:01 PM|Have fun!|4993930|
645870|Maximilian von Adler|Preussisches Kaiserr|NATO|10037|Blue|338643|Conundrum|Wallabyville|Federation of Armed Nations|10021|Yellow|Approved|0|100|0|9/14/2025 4:25:35 PM|VEP|4993929|
635131|Thandrumland|Thandrumland|Independent Republic Of Orange Nations|10004|Orange|575517|asrdragon|freudesch|Independent Republic Of Orange Nations|10004|Orange|Approved|0|100|0|9/14/2025 4:21:35 PM|ITF|4993928|
635131|Thandrumland|Thandrumland|Independent Republic Of Orange Nations|10004|Orange|260342|abcdefg|Alphabets|Independent Republic Of Orange Nations|10004|Aqua|Approved|0|100|0|9/14/2025 4:20:51 PM|ITF|4993927|
9093|Hannibal Vess|Mimetica|Old Guard|11296|Blue|626630|BillyAnderson|Andersonia|NATO|10037|Blue|Approved|6000000|0|0|9/14/2025 4:20:28 PM|Valyrian Aid|4993926|
10287|Moriarty|Formosa|Knights Of The Round Table|10092|Green|604229|St Mungo|Glasgow|Knights Of The Round Table|10092|Green|Approved|9000000|0|0|9/14/2025 4:20:27 PM|Tech Deal|4993925|
10287|Moriarty|Formosa|Knights Of The Round Table|10092|Green|627722|Mustard Pougy|Frog Flats|Knights Of The Round Table|10092|Green|Approved|9000000|0|0|9/14/2025 4:20:08 PM|Tech Deal|4993924|
10287|Moriarty|Formosa|Knights Of The Round Table|10092|Green|641418|The Gingerbread Man|The edge of a wood|Knights Of The Round Table|10092|Green|Approved|9000000|0|0|9/14/2025 4:19:50 PM|Tech Deal|4993923|
639953|Mihail the Just|Republic of Onivlac|New Polar Order|10006|Blue|234369|EaTeMuP|EatemVille|Non Grata|10097|Blue|Approved|0|100|0|9/14/2025 4:15:15 PM|ICECAP Tech|4993922|
639953|Mihail the Just|Republic of Onivlac|New Polar Order|10006|Blue|466880|Pesticide|Vermin|New Polar Order|10006|Blue|Pending|0|100|0|9/14/2025 4:14:38 PM|ICECAP Tech|4993921|
626587|Iogaro12|Iberia del Norte|Freehold of The Wolves|15157|White|217577|MontyKo|Tuborg|Freehold of The Wolves|15157|White|Approved|0|100|0|9/14/2025 4:10:48 PM|Valyrian Aid|4993920|
626587|Iogaro12|Iberia del Norte|Freehold of The Wolves|15157|White|592036|LordSanix|Citroto|Freehold of The Wolves|15157|White|Approved|0|100|0|9/14/2025 4:10:29 PM|Valyrian Aid|4993919|
626587|Iogaro12|Iberia del Norte|Freehold of The Wolves|15157|White|414519|markpalm1|vacous|Freehold of The Wolves|15157|White|Approved|0|100|0|9/14/2025 4:10:21 PM|Valyrian Aid|4993918|
647200|InsiderThreat|The Silent Proxy|Non Grata|10097|Maroon|254775|Bionic redhead|Bionicus|Non Grata|10097|Aqua|Approved|0|100|0|9/14/2025 3:55:07 PM|Tech deal|4993917|
474413|The R00STER|Republic of Ibonn|The Dark Templar|10056|Black|639416|Addisonjam|Additomia|The Dark Templar|10056|Black|Approved|9000000|0|0|9/14/2025 3:53:08 PM|Financial Assistance|4993916|
474413|The R00STER|Republic of Ibonn|The Dark Templar|10056|Black|627412|Jason Radix|Radix|The Dark Templar|10056|Black|Approved|9000000|0|0|9/14/2025 3:52:51 PM|Financial Assistance|4993915|
474413|The R00STER|Republic of Ibonn|The Dark Templar|10056|Black|645347|Randomnameguy|New England INC|Post Grunge Supergroup|16367|Brown|Approved|9000000|0|0|9/14/2025 3:52:35 PM|Financial Assistance|4993914|
484657|Augustus Caesar|South Holland|Non Grata|10097|Maroon|630971|Jeremiah|CERAVA|Non Grata|10097|Maroon|Approved|9000000|0|0|9/14/2025 3:47:33 PM|Financial Assistance|4993913|
644206|RubyGloom|Big Scania|COBRA|13717|Green|463046|Commander Asaiki Tam|Tora Tora|COBRA|13717|Maroon|Pending|0|100|0|9/14/2025 3:45:56 PM|Financial Assistance|4993912|
645984|keyman|Bonland|Nuclear Proliferation League|17228|Aqua|452727|Avakael|Klaus Devestatorie|Nuclear Proliferation League|17228|Brown|Approved|0|100|0|9/14/2025 3:11:57 PM|Financial Assistance|4993911|
441760|jacka|north 40|The Legion|10020|Purple|638311|FightingSioux405|New Whitehall|The Legion|10020|Purple|Approved|0|100|0|9/14/2025 3:10:18 PM|Financial Assistance|4993910|
72766|Gofastleft|Racesteria|Non Grata|10097|Maroon|623644|Van Hoo X|Hoovokia|Non Grata|10097|White|Approved|9000000|0|0|9/14/2025 2:59:19 PM|Tech|4993909|
55535|Vash_S|Dethklok|The Dark Templar|10056|Black|642141|Crusadan|Doimestea|The Dark Templar|10056|Black|Approved|9000000|0|0|9/14/2025 2:36:02 PM|Financial Assistance|4993908|
646764|Reverend Edo|Outopostan|Global Alliance And Treaty Organization|10003|Brown|102751|Jack Whiterstein|Gyuard|Global Alliance And Treaty Organization|10003|Brown|Approved|0|100|0|9/14/2025 1:57:23 PM|Financial Assistance|4993907|
602009|JDRod|ReDux Empire|Coalition of Royal Allied Powers|10051|Maroon|485589|LUCIOUS IMPERIOUS|INDIANS|Random Insanity Alliance|10038|Maroon|Approved|0|100|0|9/14/2025 1:56:54 PM|Tech|4993906|
376391|Dave the Dominator|Taulvia|The Templar Knights|10012|Maroon|620598|Alexhigh|Nation of Alexander|The Prussian Empire|14204|Green|Approved|9000000|0|0|9/14/2025 1:36:23 PM|Tech|4993905|
646839|rickm27|Balmoria|Nuclear Proliferation League|17228|Aqua|522964|Nuclear tech 2|Nuclear tech 2|Nuclear Proliferation League|17228|Black|Approved|0|100|0|9/14/2025 1:16:30 PM|Financial Assistance|4993904|
588353|FieryVixen|Craptonia|Global Alliance And Treaty Organization|10003|Brown|206001|Mallardius|Dominion of the Duck|Global Alliance And Treaty Organization|10003|Brown|Approved|0|100|0|9/14/2025 12:58:12 PM|Financial Assistance|4993903|
588353|FieryVixen|Craptonia|Global Alliance And Treaty Organization|10003|Brown|394625|Empress Elizabeth|DeWitt|Global Alliance And Treaty Organization|10003|Brown|Approved|0|100|0|9/14/2025 12:57:40 PM|Financial Assistance|4993902|
646453|Fortune|Protea|The Legion|10020|Purple|638311|FightingSioux405|New Whitehall|The Legion|10020|Purple|Approved|0|100|0|9/14/2025 12:53:35 PM|Financial Assistance|4993901|
624651|Elma Heckler|Blancbourg Committee|New Pacific Order|10000|Red|167235|ORCACommander|Hiigaran Federation|New Pacific Order|10000|Red|Approved|0|100|0|9/14/2025 12:35:14 PM|QT Tech|4993900|
624651|Elma Heckler|Blancbourg Committee|New Pacific Order|10000|Red|588946|AlphaCenturion|Sentosa Republic|New Pacific Order|10000|Red|Approved|0|100|0|9/14/2025 12:34:00 PM|QT Tech|4993899|
624651|Elma Heckler|Blancbourg Committee|New Pacific Order|10000|Red|543701|AlphaDio|Landreth|New Pacific Order|10000|Red|Pending|0|100|0|9/14/2025 12:33:56 PM|QT Tech|4993898|
624651|Elma Heckler|Blancbourg Committee|New Pacific Order|10000|Red|16124|Hatterson|Hamlin|New Pacific Order|10000|Red|Pending|0|100|0|9/14/2025 12:33:52 PM|QT Tech|4993897|
624651|Elma Heckler|Blancbourg Committee|New Pacific Order|10000|Red|601748|Tarfiel|Babblefish|New Pacific Order|10000|Red|Approved|0|100|0|9/14/2025 12:33:48 PM|QT Tech|4993896|
624651|Elma Heckler|Blancbourg Committee|New Pacific Order|10000|Red|565552|Kayla Frost|Anselion|New Pacific Order|10000|Red|Pending|0|100|0|9/14/2025 12:33:43 PM|QT Tech|4993895|
631569|CaesarGorandius|Ohiostan|Non Grata|10097|Maroon|40650|kerschbs|indica|Non Grata|10097|Maroon|Approved|0|100|0|9/14/2025 12:22:35 PM|NG Tech Circle|4993894|
273692|Pope Bubba XIII|Rebel Virginia|Non Grata|10097|Maroon|558909|InvaderZim1987|Robonia|Fark|10002|Aqua|Pending|9000000|0|0|9/14/2025 12:03:41 PM|Tech|4993893|
533529|NustyPistachio|Isle of Noot|Post Grunge Supergroup|16367|Brown|608458|Johnny Cutlass|Claw Key|Knights Of The Round Table|10092|Aqua|Approved|0|100|0|9/14/2025 11:53:50 AM|Tech Deal|4993892|
533529|NustyPistachio|Isle of Noot|Post Grunge Supergroup|16367|Brown|474413|The R00STER|Republic of Ibonn|The Dark Templar|10056|Black|Approved|0|100|0|9/14/2025 11:53:37 AM|Tech Deal|4993891|
531745|armpit|Armpit|The Wolves|16660|Maroon|645526|Khanya The Great|Triangula|Veneris|17356|White|Approved|9000000|0|0|9/14/2025 11:37:52 AM|Financial Assistance|4993890|
647184|DCBinks|Caogalna|Post Grunge Supergroup|16367|Brown|247054|shivamuck|Iarlean|Knights Of The Round Table|10092|Green|Approved|0|100|0|9/14/2025 11:31:17 AM|Tech deal|4993889|
640096|recockulous|Yuge Indictments|Fark|10002|Aqua|477144|delthan2|comedyoferrors|Fark|10002|Aqua|Pending|0|100|0|9/14/2025 11:24:05 AM|9/100|4993888|
473088|JuiceBox|Phoenix Isle|Non Grata|10097|Maroon|634903|ToasterOven|Pancake Republic|Non Grata|10097|Maroon|Approved|9000000|0|0|9/14/2025 11:06:22 AM|Financial Assistance|4993887|
473088|JuiceBox|Phoenix Isle|Non Grata|10097|Maroon|639721|TheCompany0|Malacipe|Non Grata|10097|Maroon|Approved|9000000|0|0|9/14/2025 11:06:02 AM|Financial Assistance|4993886|
473088|JuiceBox|Phoenix Isle|Non Grata|10097|Maroon|623644|Van Hoo X|Hoovokia|Non Grata|10097|White|Approved|9000000|0|0|9/14/2025 11:05:46 AM|Financial Assistance|4993885|
144157|Sarkin|My Hero Party|The Dark Templar|10056|Black|627412|Jason Radix|Radix|The Dark Templar|10056|Black|Approved|9000000|0|0|9/14/2025 11:05:41 AM|Financial Assistance|4993884|
144157|Sarkin|My Hero Party|The Dark Templar|10056|Black|454402|Flyin Hawaiian|Hawaiian Land|The Dark Templar|10056|Black|Approved|9000000|0|0|9/14/2025 11:05:36 AM|Financial Assistance|4993883|
144157|Sarkin|My Hero Party|The Dark Templar|10056|Black|644785|Optimus881|Wakanda881|Post Grunge Supergroup|16367|Brown|Approved|9000000|0|0|9/14/2025 11:05:29 AM|Financial Assistance|4993882|
647405|Victorboss|Victorcon|Nuclear Proliferation League|17228|White|498421|killjoy123|DAR LAND|Nuclear Proliferation League|17228|White|Approved|0|100|0|9/14/2025 10:49:48 AM|Financial Assistance|4993881|
646738|TechLord|TechLord|Global Alliance And Treaty Organization|10003|Brown|102751|Jack Whiterstein|Gyuard|Global Alliance And Treaty Organization|10003|Brown|Approved|0|100|0|9/14/2025 10:49:17 AM|Financial Assistance|4993880|
644042|calicocatface|Calico Islands|Non Grata|10097|Maroon|552285|lilweirdward|Land of Too Much Fun|Christian Coalition Of Countries|10028|Maroon|Approved|0|100|0|9/14/2025 10:47:55 AM|Financial Assistance|4993879|
301601|Farrin Xies|Farrin Free States|New Pacific Order|10000|Red|601748|Tarfiel|Babblefish|New Pacific Order|10000|Red|Approved|0|100|0|9/14/2025 10:39:48 AM|QT Tech|4993878|
301601|Farrin Xies|Farrin Free States|New Pacific Order|10000|Red|522260|kalev60|Hiiumaa|New Pacific Order|10000|Red|Approved|0|100|0|9/14/2025 10:39:35 AM|QT Tech|4993877|
301601|Farrin Xies|Farrin Free States|New Pacific Order|10000|Red|588946|AlphaCenturion|Sentosa Republic|New Pacific Order|10000|Red|Approved|0|100|0|9/14/2025 10:39:22 AM|QT Tech|4993876|
301601|Farrin Xies|Farrin Free States|New Pacific Order|10000|Red|543701|AlphaDio|Landreth|New Pacific Order|10000|Red|Approved|0|100|0|9/14/2025 10:39:18 AM|QT Tech|4993875|
301601|Farrin Xies|Farrin Free States|New Pacific Order|10000|Red|16124|Hatterson|Hamlin|New Pacific Order|10000|Red|Pending|0|100|0|9/14/2025 10:39:14 AM|QT Tech|4993874|
301601|Farrin Xies|Farrin Free States|New Pacific Order|10000|Red|636711|Praetor Cuddles|Romulan Star Empire|New Pacific Order|10000|Red|Approved|0|100|0|9/14/2025 10:39:09 AM|QT Tech|4993873|
201332|dawg66|Grand Americana|Knights Of The Round Table|10092|Green|606786|The Milkmaid|Dun Holm|Knights Of The Round Table|10092|White|Approved|9000000|0|0|9/14/2025 10:38:47 AM|tech|4993872|
294223|ErpichtAuf|Ijogg|Sparta|10008|Black|582707|Balthier|Dalmascan Ruins|Sparta|10008|Black|Approved|9000000|0|0|9/14/2025 10:24:38 AM|Financial Assistance|4993871|
402492|NikolaP|Wiggles|Doombrella|17368|Black|596807|AmeerMuib|SiegeTank|Disciples of Duckroll|17024|Black|Pending|9000000|0|0|9/14/2025 10:20:08 AM|Financial Assistance|4993870|
125086|wasso|wasso|The Dark Templar|10056|Black|599846|RandomWon|Hangry|Sparta|10008|Green|Approved|6000000|0|0|9/14/2025 9:53:36 AM|Tech Deal|4993868|
348468|Ghan Khalav|Khalavistan|Global Alliance and Treaty Organization|10003|Brown|647099|Esau of Isaac|Lanluz|Global Alliance And Treaty Organization|10003|Brown|Approved|6000000|0|0|9/14/2025 9:48:30 AM|Tech|4993867|
631406|The Black Kaiser|Medieval Reich||0|Green|618698|Arminius Cheruski|Germania Magna|The Prussian Empire|14204|Green|Approved|0|100|0|9/14/2025 9:42:36 AM|Arminius Auslandshilfe|4993866|
631406|The Black Kaiser|Medieval Reich||0|Green|630575|Sven Herrman|Germanus|The Prussian Empire|14204|Green|Approved|0|100|0|9/14/2025 9:41:57 AM|Germanus Auslandshilfe|4993865|
340698|Onified|Spork|NATO|10037|Blue|643887|SilenttShadow27|Temnota|NATO|10037|Blue|Approved|9000000|0|0|9/14/2025 9:05:40 AM|vep|4993864|
329142|Donada|Hobis|Argent|10063|Pink|533961|zilocke|Zilandia|Mostly Harmless Alliance|14879|Blue|Approved|9000000|0|0|9/14/2025 9:00:34 AM|Again?|4993863|
596901|Malic|Veridia|Non Grata|10097|Maroon|622072|Tmac73|Norway2|The Dark Templar|10056|Black|Approved|6000000|0|0|9/14/2025 8:48:36 AM|6M for 100 Tech |4993862|
280326|Scytale|Tleilax|Fark|10002|Aqua|533961|zilocke|Zilandia|Mostly Harmless Alliance|14879|Blue|Approved|9000000|0|0|9/14/2025 8:42:53 AM|tech|4993861|
643887|SilenttShadow27|Temnota|NATO|10037|Blue|541983|CVO|Kush|NATO|10037|Blue|Approved|0|100|0|9/14/2025 8:38:52 AM|Cupcakes &amp; techz &lt;3|4993860|
647063|geneclar|Kandam|Global Alliance And Treaty Organization|10003|Brown|455413|Duke Nukem|NukemLand|Global Alliance And Treaty Organization|10003|Brown|Approved|0|100|0|9/14/2025 8:37:51 AM|Financial Assistance|4993859|
643887|SilenttShadow27|Temnota|NATO|10037|Blue|509784|Lord Emperor Clot|Clotvania|Christian Coalition Of Countries|10028|Maroon|Approved|0|100|0|9/14/2025 8:37:08 AM|Cupcakes &amp; techz &lt;3|4993858|
637646|Anarch Nexus|Aevum Providence|Christian Coalition Of Countries|10028|Maroon|554646|A1ph4 0m3ga|Paradisia|Christian Coalition Of Countries|10028|Maroon|Approved|0|100|0|9/14/2025 8:32:19 AM|VEP|4993857|
646762|Kevlar|Sasquatch|Global Alliance And Treaty Organization|10003|Brown|39430|Kuzuryusen|Jianada|Global Alliance And Treaty Organization|10003|Brown|Approved|0|100|0|9/14/2025 8:28:53 AM|Sweet squatch tech|4993856|
646762|Kevlar|Sasquatch|Global Alliance And Treaty Organization|10003|Brown|39705|Bmk812|Eisenherz|Global Alliance And Treaty Organization|10003|Brown|Approved|0|100|0|9/14/2025 8:28:38 AM|Sweet squatch tech|4993855|
273254|unstpblpimp|unstpblpimp|Global Alliance and Treaty Organization|10003|Brown|647063|geneclar|Kandam|Global Alliance And Treaty Organization|10003|Brown|Approved|9000000|0|0|9/14/2025 8:27:43 AM|Financial Assistance|4993854|
273254|unstpblpimp|unstpblpimp|Global Alliance and Treaty Organization|10003|Brown|646756|DyneVeilstone|Felis Felicitas|Global Alliance And Treaty Organization|10003|Brown|Approved|6000000|0|0|9/14/2025 8:27:24 AM|Financial Assistance|4993853|
190480|Unruly|Republique de Buja|AGW Overlords|10043|Black|634256|I Win You Lose|I Win You Loose|The Phoenix Federation|17385|Black|Approved|9000000|0|0|9/14/2025 8:25:14 AM|Financial Assistance|4993852|
645526|Khanya The Great|Triangula|Veneris|17356|White|583014|Rothaic|Munrovia|The Wolves|16660|Maroon|Approved|0|100|0|9/14/2025 8:21:57 AM|Financial Assistance|4993851|
497000|Democzar|frequathrive|Global Alliance And Treaty Organization|10003|Brown|646195|Ebaggerisintown|Tinneas Cinn|Global Alliance And Treaty Organization|10003|Brown|Approved|9000000|0|0|9/14/2025 8:16:59 AM|Financial Assistance|4993850|
622072|Tmac73|Norway2|The Dark Templar|10056|Black|243186|ditchboy00|Ditchopia|Non Grata|10097|Maroon|Approved|0|100|0|9/14/2025 8:13:05 AM|Financial Assistance|4993849|
643197|HoustonBeBack|Larsden|Nuclear Proliferation League|17228|Aqua|385567|NinoCelestial|Ciudad de leon|Fark|10002|Aqua|Approved|0|100|0|9/14/2025 8:09:16 AM|9/100|4993848|
643197|HoustonBeBack|Larsden|Nuclear Proliferation League|17228|Aqua|498421|killjoy123|DAR LAND|Nuclear Proliferation League|17228|White|Approved|0|100|0|9/14/2025 8:09:06 AM|9/100|4993847|
643197|HoustonBeBack|Larsden|Nuclear Proliferation League|17228|Aqua|507771|MtPollux|The Monkey Kingdom|Nuclear Proliferation League|17228|Brown|Approved|0|100|0|9/14/2025 8:08:56 AM|9/100|4993846|
620598|Alexhigh|Nation of Alexander|The Prussian Empire|14204|Green|596771|Pentix|Mars Colony|New Polar Order|10006|Blue|Approved|0|100|0|9/14/2025 8:04:52 AM|Financial Assistance|4993845|
64687|Wootmeister|Wootrovia|Global Alliance And Treaty Organization|10003|Brown|646195|Ebaggerisintown|Tinneas Cinn|Global Alliance And Treaty Organization|10003|Brown|Approved|9000000|0|0|9/14/2025 7:57:56 AM|Tech deal|4993844|
535865|Donbo McSlay|Donbo Land|Federation Of Armed Nations|10021|Yellow|88398|thepunk|thepunk|Federation Of Armed Nations|10021|Yellow|Approved|0|100|0|9/14/2025 7:57:55 AM|Financial Assistance|4993843|
538690|CrinkledStraw|The Fierce Crown|Non Grata|10097|Maroon|319843|Sinister|New Terminal|Non Grata|10097|Maroon|Approved|0|100|0|9/14/2025 7:46:03 AM|Financial Assistance|4993842|
616887|Dontavian|Karnax|Independent Republic Of Orange Nations|10004|Orange|647037|Pachacan Federation|Pachacan Federation|Independent Republic Of Orange Nations|10004|Orange|Approved|6000000|0|0|9/14/2025 7:31:16 AM|ITF|4993841|
626980|Aspire|AspireFerty|Non Grata|10097|Maroon|181481|HammerMan|Dooche|Non Grata|10097|Maroon|Approved|9000000|0|0|9/14/2025 7:20:13 AM|Tech Deal|4993840|
626980|Aspire|AspireFerty|Non Grata|10097|Maroon|457345|Taiki11|Taiki Land|Non Grata|10097|Maroon|Approved|9000000|0|0|9/14/2025 7:19:43 AM|Tech Deal|4993839|
623987|MasterBadey|mastabadeia|Global Alliance And Treaty Organization|10003|Brown|206001|Mallardius|Dominion of the Duck|Global Alliance And Treaty Organization|10003|Brown|Approved|0|100|0|9/14/2025 6:49:14 AM|free bread|4993838|
139990|BacTalan|NorseTurks|Global Alliance And Treaty Organization|10003|Brown|646815|godtoh1|hotdogal|Global Alliance And Treaty Organization|10003|Brown|Approved|9000000|0|0|9/14/2025 6:46:01 AM|Financial Assistance|4993837|
119121|mahmah|Banglia|The Grand Lodge of Freemasons|10029|Orange|644950|Oddin|Glendor|The Grand Lodge Of Freemasons|10029|Orange|Approved|9000000|0|0|9/14/2025 6:41:55 AM|Tech Deal|4993836|
638567|Cobert|Brightwood|Non Grata|10097|Maroon|500125|Soxirella|Jusmania|Non Grata|10097|Maroon|Approved|0|100|0|9/14/2025 6:40:49 AM|Tech|4993835|
437823|zyberzpyder|Zyberia|Non Grata|10097|Maroon|638567|Cobert|Brightwood|Non Grata|10097|Maroon|Approved|9000000|0|0|9/14/2025 6:34:17 AM|Tech|4993834|
416942|Chris Kaos|The Kingdom of Kaos|Global Alliance And Treaty Organization|10003|Brown|647063|geneclar|Kandam|Global Alliance And Treaty Organization|10003|Brown|Approved|9000000|0|0|9/14/2025 6:21:30 AM|Financial Assistance|4993833|
416942|Chris Kaos|The Kingdom of Kaos|Global Alliance And Treaty Organization|10003|Brown|646762|Kevlar|Sasquatch|Global Alliance And Treaty Organization|10003|Brown|Approved|9000000|0|0|9/14/2025 6:21:19 AM|Financial Assistance|4993832|
429171|Inquisitor Gaunt|Cult Imperialis|Global Alliance And Treaty Organization|10003|Brown|646249|Pretondapredator|Prestonland|Global Alliance And Treaty Organization|10003|Brown|Approved|6000000|0|0|9/14/2025 6:01:12 AM|Financial Assistance|4993831|
348468|Ghan Khalav|Khalavistan|Global Alliance and Treaty Organization|10003|Brown|646800|Brotherlouie27|Louimerica II|Global Alliance And Treaty Organization|10003|Brown|Approved|9000000|0|0|9/14/2025 5:48:40 AM|Tech|4993830|
264926|Ken T Kent|Codopia|Fark|10002|Aqua|206506|Chasan|Bunnies in Paradise|Fark|10002|Aqua|Approved|0|100|0|9/14/2025 5:31:39 AM|Financial Assistance|4993829|
264926|Ken T Kent|Codopia|Fark|10002|Aqua|106268|cable77|Tau ri|Fark|10002|Aqua|Approved|0|100|0|9/14/2025 5:31:32 AM|Financial Assistance|4993828|
264926|Ken T Kent|Codopia|Fark|10002|Aqua|477144|delthan2|comedyoferrors|Fark|10002|Aqua|Pending|0|100|0|9/14/2025 5:31:26 AM|Financial Assistance|4993827|
514897|Phocas|Lighthouse Island|The Prussian Empire|14204|Green|638884|WideVader|Balkan Union Pact|Interkosmos|16298|Green|Approved|9000000|0|0|9/14/2025 5:28:16 AM|9 mil for 100 tech?|4993826|
525223|Zorrr|Deep Zither|Knights of the Round Table|10092|Purple|638884|WideVader|Balkan Union Pact|Interkosmos|16298|Green|Approved|9000000|0|0|9/14/2025 5:22:55 AM|100 Tek deal|4993825|
380255|Vaslov|UFPNS|Argent|10063|Pink|533961|zilocke|Zilandia|Mostly Harmless Alliance|14879|Blue|Approved|9000000|0|0|9/14/2025 5:16:32 AM|Tech deal|4993824|
643876|LordInfamous|Swindlerstan|Independent Republic Of Orange Nations|10004|Orange|605023|JuggernautMD|Framework|Independent Republic Of Orange Nations|10004|Orange|Approved|0|100|0|9/14/2025 5:13:24 AM|ITF|4993823|
606786|The Milkmaid|Dun Holm|Knights Of The Round Table|10092|White|384577|wayoik|SunOase|Knights Of The Round Table|10092|Green|Approved|0|100|0|9/14/2025 5:03:46 AM|Sunday milk delivery|4993822|
207347|Arcane|Arcania|Fark|10002|Aqua|645740|ShadowSleeper|Noevgono|Nuclear Proliferation League|17228|Aqua|Approved|9000000|0|0|9/14/2025 4:57:51 AM|Tech|4993821|
404176|Sadero|Saderia|New Polar Order|10006|Blue|120390|Imperator Azenquor|Vaule|New Polar Order|10006|Blue|Approved|0|100|0|9/14/2025 4:54:41 AM|ICECAP Tech|4993820|
635734|Monyulking|Bomdi La|Independent Republic Of Orange Nations|10004|Orange|605023|JuggernautMD|Framework|Independent Republic Of Orange Nations|10004|Orange|Approved|0|100|0|9/14/2025 4:53:44 AM|ITF|4993819|
635734|Monyulking|Bomdi La|Independent Republic Of Orange Nations|10004|Orange|374610|Captain Crozier|Dime Store Novena|Independent Republic Of Orange Nations|10004|Orange|Approved|0|100|0|9/14/2025 4:53:19 AM|ITF|4993818|
635734|Monyulking|Bomdi La|Independent Republic Of Orange Nations|10004|Orange|234325|Ben Gates|TreasureLand|Independent Republic Of Orange Nations|10004|Orange|Approved|0|100|0|9/14/2025 4:52:47 AM|ITF|4993817|
635734|Monyulking|Bomdi La|Independent Republic Of Orange Nations|10004|Orange|603422|gonpapa|Dirang Dzong|Independent Republic Of Orange Nations|10004|Orange|Approved|0|100|0|9/14/2025 4:51:16 AM|ITF|4993816|
531590|Ledon|Ledonia|Knights of the Round Table|10092|Green|638158|TheBlob|Space Jelly|Knights Of The Round Table|10092|Red|Approved|9000000|0|0|9/14/2025 4:47:48 AM|Glob Deal|4993815|
640189|Jeeves|Only Cool People|COBRA|13717|Brown|647474|dudekidguy|Republic of Jacob|Nuclear Proliferation League|17228|Blue|Pending|6000000|0|0|9/14/2025 4:43:17 AM|Financial Assistance|4993814|
177947|Badassname|Badassnation|CLAWS|15841|Black|646790|ADEVA|Lyceaum|The Legion|10020|Purple|Approved|9000000|0|0|9/14/2025 4:40:57 AM|Tech Deal|4993813|
351219|Rakul|Winterhaven|The Order Of The Black Rose|10045|Black|85973|King David the Loyal|Malkavias|The Order Of The Black Rose|10045|Black|Pending|0|100|0|9/14/2025 4:39:07 AM|100/100 Tech|4993812|
139873|Grand Duke Larue|Duchy of Larue|Green Protection Agency|10041|Green|628583|Dopes|Slaptico|Church of the Holy Platypus|17265|Brown|Approved|9000000|0|0|9/14/2025 4:33:56 AM|9millon for 100 tech|4993811|
139873|Grand Duke Larue|Duchy of Larue|Green Protection Agency|10041|Green|646209|My Name Is KMob|KMobs Territory|Deathblow|17387|None|Approved|6000000|0|0|9/14/2025 4:29:02 AM|6 million 100 tech|4993810|
345809|Makalaure|Cirith Ungol|New Pacific Order|10000|Red|647349|Sand Dan Glokta|Fathom|New Pacific Order|10000|Red|Approved|6000000|0|0|9/14/2025 4:10:36 AM|Rising Stars|4993809|
345809|Makalaure|Cirith Ungol|New Pacific Order|10000|Red|646098|Brutus5149|Legio Lupi|New Pacific Order|10000|Red|Approved|9000000|0|0|9/14/2025 4:10:32 AM|Miraculum|4993808|
345809|Makalaure|Cirith Ungol|New Pacific Order|10000|Red|587834|alucardx13|The United Regions|New Pacific Order|10000|Red|Approved|9000000|0|0|9/14/2025 4:10:28 AM|QT Pay|4993807|
345809|Makalaure|Cirith Ungol|New Pacific Order|10000|Red|647330|Lime30k|Jakun|New Pacific Order|10000|Red|Approved|9000000|0|0|9/14/2025 4:10:23 AM|QT Pay|4993806|
345809|Makalaure|Cirith Ungol|New Pacific Order|10000|Red|645804|La Mismidad|Libertaris|New Pacific Order|10000|Red|Approved|9000000|0|0|9/14/2025 4:10:19 AM|Bankroll|4993805|
345809|Makalaure|Cirith Ungol|New Pacific Order|10000|Red|554906|Terekhov|Revenge of Gravity|New Pacific Order|10000|Red|Pending|9000000|0|0|9/14/2025 4:10:14 AM|Bankroll|4993804|
627722|Mustard Pougy|Frog Flats|Knights Of The Round Table|10092|Green|138858|Haart|Barbarica|The Templar Knights|10012|Maroon|Approved|0|100|0|9/14/2025 4:05:58 AM|A frog was here|4993803|
100248|Champcardon|Rudostan|Coalition of Royal Allied Powers|10051|Maroon|138858|Haart|Barbarica|The Templar Knights|10012|Maroon|Approved|0|100|0|9/14/2025 3:46:04 AM|Tech Payment|4993802|
645382|Kharmandril|PETA nudes|Doom Squad|16454|Black|567720|Cosmic Chocolate|Soaring Eagle|Doombrella|17368|Black|Approved|0|100|0|9/14/2025 3:41:07 AM|Financial Assistance|4993801|
636601|Wolfbite|Caffinated Wolves|Independent Republic Of Orange Nations|10004|Orange|550914|reilstrap|reilstrap|Independent Republic Of Orange Nations|10004|Orange|Approved|9000000|0|0|9/14/2025 3:41:00 AM|ITF|4993800|
645382|Kharmandril|PETA nudes|Doom Squad|16454|Black|466941|Komplex|Despair|DOOMBIRD DOOMCAVE|10449|Black|Approved|0|100|0|9/14/2025 3:40:47 AM|Financial Assistance|4993799|
645382|Kharmandril|PETA nudes|Doom Squad|16454|Black|410812|Berbers|Kingdom of AlRezana|The Wolves|16660|Black|Approved|0|100|0|9/14/2025 3:40:31 AM|Financial Assistance|4993797|
636601|Wolfbite|Caffinated Wolves|Independent Republic Of Orange Nations|10004|Orange|645053|Geezy VIII|SOS Empire|Independent Republic Of Orange Nations|10004|Orange|Approved|9000000|0|0|9/14/2025 3:40:27 AM|ITF|4993796|
645382|Kharmandril|PETA nudes|Doom Squad|16454|Black|639897|CaptTchalle|Akutan Island|The Dark Templar|10056|Brown|Pending|0|100|0|9/14/2025 3:40:02 AM|Financial Assistance|4993795|
630575|Sven Herrman|Germanus|The Prussian Empire|14204|Green|620598|Alexhigh|Nation of Alexander|The Prussian Empire|14204|Green|Approved|9000000|0|0|9/14/2025 3:34:24 AM|Financial Assistance|4993794|
436358|mordred|Lothian and Orcanie|Knights of the Round Table|10092|Green|647426|Johnnie Stark|Gorbals|No Mean City|17448|Green|Approved|6000000|0|4000|9/14/2025 3:31:29 AM|Mean streets|4993793|
573749|necAnt|Lucky Ants|The Gramlins|17440|Green|380432|dimaradona|Piedra Negra|Green Protection Agency|10041|Green|Approved|0|100|0|9/14/2025 3:21:01 AM|TD 1/2|4993792|
475014|cirk2|Agatea|Non Grata|10097|Maroon|558909|InvaderZim1987|Robonia|Fark|10002|Aqua|Pending|9000000|0|0|9/14/2025 3:12:42 AM|Tech Deal 9m/100t|4993791|
475014|cirk2|Agatea|Non Grata|10097|Maroon|645844|Dario the Great|Darioland|Non Grata|10097|Maroon|Approved|9000000|0|0|9/14/2025 3:12:16 AM|Cash 5/5|4993790|
187838|morrisons|scollotto|CLAWS|15841|Black|143998|planetary|planetarium|CLAWS|15841|Black|Approved|9000000|0|0|9/14/2025 3:09:02 AM|Tech Deal|4993789|
545724|Matmal|Matmalia|Post Grunge Supergroup|16367|Brown|381828|InconspicuousBarrel|Kievan Rus|Global Alliance And Treaty Organization|10003|Brown|Approved|0|100|0|9/14/2025 3:08:02 AM|Financial Assistance|4993788|
436358|mordred|Lothian and Orcanie|Knights of the Round Table|10092|Green|637080|Secundum|Uhtceare|Knights Of The Round Table|10092|Green|Approved|9000000|0|0|9/14/2025 2:56:51 AM|Tech $9m-100t deal|4993786|
425377|Commander Ferraday|Ice Station Zebra|CLAWS|15841|Black|143998|planetary|planetarium|CLAWS|15841|Black|Approved|9000000|0|0|9/14/2025 2:39:39 AM|Tech deal 9 for 100|4993781|
156693|Magnate|Republic of China|The Legion|10020|Purple|643549|KingDutchison|KingDutchison|The Legion|10020|Purple|Approved|9000000|0|0|9/14/2025 2:26:57 AM|Financial Assistance|4993780|
645268|fucho|fucho|Veneris|17356|White|645234|HARP THE GREAT|NICOLAMIA|Veneris|17356|White|Approved|0|100|0|9/14/2025 2:22:34 AM|Tech deal|4993779|
433854|Auctor|Wyrdgar|Doombrella|17368|Black|484851|enderland|Fields of Elysium|Doombrella|17368|Black|Approved|0|100|0|9/14/2025 2:13:49 AM|enderland &gt; :majik:|4993778|
348070|Chopin|Republic of Poland|Avalanche|10078|Blue|487436|Arborder|Garrison One|Avalanche|10078|Blue|Approved|9000000|0|0|9/14/2025 2:10:50 AM|Td|4993777|
348070|Chopin|Republic of Poland|Avalanche|10078|Blue|602009|JDRod|ReDux Empire|Coalition of Royal Allied Powers|10051|Maroon|Approved|6000000|0|0|9/14/2025 2:10:29 AM|Td|4993776|
410290|bdrocks|Knights of Honour|CLAWS|15841|Black|646790|ADEVA|Lyceaum|The Legion|10020|Purple|Approved|9000000|0|0|9/14/2025 2:06:26 AM|Tech deal|4993775|
254442|Oddballalex|Alexville|CLAWS|15841|Black|646473|Pegasus Gold Saint|Saint Seiya|Veneris|17356|White|Approved|9000000|0|0|9/14/2025 2:06:25 AM|Tech Deal|4993774|
646681|Jokkeh|Andebu Technocracy|New Pacific Order|10000|Red|522260|kalev60|Hiiumaa|New Pacific Order|10000|Red|Approved|0|100|0|9/14/2025 1:55:32 AM|QT Tech|4993773|
579649|Dale Flanderlion|Flanderlion|New Pacific Order|10000|Red|16124|Hatterson|Hamlin|New Pacific Order|10000|Red|Pending|0|100|0|9/14/2025 1:49:04 AM|QT Tech|4993772|
579649|Dale Flanderlion|Flanderlion|New Pacific Order|10000|Red|629229|HopeFun|LimaPT|New Pacific Order|10000|Red|Approved|0|100|0|9/14/2025 1:48:39 AM|QT Tech|4993771|
579649|Dale Flanderlion|Flanderlion|New Pacific Order|10000|Red|522260|kalev60|Hiiumaa|New Pacific Order|10000|Red|Approved|0|100|0|9/14/2025 1:48:28 AM|QT Tech|4993770|
579649|Dale Flanderlion|Flanderlion|New Pacific Order|10000|Red|75117|rnegafan|Rnegfania|New Pacific Order|10000|Red|Approved|0|100|0|9/14/2025 1:48:24 AM|QT Tech|4993769|
579649|Dale Flanderlion|Flanderlion|New Pacific Order|10000|Red|588946|AlphaCenturion|Sentosa Republic|New Pacific Order|10000|Red|Approved|0|100|0|9/14/2025 1:48:20 AM|QT Tech|4993768|
579649|Dale Flanderlion|Flanderlion|New Pacific Order|10000|Red|543701|AlphaDio|Landreth|New Pacific Order|10000|Red|Approved|0|100|0|9/14/2025 1:48:16 AM|QT Tech|4993767|
180664|Vhalen|LongitudeLatitude|The Dark Templar|10056|Black|465336|Teh Chad|Wickistan|The Dark Templar|10056|Black|Pending|9000000|0|0|9/14/2025 1:47:00 AM|DT Aid|4993766|
180664|Vhalen|LongitudeLatitude|The Dark Templar|10056|Black|646025|Hiten21|HAPUD|The Dark Templar|10056|Black|Approved|9000000|0|0|9/14/2025 1:46:45 AM|DT Aid|4993765|
180664|Vhalen|LongitudeLatitude|The Dark Templar|10056|Black|642110|Warden of 24 thralls|Hellionia|The Dark Templar|10056|Black|Approved|9000000|0|0|9/14/2025 1:46:34 AM|DT Aid|4993764|
633305|Angel Ray|Tecnia|Knights Of The Round Table|10092|Green|449283|Sir Benevale|Orangewall|Knights of the Round Table|10092|Green|Approved|0|100|0|9/14/2025 1:33:08 AM|Tech deal|4993763|
633305|Angel Ray|Tecnia|Knights Of The Round Table|10092|Green|425240|Aqua Archon|Aquamark|Knights Of The Round Table|10092|Aqua|Approved|0|100|0|9/14/2025 1:32:53 AM|Tech deal|4993762|
646205|Vashinator|Cedarland|Veneris|17356|White|380255|Vaslov|UFPNS|Argent|10063|Pink|Approved|0|100|0|9/14/2025 1:31:25 AM|Tech Deal PT 2|4993761|
617046|ResurrectionSon|Genox||0|Blue|195216|Alexandros o Megas|Hellas|New Pacific Order|10000|Red|Approved|9000000|100|0|9/14/2025 1:16:18 AM|Financial Assistance|4993760|
599455|RearviewRover|Prossy Boat Party|Non Grata|10097|Maroon|552285|lilweirdward|Land of Too Much Fun|Christian Coalition Of Countries|10028|Maroon|Approved|0|100|0|9/14/2025 1:08:35 AM|Tech deal|4993759|
639275|Giultyspark|Arborija|Post Grunge Supergroup|16367|Brown|425240|Aqua Archon|Aquamark|Knights Of The Round Table|10092|Aqua|Approved|0|100|0|9/14/2025 12:59:57 AM|Financial Assistance|4993758|
610914|Impossible|Ropadope|Disciples of Duckroll|17024|Black|402492|NikolaP|Wiggles|Doombrella|17368|Black|Approved|0|100|0|9/14/2025 12:56:22 AM|Financial Assistance|4993757|
610914|Impossible|Ropadope|Disciples of Duckroll|17024|Black|585631|Srivatsan|MAHANADU|Doombrella|17368|Black|Pending|0|100|0|9/14/2025 12:56:16 AM|Financial Assistance|4993756|
610914|Impossible|Ropadope|Disciples of Duckroll|17024|Black|334182|st6mm|Northern Reich|Doombrella|17368|Black|Approved|0|100|0|9/14/2025 12:56:11 AM|Financial Assistance|4993755|
610914|Impossible|Ropadope|Disciples of Duckroll|17024|Black|541774|Das Blitzkrieger|Leistungsstarke|Doombrella|17368|Black|Approved|9000000|100|0|9/14/2025 12:56:06 AM|Financial Assistance|4993754|
610914|Impossible|Ropadope|Disciples of Duckroll|17024|Black|230799|Raymond Jaeger|New Alabama|Doombrella|17368|Black|Pending|9000000|100|0|9/14/2025 12:55:58 AM|Financial Assistance|4993753|
620036|Vex L Zher|Lodraland|Nuclear Proliferation League|17228|White|170471|Smurthwaite|Smurthwaite|Nuclear Proliferation League|17228|Aqua|Approved|0|100|0|9/14/2025 12:55:47 AM|Financial Assistance|4993752|
273509|Enrage|TheEmpire|WWF|14310|Green|76627|shwampy|Barryteroria|Libertarian Socialist Federation|10027|White|Approved|6000000|0|0|9/14/2025 12:48:03 AM|tech deal |4993751|
639721|TheCompany0|Malacipe|Non Grata|10097|Maroon|324224|SemperFidelis|United Carborundum|Non Grata|10097|Maroon|Approved|0|100|0|9/14/2025 12:46:47 AM|Financial Assistance|4993750|
639721|TheCompany0|Malacipe|Non Grata|10097|Maroon|72766|Gofastleft|Racesteria|Non Grata|10097|Maroon|Approved|0|100|0|9/14/2025 12:46:34 AM|Financial Assistance|4993749|
639721|TheCompany0|Malacipe|Non Grata|10097|Maroon|276365|ShadowSKAR|Hidden Shadows|Non Grata|10097|Maroon|Approved|0|100|0|9/14/2025 12:46:22 AM|Financial Assistance|4993748|
170471|Smurthwaite|Smurthwaite|Nuclear Proliferation League|17228|Aqua|605765|Darth Actorbass|Tarmon Gaidon|New Polar Order|10006|Blue|Approved|9000000|0|0|9/14/2025 12:46:08 AM|Financial Assistance|4993747|
309853|Tasuki|Oniwabanshu|New Pacific Order|10000|Red|637897|Rajubhai|Trico united|New Pacific Order|10000|Red|Approved|0|100|0|9/14/2025 12:42:31 AM|Vallum Aelium|4993746|
309853|Tasuki|Oniwabanshu|New Pacific Order|10000|Red|366247|Polgas|Novasea|New Pacific Order|10000|Red|Approved|0|100|0|9/14/2025 12:42:27 AM|QT Tech|4993745|
257166|Yggdrazil|Ginginugap|Independent Republic Of Orange Nations|10004|Orange|207900|Queltocz|Quelto|Independent Republic Of Orange Nations|10004|Orange|Approved|0|100|0|9/14/2025 12:39:18 AM|itf|4993744|
646473|Pegasus Gold Saint|Saint Seiya|Veneris|17356|White|645234|HARP THE GREAT|NICOLAMIA|Veneris|17356|White|Approved|0|100|0|9/14/2025 12:38:09 AM|100 tech|4993743|
625051|Troopers|Colonist|CLAWS|15841|Black|216336|Stetson76|Axeland|CLAWS|15841|Black|Approved|0|100|0|9/14/2025 12:35:58 AM|Financial Assistance|4993742|
625051|Troopers|Colonist|CLAWS|15841|Black|410290|bdrocks|Knights of Honour|CLAWS|15841|Black|Approved|0|100|0|9/14/2025 12:35:51 AM|Financial Assistance|4993741|
587834|alucardx13|The United Regions|New Pacific Order|10000|Red|511698|hailkirk10|Kirklan|New Pacific Order|10000|Red|Pending|0|100|0|9/14/2025 12:26:03 AM|QT Tech|4993740|
587834|alucardx13|The United Regions|New Pacific Order|10000|Red|21424|John Edward|Ardenchestia|New Pacific Order|10000|Red|Approved|0|100|0|9/14/2025 12:25:46 AM|QT Tech|4993739|
529025|Chllama|Renton|Post Grunge Supergroup|16367|Brown|379651|reghar73|Zeman|The Dark Templar|10056|Black|Approved|0|100|0|9/14/2025 12:22:20 AM|Financial Assistance|4993738|
141583|jerdge|Gaela|Green Protection Agency|10041|Green|604964|SirDog|Wollemi|Avalanche|10078|Blue|Approved|9000000|0|0|9/14/2025 12:22:04 AM|Tech Deal... thanks! :-)|4993737|
132439|Magus Rules|Magusland|New Pacific Order|10000|Red|580705|Theory|Westermont|New Pacific Order|10000|Red|Approved|9000000|0|0|9/14/2025 12:21:12 AM|Bankroll|4993736|
132439|Magus Rules|Magusland|New Pacific Order|10000|Red|647349|Sand Dan Glokta|Fathom|New Pacific Order|10000|Red|Approved|6000000|0|0|9/14/2025 12:21:04 AM|Rising Stars|4993735|
132439|Magus Rules|Magusland|New Pacific Order|10000|Red|646098|Brutus5149|Legio Lupi|New Pacific Order|10000|Red|Approved|9000000|0|0|9/14/2025 12:20:55 AM|Miraculum|4993734|
132439|Magus Rules|Magusland|New Pacific Order|10000|Red|587834|alucardx13|The United Regions|New Pacific Order|10000|Red|Approved|9000000|0|0|9/14/2025 12:20:48 AM|QT Pay|4993733|
132439|Magus Rules|Magusland|New Pacific Order|10000|Red|207736|maxpower316|Lunatic Pandora|New Pacific Order|10000|Red|Approved|9000000|0|0|9/14/2025 12:20:40 AM|Bankroll|4993732|
132439|Magus Rules|Magusland|New Pacific Order|10000|Red|642970|Rhett Kahn|Retconia|New Pacific Order|10000|Red|Approved|9000000|0|0|9/14/2025 12:20:34 AM|QT Pay|4993731|
540880|Goosinater|United Mexico States|New Pacific Order|10000|Red|571763|JohelleTapper|StoneSour|New Pacific Order|10000|Red|Approved|0|100|0|9/14/2025 12:15:56 AM|QT Tech|4993730|
540880|Goosinater|United Mexico States|New Pacific Order|10000|Red|21424|John Edward|Ardenchestia|New Pacific Order|10000|Red|Approved|0|100|0|9/14/2025 12:15:53 AM|Vallum Aelium|4993729|
540880|Goosinater|United Mexico States|New Pacific Order|10000|Red|637897|Rajubhai|Trico united|New Pacific Order|10000|Red|Approved|0|100|0|9/14/2025 12:15:49 AM|Vallum Aelium|4993728|
646506|Jenna Montreal|Wolvanica|The Phoenix Federation|17385|Black|177947|Badassname|Badassnation|CLAWS|15841|Black|Approved|0|100|0|9/14/2025 12:14:22 AM|Financial Assistance|4993727|
324421|Einer|Jesusland|Mostly Harmless Alliance|14879|White|646787|Hye781|Calilove4ever|Christian Coalition Of Countries|10028|Maroon|Approved|9000000|0|0|9/14/2025 12:13:44 AM|&quot;Valyrian Aid&quot; !|4993726|
646367|Mikal Krosswynd|Malahkina|Post Grunge Supergroup|16367|Brown|379651|reghar73|Zeman|The Dark Templar|10056|Black|Approved|0|100|0|9/14/2025 12:03:22 AM|Tech Deal|4993725|
170124|WackyDan|Wackytopia|Nordreich|11319|Maroon|49522|Croix|Edjaal|Random Insanity Alliance|10038|Maroon|Approved|9000000|0|0|9/13/2025 11:42:37 PM|9M/100t|4993724|
498421|killjoy123|DAR LAND|Nuclear Proliferation League|17228|White|647474|dudekidguy|Republic of Jacob|Nuclear Proliferation League|17228|Blue|Approved|6000000|0|0|9/13/2025 11:23:54 PM|Tech deal 6/100|4993723|
574720|tuhar|pastia|Knights Of The Round Table|10092|Green|419811|Duke Mark|Old Missouri|Knights Of The Round Table|10092|Green|Approved|0|100|0|9/13/2025 10:54:28 PM|Tech deal_return|4993721|
626161|54vee|Tallinn Compact|CLAWS|15841|Black|449283|Sir Benevale|Orangewall|Knights of the Round Table|10092|Green|Approved|0|100|0|9/13/2025 10:03:01 PM|Tech 9/100|4993720|
634903|ToasterOven|Pancake Republic|Non Grata|10097|Maroon|634448|Stewie|Stewieland III|Non Grata|10097|Maroon|Approved|0|100|0|9/13/2025 9:59:00 PM|Financial Assistance|4993719|
646824|AlphaB|Blue Ribbon|The Legion|10020|Purple|116618|Thrash|Machas|The Legion|10020|Purple|Approved|0|100|0|9/13/2025 9:48:07 PM|Financial Assistance|4993718|
447303|Terminator|USSROK|CLAWS|15841|Aqua|634521|Kapleo|Kapleo|The Phoenix Federation|17385|Black|Approved|9000000|0|0|9/13/2025 9:40:15 PM|Financial Assistance|4993717|
447303|Terminator|USSROK|CLAWS|15841|Aqua|643607|Aspen|Silus|Union Of Communist Republics|10060|Brown|Approved|9000000|0|0|9/13/2025 9:39:47 PM|Financial Assistance|4993716|
596771|Pentix|Mars Colony|New Polar Order|10006|Blue|643625|DERVISHchaff|Sudentor|New Polar Order|10006|Blue|Approved|6000000|0|0|9/13/2025 9:25:37 PM|Financial Assistance|4993715|
596771|Pentix|Mars Colony|New Polar Order|10006|Blue|508630|notkintoot|particle|Nuclear Proliferation League|17228|Aqua|Approved|9000000|0|0|9/13/2025 9:22:56 PM|Financial Assistance|4993714|
631706|Silver Witch|Virtual Empire|The Legion|10020|Purple|116618|Thrash|Machas|The Legion|10020|Purple|Approved|0|100|0|9/13/2025 9:16:23 PM|Caesar|4993713|
631706|Silver Witch|Virtual Empire|The Legion|10020|Purple|633593|ftcows|ftcows|The Legion|10020|Purple|Approved|0|100|0|9/13/2025 9:15:57 PM|Caesar|4993712|
275547|BigKif|KifLand|CLAWS|15841|Black|646205|Vashinator|Cedarland|Veneris|17356|White|Approved|9000000|0|0|9/13/2025 8:48:29 PM|Tech Deal?|4993710|
275547|BigKif|KifLand|CLAWS|15841|Black|631191|Magnus IV|Kingdom of Ars Magna|CLAWS|15841|Black|Approved|9000000|0|0|9/13/2025 8:46:12 PM|Long Deal|4993709|
275547|BigKif|KifLand|CLAWS|15841|Black|645268|fucho|fucho|Veneris|17356|White|Approved|6000000|0|0|9/13/2025 8:38:38 PM|Long Deal|4993708|
644718|tikem7|Tikopia|COBRA|13717|Brown|463046|Commander Asaiki Tam|Tora Tora|COBRA|13717|Maroon|Pending|0|100|0|9/13/2025 8:26:03 PM|Financial Assistance|4993707|
126881|Lord Razzia|Razzian Dominion|The Dark Templar|10056|Black|454402|Flyin Hawaiian|Hawaiian Land|The Dark Templar|10056|Black|Approved|9000000|0|0|9/13/2025 8:11:52 PM|Tech Deal 9M/100Tech|4993706|
126881|Lord Razzia|Razzian Dominion|The Dark Templar|10056|Black|639937|The Evilest Eye|NeoNeftyaniki|The Dark Templar|10056|Black|Approved|9000000|0|0|9/13/2025 8:11:12 PM|Tech Deal 9M/100Tech|4993705|
126881|Lord Razzia|Razzian Dominion|The Dark Templar|10056|Black|559866|Heel Tribe|Develyes|The Dark Templar|10056|Black|Approved|9000000|0|0|9/13/2025 8:10:31 PM|Tech Deal 9M/100Tech|4993704|
261397|Rampage3|United Liberocracy|Nuclear Proliferation League|17228|Aqua|647483|ActorRathod|Actor Rathod Country|Nuclear Proliferation League|17228|Black|Approved|6000000|0|0|9/13/2025 8:07:17 PM|Wally Aid|4993703|
357423|claude|Doom House|Doom Squad|16454|Black|639897|CaptTchalle|Akutan Island|The Dark Templar|10056|Brown|Pending|0|100|0|9/13/2025 7:55:13 PM|Financial Assistance|4993702|
362361|Gofast2006|Pioneer Village|Nuclear Proliferation League|17228|Aqua|647483|ActorRathod|Actor Rathod Country|Nuclear Proliferation League|17228|Black|Approved|6000000|0|0|9/13/2025 7:11:32 PM|Wally aid drop|4993701|
568130|Bucky Carson|Santa Pecos|Knights Of The Round Table|10092|Green|647426|Johnnie Stark|Gorbals|No Mean City|17448|None|Approved|6000000|0|0|9/13/2025 6:55:44 PM|The Lads of Gorbals|4993700|
155826|weebl2000|Azeer|Non Grata|10097|Maroon|588320|RUB10|Establishmentaria|Non Grata|10097|Maroon|Approved|9000000|0|0|9/13/2025 6:10:27 PM|Financial Assistance|4993699|
32861|Drachonum|drachonia|Global Alliance and Treaty Organization|10003|Brown|4930|Sir Sci|Scots Empire|Global Alliance and Treaty Organization|10003|Brown|Approved|9000000|0|0|9/13/2025 6:01:24 PM|Financial Assistance|4993698|
186805|Grendel|Beowulf|Knights Of The Round Table|10092|Green|636950|Sir Percival|Galles|Knights Of The Round Table|10092|Green|Pending|9000000|0|0|9/13/2025 5:51:19 PM|$9M/100T|4993697|
645053|Geezy VIII|SOS Empire|Independent Republic Of Orange Nations|10004|Orange|260342|abcdefg|Alphabets|Independent Republic Of Orange Nations|10004|Aqua|Approved|0|100|0|9/13/2025 5:39:15 PM|ITF|4993696|
645053|Geezy VIII|SOS Empire|Independent Republic Of Orange Nations|10004|Orange|87890|Formanj|Norvegs Trøndelag|Independent Republic of Orange Nations|10004|Orange|Approved|0|100|0|9/13/2025 5:37:23 PM|ITF|4993695|
645053|Geezy VIII|SOS Empire|Independent Republic Of Orange Nations|10004|Orange|605023|JuggernautMD|Framework|Independent Republic Of Orange Nations|10004|Orange|Approved|0|100|0|9/13/2025 5:37:07 PM|ITF|4993694|
646145|ScootDootson|UnitedPeoplesOfDoot|Goldenrod Accords|17406|Green|170471|Smurthwaite|Smurthwaite|Nuclear Proliferation League|17228|Aqua|Approved|0|100|0|9/13/2025 5:25:41 PM|Financial Assistance|4993693|
624696|Hershicus|DoomsDayShekels|Doom Squad|16454|Black|622221|cobwebbyarc6|Dasein|Doom Squad|16454|Black|Approved|0|100|0|9/13/2025 5:11:13 PM|Financial Assistance|4993692|
374321|Clash|Discord|Doombrella|17368|Black|647449|thelostsoul|TheLostNation|Doombrella|17368|Black|Approved|6000000|0|4000|9/13/2025 4:45:40 PM|Cash n Causalities |4993691|
151268|Zerileous|Monkey Time|Doombrella|17368|Black|647449|thelostsoul|TheLostNation|Doombrella|17368|Black|Approved|6000000|0|0|9/13/2025 4:42:36 PM|Financial Assistance|4993690|
446109|VVhite Majik|VS0P United|Doombrella|17368|Black|484851|enderland|Fields of Elysium|Doombrella|17368|Black|Approved|0|100|0|9/13/2025 4:38:54 PM|Financial Assistance|4993689|
446109|VVhite Majik|VS0P United|Doombrella|17368|Black|151268|Zerileous|Monkey Time|Doombrella|17368|Black|Approved|0|100|0|9/13/2025 4:38:37 PM|Financial Assistance|4993688|
446109|VVhite Majik|VS0P United|Doombrella|17368|Black|646975|Thomassh|HighGateHaven|Doombrella|17368|Black|Approved|9000000|0|0|9/13/2025 4:38:24 PM|Financial Assistance|4993687|
446109|VVhite Majik|VS0P United|Doombrella|17368|Black|646870|Waffless|Wafflandia|Doombrella|17368|Black|Approved|9000000|0|0|9/13/2025 4:38:01 PM|Financial Assistance|4993686|
271928|Thebanished|UnitedStatesOfDes|Viridian Entente|10010|Green|219343|TDEVIL|KINDOM OF HADES|Viridian Entente|10010|Green|Pending|0|100|0|9/13/2025 4:35:25 PM|1 of 3 Tech Deal|4993685|
271928|Thebanished|UnitedStatesOfDes|Viridian Entente|10010|Green|581999|Johnny Mac|Big Brother 17|CLAWS|15841|Black|Approved|0|100|0|9/13/2025 4:35:10 PM|1 of 1 Tech Deal|4993684|
271928|Thebanished|UnitedStatesOfDes|Viridian Entente|10010|Green|637113|Up in smoke|Ring of Fire Island|CLAWS|15841|Black|Approved|0|100|0|9/13/2025 4:34:41 PM|1 of 1 Tech Deal|4993683|
175157|Evey Jane|Evey Jane|The Dark Templar|10056|Black|642141|Crusadan|Doimestea|The Dark Templar|10056|Black|Approved|9000000|0|0|9/13/2025 4:16:47 PM|Happy Saturday!|4993682|
608458|Johnny Cutlass|Claw Key|Knights Of The Round Table|10092|Aqua|647341|Danger Robinson|French Harbor||0|None|Approved|6000000|0|4000|9/13/2025 4:08:18 PM|Robinson Crusoe tech deal|4993681|
640191|Landowner|Free Land for Sale|COBRA|13717|Brown|463046|Commander Asaiki Tam|Tora Tora|COBRA|13717|Maroon|Pending|0|100|0|9/13/2025 3:45:35 PM|Financial Assistance|4993680|
168105|Bobogoobo|Bobogoobo|New Pacific Order|10000|Red|645029|ZeroNinjaGT|Adventis|New Pacific Order|10000|Red|Approved|9000000|0|0|9/13/2025 3:44:58 PM|Bankroll|4993679|
168105|Bobogoobo|Bobogoobo|New Pacific Order|10000|Red|533942|Saxplayer|Arstoria|New Pacific Order|10000|Red|Approved|9000000|0|0|9/13/2025 3:44:51 PM|Bankroll|4993678|
168105|Bobogoobo|Bobogoobo|New Pacific Order|10000|Red|627542|ifesbob|ifesville|New Pacific Order|10000|Red|Approved|9000000|0|0|9/13/2025 3:44:44 PM|Bankroll|4993677|
441760|jacka|north 40|The Legion|10020|Purple|633593|ftcows|ftcows|The Legion|10020|Purple|Approved|0|100|0|9/13/2025 3:23:00 PM|Financial Assistance|4993676|
644508|texwarhawk|Fjord Republic|The Legion|10020|Purple|633593|ftcows|ftcows|The Legion|10020|Purple|Approved|0|100|0|9/13/2025 3:03:12 PM|Financial Assistance|4993675|
187132|White Majik|VSOP United|Doombrella|17368|Black|635159|xAnri|xRoan|Doombrella|17368|Black|Approved|9000000|0|0|9/13/2025 2:57:54 PM|Financial Assistance|4993674|
576166|Xipz0r|Barafranca|New Pacific Order|10000|Red|251551|TSLOLWedgeAntill|TSL KINGDOM|New Pacific Order|10000|Red|Approved|9000000|0|0|9/13/2025 2:45:02 PM|Bankroll|4993673|
49861|rabonnobar|Calabria|Non Grata|10097|Maroon|260817|MamazlilMistake|Happy Hunting Ground|Non Grata|10097|Maroon|Approved|9000000|0|0|9/13/2025 2:41:14 PM|Financial Assistance|4993672|
49861|rabonnobar|Calabria|Non Grata|10097|Maroon|612276|Ascended Dio|The Nootropics|Non Grata|10097|Maroon|Approved|9000000|0|0|9/13/2025 2:41:08 PM|Financial Assistance|4993671|
86943|DenverDan|Greater Basin|CLAWS|15841|Black|525885|Zieg Know|Caldari State|CLAWS|15841|Black|Approved|9000000|0|1|9/13/2025 2:40:51 PM|100 Claws tech deal|4993670|
49861|rabonnobar|Calabria|Non Grata|10097|Maroon|647449|thelostsoul|TheLostNation|Doombrella|17368|Black|Approved|6000000|0|0|9/13/2025 2:40:47 PM|Financial Assistance|4993669|
86943|DenverDan|Greater Basin|CLAWS|15841|Black|590030|toledomike|BUGANATION|CLAWS|15841|Black|Approved|9000000|0|1|9/13/2025 2:40:29 PM|100 Claws tech deal|4993668|
576166|Xipz0r|Barafranca|New Pacific Order|10000|Red|554906|Terekhov|Revenge of Gravity|New Pacific Order|10000|Red|Pending|9000000|0|0|9/13/2025 2:39:38 PM|Bankroll|4993667|
576166|Xipz0r|Barafranca|New Pacific Order|10000|Red|645029|ZeroNinjaGT|Adventis|New Pacific Order|10000|Red|Approved|9000000|0|0|9/13/2025 2:39:28 PM|Bankroll|4993666|
576166|Xipz0r|Barafranca|New Pacific Order|10000|Red|533942|Saxplayer|Arstoria|New Pacific Order|10000|Red|Approved|9000000|0|0|9/13/2025 2:39:21 PM|Bankroll|4993665|
576166|Xipz0r|Barafranca|New Pacific Order|10000|Red|627542|ifesbob|ifesville|New Pacific Order|10000|Red|Approved|9000000|0|0|9/13/2025 2:39:14 PM|Bankroll|4993664|
449283|Sir Benevale|Orangewall|Knights of the Round Table|10092|Green|636950|Sir Percival|Galles|Knights Of The Round Table|10092|Green|Pending|9000000|0|4000|9/13/2025 1:54:06 PM|Crusade!|4993663|
288430|jrsyboy|toqueville|Non Grata|10097|Maroon|627572|Latexi|Why would I do this|Non Grata|10097|Maroon|Approved|9000000|0|0|9/13/2025 1:11:32 PM|Financial Assistance|4993662|
288430|jrsyboy|toqueville|Non Grata|10097|Maroon|624193|The1nonlykk|Biourja|Non Grata|10097|Maroon|Approved|9000000|0|0|9/13/2025 1:11:14 PM|Financial Assistance|4993661|
646890|HarryJ|Wambulance|Post Grunge Supergroup|16367|Brown|70316|Myworld|Stealth Kingdom|The Dark Templar|10056|Black|Approved|0|100|0|9/13/2025 1:04:20 PM|100/100 tech|4993660|
633463|Mein Kaiser|DasVaterland|Church of the Holy Platypus|17265|Green|8515|Turetel|Turetel|Freehold of The Wolves|15157|White|Approved|0|100|0|9/13/2025 12:38:01 PM|Financial Assistance|4993659|
633463|Mein Kaiser|DasVaterland|Church of the Holy Platypus|17265|Green|340698|Onified|Spork|NATO|10037|Blue|Approved|0|100|0|9/13/2025 12:37:40 PM|Financial Assistance|4993658|
633463|Mein Kaiser|DasVaterland|Church of the Holy Platypus|17265|Green|131473|Kilkenny|Huntonian|Christian Coalition Of Countries|10028|Maroon|Approved|0|100|0|9/13/2025 12:37:10 PM|Financial Assistance|4993657|
633463|Mein Kaiser|DasVaterland|Church of the Holy Platypus|17265|Green|240549|Codark|Codainia|Freehold of The Wolves|15157|White|Approved|0|100|0|9/13/2025 12:37:00 PM|Financial Assistance|4993656|
334182|st6mm|Northern Reich|Doombrella|17368|Black|634256|I Win You Lose|I Win You Loose|The Phoenix Federation|17385|Black|Approved|9000000|0|0|9/13/2025 12:36:59 PM|Tech deal|4993655|
646297|Snorkel|Rockies Folk State|Nuclear Proliferation League|17228|Aqua|525223|Zorrr|Deep Zither|Knights of the Round Table|10092|Purple|Approved|0|100|0|9/13/2025 12:12:49 PM|Tech delivery|4993654|
627722|Mustard Pougy|Frog Flats|Knights Of The Round Table|10092|Green|437548|Dutchmaster|Feardare|Coalition of Royal Allied Powers|10051|Maroon|Approved|0|100|0|9/13/2025 11:49:13 AM|A frog was here|4993653|
647184|DCBinks|Caogalna|Post Grunge Supergroup|16367|Brown|575900|TTexas|TTexas|Post Grunge Supergroup|16367|Brown|Approved|0|100|0|9/13/2025 11:43:15 AM|Financial Assistance|4993652|
634521|Kapleo|Kapleo|The Phoenix Federation|17385|Black|581999|Johnny Mac|Big Brother 17|CLAWS|15841|Black|Approved|0|100|0|9/13/2025 11:41:20 AM|Financial Assistance|4993651|
621876|thebigkas|kekistan69|COBRA|13717|Brown|247134|ShadowChaos|ShadowChaos|COBRA|13717|Maroon|Approved|0|100|0|9/13/2025 11:31:02 AM|Financial Assistance|4993650|
645269|1991s1|Policia|New Pacific Order|10000|Red|568748|Llednar Twem|Eurica|New Pacific Order|10000|Red|Pending|0|100|0|9/13/2025 11:30:17 AM|Aid|4993649|
184514|Franz Ferdinand|L252beck|Doombrella|17368|Black|647449|thelostsoul|TheLostNation|Doombrella|17368|Black|Approved|6000000|0|0|9/13/2025 11:04:10 AM|Driving in my Car|4993648|
607597|LukeDiamondking|Kosletraf Empire|The Greater Confederacy|16370|Green|626894|Gamestonk|GameStonk|COBRA|13717|Brown|Approved|9000000|0|0|9/13/2025 10:59:40 AM|Tech Deal 9M/100T |4993647|
187132|White Majik|VSOP United|Doombrella|17368|Black|647449|thelostsoul|TheLostNation|Doombrella|17368|Black|Approved|6000000|0|0|9/13/2025 10:58:48 AM|Financial Assistance|4993646|
546488|levothy|mycybernation|Knights Of The Round Table|10092|Green|200690|Andrew Wiggin|Eros|Knights Of The Round Table|10092|Green|Approved|0|100|0|9/13/2025 10:52:12 AM|Spin 207|4993645|
274261|Ub3rdude|Uberlandia|Nordreich|11319|Maroon|91872|PuliSher|Kerj&#228;l&#228;|Non Grata|10097|Maroon|Approved|9000000|0|0|9/13/2025 10:45:31 AM|Financial Assistance|4993644|
604849|Razgriz90|Republic of Eurasia|New Pacific Order|10000|Red|167235|ORCACommander|Hiigaran Federation|New Pacific Order|10000|Red|Approved|0|100|0|9/13/2025 10:42:01 AM|QT Tech|4993643|
604849|Razgriz90|Republic of Eurasia|New Pacific Order|10000|Red|522260|kalev60|Hiiumaa|New Pacific Order|10000|Red|Approved|0|100|0|9/13/2025 10:41:52 AM|QT Tech|4993642|
604849|Razgriz90|Republic of Eurasia|New Pacific Order|10000|Red|588946|AlphaCenturion|Sentosa Republic|New Pacific Order|10000|Red|Approved|0|100|0|9/13/2025 10:41:47 AM|QT Tech|4993641|
604849|Razgriz90|Republic of Eurasia|New Pacific Order|10000|Red|75117|rnegafan|Rnegfania|New Pacific Order|10000|Red|Approved|0|100|0|9/13/2025 10:41:42 AM|QT Tech|4993640|
604849|Razgriz90|Republic of Eurasia|New Pacific Order|10000|Red|629229|HopeFun|LimaPT|New Pacific Order|10000|Red|Approved|0|100|0|9/13/2025 10:41:20 AM|QT Tech|4993639|
604849|Razgriz90|Republic of Eurasia|New Pacific Order|10000|Red|637897|Rajubhai|Trico united|New Pacific Order|10000|Red|Approved|0|100|0|9/13/2025 10:41:15 AM|Vallum Aelium|4993638|
538755|zeldafan4ever|Terminus|Orange Defense Network|17435|Orange|38659|Rikhard II|Lunzania|Orange Defense Network|17435|Orange|Approved|0|100|0|9/13/2025 10:40:06 AM|Tech 1/3|4993637|
487772|reloadmvp|HAGVille|New Pacific Order|10000|Red|627542|ifesbob|ifesville|New Pacific Order|10000|Red|Approved|9000000|0|0|9/13/2025 10:39:30 AM|Bankroll|4993636|
487772|reloadmvp|HAGVille|New Pacific Order|10000|Red|645029|ZeroNinjaGT|Adventis|New Pacific Order|10000|Red|Approved|9000000|0|0|9/13/2025 10:39:23 AM|Bankroll|4993635|
487772|reloadmvp|HAGVille|New Pacific Order|10000|Red|554906|Terekhov|Revenge of Gravity|New Pacific Order|10000|Red|Pending|9000000|0|0|9/13/2025 10:39:18 AM|Bankroll|4993634|
487772|reloadmvp|HAGVille|New Pacific Order|10000|Red|533942|Saxplayer|Arstoria|New Pacific Order|10000|Red|Approved|9000000|0|0|9/13/2025 10:39:14 AM|Bankroll|4993633|
487772|reloadmvp|HAGVille|New Pacific Order|10000|Red|251551|TSLOLWedgeAntill|TSL KINGDOM|New Pacific Order|10000|Red|Approved|9000000|0|0|9/13/2025 10:39:09 AM|Bankroll|4993632|
616876|Lady Hawk|Isle of Mann|New Pacific Order|10000|Red|627542|ifesbob|ifesville|New Pacific Order|10000|Red|Approved|9000000|0|0|9/13/2025 10:32:08 AM|Bankroll|4993631|
616876|Lady Hawk|Isle of Mann|New Pacific Order|10000|Red|533942|Saxplayer|Arstoria|New Pacific Order|10000|Red|Approved|9000000|0|0|9/13/2025 10:31:57 AM|Bankroll|4993630|
616876|Lady Hawk|Isle of Mann|New Pacific Order|10000|Red|645029|ZeroNinjaGT|Adventis|New Pacific Order|10000|Red|Approved|9000000|0|0|9/13/2025 10:31:46 AM|Bankroll|4993629|
616876|Lady Hawk|Isle of Mann|New Pacific Order|10000|Red|554906|Terekhov|Revenge of Gravity|New Pacific Order|10000|Red|Pending|9000000|0|0|9/13/2025 10:31:36 AM|Bankroll|4993628|
616876|Lady Hawk|Isle of Mann|New Pacific Order|10000|Red|251551|TSLOLWedgeAntill|TSL KINGDOM|New Pacific Order|10000|Red|Approved|9000000|0|0|9/13/2025 10:31:23 AM|Bankroll|4993627|
616876|Lady Hawk|Isle of Mann|New Pacific Order|10000|Red|540880|Goosinater|United Mexico States|New Pacific Order|10000|Red|Approved|9000000|0|0|9/13/2025 10:29:43 AM|Credit Payout|4993626|
541311|King Quincy|Confederate USA|Green Protection Agency|10041|Green|645787|wetsandwich|High Cold River|Deathblow|17387|None|Pending|6000000|0|0|9/13/2025 10:08:53 AM|6Mill - 100Tech|4993625|
541311|King Quincy|Confederate USA|Green Protection Agency|10041|Green|646209|My Name Is KMob|KMobs Territory|Deathblow|17387|None|Approved|6000000|0|0|9/13/2025 10:06:45 AM|6Mill - 100Tech|4993624|
541311|King Quincy|Confederate USA|Green Protection Agency|10041|Green|628583|Dopes|Slaptico|Church of the Holy Platypus|17265|Brown|Approved|9000000|0|0|9/13/2025 10:05:15 AM|9Mill - 100Tech|4993623|
513467|master hakai|Afro Pick|Post Grunge Supergroup|16367|Brown|577964|WagonWheel|Wagons|Post Grunge Supergroup|16367|Brown|Approved|9000000|100|0|9/13/2025 9:57:45 AM|Money for drugs|4993622|
513467|master hakai|Afro Pick|Post Grunge Supergroup|16367|Brown|311659|tanglerat|Tir Mor|Post Grunge Supergroup|16367|Brown|Approved|0|100|0|9/13/2025 9:57:28 AM|Money for drugs|4993621|
513467|master hakai|Afro Pick|Post Grunge Supergroup|16367|Brown|542485|RedQueen|Myotistan|Post Grunge Supergroup|16367|Brown|Approved|9000000|0|0|9/13/2025 9:57:15 AM|Money for drugs|4993620|
513467|master hakai|Afro Pick|Post Grunge Supergroup|16367|Brown|627118|Shabalabadingdong|Shabnation|Post Grunge Supergroup|16367|Yellow|Approved|9000000|100|0|9/13/2025 9:57:02 AM|Money for drugs|4993619|
513467|master hakai|Afro Pick|Post Grunge Supergroup|16367|Brown|560632|Harper77|Harpistan|Post Grunge Supergroup|16367|Brown|Approved|9000000|100|0|9/13/2025 9:56:41 AM|Money for drugs|4993618|
513467|master hakai|Afro Pick|Post Grunge Supergroup|16367|Brown|528882|JSoprano|Darasuum|Post Grunge Supergroup|16367|Brown|Approved|9000000|100|0|9/13/2025 9:56:26 AM|Money for drugs|4993617|
424089|Soter|Republic of Verusia|Christian Coalition of Countries|10028|Maroon|299962|dev0win|1nfinity Otriad|Christian Coalition Of Countries|10028|Blue|Approved|0|100|0|9/13/2025 9:25:43 AM|Financial Assistance|4993616|
424089|Soter|Republic of Verusia|Christian Coalition of Countries|10028|Maroon|527097|Galerion|blighty|Freehold of The Wolves|15157|White|Approved|0|100|0|9/13/2025 9:25:34 AM|Financial Assistance|4993615|
230895|TCTriangle|Taninsania|Non Grata|10097|Maroon|631569|CaesarGorandius|Ohiostan|Non Grata|10097|Maroon|Approved|9000000|0|0|9/13/2025 9:24:21 AM|Tech Circle|4993614|
230895|TCTriangle|Taninsania|Non Grata|10097|Maroon|624193|The1nonlykk|Biourja|Non Grata|10097|Maroon|Approved|9000000|0|0|9/13/2025 9:23:56 AM|Tech Circle|4993613|
63284|Kills with Fire|New Highlands|Federation of Armed Nations|10021|Yellow|646787|Hye781|Calilove4ever|Christian Coalition Of Countries|10028|Maroon|Approved|9000000|0|0|9/13/2025 9:14:51 AM|Valyrian|4993612|
6728|Cuatela|Cuatela|New Pacific Order|10000|Red|627542|ifesbob|ifesville|New Pacific Order|10000|Red|Approved|9000000|0|0|9/13/2025 8:58:30 AM|Bankroll|4993611|
6728|Cuatela|Cuatela|New Pacific Order|10000|Red|533942|Saxplayer|Arstoria|New Pacific Order|10000|Red|Approved|9000000|0|0|9/13/2025 8:58:17 AM|Bankroll|4993610|
6728|Cuatela|Cuatela|New Pacific Order|10000|Red|645029|ZeroNinjaGT|Adventis|New Pacific Order|10000|Red|Approved|9000000|0|0|9/13/2025 8:58:05 AM|Bankroll|4993609|
6728|Cuatela|Cuatela|New Pacific Order|10000|Red|554906|Terekhov|Revenge of Gravity|New Pacific Order|10000|Red|Pending|9000000|0|0|9/13/2025 8:57:52 AM|Bankroll|4993608|
6728|Cuatela|Cuatela|New Pacific Order|10000|Red|643162|DarkDefiance|United Defiance|New Pacific Order|10000|Red|Approved|9000000|0|0|9/13/2025 8:57:37 AM|Bankroll|4993607|
6728|Cuatela|Cuatela|New Pacific Order|10000|Red|540880|Goosinater|United Mexico States|New Pacific Order|10000|Red|Approved|9000000|0|0|9/13/2025 8:57:22 AM|Credit Payout|4993606|
285433|Lord of Darkness|Relm of Darkness|New Pacific Order|10000|Red|580705|Theory|Westermont|New Pacific Order|10000|Red|Approved|9000000|0|0|9/13/2025 8:01:14 AM|Bankroll|4993605|
285433|Lord of Darkness|Relm of Darkness|New Pacific Order|10000|Red|645804|La Mismidad|Libertaris|New Pacific Order|10000|Red|Approved|9000000|0|0|9/13/2025 8:01:08 AM|Bankroll|4993604|
285433|Lord of Darkness|Relm of Darkness|New Pacific Order|10000|Red|644646|Naturschuetzer|Naturumgibt|New Pacific Order|10000|Red|Approved|9000000|0|0|9/13/2025 8:01:02 AM|Bankroll|4993603|
285433|Lord of Darkness|Relm of Darkness|New Pacific Order|10000|Red|627542|ifesbob|ifesville|New Pacific Order|10000|Red|Approved|9000000|0|0|9/13/2025 8:00:55 AM|Bankroll|4993602|
285433|Lord of Darkness|Relm of Darkness|New Pacific Order|10000|Red|533942|Saxplayer|Arstoria|New Pacific Order|10000|Red|Approved|9000000|0|0|9/13/2025 8:00:49 AM|Bankroll|4993601|
285433|Lord of Darkness|Relm of Darkness|New Pacific Order|10000|Red|645029|ZeroNinjaGT|Adventis|New Pacific Order|10000|Red|Approved|9000000|0|0|9/13/2025 8:00:40 AM|Bankroll|4993600|
637113|Up in smoke|Ring of Fire Island|CLAWS|15841|Black|640027|Rdjzozet|Tryzovits|CLAWS|15841|Black|Approved|9000000|0|0|9/13/2025 7:49:11 AM|$9 mil for 100 tech|4993599|
24905|Arminius|Festung Germania|Old Guard|11296|Blue|1037|mona lisa|3 oaks|Old Guard|11296|Blue|Approved|0|100|0|9/13/2025 7:49:00 AM|Financial Assistance|4993598|
640416|kevinbotz|Westerling|Knights Of The Round Table|10092|Green|647234|Azusa Yuu|North Japan Republic|Nuclear Proliferation League|17228|Black|Approved|6000000|0|0|9/13/2025 7:11:45 AM|Tech Deal|4993597|
256901|GurneyHalleck|Mountaineer|New Pacific Order|10000|Red|580705|Theory|Westermont|New Pacific Order|10000|Red|Approved|9000000|0|0|9/13/2025 7:03:59 AM|Bankroll|4993596|
256901|GurneyHalleck|Mountaineer|New Pacific Order|10000|Red|616294|Japanese Schoolgirls|Japanese Schoolgirls|New Pacific Order|10000|Red|Pending|9000000|0|0|9/13/2025 7:03:51 AM|Bankroll|4993595|
256901|GurneyHalleck|Mountaineer|New Pacific Order|10000|Red|551335|Hakora Kiyanto|Makayan|New Pacific Order|10000|Red|Pending|9000000|0|0|9/13/2025 7:03:42 AM|Bankroll|4993594|
256901|GurneyHalleck|Mountaineer|New Pacific Order|10000|Red|647335|Tosmanshotz|tOsMaNsHoTz Republic|New Pacific Order|10000|Red|Approved|6000000|0|0|9/13/2025 7:03:33 AM|QT Pay|4993593|
256901|GurneyHalleck|Mountaineer|New Pacific Order|10000|Red|646098|Brutus5149|Legio Lupi|New Pacific Order|10000|Red|Approved|9000000|0|0|9/13/2025 7:03:21 AM|Cash for DOPE|4993592|
256901|GurneyHalleck|Mountaineer|New Pacific Order|10000|Red|645082|TowerQueen|Turrim|New Pacific Order|10000|Red|Approved|9000000|0|0|9/13/2025 7:03:14 AM|QT Pay|4993591|
242836|BozDaBoz|CoastalBendatia|Fark|10002|Aqua|643135|Ferocious|Ferocious|Nuclear Proliferation League|17228|Black|Approved|9000000|0|0|9/13/2025 6:49:12 AM|tech deal 9m/100tech|4993590|
436358|mordred|Lothian and Orcanie|Knights of the Round Table|10092|Green|636950|Sir Percival|Galles|Knights Of The Round Table|10092|Green|Approved|9000000|0|4000|9/13/2025 6:38:10 AM|Rowdy Picts and Scots|4993589|
574720|tuhar|pastia|Knights Of The Round Table|10092|Green|568130|Bucky Carson|Santa Pecos|Knights Of The Round Table|10092|Green|Approved|0|100|0|9/13/2025 6:34:15 AM|Tech deal |4993588|
646465|Panglima Burung|Kalimantan Baru|New Pacific Order|10000|Red|21424|John Edward|Ardenchestia|New Pacific Order|10000|Red|Approved|0|100|0|9/13/2025 6:33:22 AM|Vallum Aelium|4993587|
630971|Jeremiah|CERAVA|Non Grata|10097|Maroon|254775|Bionic redhead|Bionicus|Non Grata|10097|Aqua|Approved|0|100|0|9/13/2025 6:30:48 AM|Tech Delivery|4993586|
504045|Agravain Cardif|Dures Mains|Knights Of The Round Table|10092|Green|647234|Azusa Yuu|North Japan Republic|Nuclear Proliferation League|17228|Black|Approved|6000000|0|0|9/13/2025 6:13:28 AM|Tech ($6M/100)|4993585|
582707|Balthier|Dalmascan Ruins|Sparta|10008|Black|119735|smusmu|Smustra|Sparta|10008|Black|Approved|0|100|0|9/13/2025 5:49:58 AM|Financial Assistance|4993584|
553512|Marcin|Karpowicze|Knights Of The Round Table|10092|Green|647341|Danger Robinson|French Harbor||0|None|Approved|6000000|0|4000|9/13/2025 5:26:00 AM|New Tabattnia Deal|4993583|
553512|Marcin|Karpowicze|Knights Of The Round Table|10092|Green|633305|Angel Ray|Tecnia|Knights Of The Round Table|10092|Green|Approved|9000000|0|0|9/13/2025 5:24:48 AM|Technologia 100|4993582|
106268|cable77|Tau ri|Fark|10002|Aqua|640096|recockulous|Yuge Indictments|Fark|10002|Aqua|Approved|9000000|0|0|9/13/2025 5:21:29 AM|techy tech|4993581|
86784|Kongen|Frontline|New Polar Order|10006|Blue|643625|DERVISHchaff|Sudentor|New Polar Order|10006|Blue|Approved|6000000|0|0|9/13/2025 5:09:13 AM|ICECAP Cash|4993580|
86784|Kongen|Frontline|New Polar Order|10006|Blue|638048|CharlisonX|Willstate|New Polar Order|10006|Blue|Approved|9000000|0|0|9/13/2025 5:08:50 AM|Polar Express|4993579|
86784|Kongen|Frontline|New Polar Order|10006|Blue|602798|Tharu|Thunnalai|New Polar Order|10006|Blue|Approved|9000000|0|0|9/13/2025 5:08:42 AM|Polar Express|4993578|
86784|Kongen|Frontline|New Polar Order|10006|Blue|605765|Darth Actorbass|Tarmon Gaidon|New Polar Order|10006|Blue|Approved|9000000|0|0|9/13/2025 5:08:27 AM|Aid Fall|4993577|
511886|The Sentinel|Ruscino|Knights of the Round Table|10092|Green|633305|Angel Ray|Tecnia|Knights Of The Round Table|10092|Green|Approved|9000000|0|0|9/13/2025 5:08:22 AM|Tech.9.100|4993576|
86784|Kongen|Frontline|New Polar Order|10006|Blue|640161|ToiletGaming3000|Good Game|New Polar Order|10006|Blue|Pending|9000000|0|0|9/13/2025 5:08:15 AM|Military Wonder Funding|4993575|
86784|Kongen|Frontline|New Polar Order|10006|Blue|639953|Mihail the Just|Republic of Onivlac|New Polar Order|10006|Blue|Approved|9000000|0|0|9/13/2025 5:07:47 AM|ICECAP Cash|4993574|
86784|Kongen|Frontline|New Polar Order|10006|Blue|599547|LongFist|Gemini Technocracy|New Polar Order|10006|Maroon|Approved|9000000|0|0|9/13/2025 5:07:32 AM|ICECAP Cash|4993573|
642596|Fine and dandy|New Olsztyn Republic|Viridian Entente|10010|Green|71592|upchuck|warmarding|Viridian Entente|10010|Green|Approved|0|100|0|9/13/2025 4:59:41 AM|Tech 2/2|4993572|
311659|tanglerat|Tir Mor|Post Grunge Supergroup|16367|Brown|637471|Branjawn|United Bishops|Post Grunge Supergroup|16367|Brown|Pending|9000000|0|0|9/13/2025 4:48:47 AM|Tech deal 9/100?|4993571|
570802|IlDuce|ItaliaSS|CLAWS|15841|Black|216336|Stetson76|Axeland|CLAWS|15841|Black|Approved|0|100|0|9/13/2025 4:27:55 AM|Deal|4993570|
646409|Kingdjthadestroyer|King Dj|Global Alliance And Treaty Organization|10003|Brown|646327|KittenGosCrazy|Aura Kingdom|Global Alliance And Treaty Organization|10003|Brown|Approved|0|100|0|9/13/2025 4:23:35 AM|Financial Assistance|4993569|
618472|Leftie|Brotherhood|Madlads Union|17130|Brown|644785|Optimus881|Wakanda881|Post Grunge Supergroup|16367|Brown|Approved|9000000|0|0|9/13/2025 4:22:58 AM|9M / 100T? - MadLads|4993568|
645526|Khanya The Great|Triangula|Veneris|17356|White|263220|Gambona|Gambona|CLAWS|15841|Black|Approved|0|100|0|9/13/2025 3:48:09 AM|Financial Assistance|4993567|
646167|DoctorDlicious|Lat Flan|Non Grata|10097|Maroon|243186|ditchboy00|Ditchopia|Non Grata|10097|Maroon|Approved|0|100|0|9/13/2025 3:20:18 AM|tech deal|4993566|
144192|Sagha|Nickelattia|Non Grata|10097|Maroon|628583|Dopes|Slaptico|Church of the Holy Platypus|17265|Brown|Approved|9000000|0|0|9/13/2025 3:19:12 AM|9mil for 100 tech|4993565|
646167|DoctorDlicious|Lat Flan|Non Grata|10097|Maroon|144192|Sagha|Nickelattia|Non Grata|10097|Maroon|Approved|0|100|0|9/13/2025 3:17:39 AM|Tech Deal|4993564|
262614|aml520|Hantou|New Polar Order|10006|Blue|512699|Mindbraker|Aguda|New Polar Order|10006|Blue|Approved|0|100|0|9/13/2025 3:13:26 AM|ICECAP Tech|4993563|
262614|aml520|Hantou|New Polar Order|10006|Blue|466880|Pesticide|Vermin|New Polar Order|10006|Blue|Approved|0|100|0|9/13/2025 3:13:01 AM|ICECAP Tech|4993562|
374321|Clash|Discord|Doombrella|17368|Black|334182|st6mm|Northern Reich|Doombrella|17368|Black|Approved|9000000|0|4000|9/13/2025 3:07:51 AM|Welcome to Dumb|4993561|
643135|Ferocious|Ferocious|Nuclear Proliferation League|17228|Black|645985|CaboMabo|CaboMabo|Nuclear Proliferation League|17228|Aqua|Approved|9000000|100|0|9/13/2025 2:54:22 AM|2/4 payment |4993560|
590806|vocalese|Vocalese|The Imperial Entente|16809|Maroon|485589|LUCIOUS IMPERIOUS|INDIANS|Random Insanity Alliance|10038|Maroon|Approved|0|100|0|9/13/2025 2:31:18 AM|Financial Assistance|4993559|
590806|vocalese|Vocalese|The Imperial Entente|16809|Maroon|138858|Haart|Barbarica|The Templar Knights|10012|Maroon|Approved|0|100|0|9/13/2025 2:31:02 AM|Financial Assistance|4993558|
645234|HARP THE GREAT|NICOLAMIA|Veneris|17356|White|647152|White Ruler|Exotica|Veneris|17356|White|Approved|6000000|0|0|9/13/2025 2:30:43 AM|Financial Assistance|4993557|
590806|vocalese|Vocalese|The Imperial Entente|16809|Maroon|273692|Pope Bubba XIII|Rebel Virginia|Non Grata|10097|Maroon|Approved|0|100|0|9/13/2025 2:30:42 AM|Financial Assistance|4993556|
299207|Gingray|Colonia Irlanda|Sparta|10008|Black|599846|RandomWon|Hangry|Sparta|10008|Green|Approved|6000000|0|0|9/13/2025 2:11:59 AM|Financial Assistance|4993555|
260342|abcdefg|Alphabets|Independent Republic Of Orange Nations|10004|Aqua|643876|LordInfamous|Swindlerstan|Independent Republic Of Orange Nations|10004|Orange|Approved|9000000|0|0|9/13/2025 1:47:21 AM|ITF|4993554|
629180|filgod|Sicara|The Legion|10020|Purple|641298|Marshal Kendall|Shafar|The Legion|10020|Purple|Approved|9000000|0|0|9/13/2025 1:25:33 AM|Financial Assistance|4993553|
625051|Troopers|Colonist|CLAWS|15841|Black|275547|BigKif|KifLand|CLAWS|15841|Black|Approved|0|100|0|9/13/2025 1:06:30 AM|Financial Assistance|4993552|
625051|Troopers|Colonist|CLAWS|15841|Black|177947|Badassname|Badassnation|CLAWS|15841|Black|Approved|0|100|0|9/13/2025 1:06:22 AM|Financial Assistance|4993551|
625051|Troopers|Colonist|CLAWS|15841|Black|581999|Johnny Mac|Big Brother 17|CLAWS|15841|Black|Approved|0|100|0|9/13/2025 1:06:11 AM|Financial Assistance|4993550|
625051|Troopers|Colonist|CLAWS|15841|Black|86943|DenverDan|Greater Basin|CLAWS|15841|Black|Approved|0|100|0|9/13/2025 1:06:02 AM|Financial Assistance|4993549|
138858|Haart|Barbarica|The Templar Knights|10012|Maroon|626894|Gamestonk|GameStonk|COBRA|13717|Brown|Approved|9000000|0|0|9/13/2025 1:02:11 AM|Tech Deal, 9 M - 100 tech|4993548|
643370|Extractum11|TerraExtraxi|The Legion|10020|Purple|373827|VLs Revenge|Revengia|The Legion|10020|Purple|Approved|0|100|0|9/13/2025 12:57:00 AM|Financial Assistance|4993547|
646497|Arcanium|Averium|Nuclear Proliferation League|17228|Aqua|645985|CaboMabo|CaboMabo|Nuclear Proliferation League|17228|Aqua|Approved|9000000|100|0|9/13/2025 12:54:32 AM|4/5 Repayment|4993546|
49522|Croix|Edjaal|Random Insanity Alliance|10038|Maroon|184994|Oro Ibah Aozpi|Novgorod|Nordreich|11319|Maroon|Approved|0|100|0|9/13/2025 12:51:42 AM|Financial Assistance|4993545|
382141|janro|Nuts Land|New Pacific Order|10000|Red|580705|Theory|Westermont|New Pacific Order|10000|Red|Approved|9000000|0|0|9/13/2025 12:45:22 AM|Bankroll|4993544|
382141|janro|Nuts Land|New Pacific Order|10000|Red|646098|Brutus5149|Legio Lupi|New Pacific Order|10000|Red|Approved|9000000|0|0|9/13/2025 12:45:17 AM|Cash for DOPE|4993543|
382141|janro|Nuts Land|New Pacific Order|10000|Red|645269|1991s1|Policia|New Pacific Order|10000|Red|Approved|9000000|0|0|9/13/2025 12:45:10 AM|Cash for DOPE|4993542|
382141|janro|Nuts Land|New Pacific Order|10000|Red|551335|Hakora Kiyanto|Makayan|New Pacific Order|10000|Red|Pending|9000000|0|0|9/13/2025 12:45:03 AM|Bankroll|4993541|
382141|janro|Nuts Land|New Pacific Order|10000|Red|207736|maxpower316|Lunatic Pandora|New Pacific Order|10000|Red|Approved|9000000|0|0|9/13/2025 12:44:57 AM|Bankroll|4993540|
646353|tuomas|temple of perversion|The Legion|10020|Purple|373827|VLs Revenge|Revengia|The Legion|10020|Purple|Approved|0|100|0|9/13/2025 12:44:56 AM|Financial Assistance|4993539|
382141|janro|Nuts Land|New Pacific Order|10000|Red|642107|xUnwanteDx|xNazaricKx|New Pacific Order|10000|Red|Approved|9000000|0|0|9/13/2025 12:44:52 AM|Bankroll|4993538|
33116|+Zeke+|Iron Heart|The Dark Templar|10056|Black|644967|Mushrat|Ormarr Land|The Grand Lodge Of Freemasons|10029|Orange|Approved|9000000|0|0|9/13/2025 12:36:43 AM|Tech Deal 9M/100T|4993537|
33116|+Zeke+|Iron Heart|The Dark Templar|10056|Black|646025|Hiten21|HAPUD|The Dark Templar|10056|Black|Approved|9000000|0|0|9/13/2025 12:36:19 AM|DT Aids Program|4993536|
625634|firingline|TheCastle|The Wolves|16660|Black|632290|JT the Lionheart|Empire of the Rock|The Wolves|16660|Maroon|Approved|9000000|100|0|9/13/2025 12:21:58 AM|Send tech to armpit |4993535|
636950|Sir Percival|Galles|Knights Of The Round Table|10092|Green|200690|Andrew Wiggin|Eros|Knights Of The Round Table|10092|Green|Approved|0|100|0|9/13/2025 12:20:41 AM|Yr 100t Thanks|4993534|
627747|bretrun|Togrador|CLAWS|15841|Black|633233|Mike Khunt|Cypress Hill|CLAWS|15841|Black|Approved|0|100|0|9/13/2025 12:15:10 AM|Financial Assistance|4993533|
627747|bretrun|Togrador|CLAWS|15841|Black|263220|Gambona|Gambona|CLAWS|15841|Black|Approved|0|100|0|9/13/2025 12:14:53 AM|Financial Assistance|4993532|
248357|MrSka|Slartibartfast|NATO|10037|Blue|535865|Donbo McSlay|Donbo Land|Federation Of Armed Nations|10021|Yellow|Approved|9000000|0|0|9/13/2025 12:04:49 AM|Valyrian Aid|4993531|
606462|Iamjust0ne|Senstown|Doom Squad|16454|Black|644951|Landric|Republic of Ursus|The Grand Lodge Of Freemasons|10029|Orange|Approved|6000000|0|0|9/13/2025 12:04:16 AM|6m for 100 tech|4993530|
522964|Nuclear tech 2|Nuclear tech 2|Nuclear Proliferation League|17228|Black|647485|SausyNapkins|SausyTits||0|Black|Approved|6000000|0|0|9/12/2025 11:49:22 PM|Tech Deal|4993529|
485589|LUCIOUS IMPERIOUS|INDIANS|Random Insanity Alliance|10038|Maroon|76627|shwampy|Barryteroria|Libertarian Socialist Federation|10027|White|Approved|6000000|0|0|9/12/2025 11:37:58 PM|6M/100T TECH DEAL???|4993528|
522964|Nuclear tech 2|Nuclear tech 2|Nuclear Proliferation League|17228|Black|647487|DabsEveryDayOG|WeWontInvadeYou||0|Black|Approved|6000000|0|0|9/12/2025 11:34:50 PM|Tech Deal|4993527|
625634|firingline|TheCastle|The Wolves|16660|Black|630433|Wuldor Winnan|Wuldor Winnan|The Wolves|16660|Maroon|Approved|9000000|100|0|9/12/2025 11:03:28 PM|Send the tech to Rothaic|4993526|
261397|Rampage3|United Liberocracy|Nuclear Proliferation League|17228|Aqua|645985|CaboMabo|CaboMabo|Nuclear Proliferation League|17228|Aqua|Approved|9000000|0|0|9/12/2025 10:49:40 PM|5 of ?|4993525|
261397|Rampage3|United Liberocracy|Nuclear Proliferation League|17228|Aqua|647395|Jackson72|Betrothed|Nuclear Proliferation League|17228|White|Approved|6000000|0|0|9/12/2025 10:49:00 PM|6/100 Tech Deal|4993524|
405936|Griffy|Rememberence|Global Alliance And Treaty Organization|10003|Brown|561575|DragonsPhyre|Dragon Spire|Global Alliance And Treaty Organization|10003|Brown|Approved|0|100|0|9/12/2025 10:42:15 PM|Financial Assistance|4993523|
405936|Griffy|Rememberence|Global Alliance And Treaty Organization|10003|Brown|86974|Mad Mike|Mikeville|Global Alliance And Treaty Organization|10003|Brown|Approved|0|100|0|9/12/2025 10:41:55 PM|Financial Assistance|4993522|
120427|Ashleaa|Pigtopia|Federation of Armed Nations|10021|Yellow|373428|Brian|The Looking Glass|Christian Coalition Of Countries|10028|Maroon|Approved|9000000|0|0|9/12/2025 10:31:05 PM|VEP Tech Deal|4993521|
507771|MtPollux|The Monkey Kingdom|Nuclear Proliferation League|17228|Brown|647474|dudekidguy|Republic of Jacob|Nuclear Proliferation League|17228|Aqua|Approved|6000000|0|0|9/12/2025 10:20:28 PM|NPL aid buy a harbor|4993520|
528479|paul711|Paulinca|Non Grata|10097|Maroon|238472|Xerxes|New Persia|Non Grata|10097|Maroon|Approved|9000000|0|0|9/12/2025 9:53:50 PM|Financial Assistance|4993519|
181481|HammerMan|Dooche|Non Grata|10097|Maroon|327088|spearo|Deep Blue|Non Grata|10097|Maroon|Approved|0|100|0|9/12/2025 9:53:36 PM|Financial Assistance|4993518|
528479|paul711|Paulinca|Non Grata|10097|Maroon|599455|RearviewRover|Prossy Boat Party|Non Grata|10097|Maroon|Approved|9000000|0|0|9/12/2025 9:53:31 PM|Financial Assistance|4993517|
319843|Sinister|New Terminal|Non Grata|10097|Maroon|588320|RUB10|Establishmentaria|Non Grata|10097|Maroon|Approved|9000000|0|0|9/12/2025 9:29:52 PM|Financial Assistance|4993516|
275547|BigKif|KifLand|CLAWS|15841|Black|646790|ADEVA|Lyceaum|The Legion|10020|Purple|Approved|9000000|0|0|9/12/2025 9:22:38 PM|Long Deal|4993515|
188637|Caustic|Hazardous Materials|Non Grata|10097|Maroon|181481|HammerMan|Dooche|Non Grata|10097|Maroon|Approved|9000000|0|0|9/12/2025 9:19:30 PM|Financial Assistance|4993514|
188637|Caustic|Hazardous Materials|Non Grata|10097|Maroon|538690|CrinkledStraw|The Fierce Crown|Non Grata|10097|Maroon|Approved|9000000|0|0|9/12/2025 9:19:21 PM|Financial Assistance|4993513|
188637|Caustic|Hazardous Materials|Non Grata|10097|Maroon|626678|slothix|Kevin|Non Grata|10097|Maroon|Approved|9000000|0|0|9/12/2025 9:19:10 PM|Financial Assistance|4993512|
155817|MutedFaith|Faithoria|Non Grata|10097|Maroon|369917|Gibsonator21|Gibsonistan|Non Grata|10097|Maroon|Approved|9000000|0|0|9/12/2025 9:03:46 PM|tech|4993511|
631706|Silver Witch|Virtual Empire|The Legion|10020|Purple|373827|VLs Revenge|Revengia|The Legion|10020|Purple|Approved|0|100|0|9/12/2025 8:34:39 PM|Caesar|4993510|
580044|Sir Kiloist|Tiocfaidh ar la|Global Alliance And Treaty Organization|10003|Brown|4930|Sir Sci|Scots Empire|Global Alliance and Treaty Organization|10003|Brown|Approved|9000000|0|0|9/12/2025 8:19:32 PM|Financial Assistance|4993509|
630674|Ghostruler1|Winterfelllllll|New Pacific Order|10000|Red|515093|GoldenAura|Communist Crackous|New Pacific Order|10000|Red|Approved|0|100|0|9/12/2025 7:54:20 PM|QT Tech|4993508|
630674|Ghostruler1|Winterfelllllll|New Pacific Order|10000|Red|522260|kalev60|Hiiumaa|New Pacific Order|10000|Red|Approved|0|100|0|9/12/2025 7:54:09 PM|QT Tech|4993507|
630674|Ghostruler1|Winterfelllllll|New Pacific Order|10000|Red|568748|Llednar Twem|Eurica|New Pacific Order|10000|Red|Pending|0|100|0|9/12/2025 7:54:03 PM|QT Tech|4993506|
584955|Ayiana|Veritable|Independent Republic Of Orange Nations|10004|Orange|207900|Queltocz|Quelto|Independent Republic Of Orange Nations|10004|Orange|Approved|0|100|0|9/12/2025 7:52:11 PM|ITF|4993505|
584955|Ayiana|Veritable|Independent Republic Of Orange Nations|10004|Orange|605023|JuggernautMD|Framework|Independent Republic Of Orange Nations|10004|Orange|Approved|0|100|0|9/12/2025 7:51:14 PM|ITF|4993504|
159192|Matt Bowen|Bowenland|Knights Of The Round Table|10092|Green|640027|Rdjzozet|Tryzovits|CLAWS|15841|Black|Approved|9000000|0|1|9/12/2025 7:11:02 PM|Tech Deal $9M/100 Tech|4993503|
72766|Gofastleft|Racesteria|Non Grata|10097|Maroon|638461|Jerby|Simulacra|Non Grata|10097|Maroon|Approved|9000000|0|0|9/12/2025 6:58:16 PM|Tech|4993502|
349468|Adolph Mussolini|Aveotrix|CLAWS|15841|Black|631191|Magnus IV|Kingdom of Ars Magna|CLAWS|15841|Black|Approved|9000000|0|0|9/12/2025 6:26:02 PM|Tech Deal 9/100|4993501|
349468|Adolph Mussolini|Aveotrix|CLAWS|15841|Black|590030|toledomike|BUGANATION|CLAWS|15841|Black|Approved|9000000|0|0|9/12/2025 6:25:42 PM|Financial Assistance|4993500|
644316|Sam Sparks|Mendota|Sparta|10008|Black|119735|smusmu|Smustra|Sparta|10008|Black|Approved|0|100|0|9/12/2025 6:19:18 PM|Tech Deal|4993499|
647087|Meow22Meow22|Miwso|Raft Raft Federation CN group|17446|Black|177947|Badassname|Badassnation|CLAWS|15841|Black|Approved|0|100|0|9/12/2025 6:15:51 PM|Financial Assistance|4993498|
242836|BozDaBoz|CoastalBendatia|Fark|10002|Aqua|645829|blegth|irting|Nuclear Proliferation League|17228|Aqua|Approved|9000000|0|0|9/12/2025 6:13:05 PM|tech deal 9m/100tech|4993497|
646431|The Cute Twin|Vlasic|Doom Squad|16454|Black|240223|White Chocolate|Lander Clan|CLAWS|15841|Black|Approved|0|100|0|9/12/2025 6:09:17 PM|Financial Assistance|4993496|
646431|The Cute Twin|Vlasic|Doom Squad|16454|Black|520285|Banned|Lacedaemon|DOOMBIRD DOOMCAVE|10449|Black|Pending|0|100|0|9/12/2025 6:09:01 PM|Financial Assistance|4993495|
646431|The Cute Twin|Vlasic|Doom Squad|16454|Black|615966|tehol|Lether|Doom Squad|16454|Black|Approved|0|100|0|9/12/2025 6:08:42 PM|Financial Assistance|4993494|
315967|slmarsch|Rio Grande|Freehold of The Wolves|15157|White|510139|AnthraxAnderson|Empire of Armageddon|NATO|10037|Blue|Approved|9000000|0|0|9/12/2025 6:08:17 PM|VEP|4993493|
646431|The Cute Twin|Vlasic|Doom Squad|16454|Black|567720|Cosmic Chocolate|Soaring Eagle|Doombrella|17368|Black|Approved|0|100|0|9/12/2025 6:08:10 PM|Financial Assistance|4993492|
315967|slmarsch|Rio Grande|Freehold of The Wolves|15157|White|373428|Brian|The Looking Glass|Christian Coalition Of Countries|10028|Maroon|Approved|9000000|0|0|9/12/2025 6:07:56 PM|VEP|4993491|
646431|The Cute Twin|Vlasic|Doom Squad|16454|Black|466941|Komplex|Despair|DOOMBIRD DOOMCAVE|10449|Black|Approved|0|100|0|9/12/2025 6:07:42 PM|Financial Assistance|4993490|
106012|President JR Seisa|Themysciera|NATO|10037|Blue|510139|AnthraxAnderson|Empire of Armageddon|NATO|10037|Blue|Approved|9000000|0|0|9/12/2025 6:02:32 PM|VEP|4993489|
106012|President JR Seisa|Themysciera|NATO|10037|Blue|373428|Brian|The Looking Glass|Christian Coalition Of Countries|10028|Maroon|Approved|9000000|0|0|9/12/2025 6:02:06 PM|VEP|4993488|
631569|CaesarGorandius|Ohiostan|Non Grata|10097|Maroon|469301|Lars Jorgens|Whale of a Time|Non Grata|10097|Maroon|Approved|0|100|0|9/12/2025 5:45:05 PM|NG Tech Circle|4993487|
78691|konkrage1|konkrage1|The Legion|10020|Purple|297707|madalchemist|Wyvren|The Legion|10020|Purple|Approved|0|100|0|9/12/2025 5:40:39 PM|Free Non Bank Aid|4993486|
78691|konkrage1|konkrage1|The Legion|10020|Purple|529402|Firkinvald|Firkinland|The Legion|10020|Purple|Approved|0|100|0|9/12/2025 5:39:09 PM|free aid, non bank|4993485|
78691|konkrage1|konkrage1|The Legion|10020|Purple|373827|VLs Revenge|Revengia|The Legion|10020|Purple|Approved|0|100|0|9/12/2025 5:36:43 PM|Financial Assistance|4993484|
78691|konkrage1|konkrage1|The Legion|10020|Purple|633593|ftcows|ftcows|The Legion|10020|Purple|Approved|0|100|0|9/12/2025 5:36:24 PM|Financial Assistance|4993483|
144708|Matthew PK|Commonwealth of LoL|Doombrella|17368|Black|646975|Thomassh|HighGateHaven|Doombrella|17368|Black|Approved|9000000|0|0|9/12/2025 5:12:22 PM|Financial Assistance|4993482|
159031|jefcolpan|scarab marangue|Freehold of The Wolves|15157|White|28204|IWishIHadATank|Guerra Máquina|LoSS|15565|Orange|Approved|600000|0|0|9/12/2025 4:53:01 PM|tech deal|4993481|
580021|General Kanabis|Imperio Mexica|COBRA|13717|Brown|601941|tikibird|Regression|COBRA|13717|Brown|Approved|0|100|0|9/12/2025 4:28:56 PM|Free birb seed|4993480|
647334|Healthy|Perfectly Healthy|Global Alliance And Treaty Organization|10003|Brown|206001|Mallardius|Dominion of the Duck|Global Alliance And Treaty Organization|10003|Brown|Approved|0|100|0|9/12/2025 4:11:29 PM|Financial Assistance|4993479|
647334|Healthy|Perfectly Healthy|Global Alliance And Treaty Organization|10003|Brown|455413|Duke Nukem|NukemLand|Global Alliance And Treaty Organization|10003|Brown|Approved|0|100|0|9/12/2025 4:11:16 PM|Financial Assistance|4993478|
567239|GrumpyOldFool|Sugarstan|Fark|10002|Aqua|159130|Decide R Inchief|decided4us|Fark|10002|Aqua|Approved|0|100|0|9/12/2025 3:52:53 PM|Tech 1/2|4993477|
567239|GrumpyOldFool|Sugarstan|Fark|10002|Aqua|407657|Shtanto|Shtanto|Non Grata|10097|Maroon|Pending|0|100|0|9/12/2025 3:52:26 PM|Tech|4993476|
200690|Andrew Wiggin|Eros|Knights Of The Round Table|10092|Green|638158|TheBlob|Space Jelly|Knights Of The Round Table|10092|Red|Approved|9000000|0|0|9/12/2025 3:43:42 PM|Tech deal|4993475|
643162|DarkDefiance|United Defiance|New Pacific Order|10000|Red|75117|rnegafan|Rnegfania|New Pacific Order|10000|Red|Approved|0|100|0|9/12/2025 3:42:57 PM|QT Tech|4993474|
559866|Heel Tribe|Develyes|The Dark Templar|10056|Black|545096|Mumzilla|Hulkville|The Dark Templar|10056|Black|Approved|0|100|0|9/12/2025 3:37:47 PM|Financial Assistance|4993473|
202168|Dr Doctor|NATO Armed Forces|NATO|10037|Blue|111159|MOOFER|Dragon of Cymru|NATO|10037|Blue|Approved|0|100|0|9/12/2025 3:32:26 PM|Valyrian Aid|4993472|
202168|Dr Doctor|NATO Armed Forces|NATO|10037|Blue|168160|Anhur|Esgaron|Old Guard|11296|Blue|Approved|0|100|0|9/12/2025 3:32:03 PM|VEP|4993471|
166207|Jekalle|Ranus|Non Grata|10097|Maroon|644042|calicocatface|Calico Islands|Non Grata|10097|Maroon|Approved|9000000|0|0|9/12/2025 3:16:20 PM|Build Aid 4/5|4993470|
137753|The Doogan|Republic of Wang|Mostly Harmless Alliance|14879|Aqua|159031|jefcolpan|scarab marangue|Freehold of The Wolves|15157|White|Approved|0|100|0|9/12/2025 3:00:45 PM|V|4993469|
137753|The Doogan|Republic of Wang|Mostly Harmless Alliance|14879|Aqua|111159|MOOFER|Dragon of Cymru|NATO|10037|Blue|Approved|0|100|0|9/12/2025 3:00:31 PM|Valyrian Aid|4993468|
137753|The Doogan|Republic of Wang|Mostly Harmless Alliance|14879|Aqua|527097|Galerion|blighty|Freehold of The Wolves|15157|White|Approved|0|100|0|9/12/2025 3:00:10 PM|Valyrian Aid|4993467|
647188|Ra Zeus|NewEygptianEmpire|Nuclear Proliferation League|17228|White|514897|Phocas|Lighthouse Island|The Prussian Empire|14204|Green|Approved|0|100|0|9/12/2025 2:56:03 PM|Financial Assistance|4993466|
647188|Ra Zeus|NewEygptianEmpire|Nuclear Proliferation League|17228|White|543131|Morjon|Wayward Renegade|Nuclear Proliferation League|17228|Aqua|Approved|0|100|0|9/12/2025 2:51:18 PM|Financial Assistance|4993465|
423349|Raiser|Inireland|Orange Defense Network|17435|Orange|87249|Infallible|Mulletville|Orange Defense Network|17435|Orange|Approved|0|100|0|9/12/2025 2:33:06 PM|Tech Deal (2/2)|4993463|
57033|Slywolfe|Slywolfe|New Pacific Order|10000|Red|540880|Goosinater|United Mexico States|New Pacific Order|10000|Red|Approved|9000000|0|0|9/12/2025 2:25:04 PM|Credit Payout|4993462|
57033|Slywolfe|Slywolfe|New Pacific Order|10000|Red|555876|Khandov|Polonia Overlordship|New Pacific Order|10000|Red|Pending|9000000|0|0|9/12/2025 2:24:56 PM|Bankroll|4993461|
546488|levothy|mycybernation|Knights Of The Round Table|10092|Green|331985|aljabarian|CrabMan|Knights Of The Round Table|10092|Green|Approved|0|100|0|9/12/2025 2:18:12 PM|Tech Insurance Steampower|4993460|
635131|Thandrumland|Thandrumland|Independent Republic Of Orange Nations|10004|Orange|299207|Gingray|Colonia Irlanda|Sparta|10008|Black|Approved|0|100|0|9/12/2025 2:10:27 PM|Financial Assistance|4993459|
558318|Falcon9|Darkest Chandler|Fark|10002|Aqua|242836|BozDaBoz|CoastalBendatia|Fark|10002|Aqua|Approved|0|100|0|9/12/2025 1:54:25 PM|9/100|4993458|
558318|Falcon9|Darkest Chandler|Fark|10002|Aqua|207347|Arcane|Arcania|Fark|10002|Aqua|Approved|0|100|0|9/12/2025 1:54:13 PM|9/100|4993457|
195832|hackerhog|Frontier|Random Insanity Alliance|10038|Maroon|625646|muji111|muji111|Random Insanity Alliance|10038|Maroon|Approved|9000000|0|0|9/12/2025 1:40:20 PM|RIA 9M/100T Tech Deal|4993456|
626161|54vee|Tallinn Compact|CLAWS|15841|Black|436358|mordred|Lothian and Orcanie|Knights of the Round Table|10092|Green|Approved|0|100|0|9/12/2025 1:37:45 PM|Tech 9/100|4993455|
626161|54vee|Tallinn Compact|CLAWS|15841|Black|419811|Duke Mark|Old Missouri|Knights Of The Round Table|10092|Green|Approved|0|100|0|9/12/2025 1:37:36 PM|Tech 9/100|4993454|
626161|54vee|Tallinn Compact|CLAWS|15841|Black|410290|bdrocks|Knights of Honour|CLAWS|15841|Black|Approved|0|100|0|9/12/2025 1:37:27 PM|Tech 9/100|4993453|
646453|Fortune|Protea|The Legion|10020|Purple|373827|VLs Revenge|Revengia|The Legion|10020|Purple|Approved|0|100|0|9/12/2025 1:27:48 PM|Financial Assistance|4993452|
627972|GearHead|Rosche|NATO|10037|Blue|373428|Brian|The Looking Glass|Christian Coalition Of Countries|10028|Maroon|Approved|9000000|0|0|9/12/2025 1:26:32 PM|Vep|4993451|
645124|stugots|Trumpopolis|NATO|10037|Blue|647477|CraneGamesII|Justaroundthecorner|NATO|10037|Blue|Approved|6000000|0|0|9/12/2025 1:25:45 PM|Financial Assistance|4993450|
646453|Fortune|Protea|The Legion|10020|Purple|633593|ftcows|ftcows|The Legion|10020|Purple|Approved|0|100|0|9/12/2025 1:25:28 PM|Financial Assistance|4993449|
627972|GearHead|Rosche|NATO|10037|Blue|647477|CraneGamesII|Justaroundthecorner|NATO|10037|Blue|Approved|6000000|0|0|9/12/2025 1:24:50 PM|Welcome back!!|4993448|
14735|jsims8|DeKalb|Global Alliance and Treaty Organization|10003|Brown|646635|supremeruler|Astros|Post Grunge Supergroup|16367|Yellow|Approved|9000000|0|0|9/12/2025 1:18:25 PM|9/100|4993447|
645347|Randomnameguy|New England INC|Post Grunge Supergroup|16367|Brown|636336|Stelth|White Mountain|Union Of Communist Republics|10060|Brown|Approved|0|100|0|9/12/2025 1:15:44 PM|Tech Payment|4993446|
621073|Sylvainwrath|Sylvain Land|New Pacific Order|10000|Red|646321|equusSuprm|equusSuprm|New Pacific Order|10000|Red|Approved|9000000|0|0|9/12/2025 1:12:28 PM|QT Pay|4993445|
283424|Dropo7777|DelOrto|NATO|10037|Blue|510139|AnthraxAnderson|Empire of Armageddon|NATO|10037|Blue|Approved|9000000|0|0|9/12/2025 1:09:06 PM|Valyrian Aid|4993444|
283424|Dropo7777|DelOrto|NATO|10037|Blue|373428|Brian|The Looking Glass|Christian Coalition Of Countries|10028|Maroon|Approved|9000000|0|0|9/12/2025 1:08:49 PM|Valyrian Aid|4993443|
621073|Sylvainwrath|Sylvain Land|New Pacific Order|10000|Red|647349|Sand Dan Glokta|Fathom|New Pacific Order|10000|Red|Approved|6000000|0|0|9/12/2025 1:07:12 PM|Rising Stars|4993442|
621073|Sylvainwrath|Sylvain Land|New Pacific Order|10000|Red|572011|Nijil1|Polinasia|New Pacific Order|10000|Red|Pending|9000000|0|0|9/12/2025 1:05:51 PM|Bankroll|4993441|
644646|Naturschuetzer|Naturumgibt|New Pacific Order|10000|Red|600178|tejuguasu|tejuguasu|New Pacific Order|10000|Red|Approved|0|100|0|9/12/2025 11:59:34 AM|QT Tech|4993440|
404438|Herzog|Black Amber|Sparta|10008|Black|319444|Deej200|Rocca|Sparta|10008|Black|Approved|0|100|0|9/12/2025 11:57:01 AM|Financial Assistance|4993439|
404438|Herzog|Black Amber|Sparta|10008|Black|111387|riffers|Vagumachland|Sparta|10008|Black|Approved|0|100|0|9/12/2025 11:56:09 AM|Financial Assistance|4993438|
497470|Skaros Thunderbane|Shimazu Conglomerate|New Polar Order|10006|Blue|599547|LongFist|Gemini Technocracy|New Polar Order|10006|Maroon|Approved|9000000|0|0|9/12/2025 11:41:18 AM|Icecap Cash|4993437|
513358|SeasonsOfLove|Krzyzewskiville|New Pacific Order|10000|Red|647349|Sand Dan Glokta|Fathom|New Pacific Order|10000|Red|Approved|6000000|0|0|9/12/2025 11:24:16 AM|Rising Stars|4993436|
513358|SeasonsOfLove|Krzyzewskiville|New Pacific Order|10000|Red|642107|xUnwanteDx|xNazaricKx|New Pacific Order|10000|Red|Approved|9000000|0|0|9/12/2025 11:24:03 AM|Bankroll|4993435|
513358|SeasonsOfLove|Krzyzewskiville|New Pacific Order|10000|Red|616294|Japanese Schoolgirls|Japanese Schoolgirls|New Pacific Order|10000|Red|Pending|9000000|0|0|9/12/2025 11:23:42 AM|Bankroll|4993434|
513358|SeasonsOfLove|Krzyzewskiville|New Pacific Order|10000|Red|572011|Nijil1|Polinasia|New Pacific Order|10000|Red|Pending|9000000|0|0|9/12/2025 11:23:37 AM|Bankroll|4993433|
513358|SeasonsOfLove|Krzyzewskiville|New Pacific Order|10000|Red|207736|maxpower316|Lunatic Pandora|New Pacific Order|10000|Red|Approved|9000000|0|0|9/12/2025 11:23:32 AM|Bankroll|4993432|
159130|Decide R Inchief|decided4us|Fark|10002|Aqua|640096|recockulous|Yuge Indictments|Fark|10002|Aqua|Approved|9000000|0|0|9/12/2025 11:19:22 AM|a perfect quid pro quo |4993431|
643549|KingDutchison|KingDutchison|The Legion|10020|Purple|529402|Firkinvald|Firkinland|The Legion|10020|Purple|Approved|0|100|0|9/12/2025 11:04:13 AM|Financial Assistance|4993430|
632937|informator|Ukrainians|Knights Of The Round Table|10092|Green|588563|Kasper|Skora Horda|Knights Of The Round Table|10092|Green|Approved|0|100|0|9/12/2025 10:46:57 AM|Technology Assistance|4993429|
412136|King James II|Michigan II|NATO|10037|Blue|647477|CraneGamesII|Justaroundthecorner|NATO|10037|Blue|Approved|6000000|0|0|9/12/2025 10:43:58 AM|Some NATO love|4993428|
589615|Korlath|Korlithica|The Phoenix Federation|17385|Black|634521|Kapleo|Kapleo|The Phoenix Federation|17385|Black|Approved|9000000|0|0|9/12/2025 10:43:21 AM|Tech Deal|4993427|
646839|rickm27|Balmoria|Nuclear Proliferation League|17228|Aqua|35448|Randle|Cheesia|Global Alliance and Treaty Organization|10003|Brown|Approved|0|100|0|9/12/2025 10:41:34 AM|Financial Assistance|4993426|
640096|recockulous|Yuge Indictments|Fark|10002|Aqua|106123|hindy33|Hindistan|Fark|10002|Aqua|Approved|0|100|0|9/12/2025 10:29:38 AM|9/100|4993425|
362361|Gofast2006|Pioneer Village|Nuclear Proliferation League|17228|Aqua|645740|ShadowSleeper|Noevgono|Nuclear Proliferation League|17228|Aqua|Approved|9000000|0|0|9/12/2025 10:20:24 AM|9/100 tech|4993424|
322849|BLITZ1|BLITZKRIEG THE FIRST|Freehold of The Wolves|15157|White|233988|Antiglams|Benerilandia|NATO|10037|Blue|Approved|9000000|0|0|9/12/2025 10:07:57 AM|Valyrian Aid|4993423|
322849|BLITZ1|BLITZKRIEG THE FIRST|Freehold of The Wolves|15157|White|373428|Brian|The Looking Glass|Christian Coalition Of Countries|10028|Maroon|Approved|9000000|0|0|9/12/2025 10:07:42 AM|Valyrian Aid|4993422|
322849|BLITZ1|BLITZKRIEG THE FIRST|Freehold of The Wolves|15157|White|510139|AnthraxAnderson|Empire of Armageddon|NATO|10037|Blue|Approved|9000000|0|0|9/12/2025 10:07:25 AM|Valyrian Aid|4993421|
644713|Nailz|Clavos|The Legion|10020|Purple|529402|Firkinvald|Firkinland|The Legion|10020|Purple|Approved|0|100|0|9/12/2025 9:53:58 AM|Financial Assistance|4993420|
107572|oneeightytwo|d&#237;beartach|Fark|10002|Aqua|558909|InvaderZim1987|Robonia|Fark|10002|Aqua|Pending|9000000|0|0|9/12/2025 9:27:12 AM|Financial Assistance|4993419|
107572|oneeightytwo|d&#237;beartach|Fark|10002|Aqua|643197|HoustonBeBack|Larsden|Nuclear Proliferation League|17228|Aqua|Approved|9000000|0|0|9/12/2025 9:26:38 AM|tech deal - 9/100|4993418|
107572|oneeightytwo|d&#237;beartach|Fark|10002|Aqua|407586|FreezingAssassin|Charr|Fark|10002|Aqua|Approved|9000000|0|0|9/12/2025 9:26:19 AM|Free Bacon!|4993417|
229836|apemax|smugglers and mercs|The Imperial Order|10082|Blue|233988|Antiglams|Benerilandia|NATO|10037|Blue|Approved|9000000|0|0|9/12/2025 9:23:52 AM|VEP Tech Deal|4993416|
42086|bones_wizard|_snap_crackle_pop_|AGW Overlords|10043|Black|647152|White Ruler|Exotica|Veneris|17356|White|Approved|6000000|0|0|9/12/2025 9:18:25 AM|Financial Assistance|4993415|
3673|Zepher|Largonia|New Pacific Order|10000|Red|572011|Nijil1|Polinasia|New Pacific Order|10000|Red|Pending|9000000|0|0|9/12/2025 9:11:26 AM|Bankroll|4993414|
3673|Zepher|Largonia|New Pacific Order|10000|Red|647349|Sand Dan Glokta|Fathom|New Pacific Order|10000|Red|Approved|6000000|0|0|9/12/2025 9:10:50 AM|Rising Stars|4993413|
38760|Daedalus27|Daedalistan|Global Alliance and Treaty Organization|10003|Brown|644454|Mike Oxlong|Dixie Wrecked|Global Alliance And Treaty Organization|10003|Brown|Approved|9000000|0|0|9/12/2025 9:10:48 AM|Tech deal|4993412|
3673|Zepher|Largonia|New Pacific Order|10000|Red|616294|Japanese Schoolgirls|Japanese Schoolgirls|New Pacific Order|10000|Red|Pending|9000000|0|0|9/12/2025 9:10:15 AM|Bankroll|4993411|
80845|Aracto Totar|Taprobane|Viridian Entente|10010|Green|162795|sterbean|Bean Union|Viridian Entente|10010|Green|Approved|0|100|0|9/12/2025 9:01:57 AM|Financial Assistance|4993410|
250431|riser|Goodwill|CLAWS|15841|Black|640027|Rdjzozet|Tryzovits|CLAWS|15841|Black|Approved|9000000|0|0|9/12/2025 9:01:56 AM|9m/100 tech deal|4993409|
529402|Firkinvald|Firkinland|The Legion|10020|Purple|644508|texwarhawk|Fjord Republic|The Legion|10020|Purple|Approved|9000000|0|0|9/12/2025 9:01:43 AM|Financial Assistance|4993408|
555535|Presidential|WashingtonDC|Viridian Entente|10010|Green|89354|dougal4chaos|dougal4chaos|Viridian Entente|10010|Green|Approved|0|100|0|9/12/2025 9:01:18 AM|Financial Assistance|4993407|
555535|Presidential|WashingtonDC|Viridian Entente|10010|Green|453991|Lieutenant Yenroh|Baguettador III|Viridian Entente|10010|Green|Pending|0|100|0|9/12/2025 9:01:07 AM|Financial Assistance|4993406|
555535|Presidential|WashingtonDC|Viridian Entente|10010|Green|491885|Chuck Jongil|Soylent Greenland|Viridian Entente|10010|Green|Approved|0|100|0|9/12/2025 9:00:57 AM|Financial Assistance|4993405|
555535|Presidential|WashingtonDC|Viridian Entente|10010|Green|219343|TDEVIL|KINDOM OF HADES|Viridian Entente|10010|Green|Pending|0|100|0|9/12/2025 9:00:44 AM|Financial Assistance|4993404|
353933|Chuck|Teutonic Empire|The Templar Knights|10012|Maroon|287231|Bolivar|Bolivar|Libertarian Socialist Federation|10027|Brown|Approved|9000000|0|0|9/12/2025 8:56:15 AM|Tech Deal|4993403|
353933|Chuck|Teutonic Empire|The Templar Knights|10012|Maroon|301419|SirTwist|Twistland|The Grand Lodge Of Freemasons|10029|Orange|Approved|9000000|0|0|9/12/2025 8:55:37 AM|Tech Deal|4993402|
579231|Greg23|Chronictopia|Global Alliance And Treaty Organization|10003|Brown|39430|Kuzuryusen|Jianada|Global Alliance And Treaty Organization|10003|Brown|Approved|0|100|0|9/12/2025 8:54:49 AM|Financial Assistance|4993401|
646038|OT Dominic|borneo kenyalang|Christian Coalition Of Countries|10028|Maroon|541983|CVO|Kush|NATO|10037|Blue|Approved|0|100|0|9/12/2025 8:38:05 AM|Valyrian Aid|4993400|
646038|OT Dominic|borneo kenyalang|Christian Coalition Of Countries|10028|Maroon|359275|Jesusfreak|El Dorado|Christian Coalition of Countries|10028|Maroon|Approved|0|100|0|9/12/2025 8:37:40 AM|Valyrian Aid|4993399|
646038|OT Dominic|borneo kenyalang|Christian Coalition Of Countries|10028|Maroon|324421|Einer|Jesusland|Mostly Harmless Alliance|14879|White|Approved|0|100|0|9/12/2025 8:37:26 AM|Valyrian Aid|4993398|
646038|OT Dominic|borneo kenyalang|Christian Coalition Of Countries|10028|Maroon|412136|King James II|Michigan II|NATO|10037|Blue|Approved|0|100|0|9/12/2025 8:37:11 AM|Valyrian Aid|4993397|
646038|OT Dominic|borneo kenyalang|Christian Coalition Of Countries|10028|Maroon|299962|dev0win|1nfinity Otriad|Christian Coalition Of Countries|10028|Blue|Pending|0|100|0|9/12/2025 8:36:55 AM|Valyrian Aid|4993396|
646038|OT Dominic|borneo kenyalang|Christian Coalition Of Countries|10028|Maroon|111159|MOOFER|Dragon of Cymru|NATO|10037|Blue|Approved|0|100|0|9/12/2025 8:36:38 AM|Valyrian Aid|4993395|
646465|Panglima Burung|Kalimantan Baru|New Pacific Order|10000|Red|523247|Umbrae Noctem|Gronland|New Pacific Order|10000|Red|Approved|0|100|0|9/12/2025 8:32:38 AM|QT Tech|4993394|
645804|La Mismidad|Libertaris|New Pacific Order|10000|Red|273843|Northern Empire|Northern Empire|Independent Republic Of Orange Nations|10004|Orange|Approved|0|100|0|9/12/2025 8:19:17 AM|QT Tech|4993393|
645804|La Mismidad|Libertaris|New Pacific Order|10000|Red|600178|tejuguasu|tejuguasu|New Pacific Order|10000|Red|Approved|0|100|0|9/12/2025 8:19:11 AM|QT Tech|4993392|
538755|zeldafan4ever|Terminus|Orange Defense Network|17435|Orange|87249|Infallible|Mulletville|Orange Defense Network|17435|Orange|Approved|0|100|0|9/12/2025 8:16:36 AM|Tech 2/3|4993391|
538755|zeldafan4ever|Terminus|Orange Defense Network|17435|Orange|322157|Cartmantoria|Cartmantoria|Orange Defense Network|17435|Orange|Approved|0|100|0|9/12/2025 8:16:09 AM|Tech 1/3|4993390|
646439|Sagetheml|Santa Marco|Madlads Union|17130|Brown|326273|Red Rebel|Pi Lambda Phi|Madlads Union|17130|Brown|Approved|0|100|0|9/12/2025 8:13:38 AM|Financial Assistance|4993389|
487436|Arborder|Garrison One|Avalanche|10078|Blue|479490|King Cyan|The Cyan Kingdom|Global Alliance And Treaty Organization|10003|Brown|Approved|0|100|0|9/12/2025 8:05:54 AM|Shipment 2|4993388|
474935|Enabran Tain|Obsidian Order|Non Grata|10097|Maroon|634597|LiaColle|Prynthian|Non Grata|10097|Maroon|Approved|9000000|0|0|9/12/2025 7:58:54 AM|Tech Deal|4993387|
647335|Tosmanshotz|tOsMaNsHoTz Republic|New Pacific Order|10000|Red|273843|Northern Empire|Northern Empire|Independent Republic Of Orange Nations|10004|Orange|Approved|0|100|0|9/12/2025 7:57:24 AM|Qt Tech|4993386|
187132|White Majik|VSOP United|Doombrella|17368|Black|646870|Waffless|Wafflandia|Doombrella|17368|Black|Approved|9000000|0|0|9/12/2025 7:38:20 AM|Financial Assistance|4993385|
646813|SaberClawd|Nyxus|Global Alliance And Treaty Organization|10003|Brown|394625|Empress Elizabeth|DeWitt|Global Alliance And Treaty Organization|10003|Brown|Approved|0|100|0|9/12/2025 7:36:21 AM|Financial Assistance|4993384|
646462|Stupid Sliver|Tuckvania|Doom Squad|16454|Black|410812|Berbers|Kingdom of AlRezana|The Wolves|16660|Black|Approved|0|100|0|9/12/2025 7:14:16 AM|Financial Assistance|4993383|
644476|ICCoug|VanDanBerg|Catholic Reich|17311|Black|326267|Steeldor|Jerel|DOOMBIRD DOOMCAVE|10449|Black|Approved|0|100|0|9/12/2025 7:10:38 AM|Tech Deal 2/3|4993382|
433854|Auctor|Wyrdgar|Doombrella|17368|Black|187132|White Majik|VSOP United|Doombrella|17368|Black|Approved|0|100|0|9/12/2025 7:08:50 AM|Financial Assistance|4993380|
608458|Johnny Cutlass|Claw Key|Knights Of The Round Table|10092|Aqua|647390|Godwin of wessex|The land of Wessex|Knights Of The Round Table|10092|Green|Approved|6000000|0|0|9/12/2025 7:06:48 AM|Surrender your tech!|4993379|
646799|Salt Meat|Ghost Sea|Doom Squad|16454|Black|470323|plaw44|infinite desire|Doombrella|17368|Black|Approved|0|100|0|9/12/2025 7:05:04 AM|Dino Tech|4993377|
633989|Ernst S Blofeld|Blofeld Wineries|Knights Of The Round Table|10092|Aqua|647083|NightShadeZee|ArcticConglomerate|Nuclear Proliferation League|17228|Brown|Approved|6000000|0|0|9/12/2025 7:00:40 AM|Tech import?|4993376|
543131|Morjon|Wayward Renegade|Nuclear Proliferation League|17228|Aqua|645984|keyman|Bonland|Nuclear Proliferation League|17228|Aqua|Approved|9000000|0|0|9/12/2025 6:44:46 AM|Tech Deal 9/100|4993375|
630971|Jeremiah|CERAVA|Non Grata|10097|Maroon|243186|ditchboy00|Ditchopia|Non Grata|10097|Maroon|Approved|0|100|0|9/12/2025 6:37:34 AM|Tech Delivery|4993374|
107100|Lenny N Karl|Mudfoot|NATO|10037|Blue|646548|mass781|Mass781|Christian Coalition Of Countries|10028|Maroon|Approved|9000000|0|0|9/12/2025 6:33:03 AM|Valyrian Aid|4993373|
646988|Mashirosen|ababab|Global Alliance And Treaty Organization|10003|Brown|83518|Johnny Apocalypse|Anubia|Global Alliance And Treaty Organization|10003|Brown|Approved|0|100|0|9/12/2025 6:22:16 AM|Financial Assistance|4993372|
646988|Mashirosen|ababab|Global Alliance And Treaty Organization|10003|Brown|576916|Czar Cootie|Zernograd|Global Alliance And Treaty Organization|10003|Brown|Approved|0|100|0|9/12/2025 6:22:10 AM|Financial Assistance|4993371|
634284|mikeymikes|batmanism|Doombrella|17368|Black|484851|enderland|Fields of Elysium|Doombrella|17368|Black|Approved|0|100|4000|9/12/2025 6:20:39 AM|aids |4993370|
634284|mikeymikes|batmanism|Doombrella|17368|Black|626860|BringMeTheHorizon|Dakotas|Doombrella|17368|Black|Approved|9000000|100|4000|9/12/2025 6:19:51 AM|aids |4993369|
570802|IlDuce|ItaliaSS|CLAWS|15841|Black|624103|Wolf Man|Nuke Inc|CLAWS|15841|Black|Approved|0|100|0|9/12/2025 6:18:52 AM|Deal|4993368|
101765|KevinH|Establishmentism|Independent Republic of Orange Nations|10004|Orange|391465|Lysistrata|Alamo|Independent Republic Of Orange Nations|10004|Orange|Approved|9000000|100|4000|9/12/2025 6:11:18 AM|Manhunt|4993367|
256722|MDH962|Claysburgh|The Grand Lodge of Freemasons|10029|Orange|644950|Oddin|Glendor|The Grand Lodge Of Freemasons|10029|Orange|Approved|9000000|0|0|9/12/2025 6:05:35 AM|Tech|4993366|
497000|Democzar|frequathrive|Global Alliance And Treaty Organization|10003|Brown|646409|Kingdjthadestroyer|King Dj|Global Alliance And Treaty Organization|10003|Brown|Approved|9000000|0|0|9/12/2025 6:03:23 AM|Financial Assistance|4993365|
447303|Terminator|USSROK|CLAWS|15841|Aqua|646790|ADEVA|Lyceaum|The Legion|10020|Purple|Approved|9000000|0|0|9/12/2025 6:01:09 AM|Financial Assistance|4993364|
310672|King Wally|Rep of Queensland|Nuclear Proliferation League|17228|Aqua|647474|dudekidguy|Republic of Jacob|Nuclear Proliferation League|17228|Aqua|Approved|6000000|100|0|9/12/2025 5:52:50 AM|Harbor Grant|4993363|
623987|MasterBadey|mastabadeia|Global Alliance And Treaty Organization|10003|Brown|455413|Duke Nukem|NukemLand|Global Alliance And Treaty Organization|10003|Brown|Approved|0|100|0|9/12/2025 5:45:55 AM|free booster shot|4993362|
155826|weebl2000|Azeer|Non Grata|10097|Maroon|627572|Latexi|Why would I do this|Non Grata|10097|Maroon|Approved|9000000|0|0|9/12/2025 5:32:51 AM|Financial Assistance|4993361|
647330|Lime30k|Jakun|New Pacific Order|10000|Red|273843|Northern Empire|Northern Empire|Independent Republic Of Orange Nations|10004|Orange|Approved|0|100|0|9/12/2025 5:21:14 AM|QT Tech|4993360|
634256|I Win You Lose|I Win You Loose|The Phoenix Federation|17385|Black|182598|Phrog|Phrogville|CLAWS|15841|Black|Approved|0|100|0|9/12/2025 5:07:05 AM|Financial Assistance|4993359|
634256|I Win You Lose|I Win You Loose|The Phoenix Federation|17385|Black|250431|riser|Goodwill|CLAWS|15841|Black|Approved|0|100|0|9/12/2025 5:06:52 AM|Financial Assistance|4993358|
243186|ditchboy00|Ditchopia|Non Grata|10097|Maroon|12258|Commissar Sendoa|Cataduanes|Non Grata|10097|Maroon|Approved|9000000|0|0|9/12/2025 5:06:42 AM|Financial Assistance|4993357|
473088|JuiceBox|Phoenix Isle|Non Grata|10097|Maroon|238472|Xerxes|New Persia|Non Grata|10097|Maroon|Approved|9000000|0|0|9/12/2025 4:59:56 AM|Financial Assistance|4993356|
473088|JuiceBox|Phoenix Isle|Non Grata|10097|Maroon|599455|RearviewRover|Prossy Boat Party|Non Grata|10097|Maroon|Approved|9000000|0|0|9/12/2025 4:59:42 AM|Financial Assistance|4993355|
643197|HoustonBeBack|Larsden|Nuclear Proliferation League|17228|Aqua|430606|KemMo|Maurinaria|Nuclear Proliferation League|17228|Aqua|Approved|0|100|0|9/12/2025 4:54:50 AM|9/100|4993354|
645105|Trench Foast|TrenchFoastia|Christian Coalition Of Countries|10028|Maroon|369840|Astron|Svedala|NATO|10037|Blue|Approved|0|100|0|9/12/2025 4:53:52 AM|Vep|4993353|
645105|Trench Foast|TrenchFoastia|Christian Coalition Of Countries|10028|Maroon|229836|apemax|smugglers and mercs|The Imperial Order|10082|Blue|Approved|0|100|0|9/12/2025 4:53:30 AM|Vep|4993352|
437823|zyberzpyder|Zyberia|Non Grata|10097|Maroon|624193|The1nonlykk|Biourja|Non Grata|10097|Maroon|Approved|9000000|0|0|9/12/2025 4:45:21 AM|Tech#|4993351|
437823|zyberzpyder|Zyberia|Non Grata|10097|Maroon|627572|Latexi|Why would I do this|Non Grata|10097|Maroon|Approved|9000000|0|0|9/12/2025 4:45:04 AM|Tech|4993350|
646892|Kamva|Zaire Republic|Nuclear Proliferation League|17228|Blue|32861|Drachonum|drachonia|Global Alliance and Treaty Organization|10003|Brown|Approved|0|100|0|9/12/2025 4:40:20 AM|Financial Assistance|4993349|
25745|JJ452|Eire.|Avalanche|10078|Blue|487436|Arborder|Garrison One|Avalanche|10078|Blue|Approved|9000000|0|0|9/12/2025 4:23:28 AM|Financial Assistance|4993348|
645525|GodKing Menes|Free Republic of Kem|Nuclear Proliferation League|17228|Aqua|242836|BozDaBoz|CoastalBendatia|Fark|10002|Aqua|Approved|0|100|0|9/12/2025 4:16:31 AM|Tech Deal|4993347|
644461|Aran Belmont|Metroidvania|Veneris|17356|White|647476|Kairos Vahine|Bougainville Island|Veneris|17356|White|Approved|6000000|100|0|9/12/2025 3:59:56 AM|Financial Assistance|4993346|
582941|Cydonian Knight|Strodemia|Non Grata|10097|Maroon|638567|Cobert|Brightwood|Non Grata|10097|Maroon|Approved|9000000|0|0|9/12/2025 3:59:40 AM|Tech Deal|4993345|
645707|The Goddess|Cotyttia|Veneris|17356|White|647476|Kairos Vahine|Bougainville Island|Veneris|17356|White|Approved|6000000|100|0|9/12/2025 3:18:21 AM|Boost|4993344|
643135|Ferocious|Ferocious|Nuclear Proliferation League|17228|Black|430606|KemMo|Maurinaria|Nuclear Proliferation League|17228|Aqua|Approved|0|100|0|9/12/2025 3:05:43 AM|Financial Assistance|4993343|
643135|Ferocious|Ferocious|Nuclear Proliferation League|17228|Black|170471|Smurthwaite|Smurthwaite|Nuclear Proliferation League|17228|Aqua|Approved|0|100|0|9/12/2025 3:05:23 AM|2/9 payment |4993342|
170124|WackyDan|Wackytopia|Nordreich|11319|Maroon|437779|Clayton Lilleby|Lilleby|Nordreich|11319|Maroon|Pending|9000000|0|0|9/12/2025 3:02:02 AM|9M/100t|4993341|
199347|Caliph|Caliphate|Doom Squad|16454|Black|646870|Waffless|Wafflandia|Doombrella|17368|Black|Approved|9000000|0|0|9/12/2025 2:08:44 AM|Financial Assistance|4993340|
199347|Caliph|Caliphate|Doom Squad|16454|Black|470323|plaw44|infinite desire|Doombrella|17368|Black|Approved|0|100|0|9/12/2025 2:08:13 AM|Financial Assistance|4993339|
199347|Caliph|Caliphate|Doom Squad|16454|Black|93757|Irons82|Zero-One|DOOMBIRD DOOMCAVE|10449|Black|Pending|0|100|0|9/12/2025 2:07:54 AM|Financial Assistance|4993338|
199347|Caliph|Caliphate|Doom Squad|16454|Black|96568|Dagny Taggart|Galtian Commune|DOOMBIRD DOOMCAVE|10449|Black|Approved|0|100|0|9/12/2025 2:07:36 AM|Financial Assistance|4993337|
199347|Caliph|Caliphate|Doom Squad|16454|Black|99344|lunar146|Dreadnaught|Doom Squad|16454|Black|Approved|0|100|0|9/12/2025 2:07:11 AM|Financial Assistance|4993336|
199347|Caliph|Caliphate|Doom Squad|16454|Black|639897|CaptTchalle|Akutan Island|The Dark Templar|10056|Brown|Approved|0|100|0|9/12/2025 2:06:49 AM|Financial Assistance|4993335|
369917|Gibsonator21|Gibsonistan|Non Grata|10097|Maroon|324224|SemperFidelis|United Carborundum|Non Grata|10097|Maroon|Approved|0|100|0|9/12/2025 1:59:40 AM|Financial Assistance|4993334|
646383|Son Of Him|Land of Forever|aNiMaLz|17433|Black|216336|Stetson76|Axeland|CLAWS|15841|Black|Approved|0|100|0|9/12/2025 1:47:22 AM|Financial Assistance|4993333|
101986|windir|Technology|Global Alliance and Treaty Organization|10003|Brown|38760|Daedalus27|Daedalistan|Global Alliance and Treaty Organization|10003|Brown|Approved|0|100|0|9/12/2025 1:45:28 AM|Tech deal 1/1|4993332|
324421|Einer|Jesusland|Mostly Harmless Alliance|14879|White|646548|mass781|Mass781|Christian Coalition Of Countries|10028|Maroon|Approved|9000000|0|0|9/12/2025 1:13:58 AM|&quot;Valyrian Aid&quot; !|4993331|
545724|Matmal|Matmalia|Post Grunge Supergroup|16367|Brown|630254|Venoxis|Anartektica|Post Grunge Supergroup|16367|Brown|Approved|0|100|0|9/12/2025 1:01:56 AM|Financial Assistance|4993330|
643321|KerouacLives|Astorion|Knights Of The Round Table|10092|Green|425240|Aqua Archon|Aquamark|Knights Of The Round Table|10092|Aqua|Approved|0|100|0|9/12/2025 1:01:34 AM|Tech|4993329|
645082|TowerQueen|Turrim|New Pacific Order|10000|Red|629229|HopeFun|LimaPT|New Pacific Order|10000|Red|Approved|0|100|0|9/12/2025 12:44:36 AM|QT Tech|4993328|
645082|TowerQueen|Turrim|New Pacific Order|10000|Red|523247|Umbrae Noctem|Gronland|New Pacific Order|10000|Red|Approved|0|100|0|9/12/2025 12:44:07 AM|QT Tech|4993327|
645082|TowerQueen|Turrim|New Pacific Order|10000|Red|600178|tejuguasu|tejuguasu|New Pacific Order|10000|Red|Approved|0|100|0|9/12/2025 12:43:59 AM|QT Tech|4993326|
645082|TowerQueen|Turrim|New Pacific Order|10000|Red|273843|Northern Empire|Northern Empire|Independent Republic Of Orange Nations|10004|Orange|Approved|0|100|0|9/12/2025 12:43:48 AM|QT Tech|4993325|
87890|Formanj|Norvegs Trøndelag|Independent Republic of Orange Nations|10004|Orange|257166|Yggdrazil|Ginginugap|Independent Republic Of Orange Nations|10004|Orange|Approved|9000000|0|0|9/12/2025 12:40:09 AM|ITF|4993324|
646205|Vashinator|Cedarland|Veneris|17356|White|281387|Thud III|Thudsylvania|CLAWS|15841|Black|Approved|0|100|0|9/12/2025 12:33:24 AM|Tech Deal PT 2|4993323|
631459|Gorbachov|Soviet Union|COMECON|16703|Red|42086|bones_wizard|_snap_crackle_pop_|AGW Overlords|10043|Black|Approved|0|100|0|9/12/2025 12:31:06 AM|Financial Assistance|4993322|
257186|Southern Comfort|Wild Wild West|Knights Of The Round Table|10092|Green|647390|Godwin of wessex|The land of Wessex|Knights Of The Round Table|10092|Green|Approved|6000000|0|0|9/12/2025 12:30:09 AM|Financial Assistance|4993321|
604229|St Mungo|Glasgow|Knights Of The Round Table|10092|Green|612774|Oleg the Disfigured|Slag Vrch|Knights Of The Round Table|10092|Green|Approved|0|100|0|9/12/2025 12:28:20 AM|Your Tech, Thank You.|4993320|
10578|Frawley|stangerites|New Pacific Order|10000|Red|273843|Northern Empire|Northern Empire|Independent Republic Of Orange Nations|10004|Orange|Approved|0|100|0|9/12/2025 12:23:41 AM|QT Tech|4993319|
10578|Frawley|stangerites|New Pacific Order|10000|Red|523247|Umbrae Noctem|Gronland|New Pacific Order|10000|Red|Approved|0|100|0|9/12/2025 12:23:35 AM|QT Tech|4993318|
10578|Frawley|stangerites|New Pacific Order|10000|Red|571763|JohelleTapper|StoneSour|New Pacific Order|10000|Red|Approved|0|100|0|9/12/2025 12:23:30 AM|QT Tech|4993317|
10578|Frawley|stangerites|New Pacific Order|10000|Red|442731|Madd|Modra|New Pacific Order|10000|Red|Approved|0|100|0|9/12/2025 12:23:24 AM|QT Tech|4993316|
10578|Frawley|stangerites|New Pacific Order|10000|Red|600178|tejuguasu|tejuguasu|New Pacific Order|10000|Red|Approved|0|100|0|9/12/2025 12:23:17 AM|QT Tech|4993315|
10578|Frawley|stangerites|New Pacific Order|10000|Red|608015|elputojack|villa feliz|New Pacific Order|10000|Red|Approved|0|100|0|9/12/2025 12:23:11 AM|QT Tech|4993314|
348556|Overlord Wes|wussys|Global Alliance and Treaty Organization|10003|Brown|313301|MK4Slowride|MK4Slowride|Global Alliance And Treaty Organization|10003|Brown|Approved|9000000|100|0|9/12/2025 12:19:42 AM|Financial Assistance|4993313|
643887|SilenttShadow27|Temnota|NATO|10037|Blue|638815|BushyBeaver|Beaveland|NATO|10037|Blue|Approved|0|100|0|9/12/2025 12:09:17 AM|Cupcakes &amp; techz &lt;3|4993312|
627572|Latexi|Why would I do this|Non Grata|10097|Maroon|469301|Lars Jorgens|Whale of a Time|Non Grata|10097|Maroon|Approved|0|100|0|9/12/2025 12:04:20 AM|Financial Assistance|4993311|
627177|SupaSural|Suraltopia|Post Grunge Supergroup|16367|Brown|582004|Neforatu|Nation Reborn|Post Grunge Supergroup|16367|Yellow|Approved|0|100|0|9/11/2025 11:36:21 PM|Financial Assistance|4993310|
356682|Logic|8Bit Nation|Doombrella|17368|Black|151268|Zerileous|Monkey Time|Doombrella|17368|Black|Approved|0|100|0|9/11/2025 11:18:28 PM|Financial Assistance|4993309|
356682|Logic|8Bit Nation|Doombrella|17368|Black|187132|White Majik|VSOP United|Doombrella|17368|Black|Approved|0|100|0|9/11/2025 11:18:11 PM|Financial Assistance|4993308|
647234|Azusa Yuu|North Japan Republic|Nuclear Proliferation League|17228|Black|596771|Pentix|Mars Colony|New Polar Order|10006|Blue|Approved|0|100|0|9/11/2025 10:39:50 PM|Tech Deal|4993307|
647234|Azusa Yuu|North Japan Republic|Nuclear Proliferation League|17228|Black|170471|Smurthwaite|Smurthwaite|Nuclear Proliferation League|17228|Aqua|Approved|0|100|0|9/11/2025 10:39:25 PM|Financial Assistance|4993306|
645374|Zia Ul Haq|Emirate of Pakistan|COBRA|13717|Brown|38760|Daedalus27|Daedalistan|Global Alliance and Treaty Organization|10003|Brown|Approved|0|100|0|9/11/2025 10:06:38 PM|Tech Shipment 11/9/2025|4993305|
99297|MudBug|Swamplandia|New Pacific Order|10000|Red|616294|Japanese Schoolgirls|Japanese Schoolgirls|New Pacific Order|10000|Red|Pending|9000000|0|0|9/11/2025 10:01:34 PM|Bankroll|4993304|
99297|MudBug|Swamplandia|New Pacific Order|10000|Red|638860|Adrius Adler|Trostland|New Pacific Order|10000|Red|Approved|9000000|0|0|9/11/2025 10:01:09 PM|Bankroll|4993303|
646506|Jenna Montreal|Wolvanica|The Phoenix Federation|17385|Black|447303|Terminator|USSROK|CLAWS|15841|Aqua|Approved|0|100|0|9/11/2025 9:43:00 PM|Financial Assistance|4993302|
646506|Jenna Montreal|Wolvanica|The Phoenix Federation|17385|Black|637113|Up in smoke|Ring of Fire Island|CLAWS|15841|Black|Approved|0|100|0|9/11/2025 9:42:40 PM|Financial Assistance|4993301|
206853|Tsayka|Trisaram|NATO|10037|Blue|493791|azntrigboi|Symmetry|NATO|10037|Blue|Approved|0|100|0|9/11/2025 9:05:45 PM|Financial Assistance|4993300|
380797|gainesta09|gainesta09|NATO|10037|Blue|132715|DFA MrFox|DFA MrFox|Freehold of The Wolves|15157|White|Approved|9000000|0|0|9/11/2025 7:51:15 PM|VEP|4993299|
561416|CaptainBBear|Arctic Bearland|AGW Overlords|10043|Black|190480|Unruly|Republique de Buja|AGW Overlords|10043|Black|Approved|0|100|0|9/11/2025 7:35:03 PM|Spice Shipment|4993297|
247134|ShadowChaos|ShadowChaos|COBRA|13717|Maroon|644718|tikem7|Tikopia|COBRA|13717|Brown|Approved|9000000|0|0|9/11/2025 7:01:07 PM|Tech Deal - 9M/100T|4993296|
640620|Frioz|Lusitania Portugalia|Post Grunge Supergroup|16367|Brown|582004|Neforatu|Nation Reborn|Post Grunge Supergroup|16367|Yellow|Approved|0|100|0|9/11/2025 6:40:10 PM|Financial Assistance|4993295|
623176|Britishdude|Lucosnia VIII|Christian Coalition Of Countries|10028|Maroon|647442|Zuniga|BioEmpire|Christian Coalition Of Countries|10028|Maroon|Approved|6000000|0|0|9/11/2025 6:15:31 PM|Financial Assistance|4993294|
429171|Inquisitor Gaunt|Cult Imperialis|Global Alliance And Treaty Organization|10003|Brown|646984|fruitloomps|Loomberg|Global Alliance And Treaty Organization|10003|Brown|Approved|6000000|0|0|9/11/2025 6:01:05 PM|Financial Assistance|4993293|
531590|Ledon|Ledonia|Knights of the Round Table|10092|Green|643135|Ferocious|Ferocious|Nuclear Proliferation League|17228|Black|Approved|9000000|0|0|9/11/2025 5:49:56 PM|Tech Deal|4993292|
602552|atliis|Silvertown|Independent Republic Of Orange Nations|10004|Orange|605023|JuggernautMD|Framework|Independent Republic Of Orange Nations|10004|Orange|Approved|0|100|0|9/11/2025 5:48:56 PM|ITF|4993291|
602552|atliis|Silvertown|Independent Republic Of Orange Nations|10004|Orange|207900|Queltocz|Quelto|Independent Republic Of Orange Nations|10004|Orange|Approved|0|100|0|9/11/2025 5:48:36 PM|ITF|4993290|
602552|atliis|Silvertown|Independent Republic Of Orange Nations|10004|Orange|636754|MAYBACH EMPIRE|MAYBACH 3MPIRE|Independent Republic Of Orange Nations|10004|Orange|Approved|0|100|0|9/11/2025 5:48:12 PM|ITF|4993289|
402037|Soviet Mudkip|In Soviet Russia|The Dark Templar|10056|Black|293406|Jeffimus|Smoothwater|The Dark Templar|10056|Black|Approved|9000000|0|0|9/11/2025 5:20:23 PM|9m/100t|4993288|
543972|zachart|The Father Land|New Pacific Order|10000|Red|75117|rnegafan|Rnegfania|New Pacific Order|10000|Red|Approved|0|100|0|9/11/2025 5:17:20 PM|QT Tech|4993287|
141583|jerdge|Gaela|Green Protection Agency|10041|Green|647391|Seeker4536|SeekerLand|The Phoenix Federation|17385|Black|Approved|6000000|0|0|9/11/2025 4:50:26 PM|Development Assistance|4993286|
509784|Lord Emperor Clot|Clotvania|Christian Coalition Of Countries|10028|Maroon|647442|Zuniga|BioEmpire|Christian Coalition Of Countries|10028|Maroon|Approved|6000000|0|0|9/11/2025 4:49:18 PM|Welcome|4993285|
24905|Arminius|Festung Germania|Old Guard|11296|Blue|645124|stugots|Trumpopolis|NATO|10037|Blue|Approved|0|100|0|9/11/2025 4:49:12 PM|Solidarity|4993284|
638116|OscarChen5|United Continental|COBRA|13717|Brown|637153|DukeNash|Encantandia|COBRA|13717|Brown|Approved|0|100|0|9/11/2025 4:35:28 PM|Financial Assistance|4993283|
604964|SirDog|Wollemi|Avalanche|10078|Blue|554572|paulpig|Strongland|Avalanche|10078|Blue|Approved|0|100|0|9/11/2025 4:31:48 PM|Financial Assistance|4993282|
232881|Yashem|Yashemia|New Pacific Order|10000|Red|629229|HopeFun|LimaPT|New Pacific Order|10000|Red|Approved|0|100|0|9/11/2025 4:26:54 PM|QT Tech|4993281|
232881|Yashem|Yashemia|New Pacific Order|10000|Red|600178|tejuguasu|tejuguasu|New Pacific Order|10000|Red|Approved|0|100|0|9/11/2025 4:26:11 PM|QT Tech|4993280|
18236|javaswiller|swillerland|Freehold of The Wolves|15157|White|631272|Jordo|Omicron Persei 8|Freehold of The Wolves|15157|White|Approved|9000000|0|0|9/11/2025 4:24:50 PM|Financial Assistance|4993279|
338643|Conundrum|Wallabyville|Federation of Armed Nations|10021|Yellow|645372|darkestofdans|Alert1|Federation Of Armed Nations|10021|Yellow|Approved|9000000|0|0|9/11/2025 4:13:24 PM|Financial Assistance|4993278|
638158|TheBlob|Space Jelly|Knights Of The Round Table|10092|Red|10287|Moriarty|Formosa|Knights Of The Round Table|10092|Green|Approved|0|100|0|9/11/2025 3:46:44 PM|Glob|4993277|
588320|RUB10|Establishmentaria|Non Grata|10097|Maroon|490921|Roo Blu II|Blue Roo|Non Grata|10097|Maroon|Approved|0|100|0|9/11/2025 3:25:00 PM|Financial Assistance|4993276|
644206|RubyGloom|Big Scania|COBRA|13717|Green|613743|Tacotopia|Bobs Your Uncle|CLAWS|15841|Black|Approved|0|100|0|9/11/2025 3:24:38 PM|Financial Assistance|4993275|
646839|rickm27|Balmoria|Nuclear Proliferation League|17228|Aqua|646327|KittenGosCrazy|Aura Kingdom|Global Alliance And Treaty Organization|10003|Brown|Approved|0|100|0|9/11/2025 3:17:18 PM|Financial Assistance|4993274|
604287|Hazib|Kingdom of Lemuria|CLAWS|15841|Black|570802|IlDuce|ItaliaSS|CLAWS|15841|Black|Approved|9000000|0|0|9/11/2025 2:54:50 PM|9/100|4993273|
12501|onbekende|Kapellen|Independent Republic of Orange Nations|10004|Orange|234325|Ben Gates|TreasureLand|Independent Republic Of Orange Nations|10004|Orange|Approved|0|100|0|9/11/2025 2:54:25 PM|ITF|4993272|
604287|Hazib|Kingdom of Lemuria|CLAWS|15841|Black|645467|LiefzDel|Greater Czechia|Post Grunge Supergroup|16367|Brown|Approved|9000000|0|0|9/11/2025 2:52:36 PM|9/100|4993271|
604287|Hazib|Kingdom of Lemuria|CLAWS|15841|Black|545923|VHongo|Canadian Dominanace|Green Protection Agency|10041|Green|Approved|9000000|0|0|9/11/2025 2:52:12 PM|9/200|4993270|
526716|Ultraman|Nebula M78|Interkosmos|16298|Green|287231|Bolivar|Bolivar|Libertarian Socialist Federation|10027|Brown|Approved|9000000|0|0|9/11/2025 2:34:01 PM|Bolivar tech deal|4993269|
606462|Iamjust0ne|Senstown|Doom Squad|16454|Black|645467|LiefzDel|Greater Czechia|Post Grunge Supergroup|16367|Brown|Approved|9000000|0|0|9/11/2025 2:19:57 PM|9m for 100 tech|4993268|
425377|Commander Ferraday|Ice Station Zebra|CLAWS|15841|Black|570802|IlDuce|ItaliaSS|CLAWS|15841|Black|Approved|9000000|0|0|9/11/2025 2:17:55 PM|Italia tech 9 for 100|4993267|
187838|morrisons|scollotto|CLAWS|15841|Black|646540|brasitolandia|brasitolandia2|The Phoenix Federation|17385|Black|Approved|9000000|0|0|9/11/2025 2:13:47 PM|Tech Deal|4993266|
647099|Esau of Isaac|Lanluz|Global Alliance And Treaty Organization|10003|Brown|576916|Czar Cootie|Zernograd|Global Alliance And Treaty Organization|10003|Brown|Approved|0|100|0|9/11/2025 2:13:10 PM|Financial Assistance|4993265|
175157|Evey Jane|Evey Jane|The Dark Templar|10056|Black|646025|Hiten21|HAPUD|The Dark Templar|10056|Black|Approved|9000000|0|0|9/11/2025 2:12:27 PM|Happy Thursday!|4993264|
175157|Evey Jane|Evey Jane|The Dark Templar|10056|Black|639937|The Evilest Eye|NeoNeftyaniki|The Dark Templar|10056|Black|Approved|9000000|0|0|9/11/2025 2:11:48 PM|Tech Deal 9/100|4993263|
233988|Antiglams|Benerilandia|NATO|10037|Blue|111159|MOOFER|Dragon of Cymru|NATO|10037|Blue|Approved|0|100|0|9/11/2025 2:10:32 PM|Valkyrian aid|4993262|
300255|Argirioc|Argiriahn|The Legion|10020|Purple|638311|FightingSioux405|New Whitehall|The Legion|10020|Purple|Approved|0|100|0|9/11/2025 1:51:06 PM|Financial Assistance|4993261|
107100|Lenny N Karl|Mudfoot|NATO|10037|Blue|467217|aroswing|Land of Darkness|Freehold of The Wolves|15157|White|Approved|9000000|0|0|9/11/2025 1:03:37 PM|Valyrian Aid|4993260|
107100|Lenny N Karl|Mudfoot|NATO|10037|Blue|132715|DFA MrFox|DFA MrFox|Freehold of The Wolves|15157|White|Approved|9000000|0|0|9/11/2025 1:03:21 PM|Valyrian Aid|4993259|
639416|Addisonjam|Additomia|The Dark Templar|10056|Black|402037|Soviet Mudkip|In Soviet Russia|The Dark Templar|10056|Black|Approved|0|100|0|9/11/2025 12:59:49 PM|Financial Assistance|4993258|
326273|Red Rebel|Pi Lambda Phi|Madlads Union|17130|Brown|76627|shwampy|Barryteroria|Libertarian Socialist Federation|10027|White|Approved|6000000|0|0|9/11/2025 12:54:09 PM|Tech Deal 6m/100t|4993257|
170124|WackyDan|Wackytopia|Nordreich|11319|Maroon|91872|PuliSher|Kerj&#228;l&#228;|Non Grata|10097|Maroon|Approved|9000000|0|0|9/11/2025 12:31:28 PM|9M/100t|4993256|
620328|Albasti|Kayi Tribe|New Pacific Order|10000|Red|523247|Umbrae Noctem|Gronland|New Pacific Order|10000|Red|Approved|0|100|0|9/11/2025 12:31:15 PM|QT Tech|4993255|
620598|Alexhigh|Nation of Alexander|The Prussian Empire|14204|Green|607213|Ernak son of Attila|The Huns|The Prussian Empire|14204|Green|Approved|0|100|0|9/11/2025 12:05:02 PM|Financial Assistance|4993254|
620598|Alexhigh|Nation of Alexander|The Prussian Empire|14204|Green|138858|Haart|Barbarica|The Templar Knights|10012|Maroon|Approved|0|100|0|9/11/2025 12:04:53 PM|Financial Assistance|4993253|
359275|Jesusfreak|El Dorado|Christian Coalition of Countries|10028|Maroon|132715|DFA MrFox|DFA MrFox|Freehold of The Wolves|15157|White|Approved|9000000|0|0|9/11/2025 11:52:12 AM|VEP|4993252|
359275|Jesusfreak|El Dorado|Christian Coalition of Countries|10028|Maroon|535865|Donbo McSlay|Donbo Land|Federation Of Armed Nations|10021|Yellow|Approved|9000000|0|0|9/11/2025 11:51:40 AM|VEP|4993251|
630674|Ghostruler1|Winterfelllllll|New Pacific Order|10000|Red|523247|Umbrae Noctem|Gronland|New Pacific Order|10000|Red|Approved|0|100|0|9/11/2025 11:46:45 AM|QT Tech|4993250|
277593|falconer360|Gondowan|CLAWS|15841|Purple|643607|Aspen|Silus|Union Of Communist Republics|10060|Brown|Approved|9000000|0|0|9/11/2025 11:04:29 AM|Tech deal 9/100|4993248|
647124|Pocky|Pocky Two|Global Alliance And Treaty Organization|10003|Brown|455413|Duke Nukem|NukemLand|Global Alliance And Treaty Organization|10003|Brown|Approved|0|100|0|9/11/2025 10:29:54 AM|Financial Assistance|4993247|
647124|Pocky|Pocky Two|Global Alliance And Treaty Organization|10003|Brown|576916|Czar Cootie|Zernograd|Global Alliance And Treaty Organization|10003|Brown|Approved|0|100|0|9/11/2025 10:29:41 AM|Financial Assistance|4993246|
636192|Elizah|Monshun|Nordreich|11319|Maroon|274261|Ub3rdude|Uberlandia|Nordreich|11319|Maroon|Approved|0|100|0|9/11/2025 10:29:40 AM|Financial Assistance|4993245|
636192|Elizah|Monshun|Nordreich|11319|Maroon|21368|Melos|Melos|Nordreich|11319|Maroon|Approved|0|100|0|9/11/2025 10:29:09 AM|Financial Assistance|4993244|
636192|Elizah|Monshun|Nordreich|11319|Maroon|501403|Trebs|Trebs|Nordreich|11319|Maroon|Approved|0|100|0|9/11/2025 10:28:40 AM|Financial Assistance|4993243|
636192|Elizah|Monshun|Nordreich|11319|Maroon|514274|stonybeast|Los Reyes|Nordreich|11319|Maroon|Approved|0|100|0|9/11/2025 10:28:19 AM|Financial Assistance|4993242|
203828|Sir Humphrey|Greater Oceania|NATO|10037|Blue|9093|Hannibal Vess|Mimetica|Old Guard|11296|Blue|Approved|0|100|0|9/11/2025 10:23:47 AM|Financial Assistance|4993241|
203828|Sir Humphrey|Greater Oceania|NATO|10037|Blue|482099|Sir Gunz|Talent|Christian Coalition Of Countries|10028|Maroon|Approved|0|100|0|9/11/2025 10:23:34 AM|Financial Assistance|4993240|
203828|Sir Humphrey|Greater Oceania|NATO|10037|Blue|468549|shadowstriker|shadow world|NATO|10037|Blue|Approved|0|100|0|9/11/2025 10:23:18 AM|Financial Assistance|4993239|
119735|smusmu|Smustra|Sparta|10008|Black|404438|Herzog|Black Amber|Sparta|10008|Black|Approved|9000000|0|0|9/11/2025 10:23:16 AM|Tech Deal|4993238|
203828|Sir Humphrey|Greater Oceania|NATO|10037|Blue|32845|Mackay Warrior|Land-o-Mackay|Federation Of Armed Nations|10021|Yellow|Pending|0|100|0|9/11/2025 10:23:05 AM|Financial Assistance|4993237|
203828|Sir Humphrey|Greater Oceania|NATO|10037|Blue|583069|Embowaf|Ilium|Mostly Harmless Alliance|14879|Aqua|Approved|0|100|0|9/11/2025 10:22:52 AM|Financial Assistance|4993236|
203828|Sir Humphrey|Greater Oceania|NATO|10037|Blue|111159|MOOFER|Dragon of Cymru|NATO|10037|Blue|Approved|0|100|0|9/11/2025 10:22:41 AM|Financial Assistance|4993235|
203828|Sir Humphrey|Greater Oceania|NATO|10037|Blue|527097|Galerion|blighty|Freehold of The Wolves|15157|White|Approved|0|100|0|9/11/2025 10:22:18 AM|Financial Assistance|4993234|
216336|Stetson76|Axeland|CLAWS|15841|Black|644571|Juno02|Mystic Land|Catholic Reich|17311|Black|Approved|9000000|0|0|9/11/2025 10:18:17 AM|$9mil for 100 tech deal?|4993233|
216336|Stetson76|Axeland|CLAWS|15841|Black|644476|ICCoug|VanDanBerg|Catholic Reich|17311|Black|Approved|9000000|0|0|9/11/2025 10:18:02 AM|$9mil for 100 tech deal?|4993232|
349838|Kaiser Nichols|Holstria|United Purple Nations|10025|Purple|485589|LUCIOUS IMPERIOUS|INDIANS|Random Insanity Alliance|10038|Maroon|Approved|0|100|0|9/11/2025 10:02:01 AM|Tech owed|4993231|
349838|Kaiser Nichols|Holstria|United Purple Nations|10025|Purple|333873|AlforFun|Altheman|United Purple Nations|10025|Purple|Approved|0|100|0|9/11/2025 9:59:06 AM|Tech owed|4993230|
349838|Kaiser Nichols|Holstria|United Purple Nations|10025|Purple|604565|New Reverie|Hollow Land|Random Insanity Alliance|10038|Maroon|Approved|0|100|0|9/11/2025 9:58:24 AM|Tech owed|4993229|
646540|brasitolandia|brasitolandia2|The Phoenix Federation|17385|Black|604459|Hugh Dick|Perineum|Independent Republic Of Orange Nations|10004|Orange|Approved|0|100|0|9/11/2025 9:51:25 AM|Financial Assistance|4993228|
646540|brasitolandia|brasitolandia2|The Phoenix Federation|17385|Black|632798|KYBALION|HVITIRDREKAR|Knights Of The Round Table|10092|Green|Approved|0|100|0|9/11/2025 9:51:10 AM|Financial Assistance|4993227|
163031|MasterChief777|The New Empire|Global Alliance And Treaty Organization|10003|Brown|644454|Mike Oxlong|Dixie Wrecked|Global Alliance And Treaty Organization|10003|Brown|Approved|9000000|0|0|9/11/2025 9:45:46 AM|9/100|4993226|
163031|MasterChief777|The New Empire|Global Alliance And Treaty Organization|10003|Brown|646195|Ebaggerisintown|Tinneas Cinn|Global Alliance And Treaty Organization|10003|Brown|Approved|9000000|0|0|9/11/2025 9:45:16 AM|9/100|4993225|
635306|koumail|Aesperia|Nordreich|11319|Maroon|514274|stonybeast|Los Reyes|Nordreich|11319|Maroon|Approved|0|100|0|9/11/2025 9:43:27 AM|Financial Assistance|4993224|
635306|koumail|Aesperia|Nordreich|11319|Maroon|170124|WackyDan|Wackytopia|Nordreich|11319|Maroon|Approved|0|100|0|9/11/2025 9:42:31 AM|Financial Assistance|4993223|
635306|koumail|Aesperia|Nordreich|11319|Maroon|21368|Melos|Melos|Nordreich|11319|Maroon|Approved|0|100|0|9/11/2025 9:42:12 AM|Financial Assistance|4993222|
635306|koumail|Aesperia|Nordreich|11319|Maroon|274261|Ub3rdude|Uberlandia|Nordreich|11319|Maroon|Approved|0|100|0|9/11/2025 9:41:52 AM|Financial Assistance|4993221|
635299|Jujohouse|Genshin Impact|Nordreich|11319|Maroon|184994|Oro Ibah Aozpi|Novgorod|Nordreich|11319|Maroon|Approved|0|100|0|9/11/2025 9:36:43 AM|Financial Assistance|4993220|
635299|Jujohouse|Genshin Impact|Nordreich|11319|Maroon|94305|Brettward|Truckerland|Nordreich|11319|Maroon|Approved|0|100|0|9/11/2025 9:36:24 AM|Financial Assistance|4993219|
583014|Rothaic|Munrovia|The Wolves|16660|Maroon|646033|PlatinumAero|Verloren|The Wolves|16660|Maroon|Approved|9000000|0|0|9/11/2025 9:27:00 AM|Tech Deal|4993217|
474935|Enabran Tain|Obsidian Order|Non Grata|10097|Maroon|645844|Dario the Great|Darioland|Non Grata|10097|Maroon|Approved|9000000|0|0|9/11/2025 9:20:04 AM|Spies|4993216|
634412|hadwyn|One piece|Nordreich|11319|Maroon|94305|Brettward|Truckerland|Nordreich|11319|Maroon|Approved|0|100|0|9/11/2025 9:18:33 AM|Financial Assistance|4993215|
634412|hadwyn|One piece|Nordreich|11319|Maroon|501403|Trebs|Trebs|Nordreich|11319|Maroon|Approved|0|100|0|9/11/2025 9:18:25 AM|Financial Assistance|4993214|
529025|Chllama|Renton|Post Grunge Supergroup|16367|Brown|634963|Trout87|Birchy Head|Post Grunge Supergroup|16367|Black|Approved|0|100|0|9/11/2025 9:18:08 AM|Financial Assistance|4993213|
634412|hadwyn|One piece|Nordreich|11319|Maroon|21368|Melos|Melos|Nordreich|11319|Maroon|Approved|0|100|0|9/11/2025 9:17:51 AM|Financial Assistance|4993212|
641804|jackthebest|Jackastan|NATO|10037|Blue|468549|shadowstriker|shadow world|NATO|10037|Blue|Approved|0|100|0|9/11/2025 8:30:20 AM|Financial Assistance|4993211|
624103|Wolf Man|Nuke Inc|CLAWS|15841|Black|629384|Cruspad the Younger|Cittagazze|CLAWS|15841|Black|Approved|9000000|0|0|9/11/2025 8:23:29 AM|tech deal|4993210|
645804|La Mismidad|Libertaris|New Pacific Order|10000|Red|523247|Umbrae Noctem|Gronland|New Pacific Order|10000|Red|Approved|0|100|0|9/11/2025 8:10:28 AM|QT Tech|4993209|
24905|Arminius|Festung Germania|Old Guard|11296|Blue|606786|The Milkmaid|Dun Holm|Knights Of The Round Table|10092|White|Approved|9000000|0|0|9/11/2025 8:05:50 AM|Financial Assistance|4993208|
601747|Michael Dalton|Attarnia|Global Alliance And Treaty Organization|10003|Brown|646800|Brotherlouie27|Louimerica II|Global Alliance And Treaty Organization|10003|Brown|Approved|9000000|0|0|9/11/2025 7:58:56 AM|Regional Aid|4993207|
646800|Brotherlouie27|Louimerica II|Global Alliance And Treaty Organization|10003|Brown|394625|Empress Elizabeth|DeWitt|Global Alliance And Treaty Organization|10003|Brown|Approved|0|100|0|9/11/2025 7:51:41 AM|Financial Assistance|4993206|
385567|NinoCelestial|Ciudad de leon|Fark|10002|Aqua|645984|keyman|Bonland|Nuclear Proliferation League|17228|Aqua|Approved|9000000|0|0|9/11/2025 7:44:05 AM|tech deal|4993205|
490921|Roo Blu II|Blue Roo|Non Grata|10097|Maroon|599455|RearviewRover|Prossy Boat Party|Non Grata|10097|Maroon|Approved|9000000|0|0|9/11/2025 7:18:58 AM|NG Tech Deal|4993204|
490921|Roo Blu II|Blue Roo|Non Grata|10097|Maroon|238472|Xerxes|New Persia|Non Grata|10097|Maroon|Approved|9000000|0|0|9/11/2025 7:18:35 AM|NG|4993203|
273692|Pope Bubba XIII|Rebel Virginia|Non Grata|10097|Maroon|628583|Dopes|Slaptico|Church of the Holy Platypus|17265|Brown|Approved|9000000|0|0|9/11/2025 7:18:07 AM|Tech|4993202|
181640|medic32|Ecateca|New Polar Order|10006|Blue|638048|CharlisonX|Willstate|New Polar Order|10006|Blue|Approved|9000000|0|0|9/11/2025 7:13:06 AM|Polar Express|4993201|
181640|medic32|Ecateca|New Polar Order|10006|Blue|602798|Tharu|Thunnalai|New Polar Order|10006|Blue|Approved|9000000|0|0|9/11/2025 7:12:44 AM|Polar Express|4993200|
181640|medic32|Ecateca|New Polar Order|10006|Blue|150348|Mr Relavator|Relanation|New Polar Order|10006|Maroon|Approved|9000000|0|0|9/11/2025 7:12:25 AM|War is Coming|4993199|
181640|medic32|Ecateca|New Polar Order|10006|Blue|599547|LongFist|Gemini Technocracy|New Polar Order|10006|Maroon|Approved|9000000|0|0|9/11/2025 7:11:41 AM|ICECAP cash|4993198|
181640|medic32|Ecateca|New Polar Order|10006|Blue|255997|archduke jack|vittatorio|New Polar Order|10006|Blue|Approved|9000000|0|0|9/11/2025 7:10:51 AM|War is Coming|4993197|
75992|weaverc|Weaver|Global Alliance and Treaty Organization|10003|Brown|647033|rachel666|Rachellia|Global Alliance And Treaty Organization|10003|Brown|Approved|9000000|0|0|9/11/2025 7:08:53 AM|Financial Assistance|4993196|
75992|weaverc|Weaver|Global Alliance and Treaty Organization|10003|Brown|588353|FieryVixen|Craptonia|Global Alliance And Treaty Organization|10003|Brown|Approved|9000000|0|0|9/11/2025 7:08:44 AM|Financial Assistance|4993195|
75992|weaverc|Weaver|Global Alliance and Treaty Organization|10003|Brown|647027|HorseElectrolytes|Greater Mustangistan|Global Alliance And Treaty Organization|10003|Brown|Approved|9000000|0|0|9/11/2025 7:08:34 AM|Financial Assistance|4993194|
75992|weaverc|Weaver|Global Alliance and Treaty Organization|10003|Brown|535786|ThE K9|09Charger|Global Alliance And Treaty Organization|10003|Brown|Approved|9000000|0|0|9/11/2025 7:08:16 AM|Financial Assistance|4993192|
75992|weaverc|Weaver|Global Alliance and Treaty Organization|10003|Brown|551982|Jason Cyberius|Cyberium|Global Alliance And Treaty Organization|10003|Brown|Approved|9000000|0|0|9/11/2025 7:06:43 AM|Financial Assistance|4993191|
287231|Bolivar|Bolivar|Libertarian Socialist Federation|10027|Brown|425377|Commander Ferraday|Ice Station Zebra|CLAWS|15841|Black|Approved|0|100|0|9/11/2025 6:53:43 AM|Financial Assistance|4993190|
322849|BLITZ1|BLITZKRIEG THE FIRST|Freehold of The Wolves|15157|White|646548|mass781|Mass781|Christian Coalition Of Countries|10028|Maroon|Approved|9000000|0|0|9/11/2025 6:43:53 AM|Valyrian Aid|4993189|
322849|BLITZ1|BLITZKRIEG THE FIRST|Freehold of The Wolves|15157|White|647032|CVTWayne|Hintonia|Christian Coalition Of Countries|10028|Maroon|Approved|6000000|0|0|9/11/2025 6:43:37 AM|Valyrian Aid|4993187|
552285|lilweirdward|Land of Too Much Fun|Christian Coalition Of Countries|10028|Maroon|588320|RUB10|Establishmentaria|Non Grata|10097|Maroon|Approved|9000000|0|0|9/11/2025 6:40:37 AM|A Deal of Technology|4993186|
76627|shwampy|Barryteroria|Libertarian Socialist Federation|10027|White|618472|Leftie|Brotherhood|Madlads Union|17130|Brown|Approved|0|100|0|9/11/2025 6:28:07 AM|another quality trade :)|4993185|
596901|Malic|Veridia|Non Grata|10097|Maroon|369917|Gibsonator21|Gibsonistan|Non Grata|10097|Maroon|Approved|9000000|0|0|9/11/2025 6:23:09 AM|9M for 100 Tech|4993184|
622072|Tmac73|Norway2|Non Grata|10097|Maroon|319843|Sinister|New Terminal|Non Grata|10097|Maroon|Approved|0|100|0|9/11/2025 6:15:00 AM|Financial Assistance|4993183|
643971|Blaze I|Brozil|Global Alliance And Treaty Organization|10003|Brown|381828|InconspicuousBarrel|Kievan Rus|Global Alliance And Treaty Organization|10003|Brown|Approved|0|100|0|9/11/2025 6:00:47 AM|Financial Assistance|4993182|
35448|Randle|Cheesia|Global Alliance and Treaty Organization|10003|Brown|646815|godtoh1|hotdogal|Global Alliance And Treaty Organization|10003|Brown|Approved|9000000|0|0|9/11/2025 6:00:39 AM|Financial Assistance|4993181|
644967|Mushrat|Ormarr Land|The Grand Lodge Of Freemasons|10029|Orange|120237|Ice Princess|Tundra Mountain|The Grand Lodge of Freemasons|10029|Orange|Approved|0|100|0|9/11/2025 5:52:28 AM|Financial Assistance|4993180|
600178|tejuguasu|tejuguasu|New Pacific Order|10000|Red|647330|Lime30k|Jakun|New Pacific Order|10000|Red|Approved|6000000|0|0|9/11/2025 5:49:59 AM|QT Pay|4993179|
632434|Stineamania|Nowitme|Post Grunge Supergroup|16367|Brown|637489|Osirispuprex|Osirispuprex|Post Grunge Supergroup|16367|Brown|Approved|9000000|0|0|9/11/2025 5:40:24 AM|9mil/100|4993178|
443221|Mistral|Nicholas|Post Grunge Supergroup|16367|Brown|644785|Optimus881|Wakanda881|Post Grunge Supergroup|16367|Brown|Approved|9000000|0|0|9/11/2025 5:38:23 AM|9m/100t|4993177|
638567|Cobert|Brightwood|Non Grata|10097|Maroon|634448|Stewie|Stewieland III|Non Grata|10097|Maroon|Approved|0|100|0|9/11/2025 5:30:43 AM|Tech|4993176|
639833|sogekido|sinetron|Nordreich|11319|Maroon|501403|Trebs|Trebs|Nordreich|11319|Maroon|Approved|0|100|0|9/11/2025 5:24:56 AM|Financial Assistance|4993175|
639833|sogekido|sinetron|Nordreich|11319|Maroon|94305|Brettward|Truckerland|Nordreich|11319|Maroon|Approved|0|100|0|9/11/2025 5:24:43 AM|Financial Assistance|4993174|
190647|Kapsyl I|Kapsylonia|AGW Overlords|10043|Black|647152|White Ruler|Exotica|Veneris|17356|White|Approved|6000000|0|0|9/11/2025 5:09:21 AM|Financial Assistance|4993173|
190647|Kapsyl I|Kapsylonia|AGW Overlords|10043|Black|647011|Knight del Sol|Esplandian|Veneris|17356|White|Approved|9000000|0|0|9/11/2025 5:08:31 AM|Financial Assistance|4993172|
645526|Khanya The Great|Triangula|Veneris|17356|White|281387|Thud III|Thudsylvania|CLAWS|15841|Black|Approved|0|100|0|9/11/2025 4:56:47 AM|Financial Assistance|4993171|
628653|Freyz|Mittlemazigste|Knights Of The Round Table|10092|Green|646860|Henry Jones Sr|Rev Rep Sandy Staat||0|Green|Approved|6000000|0|0|9/11/2025 4:55:10 AM|Financial Assistance|4993170|
628653|Freyz|Mittlemazigste|Knights Of The Round Table|10092|Green|638158|TheBlob|Space Jelly|Knights Of The Round Table|10092|Red|Approved|9000000|0|0|9/11/2025 4:55:00 AM|Financial Assistance|4993169|
111283|K L Emall|North Unstunstia|New Pacific Order|10000|Red|647330|Lime30k|Jakun|New Pacific Order|10000|Red|Approved|6000000|0|0|9/11/2025 4:54:59 AM|Rising Stars|4993168|
111283|K L Emall|North Unstunstia|New Pacific Order|10000|Red|572011|Nijil1|Polinasia|New Pacific Order|10000|Red|Pending|9000000|0|0|9/11/2025 4:54:50 AM|Bankroll|4993167|
626894|Gamestonk|GameStonk|COBRA|13717|Brown|410290|bdrocks|Knights of Honour|CLAWS|15841|Black|Approved|0|100|0|9/11/2025 4:47:18 AM|100/100|4993166|
143690|Xavii|Tiltakslos|Doom Squad|16454|Black|99344|lunar146|Dreadnaught|Doom Squad|16454|Black|Approved|0|100|0|9/11/2025 3:38:49 AM|Financial Assistance|4993165|
41333|srboslav|Srboslavija|New Polar Order|10006|Blue|234369|EaTeMuP|EatemVille|Non Grata|10097|Blue|Approved|0|100|0|9/11/2025 3:21:06 AM|ICECAP Tech|4993164|
41333|srboslav|Srboslavija|New Polar Order|10006|Blue|466880|Pesticide|Vermin|New Polar Order|10006|Blue|Approved|0|100|0|9/11/2025 3:18:01 AM|ICECAP Tech|4993163|
41333|srboslav|Srboslavija|New Polar Order|10006|Blue|604250|RedHawkRuler|MiamiU|New Polar Order|10006|Blue|Approved|0|100|0|9/11/2025 3:17:45 AM|ICECAP Tech|4993162|
41333|srboslav|Srboslavija|New Polar Order|10006|Blue|29139|patriot lee|fordminia|New Polar Order|10006|Blue|Approved|0|100|0|9/11/2025 3:17:27 AM|RATS Tech|4993161|
41333|srboslav|Srboslavija|New Polar Order|10006|Blue|262358|Johnny123|Johhny|New Polar Order|10006|Blue|Approved|0|100|0|9/11/2025 3:17:05 AM|ICECAP Tech|4993160|
41333|srboslav|Srboslavija|New Polar Order|10006|Blue|224337|black dove|The Crucible|New Polar Order|10006|Blue|Approved|0|100|0|9/11/2025 3:16:46 AM|ICECAP Tech|4993159|
621876|thebigkas|kekistan69|COBRA|13717|Brown|586922|WileyXero|Wiley|CLAWS|15841|Black|Approved|0|100|0|9/11/2025 3:10:34 AM|Financial Assistance|4993158|
646473|Pegasus Gold Saint|Saint Seiya|Veneris|17356|White|559862|majestic ruler|pedro penduko|Argent|10063|Pink|Approved|0|100|0|9/11/2025 2:59:26 AM|100 tech|4993157|
331985|aljabarian|CrabMan|Knights Of The Round Table|10092|Green|647087|Meow22Meow22|Miwso|Raft Raft Federation|17446|Black|Approved|6000000|0|0|9/11/2025 2:50:01 AM|Tech Deal|4993156|
418455|Sabcat|Sabcat Island|Libertarian Socialist Federation|10027|Brown|76627|shwampy|Barryteroria|Libertarian Socialist Federation|10027|White|Approved|6000000|0|0|9/11/2025 2:37:50 AM|Tech deal|4993155|
133051|MikeTheFirst|MikeLand|Non Grata|10097|Maroon|633611|Speeder|Dronterlands|Non Grata|10097|Maroon|Approved|9000000|0|0|9/11/2025 2:30:11 AM|Tech circle|4993154|
133051|MikeTheFirst|MikeLand|Non Grata|10097|Maroon|624193|The1nonlykk|Biourja|Non Grata|10097|Maroon|Approved|9000000|0|0|9/11/2025 2:30:00 AM|Tech circle|4993153|
133051|MikeTheFirst|MikeLand|Non Grata|10097|Maroon|181481|HammerMan|Dooche|Non Grata|10097|Maroon|Approved|9000000|0|0|9/11/2025 2:29:48 AM|Tech circle|4993152|
597501|JayMillz|Curel|New Polar Order|10006|Blue|604644|cobrastrike|HouseOfSnakes|New Polar Order|10006|Blue|Approved|9000000|0|0|9/11/2025 2:20:45 AM|Financial Assistance|4993151|
132715|DFA MrFox|DFA MrFox|Freehold of The Wolves|15157|White|629286|Flycatcher|Sacania|Freehold of The Wolves|15157|White|Approved|0|100|0|9/11/2025 2:19:27 AM|Valyrian Aid|4993150|
132715|DFA MrFox|DFA MrFox|Freehold of The Wolves|15157|White|229836|apemax|smugglers and mercs|The Imperial Order|10082|Blue|Approved|0|100|0|9/11/2025 2:17:15 AM|Valyrian Aid|4993149|
132715|DFA MrFox|DFA MrFox|Freehold of The Wolves|15157|White|88398|thepunk|thepunk|Federation Of Armed Nations|10021|Yellow|Approved|0|100|0|9/11/2025 2:17:01 AM|Valyrian Aid|4993148|
247134|ShadowChaos|ShadowChaos|COBRA|13717|Maroon|445021|Mogar|Mogatopia|Doombrella|17368|Brown|Approved|9000000|0|0|9/11/2025 2:04:52 AM|Tech Deal - 9M/100T|4993147|
247134|ShadowChaos|ShadowChaos|COBRA|13717|Maroon|639282|Agaton Sax|Asmodean|COBRA|13717|Brown|Approved|6000000|0|0|9/11/2025 2:03:42 AM|Tech Deal - 6M/100T|4993146|
512699|Mindbraker|Aguda|New Polar Order|10006|Blue|605765|Darth Actorbass|Tarmon Gaidon|New Polar Order|10006|Blue|Approved|9000000|0|0|9/11/2025 1:59:48 AM|ICECAP Cash|4993145|
512699|Mindbraker|Aguda|New Polar Order|10006|Blue|604644|cobrastrike|HouseOfSnakes|New Polar Order|10006|Blue|Approved|9000000|0|0|9/11/2025 1:59:11 AM|ICECAP Cash |4993144|
512699|Mindbraker|Aguda|New Polar Order|10006|Blue|481947|Morgaine|Cruithne|New Polar Order|10006|Blue|Approved|9000000|0|0|9/11/2025 1:58:49 AM|ICECAP Cash|4993143|
363340|Lord of Coke and Hot Dogs|TOOTLOCAHD|The Legion|10020|Purple|645017|RobbentheRider|Skylarkton|The Legion|10020|Purple|Pending|6000000|0|0|9/11/2025 1:51:47 AM|Financial Assistance|4993142|
559862|majestic ruler|pedro penduko|Argent|10063|Pink|645139|4 Marzo|Nuova Sicilia|Veneris|17356|White|Approved|9000000|0|0|9/11/2025 1:51:15 AM|Tech deal|4993141|
369917|Gibsonator21|Gibsonistan|Non Grata|10097|Maroon|276365|ShadowSKAR|Hidden Shadows|Non Grata|10097|Maroon|Approved|0|100|0|9/11/2025 1:46:33 AM|Financial Assistance|4993140|
475014|cirk2|Agatea|Non Grata|10097|Maroon|638461|Jerby|Simulacra|Non Grata|10097|Maroon|Approved|9000000|0|0|9/11/2025 1:42:31 AM|Tech Deal 9m/100t|4993139|
647336|Anomaly|Pub Republic|Global Alliance And Treaty Organization|10003|Brown|529189|Combat Pope|Vaticana|Global Alliance And Treaty Organization|10003|Brown|Approved|0|100|0|9/11/2025 1:36:45 AM|Financial Assistance|4993138|
643474|Thilsh|Ibvralia|Post Grunge Supergroup|16367|Brown|563422|nekro448|North Eugenia|Post Grunge Supergroup|16367|Brown|Approved|0|100|0|9/11/2025 1:34:15 AM|Financial Assistance|4993137|
643321|KerouacLives|Astorion|Knights Of The Round Table|10092|Green|525223|Zorrr|Deep Zither|Knights of the Round Table|10092|Purple|Approved|0|100|0|9/11/2025 1:16:47 AM|Tech|4993135|
586822|Pauls|Pauls nation|The Templar Knights|10012|Maroon|132067|Merick|Panamkey|The Templar Knights|10012|Maroon|Approved|9000000|0|0|9/11/2025 1:08:28 AM|Financial Assistance|4993134|
646779|RedMetal|Soviet Canuckitstan|Doom Squad|16454|Black|642141|Crusadan|Doimestea|The Dark Templar|10056|Black|Approved|0|100|0|9/11/2025 1:06:09 AM|Financial Assistance|4993133|
574720|tuhar|pastia|Knights Of The Round Table|10092|Green|424757|Round Table|Knights of the Grail|Knights of the Round Table|10092|Green|Approved|0|100|0|9/11/2025 1:06:03 AM|Tech deal |4993132|
238151|devnull|Republic of Unix|CLAWS|15841|Black|631191|Magnus IV|Kingdom of Ars Magna|CLAWS|15841|Black|Approved|9000000|0|0|9/11/2025 1:02:19 AM|Tech deal 9m 100|4993131|
25379|Stylesjl|Pontbridge|Coalition of Royal Allied Powers|10051|Maroon|647011|Knight del Sol|Esplandian|Veneris|17356|White|Approved|9000000|0|0|9/11/2025 12:54:46 AM|Tech Deal 9/100|4993130|
25379|Stylesjl|Pontbridge|Coalition of Royal Allied Powers|10051|Maroon|645526|Khanya The Great|Triangula|Veneris|17356|White|Approved|9000000|0|0|9/11/2025 12:54:28 AM|Tech Deal 9/100|4993129|
645017|RobbentheRider|Skylarkton|The Legion|10020|Purple|123143|Colin Myrhh|Wychwood|The Legion|10020|Purple|Approved|0|100|0|9/11/2025 12:53:41 AM|Financial Assistance|4993128|
348556|Overlord Wes|wussys|Global Alliance and Treaty Organization|10003|Brown|561575|DragonsPhyre|Dragon Spire|Global Alliance And Treaty Organization|10003|Brown|Approved|9000000|100|0|9/11/2025 12:46:20 AM|Financial Assistance|4993127|
645525|GodKing Menes|Free Republic of Kem|Nuclear Proliferation League|17228|Aqua|362361|Gofast2006|Pioneer Village|Nuclear Proliferation League|17228|Aqua|Approved|0|100|0|9/11/2025 12:35:58 AM|Tech Deal|4993126|
569906|Tradewind|Republic of Bort|Viridian Entente|10010|Green|491885|Chuck Jongil|Soylent Greenland|Viridian Entente|10010|Green|Approved|0|100|0|9/11/2025 12:28:41 AM|tech 2 of 2|4993125|
17202|Cybolt|Time and Space|New Pacific Order|10000|Red|572011|Nijil1|Polinasia|New Pacific Order|10000|Red|Pending|9000000|0|0|9/11/2025 12:20:37 AM|Rising Stars|4993124|
30997|Dan2680|Red Army|Freehold of The Wolves|15157|White|478755|Democracy|UnitedNation|Freehold of The Wolves|15157|White|Approved|9000000|0|0|9/11/2025 12:09:53 AM|Financial Assistance|4993123|
30997|Dan2680|Red Army|Freehold of The Wolves|15157|White|629286|Flycatcher|Sacania|Freehold of The Wolves|15157|White|Approved|9000000|0|0|9/11/2025 12:09:38 AM|Financial Assistance|4993122|
30997|Dan2680|Red Army|Freehold of The Wolves|15157|White|631272|Jordo|Omicron Persei 8|Freehold of The Wolves|15157|White|Approved|9000000|0|0|9/11/2025 12:09:26 AM|Financial Assistance|4993121|
30997|Dan2680|Red Army|Freehold of The Wolves|15157|White|160240|Pamacii|Speedy Cats|Freehold of The Wolves|15157|White|Approved|9000000|0|0|9/11/2025 12:09:13 AM|Financial Assistance|4993120|
627118|Shabalabadingdong|Shabnation|Post Grunge Supergroup|16367|Yellow|36287|SirWilliam|Blissfields|Post Grunge Supergroup|16367|Brown|Approved|9000000|0|0|9/11/2025 12:08:56 AM|9m/100t deal|4993119|
310672|King Wally|Rep of Queensland|Nuclear Proliferation League|17228|Aqua|362361|Gofast2006|Pioneer Village|Nuclear Proliferation League|17228|Aqua|Approved|0|100|0|9/11/2025 12:07:59 AM|Get well bro|4993118|
583468|Qldvespanut|Mr Ben|Mostly Harmless Alliance|14879|Aqua|533961|zilocke|Zilandia|Mostly Harmless Alliance|14879|Blue|Approved|9000000|0|0|9/11/2025 12:06:55 AM|9/100|4993117|
645688|Queen Victoria Hale|Kingdom of Thalassia|Post Grunge Supergroup|16367|Brown|634963|Trout87|Birchy Head|Post Grunge Supergroup|16367|Black|Approved|0|100|0|9/11/2025 12:01:26 AM|Financial Assistance|4993116|
56391|MexiMoot|Mooxico|DOOMBIRD DOOMCAVE|10449|Black|646975|Thomassh|HighGateHaven|Doombrella|17368|Black|Approved|9000000|0|1|9/10/2025 11:36:42 PM|Financial Assistance|4993115|
56391|MexiMoot|Mooxico|DOOMBIRD DOOMCAVE|10449|Black|646947|Hawggystyle|Djibigbouti|Doombrella|17368|Black|Approved|9000000|0|1|9/10/2025 11:36:20 PM|Financial Assistance|4993114|
307315|ni431|ni nation|Non Grata|10097|Maroon|599455|RearviewRover|Prossy Boat Party|Non Grata|10097|Maroon|Approved|9000000|0|0|9/10/2025 11:12:39 PM|tech deal 9/100|4993113|
638515|silkhyacinth|Taiat|The Legion|10020|Purple|116618|Thrash|Machas|The Legion|10020|Purple|Approved|0|100|0|9/10/2025 11:12:14 PM|Financial Assistance|4993112|
307315|ni431|ni nation|Non Grata|10097|Maroon|238472|Xerxes|New Persia|Non Grata|10097|Maroon|Approved|9000000|0|0|9/10/2025 11:12:09 PM|tech deal 9/100|4993111|
307315|ni431|ni nation|Non Grata|10097|Maroon|645844|Dario the Great|Darioland|Non Grata|10097|Maroon|Approved|9000000|0|0|9/10/2025 11:11:50 PM|tech deal 9/100|4993110|
22121|spartan 84|UNSC Reach|Non Grata|10097|Maroon|260817|MamazlilMistake|Happy Hunting Ground|Non Grata|10097|Maroon|Approved|9000000|0|0|9/10/2025 10:26:41 PM|Financial Assistance|4993108|
22121|spartan 84|UNSC Reach|Non Grata|10097|Maroon|584157|Sheekyz|Kingdom Of Xe|Non Grata|10097|Maroon|Approved|9000000|0|0|9/10/2025 10:26:30 PM|Financial Assistance|4993107|
639937|The Evilest Eye|NeoNeftyaniki|The Dark Templar|10056|Black|474413|The R00STER|Republic of Ibonn|The Dark Templar|10056|Black|Approved|0|100|0|9/10/2025 10:02:54 PM|Your tech|4993106|
445432|andrewb610|Brennana1|Freehold of The Wolves|15157|White|647032|CVTWayne|Hintonia|Christian Coalition Of Countries|10028|Maroon|Approved|6000000|0|0|9/10/2025 9:07:17 PM|Valyrian Cash|4993105|
645374|Zia Ul Haq|Emirate of Pakistan|COBRA|13717|Brown|637153|DukeNash|Encantandia|COBRA|13717|Brown|Approved|0|100|0|9/10/2025 9:06:40 PM|Tech Shipment 10/9/2025|4993104|
616289|Kingzing|Glister|The Legion|10020|Purple|123143|Colin Myrhh|Wychwood|The Legion|10020|Purple|Approved|0|100|0|9/10/2025 8:48:50 PM|Financial Assistance|4993103|
394625|Empress Elizabeth|DeWitt|Global Alliance And Treaty Organization|10003|Brown|646195|Ebaggerisintown|Tinneas Cinn|Global Alliance And Treaty Organization|10003|Brown|Approved|9000000|0|0|9/10/2025 8:22:52 PM|Financial Assistance|4993102|
380797|gainesta09|gainesta09|NATO|10037|Blue|647032|CVTWayne|Hintonia|Christian Coalition Of Countries|10028|Maroon|Approved|6000000|0|0|9/10/2025 8:15:09 PM|VEP|4993101|
646916|SmugglyMcWeed|SmugglyMcWeed|Post Grunge Supergroup|16367|Brown|630254|Venoxis|Anartektica|Post Grunge Supergroup|16367|Brown|Approved|0|100|0|9/10/2025 8:03:39 PM|Financial Assistance|4993100|
407948|avatar3619|Shendu|New Pacific Order|10000|Red|616294|Japanese Schoolgirls|Japanese Schoolgirls|New Pacific Order|10000|Red|Pending|9000000|0|0|9/10/2025 7:57:05 PM|Bankroll|4993099|
407948|avatar3619|Shendu|New Pacific Order|10000|Red|572011|Nijil1|Polinasia|New Pacific Order|10000|Red|Pending|9000000|0|0|9/10/2025 7:57:00 PM|Rising Stars|4993098|
407948|avatar3619|Shendu|New Pacific Order|10000|Red|553651|Stanley Steemer|Erwin Township|New Pacific Order|10000|Red|Approved|9000000|0|0|9/10/2025 7:56:54 PM|Bankroll|4993097|
634903|ToasterOven|Pancake Republic|Non Grata|10097|Maroon|72766|Gofastleft|Racesteria|Non Grata|10097|Maroon|Approved|0|100|0|9/10/2025 7:25:07 PM|Financial Assistance|4993096|
341362|Erwin Schrodinger|Bermuda Islands|Non Grata|10097|Maroon|528479|paul711|Paulinca|Non Grata|10097|Maroon|Approved|0|100|0|9/10/2025 7:10:58 PM|Financial Assistance|4993095|
341362|Erwin Schrodinger|Bermuda Islands|Non Grata|10097|Maroon|314185|Rhizoctonia|Rhizoctonia|Non Grata|10097|Maroon|Approved|0|100|0|9/10/2025 7:10:48 PM|Financial Assistance|4993094|
341362|Erwin Schrodinger|Bermuda Islands|Non Grata|10097|Maroon|582941|Cydonian Knight|Strodemia|Non Grata|10097|Maroon|Approved|0|100|0|9/10/2025 7:10:37 PM|Financial Assistance|4993093|
341362|Erwin Schrodinger|Bermuda Islands|Non Grata|10097|Maroon|188637|Caustic|Hazardous Materials|Non Grata|10097|Maroon|Approved|0|100|0|9/10/2025 7:10:26 PM|Financial Assistance|4993092|
341362|Erwin Schrodinger|Bermuda Islands|Non Grata|10097|Maroon|132232|Justin666|Pain nation 666|Non Grata|10097|Maroon|Approved|0|100|0|9/10/2025 7:10:16 PM|Financial Assistance|4993091|
341362|Erwin Schrodinger|Bermuda Islands|Non Grata|10097|Maroon|133051|MikeTheFirst|MikeLand|Non Grata|10097|Maroon|Approved|0|100|0|9/10/2025 7:10:04 PM|Financial Assistance|4993090|
645829|blegth|irting|Nuclear Proliferation League|17228|Aqua|106543|Captain V|Touristan|Fark|10002|Aqua|Approved|0|100|0|9/10/2025 6:57:38 PM|Financial Assistance|4993089|
596771|Pentix|Mars Colony|New Polar Order|10006|Blue|483058|Dubh Caireallain|Roisin Dubh|New Polar Order|10006|Blue|Approved|9000000|0|0|9/10/2025 6:53:49 PM|Financial Assistance|4993088|
560607|lurkr|Calontir|The Grand Lodge Of Freemasons|10029|Orange|644967|Mushrat|Ormarr Land|The Grand Lodge Of Freemasons|10029|Orange|Approved|9000000|0|0|9/10/2025 6:38:27 PM|Tech 9m/100|4993086|
404176|Sadero|Saderia|New Polar Order|10006|Blue|224337|black dove|The Crucible|New Polar Order|10006|Blue|Approved|0|100|0|9/10/2025 6:06:24 PM|ICECAP Tech|4993085|
139990|BacTalan|NorseTurks|Global Alliance And Treaty Organization|10003|Brown|627177|SupaSural|Suraltopia|Post Grunge Supergroup|16367|Brown|Approved|9000000|0|0|9/10/2025 6:01:20 PM|Bert Assistance|4993084|
467217|aroswing|Land of Darkness|Freehold of The Wolves|15157|White|509784|Lord Emperor Clot|Clotvania|Christian Coalition Of Countries|10028|Maroon|Approved|0|100|0|9/10/2025 5:45:31 PM|Valyrian tech |4993083|
467217|aroswing|Land of Darkness|Freehold of The Wolves|15157|White|359275|Jesusfreak|El Dorado|Christian Coalition of Countries|10028|Maroon|Approved|0|100|0|9/10/2025 5:45:13 PM|Valyrian tech |4993082|
254879|tnnnn|Turtle Empire|Global Alliance and Treaty Organization|10003|Brown|647336|Anomaly|Pub Republic|Global Alliance And Treaty Organization|10003|Brown|Approved|6000000|0|0|9/10/2025 5:44:41 PM|Financial Assistance|4993081|
100248|Champcardon|Rudostan|Coalition of Royal Allied Powers|10051|Maroon|604565|New Reverie|Hollow Land|Random Insanity Alliance|10038|Maroon|Approved|0|100|0|9/10/2025 5:44:05 PM|Tech Payment|4993080|
543972|zachart|The Father Land|New Pacific Order|10000|Red|388308|Lord Zymeth|USSR of Belleviastan|New Pacific Order|10000|Red|Approved|0|100|0|9/10/2025 5:40:17 PM|QT Tech|4993079|
248201|gegthomas|Lzarja|Freehold of The Wolves|15157|White|629286|Flycatcher|Sacania|Freehold of The Wolves|15157|White|Approved|0|100|0|9/10/2025 5:27:39 PM|tech farm|4993078|
248201|gegthomas|Lzarja|Freehold of The Wolves|15157|White|186093|pjk11|BOOM HEADSHOT|Freehold of The Wolves|15157|White|Pending|0|100|0|9/10/2025 5:27:04 PM|tech farm|4993077|
248201|gegthomas|Lzarja|Freehold of The Wolves|15157|White|8515|Turetel|Turetel|Freehold of The Wolves|15157|White|Approved|0|100|0|9/10/2025 5:26:43 PM|tech farm|4993076|
637080|Secundum|Uhtceare|Knights Of The Round Table|10092|Green|640416|kevinbotz|Westerling|Knights Of The Round Table|10092|Green|Approved|0|100|0|9/10/2025 5:15:35 PM|Financial Assistance|4993075|
164367|hazardousdoc|EggmanEmpire|New Polar Order|10006|Blue|481947|Morgaine|Cruithne|New Polar Order|10006|Blue|Approved|9000000|0|0|9/10/2025 5:12:45 PM|ICECap Cash|4993074|
164367|hazardousdoc|EggmanEmpire|New Polar Order|10006|Blue|638048|CharlisonX|Willstate|New Polar Order|10006|Blue|Approved|9000000|0|0|9/10/2025 5:12:28 PM|ICECap Cash|4993073|
164367|hazardousdoc|EggmanEmpire|New Polar Order|10006|Blue|591794|Raden Wijaya|Kerajaan Majapahit|New Polar Order|10006|Green|Approved|9000000|0|0|9/10/2025 5:12:05 PM|ICECap Cash|4993072|
164367|hazardousdoc|EggmanEmpire|New Polar Order|10006|Blue|483058|Dubh Caireallain|Roisin Dubh|New Polar Order|10006|Blue|Approved|9000000|0|0|9/10/2025 5:11:51 PM|ICECap Cash|4993071|
516493|The dutch Dragonborn|The Dutch Dragonborn|New Polar Order|10006|Blue|604644|cobrastrike|HouseOfSnakes|New Polar Order|10006|Blue|Approved|9000000|0|0|9/10/2025 4:52:01 PM|ICECAP Cash|4993070|
516493|The dutch Dragonborn|The Dutch Dragonborn|New Polar Order|10006|Blue|481947|Morgaine|Cruithne|New Polar Order|10006|Blue|Approved|9000000|0|0|9/10/2025 4:51:46 PM|ICECAP Cash|4993069|
639953|Mihail the Just|Republic of Onivlac|New Polar Order|10006|Blue|224337|black dove|The Crucible|New Polar Order|10006|Blue|Approved|0|100|0|9/10/2025 4:45:23 PM|ICECAP Tech|4993068|
551982|Jason Cyberius|Cyberium|Global Alliance And Treaty Organization|10003|Brown|117823|LittleVlad|Morte|Global Alliance and Treaty Organization|10003|Brown|Approved|0|100|0|9/10/2025 4:25:58 PM|Financial Assistance|4993067|
327088|spearo|Deep Blue|Non Grata|10097|Maroon|644042|calicocatface|Calico Islands|Non Grata|10097|Maroon|Approved|9000000|0|0|9/10/2025 4:20:27 PM|Financial Assistance|4993066|
441760|jacka|north 40|The Legion|10020|Purple|116618|Thrash|Machas|The Legion|10020|Purple|Approved|0|100|0|9/10/2025 4:13:27 PM|Financial Assistance|4993065|
635806|MikeCat|Renastasia|New Pacific Order|10000|Red|167235|ORCACommander|Hiigaran Federation|New Pacific Order|10000|Red|Approved|0|100|0|9/10/2025 4:05:07 PM|QT Tech|4993064|
635806|MikeCat|Renastasia|New Pacific Order|10000|Red|515093|GoldenAura|Communist Crackous|New Pacific Order|10000|Red|Approved|0|100|0|9/10/2025 4:05:02 PM|QT Tech|4993063|
635806|MikeCat|Renastasia|New Pacific Order|10000|Red|388308|Lord Zymeth|USSR of Belleviastan|New Pacific Order|10000|Red|Approved|0|100|0|9/10/2025 4:04:29 PM|QT Tech|4993062|
155031|joanne1|Tweetypie|Non Grata|10097|Maroon|599455|RearviewRover|Prossy Boat Party|Non Grata|10097|Maroon|Approved|9000000|0|0|9/10/2025 4:02:22 PM|Financial Assistance|4993061|
155031|joanne1|Tweetypie|Non Grata|10097|Maroon|644718|tikem7|Tikopia|COBRA|13717|Brown|Approved|9000000|0|0|9/10/2025 4:01:51 PM|Financial Assistance|4993060|
319343|realpal|REALPAL|Fark|10002|Aqua|640096|recockulous|Yuge Indictments|Fark|10002|Aqua|Approved|9000000|0|0|9/10/2025 3:43:23 PM|6|4993059|
642764|Nerdslayerx|Friheden|New Polar Order|10006|Blue|564085|moonshiner|whiskey island|New Polar Order|10006|Blue|Approved|0|100|0|9/10/2025 3:35:26 PM|RATS Tech|4993058|
626737|BigFilthyDick|GayBar|Non Grata|10097|Maroon|324224|SemperFidelis|United Carborundum|Non Grata|10097|Maroon|Approved|0|100|0|9/10/2025 3:19:24 PM|Financial Assistance|4993057|
626737|BigFilthyDick|GayBar|Non Grata|10097|Maroon|600902|HackSlash|NewFinlandia|Non Grata|10097|Maroon|Approved|0|100|0|9/10/2025 3:19:19 PM|Financial Assistance|4993056|
626737|BigFilthyDick|GayBar|Non Grata|10097|Maroon|596901|Malic|Veridia|Non Grata|10097|Maroon|Approved|0|100|0|9/10/2025 3:19:16 PM|Financial Assistance|4993055|
626737|BigFilthyDick|GayBar|Non Grata|10097|Maroon|582941|Cydonian Knight|Strodemia|Non Grata|10097|Maroon|Approved|0|100|0|9/10/2025 3:19:12 PM|Financial Assistance|4993054|
626737|BigFilthyDick|GayBar|Non Grata|10097|Maroon|473088|JuiceBox|Phoenix Isle|Non Grata|10097|Maroon|Approved|0|100|0|9/10/2025 3:19:09 PM|Financial Assistance|4993053|
626737|BigFilthyDick|GayBar|Non Grata|10097|Maroon|307315|ni431|ni nation|Non Grata|10097|Maroon|Approved|0|100|0|9/10/2025 3:19:05 PM|Financial Assistance|4993052|
234369|EaTeMuP|EatemVille|New Polar Order|10006|Blue|638048|CharlisonX|Willstate|New Polar Order|10006|Blue|Approved|9000000|0|0|9/10/2025 3:17:25 PM|Financial Assistance|4993051|
234369|EaTeMuP|EatemVille|New Polar Order|10006|Blue|602798|Tharu|Thunnalai|New Polar Order|10006|Blue|Approved|9000000|0|0|9/10/2025 3:17:13 PM|Financial Assistance|4993050|
234369|EaTeMuP|EatemVille|New Polar Order|10006|Blue|483058|Dubh Caireallain|Roisin Dubh|New Polar Order|10006|Blue|Approved|9000000|0|0|9/10/2025 3:16:34 PM|Financial Assistance|4993049|
599547|LongFist|Gemini Technocracy|New Polar Order|10006|Maroon|164367|hazardousdoc|EggmanEmpire|New Polar Order|10006|Blue|Approved|0|100|0|9/10/2025 3:15:40 PM|ICECAP Tech|4993048|
599547|LongFist|Gemini Technocracy|New Polar Order|10006|Maroon|564085|moonshiner|whiskey island|New Polar Order|10006|Blue|Approved|0|100|0|9/10/2025 3:15:21 PM|RATS Tech|4993047|
599547|LongFist|Gemini Technocracy|New Polar Order|10006|Maroon|91526|Dajobo|Disktopia|New Polar Order|10006|Blue|Approved|0|100|0|9/10/2025 3:15:00 PM|ICECAP Tech|4993046|
4323|Xineoph|Um|The Legion|10020|Purple|618779|learjet|Racinante|The Legion|10020|Purple|Approved|0|100|0|9/10/2025 3:11:53 PM|Financial Assistance|4993045|
4323|Xineoph|Um|The Legion|10020|Purple|231614|Frey the Great|Freytopia|The Legion|10020|Purple|Approved|0|100|0|9/10/2025 3:11:44 PM|Financial Assistance|4993044|
70316|Myworld|Stealth Kingdom|The Dark Templar|10056|Black|627412|Jason Radix|Radix|The Dark Templar|10056|Black|Approved|9000000|0|0|9/10/2025 2:31:01 PM|Tech 9/100|4993043|
645467|LiefzDel|Greater Czechia|Post Grunge Supergroup|16367|Brown|636336|Stelth|White Mountain|Union Of Communist Republics|10060|Brown|Approved|0|100|0|9/10/2025 2:30:57 PM|9/100 Payback|4993042|
645467|LiefzDel|Greater Czechia|Post Grunge Supergroup|16367|Brown|64687|Wootmeister|Wootrovia|Global Alliance And Treaty Organization|10003|Brown|Approved|0|100|0|9/10/2025 2:30:34 PM|9/100 Payback|4993041|
70316|Myworld|Stealth Kingdom|The Dark Templar|10056|Black|644785|Optimus881|Wakanda881|Post Grunge Supergroup|16367|Brown|Approved|9000000|0|0|9/10/2025 2:30:26 PM|Tech 9/100|4993040|
484851|enderland|Fields of Elysium|Doombrella|17368|Black|566736|amossio|amossio|Doombrella|17368|Black|Approved|9000000|0|0|9/10/2025 2:20:03 PM|Financial Assistance|4993039|
647112|Asuravidarana|Mahrattadesh|Sparta|10008|Black|140638|ForSparta|HxC Sparta|Sparta|10008|Black|Approved|0|100|0|9/10/2025 2:11:31 PM|Financial Assistance|4993038|
544925|Jacksonians|Barataria|Global Alliance And Treaty Organization|10003|Brown|64687|Wootmeister|Wootrovia|Global Alliance And Treaty Organization|10003|Brown|Approved|0|100|0|9/10/2025 1:08:14 PM|Financial Assistance|4993037|
232881|Yashem|Yashemia|New Pacific Order|10000|Red|636711|Praetor Cuddles|Romulan Star Empire|New Pacific Order|10000|Red|Approved|0|100|0|9/10/2025 12:38:35 PM|QT Tech|4993036|
232881|Yashem|Yashemia|New Pacific Order|10000|Red|388308|Lord Zymeth|USSR of Belleviastan|New Pacific Order|10000|Red|Approved|0|100|0|9/10/2025 12:38:27 PM|QT Tech|4993035|
232881|Yashem|Yashemia|New Pacific Order|10000|Red|601748|Tarfiel|Babblefish|New Pacific Order|10000|Red|Approved|0|100|0|9/10/2025 12:38:23 PM|QT Tech|4993034|
232881|Yashem|Yashemia|New Pacific Order|10000|Red|565552|Kayla Frost|Anselion|New Pacific Order|10000|Red|Approved|0|100|0|9/10/2025 12:38:17 PM|QT Tech|4993033|
413336|Tevron|Devion|CLAWS|15841|Black|647413|Dominus Antarctis|Sancta Antarctica|Veneris|17356|White|Approved|6000000|0|0|9/10/2025 12:34:40 PM|Financial Assistance|4993032|
413336|Tevron|Devion|CLAWS|15841|Black|640191|Landowner|Free Land for Sale|COBRA|13717|Brown|Approved|9000000|0|0|9/10/2025 12:34:16 PM|Financial Assistance|4993031|
647336|Anomaly|Pub Republic|Global Alliance And Treaty Organization|10003|Brown|479490|King Cyan|The Cyan Kingdom|Global Alliance And Treaty Organization|10003|Brown|Approved|0|100|0|9/10/2025 11:58:42 AM|Financial Assistance|4993030|
144708|Matthew PK|Commonwealth of LoL|Doombrella|17368|Black|566736|amossio|amossio|Doombrella|17368|Black|Approved|9000000|0|0|9/10/2025 11:41:40 AM|Financial Assistance|4993029|
642002|Telikos Terakhir|Eschatosia|The Legion|10020|Purple|637024|deanimator|Kuzai|The Legion|10020|Purple|Approved|0|100|0|9/10/2025 11:19:54 AM|Financial Assistance|4993028|
416942|Chris Kaos|The Kingdom of Kaos|Global Alliance And Treaty Organization|10003|Brown|646801|Chaos Gremlin|Chaostopia|Global Alliance And Treaty Organization|10003|Brown|Approved|9000000|0|0|9/10/2025 11:05:50 AM|Financial Assistance|4993027|
201332|dawg66|Grand Americana|Knights Of The Round Table|10092|Green|638628|Hogboy|Maeshowe|Knights Of The Round Table|10092|Green|Approved|9000000|0|0|9/10/2025 11:02:30 AM|tech|4993026|
301419|SirTwist|Twistland|The Grand Lodge Of Freemasons|10029|Orange|120237|Ice Princess|Tundra Mountain|The Grand Lodge of Freemasons|10029|Orange|Approved|0|100|0|9/10/2025 10:50:51 AM|Tech|4993025|
301419|SirTwist|Twistland|The Grand Lodge Of Freemasons|10029|Orange|376391|Dave the Dominator|Taulvia|The Templar Knights|10012|Maroon|Approved|0|100|0|9/10/2025 10:50:29 AM|Tech|4993024|
632397|Gregory24|Candor|Post Grunge Supergroup|16367|Brown|545724|Matmal|Matmalia|Post Grunge Supergroup|16367|Brown|Approved|9000000|0|0|9/10/2025 10:46:59 AM|Tech Deal |4993023|
624103|Wolf Man|Nuke Inc|CLAWS|15841|Black|634521|Kapleo|Kapleo|The Phoenix Federation|17385|Black|Approved|9000000|0|0|9/10/2025 10:39:06 AM|tech deal|4993022|
643321|KerouacLives|Astorion|Knights Of The Round Table|10092|Green|635357|Stephen Michael I|Yanceysylvania|Knights Of The Round Table|10092|Green|Approved|0|100|0|9/10/2025 10:32:27 AM|Tech|4993021|
152779|Crazyguy945|United Nick|Coalition of Royal Allied Powers|10051|Maroon|627722|Mustard Pougy|Frog Flats|Knights Of The Round Table|10092|Green|Approved|9000000|0|0|9/10/2025 10:29:59 AM|Tech deal|4993020|
551677|Edward I|Seleucia|New Pacific Order|10000|Red|565552|Kayla Frost|Anselion|New Pacific Order|10000|Red|Approved|0|100|0|9/10/2025 10:11:27 AM|QT Tech|4993019|
551677|Edward I|Seleucia|New Pacific Order|10000|Red|515093|GoldenAura|Communist Crackous|New Pacific Order|10000|Red|Approved|0|100|0|9/10/2025 10:11:22 AM|QT Tech|4993018|
551677|Edward I|Seleucia|New Pacific Order|10000|Red|636711|Praetor Cuddles|Romulan Star Empire|New Pacific Order|10000|Red|Approved|0|100|0|9/10/2025 10:09:52 AM|QT Tech|4993017|
551677|Edward I|Seleucia|New Pacific Order|10000|Red|511698|hailkirk10|Kirklan|New Pacific Order|10000|Red|Pending|0|100|0|9/10/2025 10:09:48 AM|QT Tech|4993016|
551677|Edward I|Seleucia|New Pacific Order|10000|Red|388308|Lord Zymeth|USSR of Belleviastan|New Pacific Order|10000|Red|Approved|0|100|0|9/10/2025 10:09:44 AM|QT Tech|4993015|
551677|Edward I|Seleucia|New Pacific Order|10000|Red|601748|Tarfiel|Babblefish|New Pacific Order|10000|Red|Approved|0|100|0|9/10/2025 10:09:39 AM|QT Tech|4993014|
646297|Snorkel|Rockies Folk State|Nuclear Proliferation League|17228|Aqua|452727|Avakael|Klaus Devestatorie|Nuclear Proliferation League|17228|Brown|Approved|0|100|0|9/10/2025 10:05:04 AM|Tech delivery|4993013|
120237|Ice Princess|Tundra Mountain|The Grand Lodge of Freemasons|10029|Orange|644951|Landric|Republic of Ursus|The Grand Lodge Of Freemasons|10029|Orange|Approved|6000000|0|0|9/10/2025 9:53:49 AM|tech plz|4993012|
645946|LiFeng|Qwertyiop|Non Grata|10097|Maroon|144192|Sagha|Nickelattia|Non Grata|10097|Maroon|Approved|0|100|0|9/10/2025 9:51:03 AM|Financial Assistance|4993011|
645946|LiFeng|Qwertyiop|Non Grata|10097|Maroon|132232|Justin666|Pain nation 666|Non Grata|10097|Maroon|Approved|0|100|0|9/10/2025 9:50:51 AM|Financial Assistance|4993010|
348556|Overlord Wes|wussys|Global Alliance and Treaty Organization|10003|Brown|39842|Uelen|Uelen|Global Alliance and Treaty Organization|10003|Brown|Approved|9000000|100|0|9/10/2025 9:45:22 AM|Financial Assistance|4993009|
348556|Overlord Wes|wussys|Global Alliance and Treaty Organization|10003|Brown|83518|Johnny Apocalypse|Anubia|Global Alliance And Treaty Organization|10003|Brown|Approved|9000000|100|0|9/10/2025 9:45:09 AM|Financial Assistance|4993008|
348556|Overlord Wes|wussys|Global Alliance and Treaty Organization|10003|Brown|102751|Jack Whiterstein|Gyuard|Global Alliance And Treaty Organization|10003|Brown|Approved|9000000|100|0|9/10/2025 9:44:56 AM|Financial Assistance|4993007|
348556|Overlord Wes|wussys|Global Alliance and Treaty Organization|10003|Brown|429171|Inquisitor Gaunt|Cult Imperialis|Global Alliance And Treaty Organization|10003|Brown|Approved|9000000|100|0|9/10/2025 9:44:44 AM|Financial Assistance|4993006|
626894|Gamestonk|GameStonk|COBRA|13717|Brown|115556|Chuck Normis|Kickastan|Coalition of Royal Allied Powers|10051|Maroon|Approved|0|100|0|9/10/2025 9:37:01 AM|100/100|4993005|
314219|Captain Stage|Maritime|Global Alliance And Treaty Organization|10003|Brown|588353|FieryVixen|Craptonia|Global Alliance And Treaty Organization|10003|Brown|Approved|9000000|0|0|9/10/2025 9:19:05 AM|Financial Assistance|4993004|
314219|Captain Stage|Maritime|Global Alliance And Treaty Organization|10003|Brown|646988|Mashirosen|ababab|Global Alliance And Treaty Organization|10003|Brown|Approved|9000000|0|0|9/10/2025 9:17:44 AM|Financial Assistance|4993003|
314219|Captain Stage|Maritime|Global Alliance And Treaty Organization|10003|Brown|579231|Greg23|Chronictopia|Global Alliance And Treaty Organization|10003|Brown|Approved|9000000|0|0|9/10/2025 9:17:19 AM|Financial Assistance|4993002|
314219|Captain Stage|Maritime|Global Alliance And Treaty Organization|10003|Brown|4930|Sir Sci|Scots Empire|Global Alliance and Treaty Organization|10003|Brown|Approved|9000000|0|0|9/10/2025 9:16:35 AM|Financial Assistance|4993001|
234325|Ben Gates|TreasureLand|Independent Republic Of Orange Nations|10004|Orange|602552|atliis|Silvertown|Independent Republic Of Orange Nations|10004|Orange|Approved|9000000|0|0|9/10/2025 8:58:35 AM|ITF|4993000|
168105|Bobogoobo|Bobogoobo|New Pacific Order|10000|Red|570155|Thrash04|Ohio Terrority|New Pacific Order|10000|Red|Approved|9000000|0|0|9/10/2025 8:50:28 AM|Bankroll|4992999|
168105|Bobogoobo|Bobogoobo|New Pacific Order|10000|Red|643162|DarkDefiance|United Defiance|New Pacific Order|10000|Red|Approved|9000000|0|0|9/10/2025 8:50:19 AM|QT Pay|4992998|
623822|Comrade Marx|GreaterGoonSyndicate|Doombrella|17368|Black|622072|Tmac73|Norway2|Non Grata|10097|Maroon|Approved|6000000|0|0|9/10/2025 8:44:42 AM|6m/100 tech|4992997|
639282|Agaton Sax|Asmodean|COBRA|13717|Brown|120237|Ice Princess|Tundra Mountain|The Grand Lodge of Freemasons|10029|Orange|Approved|0|100|0|9/10/2025 8:43:20 AM|Financial Assistance|4992996|
325990|Bleak Outlook|New Dun Likus|Fark|10002|Aqua|206391|spleen63|Isle of Steve|Fark|10002|Aqua|Approved|0|100|0|9/10/2025 8:29:05 AM|FREE FARKIN TECH!!!|4992995|
325990|Bleak Outlook|New Dun Likus|Fark|10002|Aqua|206506|Chasan|Bunnies in Paradise|Fark|10002|Aqua|Approved|0|100|0|9/10/2025 8:28:36 AM|Free Farkin Tech!|4992994|
620004|Joesph Stalin|Ressurectioned USSR|Union Of Communist Republics|10060|Brown|640568|Comrade Cornwallis|The cornish communes|Union Of Communist Republics|10060|Brown|Approved|9000000|0|0|9/10/2025 8:24:28 AM|Financial Assistance|4992993|
641804|jackthebest|Jackastan|NATO|10037|Blue|248357|MrSka|Slartibartfast|NATO|10037|Blue|Approved|0|100|0|9/10/2025 8:17:40 AM|Financial Assistance|4992992|
642338|Kauppinen|Savruotland|The Dark Templar|10056|Black|402037|Soviet Mudkip|In Soviet Russia|The Dark Templar|10056|Black|Approved|0|100|0|9/10/2025 8:14:24 AM|Tech deal|4992991|
642338|Kauppinen|Savruotland|The Dark Templar|10056|Black|308695|Indiomaestro|Jahara|The Dark Templar|10056|Black|Approved|0|100|0|9/10/2025 8:14:07 AM|Tech deal|4992990|
24905|Arminius|Festung Germania|Old Guard|11296|Blue|48199|Friendly_hazard|Pegasus|Old Guard|11296|Blue|Approved|0|100|0|9/10/2025 8:12:43 AM|Financial Assistance|4992989|
497000|Democzar|frequathrive|Global Alliance And Treaty Organization|10003|Brown|568795|Greywall|The Westfold|Global Alliance And Treaty Organization|10003|Brown|Pending|9000000|0|0|9/10/2025 7:58:28 AM|Financial Assistance|4992988|
429171|Inquisitor Gaunt|Cult Imperialis|Global Alliance And Treaty Organization|10003|Brown|101986|windir|Technology|Global Alliance and Treaty Organization|10003|Brown|Approved|9000000|0|0|9/10/2025 7:49:55 AM|Financial Assistance|4992987|
429171|Inquisitor Gaunt|Cult Imperialis|Global Alliance And Treaty Organization|10003|Brown|646886|Root3|Kansa|Nuclear Proliferation League|17228|Aqua|Approved|9000000|0|0|9/10/2025 7:49:37 AM|Financial Assistance|4992986|
646195|Ebaggerisintown|Tinneas Cinn|Global Alliance And Treaty Organization|10003|Brown|117823|LittleVlad|Morte|Global Alliance and Treaty Organization|10003|Brown|Approved|0|100|0|9/10/2025 7:48:39 AM|Financial Assistance|4992985|
640769|Unite front|Republic of Teksas|Doom Squad|16454|Black|93757|Irons82|Zero-One|DOOMBIRD DOOMCAVE|10449|Black|Pending|0|100|0|9/10/2025 7:42:02 AM|Financial Assistance|4992984|
640769|Unite front|Republic of Teksas|Doom Squad|16454|Black|470323|plaw44|infinite desire|Doombrella|17368|Black|Approved|0|100|0|9/10/2025 7:41:49 AM|Financial Assistance|4992983|
640769|Unite front|Republic of Teksas|Doom Squad|16454|Black|326267|Steeldor|Jerel|DOOMBIRD DOOMCAVE|10449|Black|Approved|0|100|0|9/10/2025 7:41:32 AM|Financial Assistance|4992982|
640769|Unite front|Republic of Teksas|Doom Squad|16454|Black|634169|Cadlore|OId Lore|CLAWS|15841|Black|Approved|0|100|0|9/10/2025 7:41:13 AM|Financial Assistance|4992981|
640769|Unite front|Republic of Teksas|Doom Squad|16454|Black|639897|CaptTchalle|Akutan Island|The Dark Templar|10056|Brown|Approved|0|100|0|9/10/2025 7:41:02 AM|Financial Assistance|4992980|
640769|Unite front|Republic of Teksas|Doom Squad|16454|Black|642141|Crusadan|Doimestea|The Dark Templar|10056|Black|Approved|0|100|0|9/10/2025 7:40:46 AM|Financial Assistance|4992979|
599846|RandomWon|Hangry|Sparta|10008|Green|119735|smusmu|Smustra|Sparta|10008|Black|Approved|0|100|0|9/10/2025 7:36:22 AM|Financial Assistance|4992977|
166207|Jekalle|Ranus|Non Grata|10097|Maroon|457345|Taiki11|Taiki Land|Non Grata|10097|Maroon|Approved|9000000|0|0|9/10/2025 7:34:26 AM|Another round 9/100?|4992976|
532352|Serberus|The State|Post Grunge Supergroup|16367|Brown|639137|KingCornyCob|Marshmallowtopia|Post Grunge Supergroup|16367|Brown|Approved|9000000|0|0|9/10/2025 7:33:39 AM|Tech Deal|4992975|
535786|ThE K9|09Charger|Global Alliance And Treaty Organization|10003|Brown|117823|LittleVlad|Morte|Global Alliance and Treaty Organization|10003|Brown|Approved|0|100|0|9/10/2025 7:32:13 AM|Financial Assistance|4992974|
643474|Thilsh|Ibvralia|Post Grunge Supergroup|16367|Brown|545096|Mumzilla|Hulkville|The Dark Templar|10056|Black|Approved|0|100|0|9/10/2025 7:24:28 AM|Financial Assistance|4992973|
253222|SlimCad|Cadii|Global Alliance And Treaty Organization|10003|Brown|644454|Mike Oxlong|Dixie Wrecked|Global Alliance And Treaty Organization|10003|Brown|Approved|9000000|0|0|9/10/2025 7:12:20 AM|Tech Deal|4992972|
412136|King James II|Michigan II|NATO|10037|Blue|478755|Democracy|UnitedNation|Freehold of The Wolves|15157|White|Approved|9000000|0|0|9/10/2025 7:11:05 AM|VEP|4992971|
412136|King James II|Michigan II|NATO|10037|Blue|626587|Iogaro12|Iberia del Norte|Freehold of The Wolves|15157|White|Approved|9000000|0|0|9/10/2025 7:10:35 AM|VEP|4992970|
412136|King James II|Michigan II|NATO|10037|Blue|646548|mass781|Mass781|Christian Coalition Of Countries|10028|Maroon|Approved|9000000|0|0|9/10/2025 7:08:22 AM|VEP|4992969|
596901|Malic|Veridia|Non Grata|10097|Maroon|457345|Taiki11|Taiki Land|Non Grata|10097|Maroon|Approved|9000000|0|0|9/10/2025 7:07:50 AM|9M for 100 Tech |4992968|
412136|King James II|Michigan II|NATO|10037|Blue|641804|jackthebest|Jackastan|NATO|10037|Blue|Approved|9000000|0|0|9/10/2025 7:06:15 AM|VEP|4992967|
643162|DarkDefiance|United Defiance|New Pacific Order|10000|Red|608015|elputojack|villa feliz|New Pacific Order|10000|Red|Approved|0|100|0|9/10/2025 6:59:00 AM|QT Tech|4992966|
646738|TechLord|TechLord|Global Alliance And Treaty Organization|10003|Brown|313301|MK4Slowride|MK4Slowride|Global Alliance And Treaty Organization|10003|Brown|Approved|0|100|0|9/10/2025 6:48:37 AM|Financial Assistance|4992965|
212835|Minuq|Butan|New Pacific Order|10000|Red|616294|Japanese Schoolgirls|Japanese Schoolgirls|New Pacific Order|10000|Red|Pending|9000000|0|0|9/10/2025 6:48:08 AM|Bankroll|4992964|
212835|Minuq|Butan|New Pacific Order|10000|Red|618189|Curiosity|Illusion|New Pacific Order|10000|Red|Approved|9000000|0|0|9/10/2025 6:48:02 AM|Bankroll|4992963|
212835|Minuq|Butan|New Pacific Order|10000|Red|570155|Thrash04|Ohio Terrority|New Pacific Order|10000|Red|Approved|9000000|0|0|9/10/2025 6:47:54 AM|Bankroll|4992962|
212835|Minuq|Butan|New Pacific Order|10000|Red|616302|Ashwyesum|The Ashes State|New Pacific Order|10000|Red|Approved|9000000|0|0|9/10/2025 6:47:48 AM|Bankroll|4992961|
212835|Minuq|Butan|New Pacific Order|10000|Red|553651|Stanley Steemer|Erwin Township|New Pacific Order|10000|Red|Approved|9000000|0|0|9/10/2025 6:47:39 AM|Bankroll|4992960|
212835|Minuq|Butan|New Pacific Order|10000|Red|552125|Mouseman490|The Empire of Klein|New Pacific Order|10000|Red|Approved|9000000|0|0|9/10/2025 6:47:33 AM|Bankroll|4992959|
147284|Magicninja|Grundy|Global Alliance And Treaty Organization|10003|Brown|616861|TomoGozen|Shoganai|Global Alliance And Treaty Organization|10003|Brown|Approved|9000000|0|0|9/10/2025 6:45:27 AM|Financial Assistance|4992958|
197161|Juleandor|Kleptoville|The Legion|10020|Purple|645156|RekEm Republic|RekEm Republic|The Legion|10020|Purple|Approved|9000000|0|0|9/10/2025 6:28:26 AM|Legion Trade|4992957|
647033|rachel666|Rachellia|Global Alliance And Treaty Organization|10003|Brown|206001|Mallardius|Dominion of the Duck|Global Alliance And Treaty Organization|10003|Brown|Approved|0|100|0|9/10/2025 6:22:00 AM|Financial Assistance|4992956|
623987|MasterBadey|mastabadeia|Global Alliance And Treaty Organization|10003|Brown|314219|Captain Stage|Maritime|Global Alliance And Treaty Organization|10003|Brown|Approved|0|100|0|9/10/2025 6:14:31 AM|free hat|4992954|
641537|Probably Mochi|Kap Land|Doom Squad|16454|Black|93757|Irons82|Zero-One|DOOMBIRD DOOMCAVE|10449|Black|Pending|0|100|0|9/10/2025 6:07:12 AM|Financial Assistance|4992953|
641537|Probably Mochi|Kap Land|Doom Squad|16454|Black|470323|plaw44|infinite desire|Doombrella|17368|Black|Approved|0|100|0|9/10/2025 6:06:55 AM|Financial Assistance|4992952|
641537|Probably Mochi|Kap Land|Doom Squad|16454|Black|642141|Crusadan|Doimestea|The Dark Templar|10056|Black|Approved|0|100|0|9/10/2025 6:06:36 AM|Financial Assistance|4992951|
348070|Chopin|Republic of Poland|Avalanche|10078|Blue|632534|valves|valves2|Avalanche|10078|Blue|Approved|9000000|0|0|9/10/2025 6:05:50 AM|Td|4992950|
35448|Randle|Cheesia|Global Alliance and Treaty Organization|10003|Brown|643971|Blaze I|Brozil|Global Alliance And Treaty Organization|10003|Brown|Approved|9000000|0|0|9/10/2025 6:05:04 AM|Financial Assistance|4992949|
35448|Randle|Cheesia|Global Alliance and Treaty Organization|10003|Brown|544925|Jacksonians|Barataria|Global Alliance And Treaty Organization|10003|Brown|Approved|9000000|0|0|9/10/2025 6:04:49 AM|Financial Assistance|4992948|
632434|Stineamania|Nowitme|Post Grunge Supergroup|16367|Brown|36287|SirWilliam|Blissfields|Post Grunge Supergroup|16367|Brown|Approved|9000000|0|0|9/10/2025 5:42:46 AM|9mil/100|4992947|
632434|Stineamania|Nowitme|Post Grunge Supergroup|16367|Brown|627177|SupaSural|Suraltopia|Post Grunge Supergroup|16367|Brown|Approved|9000000|0|0|9/10/2025 5:42:00 AM|9mil/100|4992946|
416695|pmacdaddy|Sanctuary|DOOMBIRD DOOMCAVE|10449|Black|646947|Hawggystyle|Djibigbouti|Doombrella|17368|Black|Approved|9000000|0|0|9/10/2025 5:40:09 AM|Doomerce|4992945|
437823|zyberzpyder|Zyberia|Non Grata|10097|Maroon|633611|Speeder|Dronterlands|Non Grata|10097|Maroon|Approved|9000000|0|0|9/10/2025 5:37:56 AM|Tech|4992944|
261397|Rampage3|United Liberocracy|Nuclear Proliferation League|17228|Aqua|645740|ShadowSleeper|Noevgono|Nuclear Proliferation League|17228|Aqua|Approved|9000000|0|0|9/10/2025 5:36:41 AM|9/100 Tech Deal|4992943|
641533|Haamu|Sampo|WWF|14310|Blue|52717|sanpedrodave|San Pedro|Green Protection Agency|10041|Green|Pending|0|100|0|9/10/2025 5:35:44 AM|Financial Assistance|4992942|
641533|Haamu|Sampo|WWF|14310|Blue|141583|jerdge|Gaela|Green Protection Agency|10041|Green|Approved|0|100|0|9/10/2025 5:35:30 AM|Financial Assistance|4992941|
644951|Landric|Republic of Ursus|The Grand Lodge Of Freemasons|10029|Orange|256722|MDH962|Claysburgh|The Grand Lodge of Freemasons|10029|Orange|Approved|0|100|0|9/10/2025 5:26:19 AM|Financial Assistance|4992940|
646886|Root3|Kansa|Nuclear Proliferation League|17228|Aqua|576916|Czar Cootie|Zernograd|Global Alliance And Treaty Organization|10003|Brown|Approved|0|100|0|9/10/2025 5:25:50 AM|Tech|4992939|
351219|Rakul|Winterhaven|The Order Of The Black Rose|10045|Black|620463|Sysiphus Maximus|Pelabos|The Order Of The Black Rose|10045|Black|Approved|0|100|0|9/10/2025 5:24:55 AM|100 Tech|4992938|
646886|Root3|Kansa|Nuclear Proliferation League|17228|Aqua|618472|Leftie|Brotherhood|Madlads Union|17130|Brown|Approved|0|100|0|9/10/2025 5:24:18 AM|Tech |4992937|
633233|Mike Khunt|Cypress Hill|CLAWS|15841|Black|525885|Zieg Know|Caldari State|CLAWS|15841|Black|Approved|9000000|0|0|9/10/2025 5:20:15 AM|$9mil for 100 Tech|4992936|
81564|constablepotato|Potatoland|Freehold of The Wolves|15157|White|225963|stageidea|Provinz Sachsen|Freehold of The Wolves|15157|White|Approved|9000000|0|0|9/10/2025 5:04:20 AM|HOWL! |4992935|
81564|constablepotato|Potatoland|Freehold of The Wolves|15157|White|535013|Deadwartin|Republic of SOS|Freehold of The Wolves|15157|White|Approved|9000000|0|0|9/10/2025 5:03:37 AM|HOWL! |4992934|
81564|constablepotato|Potatoland|Freehold of The Wolves|15157|White|626587|Iogaro12|Iberia del Norte|Freehold of The Wolves|15157|White|Approved|9000000|0|0|9/10/2025 5:03:12 AM|HOWL! |4992933|
288430|jrsyboy|toqueville|Non Grata|10097|Maroon|644042|calicocatface|Calico Islands|Non Grata|10097|Maroon|Approved|9000000|0|0|9/10/2025 5:02:46 AM|Financial Assistance|4992932|
425377|Commander Ferraday|Ice Station Zebra|CLAWS|15841|Black|626161|54vee|Tallinn Compact|CLAWS|15841|Black|Approved|9000000|0|0|9/10/2025 4:58:15 AM|Tech deal 9 for 100|4992931|
449862|Marneus Calgar|Macragge|New Pacific Order|10000|Red|552125|Mouseman490|The Empire of Klein|New Pacific Order|10000|Red|Approved|9000000|0|0|9/10/2025 4:55:52 AM|Bankroll|4992930|
449862|Marneus Calgar|Macragge|New Pacific Order|10000|Red|638860|Adrius Adler|Trostland|New Pacific Order|10000|Red|Approved|9000000|0|0|9/10/2025 4:55:34 AM|Bankroll|4992929|
449862|Marneus Calgar|Macragge|New Pacific Order|10000|Red|570155|Thrash04|Ohio Terrority|New Pacific Order|10000|Red|Approved|9000000|0|0|9/10/2025 4:55:20 AM|Bankroll|4992928|
449862|Marneus Calgar|Macragge|New Pacific Order|10000|Red|616302|Ashwyesum|The Ashes State|New Pacific Order|10000|Red|Approved|9000000|0|0|9/10/2025 4:55:05 AM|Bankroll|4992927|
449862|Marneus Calgar|Macragge|New Pacific Order|10000|Red|647335|Tosmanshotz|tOsMaNsHoTz Republic|New Pacific Order|10000|Red|Approved|6000000|0|0|9/10/2025 4:54:50 AM|QT Pay|4992926|
449862|Marneus Calgar|Macragge|New Pacific Order|10000|Red|618189|Curiosity|Illusion|New Pacific Order|10000|Red|Approved|9000000|0|0|9/10/2025 4:54:29 AM|Bankroll|4992925|
645156|RekEm Republic|RekEm Republic|The Legion|10020|Purple|637024|deanimator|Kuzai|The Legion|10020|Purple|Approved|0|100|0|9/10/2025 4:33:37 AM|Financial Assistance|4992924|
374321|Clash|Discord|Doombrella|17368|Black|646947|Hawggystyle|Djibigbouti|Doombrella|17368|Black|Approved|9000000|0|4000|9/10/2025 4:33:31 AM|Cash n Causalities |4992923|
581999|Johnny Mac|Big Brother 17|CLAWS|15841|Black|525885|Zieg Know|Caldari State|CLAWS|15841|Black|Approved|9000000|0|0|9/10/2025 4:33:15 AM|$9 mil for 100 tech|4992922|
136993|Hotti|Kiosk|Non Grata|10097|Maroon|132232|Justin666|Pain nation 666|Non Grata|10097|Maroon|Approved|0|100|0|9/10/2025 4:12:00 AM|Financial Assistance|4992921|
136993|Hotti|Kiosk|Non Grata|10097|Maroon|634448|Stewie|Stewieland III|Non Grata|10097|Maroon|Approved|0|100|0|9/10/2025 4:11:47 AM|Financial Assistance|4992920|
136993|Hotti|Kiosk|Non Grata|10097|Maroon|155826|weebl2000|Azeer|Non Grata|10097|Maroon|Approved|0|100|0|9/10/2025 4:11:33 AM|Financial Assistance|4992919|
136993|Hotti|Kiosk|Non Grata|10097|Maroon|582941|Cydonian Knight|Strodemia|Non Grata|10097|Maroon|Approved|0|100|0|9/10/2025 4:11:21 AM|Financial Assistance|4992918|
136993|Hotti|Kiosk|Non Grata|10097|Maroon|474935|Enabran Tain|Obsidian Order|Non Grata|10097|Maroon|Approved|0|100|0|9/10/2025 4:11:09 AM|Financial Assistance|4992917|
25379|Stylesjl|Pontbridge|Coalition of Royal Allied Powers|10051|Maroon|644461|Aran Belmont|Metroidvania|Veneris|17356|White|Approved|9000000|0|0|9/10/2025 4:06:10 AM|Tech Deal 9/100|4992916|
25379|Stylesjl|Pontbridge|Coalition of Royal Allied Powers|10051|Maroon|631459|Gorbachov|Soviet Union|COMECON|16703|Red|Approved|9000000|0|0|9/10/2025 4:05:56 AM|Tech Deal 9/100|4992915|
184966|The Upper Bass|Little Basses|The Dark Templar|10056|Black|454402|Flyin Hawaiian|Hawaiian Land|The Dark Templar|10056|Black|Approved|9000000|0|0|9/10/2025 3:55:43 AM|Tech deal|4992914|
184966|The Upper Bass|Little Basses|The Dark Templar|10056|Black|646025|Hiten21|HAPUD|The Dark Templar|10056|Black|Approved|9000000|0|0|9/10/2025 3:55:20 AM|Aid|4992913|
184966|The Upper Bass|Little Basses|The Dark Templar|10056|Black|84729|D.A.D.1|IGP Warriors|The Dark Templar|10056|Black|Approved|9000000|0|0|9/10/2025 3:54:53 AM|Aid|4992912|
184966|The Upper Bass|Little Basses|The Dark Templar|10056|Black|639897|CaptTchalle|Akutan Island|The Dark Templar|10056|Brown|Approved|9000000|0|0|9/10/2025 3:54:33 AM|Aid|4992911|
387694|Dan100|c123po|New Pacific Order|10000|Red|647330|Lime30k|Jakun|New Pacific Order|10000|Red|Approved|6000000|0|0|9/10/2025 3:20:38 AM|Rising Stars|4992910|
387694|Dan100|c123po|New Pacific Order|10000|Red|594363|Greatkitteh|Guahan|New Pacific Order|10000|Red|Approved|9000000|0|0|9/10/2025 3:20:32 AM|Bankroll|4992909|
387694|Dan100|c123po|New Pacific Order|10000|Red|618189|Curiosity|Illusion|New Pacific Order|10000|Red|Approved|9000000|0|0|9/10/2025 3:20:26 AM|Bankroll|4992908|
387694|Dan100|c123po|New Pacific Order|10000|Red|645804|La Mismidad|Libertaris|New Pacific Order|10000|Red|Approved|9000000|0|0|9/10/2025 3:20:18 AM|QT Pay|4992907|
387694|Dan100|c123po|New Pacific Order|10000|Red|626040|Rewan Demontay|Panagouge|New Pacific Order|10000|Red|Approved|9000000|0|0|9/10/2025 3:20:11 AM|Bankroll|4992906|
646988|Mashirosen|ababab|Global Alliance And Treaty Organization|10003|Brown|117823|LittleVlad|Morte|Global Alliance and Treaty Organization|10003|Brown|Approved|0|100|0|9/10/2025 3:18:20 AM|Financial Assistance|4992905|
625646|muji111|muji111|Random Insanity Alliance|10038|Maroon|94305|Brettward|Truckerland|Nordreich|11319|Maroon|Approved|0|100|0|9/10/2025 3:16:15 AM|Financial Assistance|4992904|
311344|asapilu|Persianiran|NATO|10037|Blue|630683|Queen Aurore|Turnopia|Christian Coalition Of Countries|10028|Maroon|Approved|9000000|0|0|9/10/2025 3:15:47 AM|Valyrian aid|4992903|
155826|weebl2000|Azeer|Non Grata|10097|Maroon|633611|Speeder|Dronterlands|Non Grata|10097|Maroon|Approved|9000000|0|0|9/10/2025 2:59:11 AM|5 euros?!|4992901|
646681|Jokkeh|Andebu Technocracy|New Pacific Order|10000|Red|608015|elputojack|villa feliz|New Pacific Order|10000|Red|Approved|0|100|0|9/10/2025 2:31:25 AM|Financial Assistance|4992900|
646681|Jokkeh|Andebu Technocracy|New Pacific Order|10000|Red|442731|Madd|Modra|New Pacific Order|10000|Red|Approved|0|100|0|9/10/2025 2:31:16 AM|Financial Assistance|4992899|
91088|Dragster|winukka|Nordreich|11319|Maroon|643135|Ferocious|Ferocious|Nuclear Proliferation League|17228|Black|Approved|9000000|0|0|9/10/2025 2:14:02 AM|9m/100t|4992898|
646353|tuomas|temple of perversion|The Legion|10020|Purple|637024|deanimator|Kuzai|The Legion|10020|Purple|Approved|0|100|0|9/10/2025 2:04:14 AM|Financial Assistance|4992896|
624649|arif2016|TheIndomitableEmpire|COBRA|13717|Brown|116324|Wayne World|Wayne World|The Grand Lodge of Freemasons|10029|Orange|Approved|0|100|0|9/10/2025 1:57:22 AM|Financial Assistance|4992895|
101986|windir|Technology|Global Alliance and Treaty Organization|10003|Brown|14658|Manis B|Caesura|Global Alliance and Treaty Organization|10003|Brown|Approved|0|100|0|9/10/2025 1:23:13 AM|Tech deal 1/3|4992894|
639335|Swamplandia|Horna|NATO|10037|Blue|39465|King Tom|king Tom|NATO|10037|Blue|Approved|0|100|0|9/10/2025 1:11:16 AM|Financial Assistance|4992893|
639335|Swamplandia|Horna|NATO|10037|Blue|311344|asapilu|Persianiran|NATO|10037|Blue|Approved|0|100|0|9/10/2025 1:10:49 AM|Financial Assistance|4992892|
298479|Pheren|Lost Atlantis|Orange Defense Network|17435|Orange|538755|zeldafan4ever|Terminus|Orange Defense Network|17435|Orange|Approved|9000000|0|0|9/10/2025 1:02:58 AM|9M/300 tech deal|4992891|
638461|Jerby|Simulacra|Non Grata|10097|Maroon|276365|ShadowSKAR|Hidden Shadows|Non Grata|10097|Maroon|Approved|0|100|0|9/10/2025 12:59:21 AM|Financial Assistance|4992890|
633137|International Waters|International Waters|New Pacific Order|10000|Red|388308|Lord Zymeth|USSR of Belleviastan|New Pacific Order|10000|Red|Approved|0|100|0|9/10/2025 12:45:40 AM|QT Tech|4992889|
633137|International Waters|International Waters|New Pacific Order|10000|Red|442731|Madd|Modra|New Pacific Order|10000|Red|Approved|0|100|0|9/10/2025 12:44:56 AM|QT Tech|4992888|
633137|International Waters|International Waters|New Pacific Order|10000|Red|608015|elputojack|villa feliz|New Pacific Order|10000|Red|Approved|0|100|0|9/10/2025 12:44:49 AM|QT Tech|4992887|
633137|International Waters|International Waters|New Pacific Order|10000|Red|305440|Daimos|Micon|New Pacific Order|10000|Red|Approved|0|100|0|9/10/2025 12:44:43 AM|QT Tech|4992886|
633137|International Waters|International Waters|New Pacific Order|10000|Red|636711|Praetor Cuddles|Romulan Star Empire|New Pacific Order|10000|Red|Approved|0|100|0|9/10/2025 12:44:21 AM|QT Tech|4992885|
633137|International Waters|International Waters|New Pacific Order|10000|Red|629229|HopeFun|LimaPT|New Pacific Order|10000|Red|Approved|0|100|0|9/10/2025 12:44:14 AM|QT Tech|4992884|
4323|Xineoph|Um|The Legion|10020|Purple|637024|deanimator|Kuzai|The Legion|10020|Purple|Approved|0|100|0|9/10/2025 12:33:40 AM|Financial Assistance|4992883|
4323|Xineoph|Um|The Legion|10020|Purple|638569|Ozark|Blue Cat Nation|The Legion|10020|Purple|Approved|0|100|0|9/10/2025 12:33:34 AM|Financial Assistance|4992882|
372061|Mandystalin|Lutonstan|The Templar Knights|10012|Maroon|646473|Pegasus Gold Saint|Saint Seiya|Veneris|17356|White|Approved|9000000|0|0|9/10/2025 12:28:44 AM|Tech|4992881|
637024|deanimator|Kuzai|The Legion|10020|Purple|616289|Kingzing|Glister|The Legion|10020|Purple|Approved|9000000|0|0|9/10/2025 12:26:21 AM|Financial Assistance|4992880|
646635|supremeruler|Astros|Post Grunge Supergroup|16367|Yellow|39430|Kuzuryusen|Jianada|Global Alliance And Treaty Organization|10003|Brown|Approved|0|100|0|9/10/2025 12:22:24 AM|tech express|4992879|
17202|Cybolt|Time and Space|New Pacific Order|10000|Red|594363|Greatkitteh|Guahan|New Pacific Order|10000|Red|Approved|9000000|0|0|9/10/2025 12:20:49 AM|Bankroll|4992878|
643474|Thilsh|Ibvralia|Post Grunge Supergroup|16367|Brown|633233|Mike Khunt|Cypress Hill|CLAWS|15841|Black|Approved|0|100|0|9/10/2025 12:17:42 AM|Financial Assistance|4992877|
262614|aml520|Hantou|New Polar Order|10006|Blue|433547|WhitEarendur|Tol Eressea|New Polar Order|10006|Blue|Approved|0|100|0|9/10/2025 12:16:38 AM|RATS Tech|4992876|
262614|aml520|Hantou|New Polar Order|10006|Blue|202519|Zombie Glaucon|UTC Labs|New Polar Order|10006|Blue|Approved|0|100|0|9/10/2025 12:16:27 AM|RATS Tech|4992875|
262614|aml520|Hantou|New Polar Order|10006|Blue|553210|tenbob|Mayoabu|New Polar Order|10006|Blue|Approved|0|100|0|9/10/2025 12:16:17 AM|RATS Tech|4992874|
629384|Cruspad the Younger|Cittagazze|CLAWS|15841|Black|413336|Tevron|Devion|CLAWS|15841|Black|Approved|0|100|0|9/10/2025 12:14:06 AM|Your Tech.|4992873|
626421|JesusCrocs|Isla Guahan|Knights Of The Round Table|10092|Green|479257|Aprentic|MVEMJSUNP|Knights Of The Round Table|10092|Green|Approved|0|100|0|9/10/2025 12:12:30 AM|Financial Assistance|4992872|
643741|Danteeternity|Balan|Post Grunge Supergroup|16367|Brown|632435|Lordsmallballs|Acadian States|Post Grunge Supergroup|16367|Brown|Approved|0|100|0|9/10/2025 12:05:25 AM|Tech Deal|4992871|
627118|Shabalabadingdong|Shabnation|Post Grunge Supergroup|16367|Yellow|627177|SupaSural|Suraltopia|Post Grunge Supergroup|16367|Brown|Approved|9000000|0|0|9/10/2025 12:05:01 AM|9m/100t deal|4992870|
604229|St Mungo|Glasgow|Knights Of The Round Table|10092|Green|384577|wayoik|SunOase|Knights Of The Round Table|10092|Green|Approved|0|100|0|9/10/2025 12:02:44 AM|Tech deal|4992869|
631385|Kingdom of Denmark|Jutland Germany|The Prussian Empire|14204|Green|488372|Heinrich I|Das Ostfrankenreich|The Prussian Empire|14204|Green|Approved|0|100|0|9/10/2025 12:00:58 AM|Financial Assistance|4992868|
39705|Bmk812|Eisenherz|Global Alliance And Treaty Organization|10003|Brown|531189|Peroman200|Petrolandija|Global Alliance And Treaty Organization|10003|Brown|Approved|9000000|0|0|9/10/2025 12:00:29 AM|Tech Aid|4992867|
407151|Dre4mwe4ver|Fidensgen|Global Alliance And Treaty Organization|10003|Brown|455413|Duke Nukem|NukemLand|Global Alliance And Treaty Organization|10003|Brown|Approved|0|100|0|9/9/2025 11:30:25 PM|More Tech |4992866|
407151|Dre4mwe4ver|Fidensgen|Global Alliance And Treaty Organization|10003|Brown|83518|Johnny Apocalypse|Anubia|Global Alliance And Treaty Organization|10003|Brown|Approved|0|100|0|9/9/2025 11:30:04 PM|Technological Assistance|4992865|
407151|Dre4mwe4ver|Fidensgen|Global Alliance And Treaty Organization|10003|Brown|646327|KittenGosCrazy|Aura Kingdom|Global Alliance And Treaty Organization|10003|Brown|Approved|0|100|0|9/9/2025 11:29:43 PM|Sorry, Im late :(|4992864|
616289|Kingzing|Glister|The Legion|10020|Purple|638569|Ozark|Blue Cat Nation|The Legion|10020|Purple|Approved|0|100|0|9/9/2025 10:39:58 PM|Financial Assistance|4992863|
616289|Kingzing|Glister|The Legion|10020|Purple|638311|FightingSioux405|New Whitehall|The Legion|10020|Purple|Approved|0|100|0|9/9/2025 10:39:49 PM|Financial Assistance|4992862|
638048|CharlisonX|Willstate|New Polar Order|10006|Blue|262358|Johnny123|Johhny|New Polar Order|10006|Blue|Approved|0|100|0|9/9/2025 10:35:16 PM|ICECAP Tech|4992861|
551982|Jason Cyberius|Cyberium|Global Alliance And Treaty Organization|10003|Brown|32861|Drachonum|drachonia|Global Alliance and Treaty Organization|10003|Brown|Approved|0|100|0|9/9/2025 9:52:05 PM|Financial Assistance|4992860|
207347|Arcane|Arcania|Fark|10002|Aqua|645525|GodKing Menes|Free Republic of Kem|Nuclear Proliferation League|17228|Aqua|Approved|9000000|0|0|9/9/2025 9:37:17 PM|Tech|4992859|
645053|Geezy VIII|SOS Empire|Independent Republic Of Orange Nations|10004|Orange|234325|Ben Gates|TreasureLand|Independent Republic Of Orange Nations|10004|Orange|Approved|0|100|0|9/9/2025 9:26:29 PM|ITF|4992858|
631406|The Black Kaiser|Medieval Reich||0|Green|607213|Ernak son of Attila|The Huns|The Prussian Empire|14204|Green|Approved|0|100|0|9/9/2025 8:31:19 PM|Hunnenkrieger Hilfe|4992857|
647099|Esau of Isaac|Lanluz|Global Alliance And Treaty Organization|10003|Brown|646327|KittenGosCrazy|Aura Kingdom|Global Alliance And Treaty Organization|10003|Brown|Approved|0|100|0|9/9/2025 8:25:01 PM|Financial Assistance|4992856|
535865|Donbo McSlay|Donbo Land|Federation Of Armed Nations|10021|Yellow|63284|Kills with Fire|New Highlands|Federation of Armed Nations|10021|Yellow|Approved|0|100|0|9/9/2025 8:16:18 PM|Financial Assistance|4992855|
632435|Lordsmallballs|Acadian States|Post Grunge Supergroup|16367|Brown|36287|SirWilliam|Blissfields|Post Grunge Supergroup|16367|Brown|Approved|9000000|0|0|9/9/2025 8:12:39 PM|Financial Assistance|4992854|
70316|Myworld|Stealth Kingdom|The Dark Templar|10056|Black|640620|Frioz|Lusitania Portugalia|Post Grunge Supergroup|16367|Brown|Approved|9000000|0|0|9/9/2025 8:11:02 PM|Tech 9/100|4992853|
70316|Myworld|Stealth Kingdom|The Dark Templar|10056|Black|533529|NustyPistachio|Isle of Noot|Post Grunge Supergroup|16367|Brown|Approved|9000000|0|0|9/9/2025 8:10:25 PM|Tech 9/100|4992852|
630433|Wuldor Winnan|Wuldor Winnan|The Wolves|16660|Maroon|583014|Rothaic|Munrovia|The Wolves|16660|Maroon|Approved|0|100|0|9/9/2025 7:54:19 PM|Financial Assistance|4992851|
646568|Joan De Marquinly|Rallende|Nuclear Proliferation League|17228|Aqua|604565|New Reverie|Hollow Land|Random Insanity Alliance|10038|Maroon|Approved|0|100|0|9/9/2025 7:40:11 PM|Financial Assistance|4992850|
638569|Ozark|Blue Cat Nation|The Legion|10020|Purple|642002|Telikos Terakhir|Eschatosia|The Legion|10020|Purple|Approved|9000000|0|0|9/9/2025 7:32:20 PM|Financial Assistance|4992849|
642002|Telikos Terakhir|Eschatosia|The Legion|10020|Purple|629180|filgod|Sicara|The Legion|10020|Purple|Approved|0|100|0|9/9/2025 7:17:33 PM|Financial Assistance|4992848|
387694|Dan100|c123po|New Pacific Order|10000|Red|639477|Lord King|Kinglordia|New Pacific Order|10000|Red|Approved|6000000|0|0|9/9/2025 7:02:53 PM|Rising Stars|4992847|
79371|xkirra|Mordlandia|Global Alliance And Treaty Organization|10003|Brown|643971|Blaze I|Brozil|Global Alliance And Treaty Organization|10003|Brown|Approved|9000000|0|0|9/9/2025 6:48:56 PM|Financial Assistance|4992846|
79371|xkirra|Mordlandia|Global Alliance And Treaty Organization|10003|Brown|647099|Esau of Isaac|Lanluz|Global Alliance And Treaty Organization|10003|Brown|Approved|6000000|0|0|9/9/2025 6:48:49 PM|Financial Assistance|4992845|
558202|Doug Henning|Magic Land|Nuclear Proliferation League|17228|Aqua|261397|Rampage3|United Liberocracy|Nuclear Proliferation League|17228|Aqua|Approved|0|100|0|9/9/2025 6:48:48 PM|Hog Crank 100T|4992844|
79371|xkirra|Mordlandia|Global Alliance And Treaty Organization|10003|Brown|544925|Jacksonians|Barataria|Global Alliance And Treaty Organization|10003|Brown|Approved|9000000|0|0|9/9/2025 6:48:39 PM|Financial Assistance|4992843|
646787|Hye781|Calilove4ever|Christian Coalition Of Countries|10028|Maroon|219727|danhawk|sonyevilempire|The Imperial Order|10082|Blue|Approved|0|100|0|9/9/2025 6:34:22 PM|VEP TECH DEAL PROGRAM|4992842|
289177|Blaskowicz|Doomsland|New Pacific Order|10000|Red|638860|Adrius Adler|Trostland|New Pacific Order|10000|Red|Approved|9000000|0|0|9/9/2025 6:33:57 PM|Bankroll|4992841|
404176|Sadero|Saderia|New Polar Order|10006|Blue|91526|Dajobo|Disktopia|New Polar Order|10006|Blue|Approved|0|100|0|9/9/2025 5:56:36 PM|ICECAP Tech|4992840|
9093|Hannibal Vess|Mimetica|Old Guard|11296|Blue|209648|neonthefox|waltoria|NATO|10037|Blue|Pending|9000000|0|0|9/9/2025 5:52:06 PM|Financial Assistance|4992838|
9093|Hannibal Vess|Mimetica|Old Guard|11296|Blue|646570|CiceroThePoet|Ismuth|NATO|10037|Blue|Pending|9000000|0|0|9/9/2025 5:51:13 PM|Financial Assistance|4992837|
490921|Roo Blu II|Blue Roo|Non Grata|10097|Maroon|645844|Dario the Great|Darioland|Non Grata|10097|Maroon|Approved|9000000|0|0|9/9/2025 5:45:21 PM|Financial Assistance 4|4992836|
484823|Cortath|Cortath|New Pacific Order|10000|Red|608015|elputojack|villa feliz|New Pacific Order|10000|Red|Approved|0|100|0|9/9/2025 5:42:01 PM|QT Tech|4992835|
484823|Cortath|Cortath|New Pacific Order|10000|Red|511698|hailkirk10|Kirklan|New Pacific Order|10000|Red|Pending|0|100|0|9/9/2025 5:41:57 PM|QT Tech|4992834|
484823|Cortath|Cortath|New Pacific Order|10000|Red|636711|Praetor Cuddles|Romulan Star Empire|New Pacific Order|10000|Red|Approved|0|100|0|9/9/2025 5:41:54 PM|QT Tech|4992833|
484823|Cortath|Cortath|New Pacific Order|10000|Red|565552|Kayla Frost|Anselion|New Pacific Order|10000|Red|Approved|0|100|0|9/9/2025 5:41:50 PM|QT Tech|4992832|
484823|Cortath|Cortath|New Pacific Order|10000|Red|388308|Lord Zymeth|USSR of Belleviastan|New Pacific Order|10000|Red|Approved|0|100|0|9/9/2025 5:41:46 PM|QT Tech|4992831|
484823|Cortath|Cortath|New Pacific Order|10000|Red|515093|GoldenAura|Communist Crackous|New Pacific Order|10000|Red|Approved|0|100|0|9/9/2025 5:41:41 PM|QT Tech|4992830|
293406|Jeffimus|Smoothwater|The Dark Templar|10056|Black|379651|reghar73|Zeman|The Dark Templar|10056|Black|Approved|0|100|0|9/9/2025 5:37:00 PM|Financial Assistance|4992829|
293406|Jeffimus|Smoothwater|The Dark Templar|10056|Black|70316|Myworld|Stealth Kingdom|The Dark Templar|10056|Black|Approved|0|100|0|9/9/2025 5:36:12 PM|Financial Assistance|4992828|
647032|CVTWayne|Hintonia|Christian Coalition Of Countries|10028|Maroon|219727|danhawk|sonyevilempire|The Imperial Order|10082|Blue|Approved|0|100|0|9/9/2025 5:13:26 PM|Financial Assistance|4992827|
313301|MK4Slowride|MK4Slowride|Global Alliance And Treaty Organization|10003|Brown|646135|Sokar|Delmak|Global Alliance And Treaty Organization|10003|Brown|Approved|6000000|0|0|9/9/2025 5:06:19 PM|Tech deal|4992826|
26771|proud american|Duorp  Nacirema|New Pacific Order|10000|Red|638860|Adrius Adler|Trostland|New Pacific Order|10000|Red|Approved|9000000|0|0|9/9/2025 4:52:32 PM|Bankroll|4992825|
264926|Ken T Kent|Codopia|Fark|10002|Aqua|254501|gijoe|atlantis awakens|Fark|10002|Aqua|Approved|0|100|0|9/9/2025 4:36:03 PM|Financial Assistance|4992824|
264926|Ken T Kent|Codopia|Fark|10002|Aqua|428668|EViL0nE|Hivestonia|Fark|10002|Aqua|Approved|0|100|0|9/9/2025 4:35:50 PM|Financial Assistance|4992823|
264926|Ken T Kent|Codopia|Fark|10002|Aqua|207347|Arcane|Arcania|Fark|10002|Aqua|Approved|0|100|0|9/9/2025 4:35:44 PM|Financial Assistance|4992822|
441760|jacka|north 40|The Legion|10020|Purple|629180|filgod|Sicara|The Legion|10020|Purple|Approved|0|100|0|9/9/2025 4:21:13 PM|Financial Assistance|4992821|
541983|CVO|Kush|NATO|10037|Blue|580046|Body Jryant|Conservative South|Christian Coalition Of Countries|10028|Maroon|Approved|9000000|0|0|9/9/2025 4:03:11 PM|vep|4992820|
647271|Overlord121|Velmorra|Knights Of The Round Table|10092|Green|247054|shivamuck|Iarlean|Knights Of The Round Table|10092|Green|Approved|0|100|0|9/9/2025 3:52:30 PM|Financial Assistance|4992819|
206853|Tsayka|Trisaram|NATO|10037|Blue|340698|Onified|Spork|NATO|10037|Blue|Approved|0|100|0|9/9/2025 3:50:51 PM|Financial Assistance|4992818|
206853|Tsayka|Trisaram|NATO|10037|Blue|248357|MrSka|Slartibartfast|NATO|10037|Blue|Approved|0|100|0|9/9/2025 3:50:33 PM|Financial Assistance|4992817|
206853|Tsayka|Trisaram|NATO|10037|Blue|593353|Kitkat16|Sofie|NATO|10037|Blue|Approved|0|100|0|9/9/2025 3:49:00 PM|Financial Assistance|4992816|
132067|Merick|Panamkey|The Templar Knights|10012|Maroon|376391|Dave the Dominator|Taulvia|The Templar Knights|10012|Maroon|Approved|0|100|0|9/9/2025 3:48:53 PM|Financial Assistance|4992815|
206853|Tsayka|Trisaram|NATO|10037|Blue|428260|Warden|Llama Land|NATO|10037|Blue|Pending|0|100|0|9/9/2025 3:48:49 PM|Financial Assistance|4992814|
647271|Overlord121|Velmorra|Knights Of The Round Table|10092|Green|479257|Aprentic|MVEMJSUNP|Knights Of The Round Table|10092|Green|Approved|0|100|0|9/9/2025 3:48:41 PM|Tech|4992813|
206853|Tsayka|Trisaram|NATO|10037|Blue|638815|BushyBeaver|Beaveland|NATO|10037|Blue|Approved|0|100|0|9/9/2025 3:48:38 PM|Financial Assistance|4992812|
132067|Merick|Panamkey|The Templar Knights|10012|Maroon|372061|Mandystalin|Lutonstan|The Templar Knights|10012|Maroon|Approved|0|100|0|9/9/2025 3:48:36 PM|Financial Assistance|4992811|
440257|lonabis|flying dutchmen|NATO|10037|Blue|630683|Queen Aurore|Turnopia|Christian Coalition Of Countries|10028|Maroon|Approved|9000000|0|0|9/9/2025 3:30:47 PM|Valyrian Cash|4992810|
440257|lonabis|flying dutchmen|NATO|10037|Blue|580046|Body Jryant|Conservative South|Christian Coalition Of Countries|10028|Maroon|Approved|9000000|0|0|9/9/2025 3:29:53 PM|Valyrian Cash|4992809|
645829|blegth|irting|Nuclear Proliferation League|17228|Aqua|452727|Avakael|Klaus Devestatorie|Nuclear Proliferation League|17228|Brown|Approved|0|100|0|9/9/2025 3:22:47 PM|Financial Assistance|4992808|
414337|Shadowfury|Illyria|Freehold of The Wolves|15157|Black|630683|Queen Aurore|Turnopia|Christian Coalition Of Countries|10028|Maroon|Approved|9000000|0|0|9/9/2025 3:19:40 PM|VEP|4992807|
414337|Shadowfury|Illyria|Freehold of The Wolves|15157|Black|580046|Body Jryant|Conservative South|Christian Coalition Of Countries|10028|Maroon|Approved|9000000|0|0|9/9/2025 3:19:27 PM|VEP|4992806|
414337|Shadowfury|Illyria|Freehold of The Wolves|15157|Black|231352|Wippeli|Wippelandia|Freehold of The Wolves|15157|White|Approved|9000000|0|0|9/9/2025 3:19:15 PM|VEP|4992805|
571873|Kal Asharak|Ceska Republik|Non Grata|10097|Maroon|626980|Aspire|AspireFerty|Non Grata|10097|Maroon|Approved|9000000|100|0|9/9/2025 3:07:28 PM|Financial Assistance|4992804|
571873|Kal Asharak|Ceska Republik|Non Grata|10097|Maroon|437823|zyberzpyder|Zyberia|Non Grata|10097|Maroon|Approved|9000000|100|0|9/9/2025 3:07:17 PM|Financial Assistance|4992803|
571873|Kal Asharak|Ceska Republik|Non Grata|10097|Maroon|288430|jrsyboy|toqueville|Non Grata|10097|Maroon|Approved|9000000|100|0|9/9/2025 3:07:07 PM|Financial Assistance|4992802|
571873|Kal Asharak|Ceska Republik|Non Grata|10097|Maroon|327088|spearo|Deep Blue|Non Grata|10097|Maroon|Approved|9000000|100|0|9/9/2025 3:06:59 PM|Financial Assistance|4992801|
571873|Kal Asharak|Ceska Republik|Non Grata|10097|Maroon|582941|Cydonian Knight|Strodemia|Non Grata|10097|Maroon|Approved|9000000|100|0|9/9/2025 3:06:48 PM|Financial Assistance|4992800|
571873|Kal Asharak|Ceska Republik|Non Grata|10097|Maroon|166207|Jekalle|Ranus|Non Grata|10097|Maroon|Approved|9000000|100|0|9/9/2025 3:06:37 PM|Financial Assistance|4992799|
2621|James|TIEIXIAIS|Non Grata|10097|Maroon|584157|Sheekyz|Kingdom Of Xe|Non Grata|10097|Maroon|Approved|9000000|0|0|9/9/2025 3:02:45 PM|Financial Assistance|4992798|
168160|Anhur|Esgaron|Old Guard|11296|Blue|639335|Swamplandia|Horna|NATO|10037|Blue|Approved|9000000|0|0|9/9/2025 3:02:11 PM|Valyrian Aid|4992797|
168160|Anhur|Esgaron|Old Guard|11296|Blue|630683|Queen Aurore|Turnopia|Christian Coalition Of Countries|10028|Maroon|Approved|9000000|0|0|9/9/2025 3:01:26 PM|Valyrian Aid|4992796|
168160|Anhur|Esgaron|Old Guard|11296|Blue|580046|Body Jryant|Conservative South|Christian Coalition Of Countries|10028|Maroon|Approved|9000000|0|0|9/9/2025 3:00:56 PM|Valyrian Aid|4992795|
168160|Anhur|Esgaron|Old Guard|11296|Blue|231352|Wippeli|Wippelandia|Freehold of The Wolves|15157|White|Approved|9000000|0|0|9/9/2025 3:00:29 PM|Valyrian Aid|4992794|
646815|godtoh1|hotdogal|Global Alliance And Treaty Organization|10003|Brown|163031|MasterChief777|The New Empire|Global Alliance And Treaty Organization|10003|Brown|Approved|0|100|0|9/9/2025 2:59:04 PM|Financial Assistance|4992793|
418644|shakespeare|shakespeare|Freehold of The Wolves|15157|White|631272|Jordo|Omicron Persei 8|Freehold of The Wolves|15157|White|Approved|9000000|0|0|9/9/2025 2:53:12 PM|Wolf Aid|4992792|
418644|shakespeare|shakespeare|Freehold of The Wolves|15157|White|629286|Flycatcher|Sacania|Freehold of The Wolves|15157|White|Approved|9000000|0|0|9/9/2025 2:52:56 PM|Wolf Aid|4992791|
513358|SeasonsOfLove|Krzyzewskiville|New Pacific Order|10000|Red|552125|Mouseman490|The Empire of Klein|New Pacific Order|10000|Red|Approved|9000000|0|0|9/9/2025 2:51:53 PM|Bankroll|4992790|
57033|Slywolfe|Slywolfe|New Pacific Order|10000|Red|647379|d516b|ddwqs|New Pacific Order|10000|Red|Approved|6000000|0|0|9/9/2025 2:48:56 PM|Rising Stars|4992789|
57033|Slywolfe|Slywolfe|New Pacific Order|10000|Red|570155|Thrash04|Ohio Terrority|New Pacific Order|10000|Red|Approved|9000000|0|0|9/9/2025 2:48:49 PM|Bankroll|4992788|
57033|Slywolfe|Slywolfe|New Pacific Order|10000|Red|616302|Ashwyesum|The Ashes State|New Pacific Order|10000|Red|Approved|9000000|0|0|9/9/2025 2:48:44 PM|Bankroll|4992787|
57033|Slywolfe|Slywolfe|New Pacific Order|10000|Red|553651|Stanley Steemer|Erwin Township|New Pacific Order|10000|Red|Approved|9000000|0|0|9/9/2025 2:48:38 PM|Bankroll|4992786|
647275|MrDisposable|DiscountTires||0|None|647190|Tomato Emperor|Cabbage Empire|Christian Coalition Of Countries|10028|Maroon|Approved|0|100|0|9/9/2025 2:35:39 PM|Financial Assistance|4992785|
629286|Flycatcher|Sacania|Freehold of The Wolves|15157|White|626587|Iogaro12|Iberia del Norte|Freehold of The Wolves|15157|White|Approved|9000000|0|0|9/9/2025 2:09:36 PM|Financial Assistance|4992784|
632290|JT the Lionheart|Empire of the Rock|The Wolves|16660|Maroon|573111|Al Bundy|bundyville|The Wolves|16660|Maroon|Pending|0|100|0|9/9/2025 1:33:28 PM|Financial Assistance|4992783|
632290|JT the Lionheart|Empire of the Rock|The Wolves|16660|Maroon|531745|armpit|Armpit|The Wolves|16660|Maroon|Approved|0|100|0|9/9/2025 1:33:08 PM|Financial Assistance|4992782|
407657|Shtanto|Shtanto|Non Grata|10097|Maroon|644718|tikem7|Tikopia|COBRA|13717|Brown|Approved|9000000|0|0|9/9/2025 1:17:29 PM|Tech money |4992780|
407657|Shtanto|Shtanto|Non Grata|10097|Maroon|631302|Gatherum|Vermis|Non Grata|10097|Maroon|Approved|9000000|0|0|9/9/2025 1:16:04 PM|Tech money |4992779|
407657|Shtanto|Shtanto|Non Grata|10097|Maroon|547395|KameraadLenin|Newfoundland SSR|Non Grata|10097|Maroon|Approved|9000000|0|0|9/9/2025 1:15:02 PM|Free money |4992778|
319343|realpal|REALPAL|Fark|10002|Aqua|620036|Vex L Zher|Lodraland|Nuclear Proliferation League|17228|White|Approved|6000000|0|0|9/9/2025 1:00:26 PM|6mil for 100 tech|4992777|
647317|JFK360noscope|the devided states|Nuclear Proliferation League|17228|Brown|543131|Morjon|Wayward Renegade|Nuclear Proliferation League|17228|Aqua|Approved|0|100|0|9/9/2025 12:54:15 PM|Financial Assistance|4992776|
647317|JFK360noscope|the devided states|Nuclear Proliferation League|17228|Brown|247054|shivamuck|Iarlean|Knights Of The Round Table|10092|Green|Approved|0|100|0|9/9/2025 12:54:00 PM|Financial Assistance|4992775|
338643|Conundrum|Wallabyville|Federation of Armed Nations|10021|Yellow|645652|SpaceGhostCTC|Phantom crusier|Federation Of Armed Nations|10021|Yellow|Approved|9000000|0|0|9/9/2025 12:30:11 PM|Financial Assistance|4992774|
573749|necAnt|Lucky Ants|The Gramlins|17440|Green|541311|King Quincy|Confederate USA|Green Protection Agency|10041|Green|Approved|0|100|0|9/9/2025 12:01:47 PM|TD 1/2|4992773|
546488|levothy|mycybernation|Knights Of The Round Table|10092|Green|632798|KYBALION|HVITIRDREKAR|Knights Of The Round Table|10092|Green|Approved|0|100|0|9/9/2025 11:48:22 AM|Tech Insurance Steampower|4992772|
578954|Rydin|Vundf|Freehold of The Wolves|15157|White|580046|Body Jryant|Conservative South|Christian Coalition Of Countries|10028|Maroon|Approved|9000000|0|0|9/9/2025 11:30:29 AM|Valyrian Tech|4992771|
578954|Rydin|Vundf|Freehold of The Wolves|15157|White|556496|rheebrosinc|SwagJuice|Christian Coalition Of Countries|10028|Maroon|Approved|9000000|0|0|9/9/2025 11:30:08 AM|Valyrian Tech|4992770|
578954|Rydin|Vundf|Freehold of The Wolves|15157|White|231352|Wippeli|Wippelandia|Freehold of The Wolves|15157|White|Approved|9000000|0|0|9/9/2025 11:29:40 AM|Valyrian Tech|4992769|
124781|im317|im317|Random Insanity Alliance|10038|Maroon|49522|Croix|Edjaal|Random Insanity Alliance|10038|Maroon|Approved|9000000|0|0|9/9/2025 11:29:08 AM|tech deal|4992768|
645347|Randomnameguy|New England INC|Post Grunge Supergroup|16367|Brown|563422|nekro448|North Eugenia|Post Grunge Supergroup|16367|Brown|Approved|0|100|0|9/9/2025 11:25:22 AM|Tech Payment|4992767|
645347|Randomnameguy|New England INC|Post Grunge Supergroup|16367|Brown|627118|Shabalabadingdong|Shabnation|Post Grunge Supergroup|16367|Yellow|Approved|0|100|0|9/9/2025 11:25:12 AM|Tech Payment|4992766|
576649|Caighil Coiri|Emerald Isles|New Pacific Order|10000|Red|511698|hailkirk10|Kirklan|New Pacific Order|10000|Red|Pending|0|100|0|9/9/2025 11:11:53 AM|QT Tech|4992764|
576649|Caighil Coiri|Emerald Isles|New Pacific Order|10000|Red|305440|Daimos|Micon|New Pacific Order|10000|Red|Approved|0|100|0|9/9/2025 11:11:46 AM|QT Tech|4992763|
576649|Caighil Coiri|Emerald Isles|New Pacific Order|10000|Red|636711|Praetor Cuddles|Romulan Star Empire|New Pacific Order|10000|Red|Approved|0|100|0|9/9/2025 11:11:33 AM|QT Tech|4992762|
187838|morrisons|scollotto|CLAWS|15841|Black|287231|Bolivar|Bolivar|Libertarian Socialist Federation|10027|Brown|Approved|9000000|0|0|9/9/2025 11:08:11 AM|Tech Deal|4992761|
642140|Venusia|Tenebris|Post Grunge Supergroup|16367|Brown|632435|Lordsmallballs|Acadian States|Post Grunge Supergroup|16367|Brown|Approved|0|100|0|9/9/2025 10:51:34 AM|Financial Assistance|4992760|
642140|Venusia|Tenebris|Post Grunge Supergroup|16367|Brown|563422|nekro448|North Eugenia|Post Grunge Supergroup|16367|Brown|Approved|0|100|0|9/9/2025 10:51:23 AM|Financial Assistance|4992759|
640557|CrixKringle|Paragonia|Viridian Entente|10010|Green|71592|upchuck|warmarding|Viridian Entente|10010|Green|Approved|0|100|0|9/9/2025 10:41:16 AM|Tech Deal (2 of 2)|4992758|
508630|notkintoot|particle|Nuclear Proliferation League|17228|Aqua|242836|BozDaBoz|CoastalBendatia|Fark|10002|Aqua|Approved|0|100|0|9/9/2025 10:37:50 AM|9/100 tech|4992757|
508630|notkintoot|particle|Nuclear Proliferation League|17228|Aqua|362361|Gofast2006|Pioneer Village|Nuclear Proliferation League|17228|Aqua|Approved|0|100|0|9/9/2025 10:37:43 AM|9/100 tech|4992756|
640557|CrixKringle|Paragonia|Viridian Entente|10010|Green|351954|kobetop|Arulelea|Viridian Entente|10010|Green|Approved|0|100|0|9/9/2025 10:29:55 AM|Tech Deal (1 of 2)|4992754|
129864|Mike the Greatest|Palookastan|Nuclear Proliferation League|17228|Maroon|645829|blegth|irting|Nuclear Proliferation League|17228|Aqua|Approved|9000000|0|0|9/9/2025 10:21:22 AM|tech Trade|4992753|
414519|markpalm1|vacous|Freehold of The Wolves|15157|White|231352|Wippeli|Wippelandia|Freehold of The Wolves|15157|White|Approved|9000000|0|0|9/9/2025 10:14:16 AM|Valyrian Cash|4992752|
604644|cobrastrike|HouseOfSnakes|New Polar Order|10006|Blue|433547|WhitEarendur|Tol Eressea|New Polar Order|10006|Blue|Approved|0|100|0|9/9/2025 9:59:13 AM|RATS Tech|4992751|
604644|cobrastrike|HouseOfSnakes|New Polar Order|10006|Blue|91526|Dajobo|Disktopia|New Polar Order|10006|Blue|Approved|0|100|0|9/9/2025 9:58:45 AM|ICECAP Tech|4992750|
604644|cobrastrike|HouseOfSnakes|New Polar Order|10006|Blue|224337|black dove|The Crucible|New Polar Order|10006|Blue|Approved|0|100|0|9/9/2025 9:58:33 AM|ICECAP Tech|4992749|
604644|cobrastrike|HouseOfSnakes|New Polar Order|10006|Blue|497470|Skaros Thunderbane|Shimazu Conglomerate|New Polar Order|10006|Blue|Approved|0|100|0|9/9/2025 9:57:59 AM|ICECAP Tech|4992748|
588430|Lambda Tau|Novopangaea|Post Grunge Supergroup|16367|Brown|647188|Ra Zeus|NewEygptianEmpire|Nuclear Proliferation League|17228|White|Approved|6000000|0|0|9/9/2025 9:49:14 AM|6/100 tech|4992747|
588430|Lambda Tau|Novopangaea|Post Grunge Supergroup|16367|Brown|647184|DCBinks|Caogalna|Post Grunge Supergroup|16367|Brown|Approved|6000000|0|0|9/9/2025 9:48:57 AM|6/100 tech|4992746|
588430|Lambda Tau|Novopangaea|Post Grunge Supergroup|16367|Brown|646367|Mikal Krosswynd|Malahkina|Post Grunge Supergroup|16367|Brown|Approved|9000000|0|0|9/9/2025 9:48:13 AM|6/100 tech|4992745|
273254|unstpblpimp|unstpblpimp|Global Alliance and Treaty Organization|10003|Brown|647124|Pocky|Pocky Two|Global Alliance And Treaty Organization|10003|Brown|Approved|6000000|0|0|9/9/2025 9:47:04 AM|Financial Assistance|4992743|
541311|King Quincy|Confederate USA|Green Protection Agency|10041|Green|486033|CobaltBlazer|Cobalt27|United Equestria|10101|Pink|Approved|9000000|0|0|9/9/2025 9:16:55 AM|Tech Deal|4992742|
86974|Mad Mike|Mikeville|Global Alliance And Treaty Organization|10003|Brown|647099|Esau of Isaac|Lanluz|Global Alliance And Treaty Organization|10003|Brown|Approved|6000000|0|0|9/9/2025 9:05:11 AM|Filling our slots|4992741|
159031|jefcolpan|scarab marangue|Freehold of The Wolves|15157|White|478755|Democracy|UnitedNation|Freehold of The Wolves|15157|White|Approved|9000000|0|0|9/9/2025 8:46:39 AM|valyrian aid|4992740|
159031|jefcolpan|scarab marangue|Freehold of The Wolves|15157|White|629286|Flycatcher|Sacania|Freehold of The Wolves|15157|White|Approved|9000000|0|0|9/9/2025 8:46:19 AM|valyrian aid|4992739|
644508|texwarhawk|Fjord Republic|The Legion|10020|Purple|95966|Totem|Ciumideii|The Legion|10020|Purple|Approved|0|100|0|9/9/2025 8:46:06 AM|Financial Assistance|4992738|
159031|jefcolpan|scarab marangue|Freehold of The Wolves|15157|White|631272|Jordo|Omicron Persei 8|Freehold of The Wolves|15157|White|Approved|9000000|0|0|9/9/2025 8:45:58 AM|valyrian aid|4992737|
159031|jefcolpan|scarab marangue|Freehold of The Wolves|15157|White|160240|Pamacii|Speedy Cats|Freehold of The Wolves|15157|White|Approved|9000000|0|0|9/9/2025 8:45:28 AM|vep|4992736|
627118|Shabalabadingdong|Shabnation|Post Grunge Supergroup|16367|Yellow|529025|Chllama|Renton|Post Grunge Supergroup|16367|Brown|Approved|9000000|0|0|9/9/2025 8:45:16 AM|9m/100t deal|4992735|
641804|jackthebest|Jackastan|NATO|10037|Blue|593353|Kitkat16|Sofie|NATO|10037|Blue|Approved|0|100|0|9/9/2025 8:38:58 AM|Financial Assistance|4992734|
538755|zeldafan4ever|Terminus|Orange Defense Network|17435|Orange|360567|jjfx4|Millasville|Orange Defense Network|17435|Orange|Approved|0|100|0|9/9/2025 8:32:44 AM|Tech 1/3|4992733|
134146|Lenadius|Espa&#241;ola|New Pacific Order|10000|Red|647379|d516b|ddwqs|New Pacific Order|10000|Red|Approved|6000000|0|0|9/9/2025 8:26:05 AM|Rising Stars|4992732|
134146|Lenadius|Espa&#241;ola|New Pacific Order|10000|Red|639477|Lord King|Kinglordia|New Pacific Order|10000|Red|Approved|6000000|0|0|9/9/2025 8:26:00 AM|Rising Stars|4992731|
134146|Lenadius|Espa&#241;ola|New Pacific Order|10000|Red|626040|Rewan Demontay|Panagouge|New Pacific Order|10000|Red|Approved|9000000|0|0|9/9/2025 8:25:57 AM|Bankroll|4992730|
134146|Lenadius|Espa&#241;ola|New Pacific Order|10000|Red|225103|Lord Squintus|Strudeldorf|New Pacific Order|10000|Red|Approved|9000000|0|0|9/9/2025 8:25:53 AM|QT Pay|4992729|
134146|Lenadius|Espa&#241;ola|New Pacific Order|10000|Red|642107|xUnwanteDx|xNazaricKx|New Pacific Order|10000|Red|Approved|9000000|0|0|9/9/2025 8:25:49 AM|Bankroll|4992728|
134146|Lenadius|Espa&#241;ola|New Pacific Order|10000|Red|570155|Thrash04|Ohio Terrority|New Pacific Order|10000|Red|Approved|9000000|0|0|9/9/2025 8:25:44 AM|Bankroll|4992727|
638311|FightingSioux405|New Whitehall|The Legion|10020|Purple|582040|casey3927|landguardian|The Legion|10020|Purple|Approved|9000000|0|0|9/9/2025 8:22:15 AM|Financial Assistance|4992726|
525223|Zorrr|Deep Zither|Knights of the Round Table|10092|Purple|647208|Victor Tokumei|Tokumei|Post Grunge Supergroup|16367|Brown|Approved|6000000|0|0|9/9/2025 8:19:47 AM|100 Tek deal?|4992725|
646885|Justin Ordinary|Ordinary|Knights Of The Round Table|10092|Green|186805|Grendel|Beowulf|Knights Of The Round Table|10092|Green|Approved|0|100|0|9/9/2025 8:18:52 AM|Ordinaryology|4992724|
646885|Justin Ordinary|Ordinary|Knights Of The Round Table|10092|Green|640416|kevinbotz|Westerling|Knights Of The Round Table|10092|Green|Approved|0|100|0|9/9/2025 8:17:50 AM|Ordinaryology|4992723|
646885|Justin Ordinary|Ordinary|Knights Of The Round Table|10092|Green|247054|shivamuck|Iarlean|Knights Of The Round Table|10092|Green|Approved|0|100|0|9/9/2025 8:17:09 AM|Ordinaryology|4992722|
646885|Justin Ordinary|Ordinary|Knights Of The Round Table|10092|Green|479257|Aprentic|MVEMJSUNP|Knights Of The Round Table|10092|Green|Approved|0|100|0|9/9/2025 8:16:19 AM|Ordinaryology|4992721|
589615|Korlath|Korlithica|The Phoenix Federation|17385|Black|634256|I Win You Lose|I Win You Loose|The Phoenix Federation|17385|Black|Approved|9000000|0|0|9/9/2025 8:10:25 AM|Tech Deal|4992720|
627722|Mustard Pougy|Frog Flats|Knights Of The Round Table|10092|Green|186805|Grendel|Beowulf|Knights Of The Round Table|10092|Green|Approved|0|100|0|9/9/2025 8:09:22 AM|A frog was here|4992719|
643971|Blaze I|Brozil|Global Alliance And Treaty Organization|10003|Brown|646327|KittenGosCrazy|Aura Kingdom|Global Alliance And Treaty Organization|10003|Brown|Approved|0|100|0|9/9/2025 8:04:51 AM|Financial Assistance|4992718|
229210|Carrona|WoW Addicts Paradise|Mostly Harmless Alliance|14879|Blue|533961|zilocke|Zilandia|Mostly Harmless Alliance|14879|Blue|Approved|9000000|0|0|9/9/2025 8:03:51 AM|Tech deal 9/100|4992717|
643971|Blaze I|Brozil|Global Alliance And Treaty Organization|10003|Brown|147284|Magicninja|Grundy|Global Alliance And Treaty Organization|10003|Brown|Approved|0|100|0|9/9/2025 8:03:41 AM|Financial Assistance|4992716|
553512|Marcin|Karpowicze|Knights Of The Round Table|10092|Green|647060|CAMOM|CAMOM EMPIRE|The Phoenix Federation|17385|Red|Approved|6000000|0|0|9/9/2025 8:00:56 AM|Technologia 100?|4992715|
553512|Marcin|Karpowicze|Knights Of The Round Table|10092|Green|631459|Gorbachov|Soviet Union|COMECON|16703|Red|Approved|9000000|0|0|9/9/2025 7:59:12 AM|Technologia 100|4992714|
168160|Anhur|Esgaron|Old Guard|11296|Blue|646131|frostyflakes223|Schoascanist|Old Guard|11296|Blue|Pending|6000000|0|0|9/9/2025 7:53:52 AM|Financial Assistance|4992713|
217577|MontyKo|Tuborg|Freehold of The Wolves|15157|White|631272|Jordo|Omicron Persei 8|Freehold of The Wolves|15157|White|Approved|9000000|0|0|9/9/2025 7:49:58 AM|Valyrian Aid|4992712|
217577|MontyKo|Tuborg|Freehold of The Wolves|15157|White|478755|Democracy|UnitedNation|Freehold of The Wolves|15157|White|Approved|9000000|0|0|9/9/2025 7:49:30 AM|Financial Assistance|4992711|
582040|casey3927|landguardian|The Legion|10020|Purple|95966|Totem|Ciumideii|The Legion|10020|Purple|Approved|0|100|0|9/9/2025 7:48:43 AM|Financial Assistance|4992710|
632435|Lordsmallballs|Acadian States|Post Grunge Supergroup|16367|Brown|637489|Osirispuprex|Osirispuprex|Post Grunge Supergroup|16367|Brown|Approved|9000000|0|0|9/9/2025 7:46:11 AM|9 mil / 100 tech|4992709|
217577|MontyKo|Tuborg|Freehold of The Wolves|15157|White|608652|King of Clu|Kingdom of Clu|Freehold of The Wolves|15157|White|Approved|9000000|0|0|9/9/2025 7:42:57 AM|Financial Assistance|4992708|
217577|MontyKo|Tuborg|Freehold of The Wolves|15157|White|134794|Tasker74|Thebigharbour|Freehold of The Wolves|15157|White|Approved|9000000|0|0|9/9/2025 7:42:38 AM|Financial Assistance|4992707|
526716|Ultraman|Nebula M78|Interkosmos|16298|Green|640291|Sith Emperor|HothEmpire|The Prussian Empire|14204|Green|Approved|6000000|0|0|9/9/2025 7:30:07 AM|Sith tech deal?|4992706|
638567|Cobert|Brightwood|Non Grata|10097|Maroon|596901|Malic|Veridia|Non Grata|10097|Maroon|Approved|0|100|0|9/9/2025 7:07:49 AM|Tech|4992704|
545096|Mumzilla|Hulkville|The Dark Templar|10056|Black|293406|Jeffimus|Smoothwater|The Dark Templar|10056|Black|Approved|9000000|0|0|9/9/2025 7:07:36 AM|Financial Assistance|4992703|
558202|Doug Henning|Magic Land|Nuclear Proliferation League|17228|Aqua|324421|Einer|Jesusland|Mostly Harmless Alliance|14879|White|Approved|0|100|0|9/9/2025 7:00:12 AM|Tech Deal 9/100|4992702|
558202|Doug Henning|Magic Land|Nuclear Proliferation League|17228|Aqua|124781|im317|im317|Random Insanity Alliance|10038|Maroon|Approved|0|100|0|9/9/2025 6:59:43 AM|Tech Deal 9/100|4992701|
558202|Doug Henning|Magic Land|Nuclear Proliferation League|17228|Aqua|280326|Scytale|Tleilax|Fark|10002|Aqua|Approved|0|100|0|9/9/2025 6:59:04 AM|Tech Deal 9/100|4992700|
647033|rachel666|Rachellia|Global Alliance And Treaty Organization|10003|Brown|253222|SlimCad|Cadii|Global Alliance And Treaty Organization|10003|Brown|Approved|0|100|0|9/9/2025 6:57:52 AM|Financial Assistance|4992699|
39842|Uelen|Uelen|Global Alliance and Treaty Organization|10003|Brown|647124|Pocky|Pocky Two|Global Alliance And Treaty Organization|10003|Brown|Approved|6000000|0|0|9/9/2025 6:54:14 AM|Tech Deal|4992698|
224337|black dove|The Crucible|New Polar Order|10006|Blue|641765|Chandragupta Maurya|Maurya Dynasty|New Polar Order|10006|Blue|Approved|9000000|0|0|9/9/2025 6:48:56 AM|ICECAP Cash|4992697|
224337|black dove|The Crucible|New Polar Order|10006|Blue|602798|Tharu|Thunnalai|New Polar Order|10006|Blue|Approved|9000000|0|0|9/9/2025 6:48:18 AM|Polar Express|4992696|
147284|Magicninja|Grundy|Global Alliance And Treaty Organization|10003|Brown|551982|Jason Cyberius|Cyberium|Global Alliance And Treaty Organization|10003|Brown|Approved|9000000|0|0|9/9/2025 6:47:53 AM|Financial Assistance|4992695|
224337|black dove|The Crucible|New Polar Order|10006|Blue|640161|ToiletGaming3000|Good Game|New Polar Order|10006|Blue|Approved|9000000|0|0|9/9/2025 6:47:33 AM|Military Wonder Funding|4992694|
647063|geneclar|Kandam|Global Alliance And Treaty Organization|10003|Brown|86974|Mad Mike|Mikeville|Global Alliance And Treaty Organization|10003|Brown|Approved|0|100|0|9/9/2025 6:43:56 AM|Financial Assistance|4992693|
643876|LordInfamous|Swindlerstan|Independent Republic Of Orange Nations|10004|Orange|87890|Formanj|Norvegs Trøndelag|Independent Republic of Orange Nations|10004|Orange|Approved|0|100|0|9/9/2025 6:43:37 AM|ITF|4992692|
643876|LordInfamous|Swindlerstan|Independent Republic Of Orange Nations|10004|Orange|234325|Ben Gates|TreasureLand|Independent Republic Of Orange Nations|10004|Orange|Approved|0|100|0|9/9/2025 6:42:57 AM|ITF|4992691|
484240|j3rdegree|United Tadpoles|Global Alliance And Treaty Organization|10003|Brown|348468|Ghan Khalav|Khalavistan|Global Alliance and Treaty Organization|10003|Brown|Approved|0|100|0|9/9/2025 6:38:40 AM|Tech go brrrr|4992690|
139990|BacTalan|NorseTurks|Global Alliance And Treaty Organization|10003|Brown|646984|fruitloomps|Loomberg|Global Alliance And Treaty Organization|10003|Brown|Approved|6000000|0|0|9/9/2025 6:37:32 AM|Financial Assistance|4992689|
139990|BacTalan|NorseTurks|Global Alliance And Treaty Organization|10003|Brown|646249|Pretondapredator|Prestonland|Global Alliance And Treaty Organization|10003|Brown|Approved|6000000|0|0|9/9/2025 6:37:03 AM|Financial Assistance|4992688|
647027|HorseElectrolytes|Greater Mustangistan|Global Alliance And Treaty Organization|10003|Brown|253222|SlimCad|Cadii|Global Alliance And Treaty Organization|10003|Brown|Approved|0|100|0|9/9/2025 6:34:24 AM|Financial Assistance|4992687|
35448|Randle|Cheesia|Global Alliance and Treaty Organization|10003|Brown|603950|Michael Locke|Baltorussia|Global Alliance And Treaty Organization|10003|Brown|Approved|9000000|0|0|9/9/2025 6:34:14 AM|Financial Assistance|4992686|
647027|HorseElectrolytes|Greater Mustangistan|Global Alliance And Treaty Organization|10003|Brown|121872|Katahdin|Fraise de Sang|Global Alliance and Treaty Organization|10003|Brown|Approved|0|100|0|9/9/2025 6:34:06 AM|Financial Assistance|4992685|
647027|HorseElectrolytes|Greater Mustangistan|Global Alliance And Treaty Organization|10003|Brown|455413|Duke Nukem|NukemLand|Global Alliance And Treaty Organization|10003|Brown|Approved|0|100|0|9/9/2025 6:33:52 AM|Financial Assistance|4992684|
638|mikharr123|Sirrahistan|New Polar Order|10006|Blue|91526|Dajobo|Disktopia|New Polar Order|10006|Blue|Approved|0|100|0|9/9/2025 6:30:12 AM|ICECAP Tech|4992683|
634963|Trout87|Birchy Head|Post Grunge Supergroup|16367|Black|36287|SirWilliam|Blissfields|Post Grunge Supergroup|16367|Brown|Approved|9000000|0|0|9/9/2025 6:26:59 AM|Financial Assistance|4992682|
634963|Trout87|Birchy Head|Post Grunge Supergroup|16367|Black|542485|RedQueen|Myotistan|Post Grunge Supergroup|16367|Brown|Approved|9000000|0|0|9/9/2025 6:26:28 AM|Financial Assistance|4992681|
623987|MasterBadey|mastabadeia|Global Alliance And Treaty Organization|10003|Brown|152876|Hankidan|Parkview 12|Global Alliance And Treaty Organization|10003|Brown|Approved|0|100|0|9/9/2025 6:25:33 AM|free lunch|4992680|
623987|MasterBadey|mastabadeia|Global Alliance And Treaty Organization|10003|Brown|64687|Wootmeister|Wootrovia|Global Alliance And Treaty Organization|10003|Brown|Approved|0|100|0|9/9/2025 6:25:17 AM|Week 1 Loser &lt;3|4992679|
623987|MasterBadey|mastabadeia|Global Alliance And Treaty Organization|10003|Brown|14658|Manis B|Caesura|Global Alliance and Treaty Organization|10003|Brown|Approved|0|100|0|9/9/2025 6:24:56 AM|free bread|4992678|
559866|Heel Tribe|Develyes|The Dark Templar|10056|Black|175157|Evey Jane|Evey Jane|The Dark Templar|10056|Black|Approved|0|100|0|9/9/2025 6:18:58 AM|Financial Assistance|4992677|
559866|Heel Tribe|Develyes|The Dark Templar|10056|Black|33116|+Zeke+|Iron Heart|The Dark Templar|10056|Black|Approved|0|100|0|9/9/2025 6:18:32 AM|Financial Assistance|4992676|
596771|Pentix|Mars Colony|New Polar Order|10006|Blue|645829|blegth|irting|Nuclear Proliferation League|17228|Aqua|Approved|9000000|0|0|9/9/2025 6:05:12 AM|Financial Assistance|4992675|
437548|Dutchmaster|Feardare|Coalition of Royal Allied Powers|10051|Maroon|625646|muji111|muji111|Random Insanity Alliance|10038|Maroon|Approved|9000000|0|0|9/9/2025 5:53:28 AM|9 million for 100 tech |4992674|
437548|Dutchmaster|Feardare|Coalition of Royal Allied Powers|10051|Maroon|631385|Kingdom of Denmark|Jutland Germany|The Prussian Empire|14204|Green|Approved|9000000|0|0|9/9/2025 5:52:37 AM|9 million for 100 tech |4992673|
642596|Fine and dandy|New Olsztyn Republic|Viridian Entente|10010|Green|162795|sterbean|Bean Union|Viridian Entente|10010|Green|Approved|0|100|0|9/9/2025 5:38:16 AM|Tech 1/2|4992672|
642596|Fine and dandy|New Olsztyn Republic|Viridian Entente|10010|Green|491885|Chuck Jongil|Soylent Greenland|Viridian Entente|10010|Green|Approved|0|100|0|9/9/2025 5:38:13 AM|Tech 1/2|4992671|
1037|mona lisa|3 oaks|Old Guard|11296|Blue|562556|Nicholas Strakhov|Kurkazia|Freehold of The Wolves|15157|White|Approved|9000000|0|0|9/9/2025 5:33:45 AM|Valyrian Aid|4992670|
645984|keyman|Bonland|Nuclear Proliferation League|17228|Aqua|507771|MtPollux|The Monkey Kingdom|Nuclear Proliferation League|17228|Brown|Approved|0|100|0|9/9/2025 5:32:54 AM|Financial Assistance|4992669|
143364|Inkblot|Poverty|Sparta|10008|Black|623136|rofrif|rofrif|Sparta|10008|Black|Approved|0|100|0|9/9/2025 5:26:45 AM|Financial Assistance|4992668|
593353|Kitkat16|Sofie|NATO|10037|Blue|645870|Maximilian von Adler|Preussisches Kaiserr|NATO|10037|Blue|Approved|9000000|0|0|9/9/2025 4:58:55 AM|Valyrian Aid|4992667|
645105|Trench Foast|TrenchFoastia|Christian Coalition Of Countries|10028|Maroon|414519|markpalm1|vacous|Freehold of The Wolves|15157|White|Approved|0|100|0|9/9/2025 4:53:25 AM|Vep|4992666|
643197|HoustonBeBack|Larsden|Nuclear Proliferation League|17228|Aqua|280326|Scytale|Tleilax|Fark|10002|Aqua|Approved|0|100|0|9/9/2025 4:41:58 AM|9/100|4992665|
238151|devnull|Republic of Unix|CLAWS|15841|Black|637264|RiddervanGelre|Nieuw Gelre|CLAWS|15841|Black|Approved|9000000|0|0|9/9/2025 4:40:59 AM|Tech deal 9m 100|4992664|
500125|Soxirella|Jusmania|Non Grata|10097|Maroon|626678|slothix|Kevin|Non Grata|10097|Maroon|Approved|9000000|0|0|9/9/2025 4:35:36 AM|Financial Assistance|4992663|
635568|ReForce|Axors|The Dark Templar|10056|Black|53832|Starcraftmazter|DPRK|The Dark Templar|10056|Black|Approved|0|100|0|9/9/2025 4:33:19 AM|Tech Shipping Out|4992662|
635568|ReForce|Axors|The Dark Templar|10056|Black|126881|Lord Razzia|Razzian Dominion|The Dark Templar|10056|Black|Approved|0|100|0|9/9/2025 4:33:10 AM|Tech Shipping Out|4992661|
635568|ReForce|Axors|The Dark Templar|10056|Black|402037|Soviet Mudkip|In Soviet Russia|The Dark Templar|10056|Black|Approved|0|100|0|9/9/2025 4:32:58 AM|Tech Shipping Out|4992660|
635568|ReForce|Axors|The Dark Templar|10056|Black|84729|D.A.D.1|IGP Warriors|The Dark Templar|10056|Black|Approved|0|100|0|9/9/2025 4:32:46 AM|Tech Shipping Out|4992659|
635568|ReForce|Axors|The Dark Templar|10056|Black|262199|Bob|Beta Site|The Dark Templar|10056|Black|Approved|0|100|0|9/9/2025 4:32:37 AM|Tech Shipping Out|4992658|
635568|ReForce|Axors|The Dark Templar|10056|Black|308695|Indiomaestro|Jahara|The Dark Templar|10056|Black|Approved|0|100|0|9/9/2025 4:32:19 AM|Tech Shipping Out|4992657|
190647|Kapsyl I|Kapsylonia|AGW Overlords|10043|Black|646473|Pegasus Gold Saint|Saint Seiya|Veneris|17356|White|Approved|9000000|0|0|9/9/2025 4:31:01 AM|Financial Assistance|4992656|
646353|tuomas|temple of perversion|The Legion|10020|Purple|95966|Totem|Ciumideii|The Legion|10020|Purple|Approved|0|100|0|9/9/2025 4:22:41 AM|Financial Assistance|4992655|
646353|tuomas|temple of perversion|The Legion|10020|Purple|205980|deathbiter|Arrakis2|The Legion|10020|Purple|Approved|0|100|0|9/9/2025 4:22:22 AM|Financial Assistance|4992654|
639833|sogekido|sinetron|Nordreich|11319|Maroon|514274|stonybeast|Los Reyes|Nordreich|11319|Maroon|Approved|0|100|0|9/9/2025 4:18:39 AM|Financial Assistance|4992653|
311659|tanglerat|Tir Mor|Post Grunge Supergroup|16367|Brown|646916|SmugglyMcWeed|SmugglyMcWeed|Post Grunge Supergroup|16367|Brown|Approved|6000000|0|0|9/9/2025 4:15:02 AM|Tech deal 6/100?|4992652|
453391|Rokula|Paraiso|New Pacific Order|10000|Red|639477|Lord King|Kinglordia|New Pacific Order|10000|Red|Approved|6000000|0|0|9/9/2025 3:50:55 AM|Rising Stars|4992651|
453391|Rokula|Paraiso|New Pacific Order|10000|Red|647335|Tosmanshotz|tOsMaNsHoTz Republic|New Pacific Order|10000|Red|Approved|6000000|0|0|9/9/2025 3:50:48 AM|Rising Stars|4992650|
641765|Chandragupta Maurya|Maurya Dynasty|New Polar Order|10006|Blue|91526|Dajobo|Disktopia|New Polar Order|10006|Blue|Approved|0|100|0|9/9/2025 3:39:31 AM|ICECAP Tech|4992649|
639843|TheChickenRun|Costco Wholesale|The Dark Templar|10056|Black|545096|Mumzilla|Hulkville|The Dark Templar|10056|Black|Approved|0|100|0|9/9/2025 3:02:34 AM|Free Tech|4992648|
639843|TheChickenRun|Costco Wholesale|The Dark Templar|10056|Black|84729|D.A.D.1|IGP Warriors|The Dark Templar|10056|Black|Approved|0|100|0|9/9/2025 3:02:24 AM|Free Tech|4992647|
639843|TheChickenRun|Costco Wholesale|The Dark Templar|10056|Black|262199|Bob|Beta Site|The Dark Templar|10056|Black|Approved|0|100|0|9/9/2025 3:02:08 AM|Free Tech|4992646|
639843|TheChickenRun|Costco Wholesale|The Dark Templar|10056|Black|184966|The Upper Bass|Little Basses|The Dark Templar|10056|Black|Approved|0|100|0|9/9/2025 3:01:57 AM|Free Tech|4992645|
639843|TheChickenRun|Costco Wholesale|The Dark Templar|10056|Black|162871|General Ozujsko|Republic of Ozujsko|The Dark Templar|10056|Black|Approved|0|100|0|9/9/2025 3:01:39 AM|Free Tech|4992644|
639843|TheChickenRun|Costco Wholesale|The Dark Templar|10056|Black|308695|Indiomaestro|Jahara|The Dark Templar|10056|Black|Approved|0|100|0|9/9/2025 3:01:30 AM|Free Tech|4992643|
643449|Esabbi|Liberation Islands|Post Grunge Supergroup|16367|Brown|577964|WagonWheel|Wagons|Post Grunge Supergroup|16367|Brown|Approved|0|100|0|9/9/2025 3:00:24 AM|Tech deal 100t/9m|4992642|
641533|Haamu|Sampo|WWF|14310|Blue|91088|Dragster|winukka|Nordreich|11319|Maroon|Approved|0|100|0|9/9/2025 2:50:03 AM|Financial Assistance|4992641|
443221|Mistral|Nicholas|Post Grunge Supergroup|16367|Brown|645347|Randomnameguy|New England INC|Post Grunge Supergroup|16367|Brown|Approved|9000000|0|0|9/9/2025 2:50:02 AM|9m/100t|4992640|
601747|Michael Dalton|Attarnia|Global Alliance And Treaty Organization|10003|Brown|647277|yesyesnono|Rostovan|Nuclear Proliferation League|17228|Blue|Approved|6000000|0|0|9/9/2025 2:39:41 AM|Regional Aid|4992639|
91088|Dragster|winukka|Nordreich|11319|Maroon|49522|Croix|Edjaal|Random Insanity Alliance|10038|Maroon|Approved|9000000|0|0|9/9/2025 2:27:34 AM|9m/100t|4992638|
501403|Trebs|Trebs|Nordreich|11319|Maroon|91872|PuliSher|Kerj&#228;l&#228;|Non Grata|10097|Maroon|Approved|9000000|0|0|9/9/2025 1:52:28 AM|Financial Assistance|4992636|
205980|deathbiter|Arrakis2|The Legion|10020|Purple|644713|Nailz|Clavos|The Legion|10020|Purple|Approved|9000000|0|0|9/9/2025 1:45:36 AM|Financial Assistance|4992635|
639275|Giultyspark|Arborija|Post Grunge Supergroup|16367|Brown|563422|nekro448|North Eugenia|Post Grunge Supergroup|16367|Brown|Approved|0|100|0|9/9/2025 1:44:27 AM|Financial Assistance|4992634|
646353|tuomas|temple of perversion|The Legion|10020|Purple|638569|Ozark|Blue Cat Nation|The Legion|10020|Purple|Approved|0|100|0|9/9/2025 1:42:17 AM|Financial Assistance|4992633|
257166|Yggdrazil|Ginginugap|Independent Republic Of Orange Nations|10004|Orange|374610|Captain Crozier|Dime Store Novena|Independent Republic Of Orange Nations|10004|Orange|Approved|0|100|0|9/9/2025 1:39:12 AM|itf|4992632|
257166|Yggdrazil|Ginginugap|Independent Republic Of Orange Nations|10004|Orange|234325|Ben Gates|TreasureLand|Independent Republic Of Orange Nations|10004|Orange|Approved|0|100|0|9/9/2025 1:38:25 AM|itf|4992631|
547395|KameraadLenin|Newfoundland SSR|Non Grata|10097|Maroon|474935|Enabran Tain|Obsidian Order|Non Grata|10097|Maroon|Approved|0|100|0|9/9/2025 1:21:07 AM|Financial Assistance|4992630|
547395|KameraadLenin|Newfoundland SSR|Non Grata|10097|Maroon|307315|ni431|ni nation|Non Grata|10097|Maroon|Approved|0|100|0|9/9/2025 1:21:01 AM|Financial Assistance|4992629|
641298|Marshal Kendall|Shafar|The Legion|10020|Purple|638569|Ozark|Blue Cat Nation|The Legion|10020|Purple|Approved|0|100|0|9/9/2025 1:17:26 AM|Tech|4992627|
646025|Hiten21|HAPUD|The Dark Templar|10056|Black|379651|reghar73|Zeman|The Dark Templar|10056|Black|Approved|0|100|0|9/9/2025 1:10:16 AM|Financial Assistance|4992626|
87890|Formanj|Norvegs Trøndelag|Independent Republic of Orange Nations|10004|Orange|647037|Pachacan Federation|Pachacan Federation|Independent Republic Of Orange Nations|10004|Orange|Approved|6000000|0|0|9/9/2025 1:06:29 AM|ITF|4992625|
3059|Comrade Gabriel|Bakunin's Dream|New Pacific Order|10000|Red|647335|Tosmanshotz|tOsMaNsHoTz Republic|New Pacific Order|10000|Red|Approved|6000000|0|0|9/9/2025 12:55:16 AM|Rising Stars|4992624|
3059|Comrade Gabriel|Bakunin's Dream|New Pacific Order|10000|Red|225103|Lord Squintus|Strudeldorf|New Pacific Order|10000|Red|Approved|9000000|0|0|9/9/2025 12:55:06 AM|QT Pay|4992623|
3059|Comrade Gabriel|Bakunin's Dream|New Pacific Order|10000|Red|642107|xUnwanteDx|xNazaricKx|New Pacific Order|10000|Red|Approved|9000000|0|0|9/9/2025 12:55:00 AM|Bankroll|4992622|
3059|Comrade Gabriel|Bakunin's Dream|New Pacific Order|10000|Red|639477|Lord King|Kinglordia|New Pacific Order|10000|Red|Approved|6000000|0|0|9/9/2025 12:54:36 AM|Rising Stars|4992621|
578787|Caspase|Amino Acids|Post Grunge Supergroup|16367|Brown|621876|thebigkas|kekistan69|COBRA|13717|Brown|Approved|9000000|0|0|9/9/2025 12:51:43 AM|tech deal cont|4992620|
578787|Caspase|Amino Acids|Post Grunge Supergroup|16367|Brown|545724|Matmal|Matmalia|Post Grunge Supergroup|16367|Brown|Approved|9000000|0|0|9/9/2025 12:51:32 AM|tech deal cont|4992619|
33116|+Zeke+|Iron Heart|The Dark Templar|10056|Black|541768|PM Skipper|Dragon Isle|The Dark Templar|10056|Maroon|Approved|6000000|0|0|9/9/2025 12:49:50 AM|DT Aids Program|4992618|
369917|Gibsonator21|Gibsonistan|Non Grata|10097|Maroon|600902|HackSlash|NewFinlandia|Non Grata|10097|Maroon|Approved|0|100|0|9/9/2025 12:42:24 AM|Financial Assistance|4992617|
636754|MAYBACH EMPIRE|MAYBACH 3MPIRE|Independent Republic Of Orange Nations|10004|Orange|647037|Pachacan Federation|Pachacan Federation|Independent Republic Of Orange Nations|10004|Orange|Approved|6000000|0|0|9/9/2025 12:40:55 AM|ITF|4992616|
645525|GodKing Menes|Free Republic of Kem|Nuclear Proliferation League|17228|Aqua|124781|im317|im317|Random Insanity Alliance|10038|Maroon|Approved|0|100|0|9/9/2025 12:34:36 AM|Tech Deal|4992615|
679|Gateborg|Gateborg|New Pacific Order|10000|Red|442731|Madd|Modra|New Pacific Order|10000|Red|Approved|0|100|0|9/9/2025 12:28:45 AM|QT Tech|4992614|
645707|The Goddess|Cotyttia|Veneris|17356|White|25379|Stylesjl|Pontbridge|Coalition of Royal Allied Powers|10051|Maroon|Approved|0|100|0|9/9/2025 12:26:07 AM|Financial Assistance|4992613|
17202|Cybolt|Time and Space|New Pacific Order|10000|Red|639477|Lord King|Kinglordia|New Pacific Order|10000|Red|Approved|6000000|0|0|9/9/2025 12:21:12 AM|Rising Stars|4992612|
17202|Cybolt|Time and Space|New Pacific Order|10000|Red|225103|Lord Squintus|Strudeldorf|New Pacific Order|10000|Red|Approved|9000000|0|0|9/9/2025 12:21:08 AM|QT Pay|4992611|
17202|Cybolt|Time and Space|New Pacific Order|10000|Red|642970|Rhett Kahn|Retconia|New Pacific Order|10000|Red|Approved|9000000|0|0|9/9/2025 12:21:01 AM|QT Pay|4992610|
644950|Oddin|Glendor|The Grand Lodge Of Freemasons|10029|Orange|116324|Wayne World|Wayne World|The Grand Lodge of Freemasons|10029|Orange|Approved|0|100|0|9/9/2025 12:17:20 AM|Tech Deal|4992609|
608458|Johnny Cutlass|Claw Key|Knights Of The Round Table|10092|Aqua|631385|Kingdom of Denmark|Jutland Germany|The Prussian Empire|14204|Green|Approved|9000000|0|0|9/9/2025 12:09:07 AM|Surrender your tech!|4992608|
641418|The Gingerbread Man|The edge of a wood|Knights Of The Round Table|10092|Green|247054|shivamuck|Iarlean|Knights Of The Round Table|10092|Green|Approved|0|100|0|9/9/2025 12:06:33 AM|Dough boy with tech|4992607|
643741|Danteeternity|Balan|Post Grunge Supergroup|16367|Brown|443221|Mistral|Nicholas|Post Grunge Supergroup|16367|Brown|Approved|0|100|0|9/9/2025 12:05:13 AM|Tech Deal|4992606|
310672|King Wally|Rep of Queensland|Nuclear Proliferation League|17228|Aqua|646497|Arcanium|Averium|Nuclear Proliferation League|17228|Aqua|Approved|9000000|100|0|9/9/2025 12:05:08 AM|NPL Love|4992605|
518469|Combmartin Mining Co|Combe Martin|Knights of the Round Table|10092|Green|486033|CobaltBlazer|Cobalt27|United Equestria|10101|Pink|Approved|9000000|0|0|9/9/2025 12:03:53 AM|9/100 tech business|4992603|
228721|Hob Dobson|Uustonia|Viridian Entente|10010|Green|453991|Lieutenant Yenroh|Baguettador III|Viridian Entente|10010|Green|Pending|0|100|0|9/9/2025 12:03:14 AM|Tech (1 of  3)|4992602|
228721|Hob Dobson|Uustonia|Viridian Entente|10010|Green|326267|Steeldor|Jerel|DOOMBIRD DOOMCAVE|10449|Black|Approved|0|100|0|9/9/2025 12:03:00 AM|Tech (1 of  3)|4992601|
638569|Ozark|Blue Cat Nation|The Legion|10020|Purple|645156|RekEm Republic|RekEm Republic|The Legion|10020|Purple|Approved|9000000|0|0|9/9/2025 12:02:08 AM|Financial Assistance|4992600|
315967|slmarsch|Rio Grande|Freehold of The Wolves|15157|White|613652|Peterkin|Quaraguay|Freehold of The Wolves|15157|White|Approved|9000000|0|0|9/8/2025 11:41:30 PM|Financial Assistance|4992599|
315967|slmarsch|Rio Grande|Freehold of The Wolves|15157|White|631272|Jordo|Omicron Persei 8|Freehold of The Wolves|15157|White|Approved|9000000|0|0|9/8/2025 11:40:51 PM|Financial Assistance|4992598|
315967|slmarsch|Rio Grande|Freehold of The Wolves|15157|White|160240|Pamacii|Speedy Cats|Freehold of The Wolves|15157|White|Approved|9000000|0|0|9/8/2025 11:40:08 PM|Financial Assistance|4992597|
262614|aml520|Hantou|New Polar Order|10006|Blue|588171|Justine27|Zeronia|New Polar Order|10006|Blue|Approved|0|100|0|9/8/2025 11:34:57 PM|RATS Tech|4992596|
262614|aml520|Hantou|New Polar Order|10006|Blue|91526|Dajobo|Disktopia|New Polar Order|10006|Blue|Approved|0|100|0|9/8/2025 11:34:44 PM|ICECAP Tech|4992595|
396041|Joseph Black|Rural Route 3|Freehold of The Wolves|15157|White|240549|Codark|Codainia|Freehold of The Wolves|15157|White|Approved|0|100|0|9/8/2025 11:14:17 PM|Financial Assistance|4992592|
396041|Joseph Black|Rural Route 3|Freehold of The Wolves|15157|White|141175|Kaiser Willis|Kryton|Freehold of The Wolves|15157|White|Approved|0|100|0|9/8/2025 11:13:37 PM|Financial Assistance|4992591|
141583|jerdge|Gaela|Green Protection Agency|10041|Green|545923|VHongo|Canadian Dominanace|Green Protection Agency|10041|Green|Approved|9000000|0|0|9/8/2025 11:12:03 PM|Tech Deal 9Mx100 Tech :-)|4992590|
644646|Naturschuetzer|Naturumgibt|New Pacific Order|10000|Red|571763|JohelleTapper|StoneSour|New Pacific Order|10000|Red|Approved|0|100|0|9/8/2025 10:29:40 PM|QT Tech|4992589|
644646|Naturschuetzer|Naturumgibt|New Pacific Order|10000|Red|568748|Llednar Twem|Eurica|New Pacific Order|10000|Red|Pending|0|100|0|9/8/2025 10:29:30 PM|QT Tech|4992588|
3059|Comrade Gabriel|Bakunin's Dream|New Pacific Order|10000|Red|646465|Panglima Burung|Kalimantan Baru|New Pacific Order|10000|Red|Approved|9000000|0|0|9/8/2025 10:20:34 PM|QT Pay|4992586|
360918|thelittlejd|blahr|The Dark Templar|10056|Black|53832|Starcraftmazter|DPRK|The Dark Templar|10056|Black|Approved|0|100|0|9/8/2025 10:07:33 PM|Financial Assistance|4992585|
360918|thelittlejd|blahr|The Dark Templar|10056|Black|308695|Indiomaestro|Jahara|The Dark Templar|10056|Black|Approved|0|100|0|9/8/2025 10:07:22 PM|Financial Assistance|4992584|
360918|thelittlejd|blahr|The Dark Templar|10056|Black|162871|General Ozujsko|Republic of Ozujsko|The Dark Templar|10056|Black|Approved|0|100|0|9/8/2025 10:01:55 PM|Financial Assistance|4992583|
360918|thelittlejd|blahr|The Dark Templar|10056|Black|84729|D.A.D.1|IGP Warriors|The Dark Templar|10056|Black|Approved|0|100|0|9/8/2025 10:01:29 PM|Financial Assistance|4992581|
360918|thelittlejd|blahr|The Dark Templar|10056|Black|402037|Soviet Mudkip|In Soviet Russia|The Dark Templar|10056|Black|Approved|0|100|0|9/8/2025 10:01:16 PM|Financial Assistance|4992580|
592036|LordSanix|Citroto|Freehold of The Wolves|15157|White|134794|Tasker74|Thebigharbour|Freehold of The Wolves|15157|White|Approved|9000000|0|0|9/8/2025 9:51:15 PM|VEP|4992579|
206879|Platinumviper|Bekaa|NATO|10037|Blue|202168|Dr Doctor|NATO Armed Forces|NATO|10037|Blue|Approved|9000000|0|0|9/8/2025 9:22:48 PM|Valyrian Aid|4992578|
407948|avatar3619|Shendu|New Pacific Order|10000|Red|646465|Panglima Burung|Kalimantan Baru|New Pacific Order|10000|Red|Approved|9000000|0|0|9/8/2025 8:48:52 PM|Cash for DOPE|4992577|
646787|Hye781|Calilove4ever|Christian Coalition Of Countries|10028|Maroon|120427|Ashleaa|Pigtopia|Federation of Armed Nations|10021|Yellow|Approved|0|100|0|9/8/2025 8:00:41 PM|VEP TECH DEAL PROGRAM|4992576|
645156|RekEm Republic|RekEm Republic|The Legion|10020|Purple|288372|king qaz|my own little workd|The Legion|10020|Purple|Approved|0|100|0|9/8/2025 7:54:39 PM|Financial Assistance|4992575|
634903|ToasterOven|Pancake Republic|Non Grata|10097|Maroon|314185|Rhizoctonia|Rhizoctonia|Non Grata|10097|Maroon|Approved|0|100|0|9/8/2025 7:54:18 PM|Financial Assistance|4992574|
250983|Shakka Kahn|Shakka Land|Mostly Harmless Alliance|14879|Aqua|533961|zilocke|Zilandia|Mostly Harmless Alliance|14879|Blue|Approved|9000000|0|0|9/8/2025 7:46:36 PM|Tech deal|4992573|
643981|ONXwat|Vanier|Non Grata|10097|Maroon|613432|Talbrys|Keltroy|Non Grata|10097|Maroon|Approved|0|100|0|9/8/2025 7:43:28 PM|Financial Assistance|4992572|
643981|ONXwat|Vanier|Non Grata|10097|Maroon|243186|ditchboy00|Ditchopia|Non Grata|10097|Maroon|Approved|0|100|0|9/8/2025 7:43:23 PM|Financial Assistance|4992571|
643981|ONXwat|Vanier|Non Grata|10097|Maroon|327088|spearo|Deep Blue|Non Grata|10097|Maroon|Approved|0|100|0|9/8/2025 7:43:17 PM|Financial Assistance|4992570|
643981|ONXwat|Vanier|Non Grata|10097|Maroon|437823|zyberzpyder|Zyberia|Non Grata|10097|Maroon|Approved|0|100|0|9/8/2025 7:43:09 PM|Financial Assistance|4992569|
643981|ONXwat|Vanier|Non Grata|10097|Maroon|166207|Jekalle|Ranus|Non Grata|10097|Maroon|Approved|0|100|0|9/8/2025 7:43:02 PM|Financial Assistance|4992568|
643981|ONXwat|Vanier|Non Grata|10097|Maroon|133051|MikeTheFirst|MikeLand|Non Grata|10097|Maroon|Approved|0|100|0|9/8/2025 7:42:53 PM|Financial Assistance|4992567|
632434|Stineamania|Nowitme|Post Grunge Supergroup|16367|Brown|647208|Victor Tokumei|Tokumei|Post Grunge Supergroup|16367|Brown|Approved|6000000|0|0|9/8/2025 7:28:11 PM|6mil/100|4992566|
493173|Damascis|Typhon|CLAWS|15841|Black|646832|Greg Gregory Gregers|Udrus|The Phoenix Federation|17385|Black|Approved|9000000|0|0|9/8/2025 7:14:28 PM|Tech dealz|4992565|
647448|WayTooExtreme|Yerdalldat||0|Black|647447|WayTooIntense|Pop Tart||0|Black|Approved|10000|0|0|9/8/2025 7:12:28 PM|Financial Assistance|4992564|
556496|rheebrosinc|SwagJuice|Christian Coalition Of Countries|10028|Maroon|219727|danhawk|sonyevilempire|The Imperial Order|10082|Blue|Approved|0|100|0|9/8/2025 7:02:59 PM|valyrian tech|4992563|
556496|rheebrosinc|SwagJuice|Christian Coalition Of Countries|10028|Maroon|592036|LordSanix|Citroto|Freehold of The Wolves|15157|White|Approved|0|100|0|9/8/2025 7:02:50 PM|valyrian tech|4992562|
556496|rheebrosinc|SwagJuice|Christian Coalition Of Countries|10028|Maroon|120427|Ashleaa|Pigtopia|Federation of Armed Nations|10021|Yellow|Approved|0|100|0|9/8/2025 7:02:43 PM|valyrian tech|4992561|
646367|Mikal Krosswynd|Malahkina|Post Grunge Supergroup|16367|Brown|630254|Venoxis|Anartektica|Post Grunge Supergroup|16367|Brown|Approved|0|100|0|9/8/2025 6:57:58 PM|Tech Deal|4992560|
646367|Mikal Krosswynd|Malahkina|Post Grunge Supergroup|16367|Brown|575900|TTexas|TTexas|Post Grunge Supergroup|16367|Brown|Approved|0|100|0|9/8/2025 6:57:27 PM|Tech Deal|4992559|
646367|Mikal Krosswynd|Malahkina|Post Grunge Supergroup|16367|Brown|578787|Caspase|Amino Acids|Post Grunge Supergroup|16367|Brown|Approved|0|100|0|9/8/2025 6:57:16 PM|Tech Deal|4992558|
348468|Ghan Khalav|Khalavistan|Global Alliance and Treaty Organization|10003|Brown|531189|Peroman200|Petrolandija|Global Alliance And Treaty Organization|10003|Brown|Approved|9000000|0|0|9/8/2025 6:54:30 PM|Tech|4992557|
639416|Addisonjam|Additomia|The Dark Templar|10056|Black|162871|General Ozujsko|Republic of Ozujsko|The Dark Templar|10056|Black|Approved|0|100|0|9/8/2025 6:52:00 PM|Financial Assistance|4992555|
404438|Herzog|Black Amber|Sparta|10008|Black|317431|Evileel|ell pond|Sparta|10008|Black|Approved|0|100|0|9/8/2025 6:27:28 PM|Financial Assistance|4992554|
404438|Herzog|Black Amber|Sparta|10008|Black|6600|poonertang|PR of pooner|Sparta|10008|Black|Approved|0|100|0|9/8/2025 6:27:11 PM|Financial Assistance|4992553|
593353|Kitkat16|Sofie|NATO|10037|Blue|233988|Antiglams|Benerilandia|NATO|10037|Blue|Approved|9000000|0|0|9/8/2025 6:23:08 PM|Valyrian Aid|4992552|
126881|Lord Razzia|Razzian Dominion|The Dark Templar|10056|Black|293406|Jeffimus|Smoothwater|The Dark Templar|10056|Black|Approved|9000000|0|0|9/8/2025 6:12:55 PM|Tech Deal 9M/100Tech|4992551|
266131|RA2Leader|Soviet USA|Madlads Union|17130|Brown|647208|Victor Tokumei|Tokumei|Post Grunge Supergroup|16367|Brown|Approved|6000000|0|0|9/8/2025 6:08:28 PM|Tech deal 6mil/100|4992550|
64687|Wootmeister|Wootrovia|Global Alliance And Treaty Organization|10003|Brown|646409|Kingdjthadestroyer|King Dj|Global Alliance And Treaty Organization|10003|Brown|Approved|9000000|0|0|9/8/2025 6:00:27 PM|Tech Deal|4992549|
644426|Bram Walt Schirkophf|Texkentuck|Catholic Reich|17311|Black|379651|reghar73|Zeman|The Dark Templar|10056|Black|Approved|0|100|0|9/8/2025 5:53:47 PM|Financial Assistance|4992548|
631432|Elector King|Bohemia Moravia|The Prussian Empire|14204|Green|488372|Heinrich I|Das Ostfrankenreich|The Prussian Empire|14204|Green|Approved|0|100|0|9/8/2025 5:52:53 PM|Financial Assistance|4992547|
647188|Ra Zeus|NewEygptianEmpire|Nuclear Proliferation League|17228|White|522964|Nuclear tech 2|Nuclear tech 2|Nuclear Proliferation League|17228|Black|Approved|0|100|0|9/8/2025 5:52:45 PM|Financial Assistance|4992546|
582004|Neforatu|Nation Reborn|Post Grunge Supergroup|16367|Yellow|647208|Victor Tokumei|Tokumei|Post Grunge Supergroup|16367|Brown|Approved|6000000|0|0|9/8/2025 5:48:48 PM|Tech Deal|4992545|
632435|Lordsmallballs|Acadian States|Post Grunge Supergroup|16367|Brown|542485|RedQueen|Myotistan|Post Grunge Supergroup|16367|Brown|Approved|9000000|0|0|9/8/2025 5:39:42 PM|9 mil / 100 tech|4992544|
621029|Le Trout|Lambo Lambo Lambo|Post Grunge Supergroup|16367|Brown|647208|Victor Tokumei|Tokumei|Post Grunge Supergroup|16367|Brown|Approved|6000000|0|0|9/8/2025 5:35:44 PM|YEET (6m/100t)|4992543|
639335|Swamplandia|Horna|NATO|10037|Blue|541983|CVO|Kush|NATO|10037|Blue|Approved|0|100|0|9/8/2025 5:34:02 PM|Financial Assistance|4992542|
381828|InconspicuousBarrel|Kievan Rus|Global Alliance And Treaty Organization|10003|Brown|647033|rachel666|Rachellia|Global Alliance And Treaty Organization|10003|Brown|Approved|9000000|0|0|9/8/2025 5:23:36 PM|Tech Deal|4992541|
525885|Zieg Know|Caldari State|CLAWS|15841|Black|225241|Admiral Alexander|The CommonWealthCW|The Wolves|16660|Maroon|Approved|0|100|0|9/8/2025 4:55:27 PM|Financial Assistance|4992540|
602552|atliis|Silvertown|Independent Republic Of Orange Nations|10004|Orange|575517|asrdragon|freudesch|Independent Republic Of Orange Nations|10004|Orange|Approved|0|100|0|9/8/2025 4:49:06 PM|ITF|4992539|
602552|atliis|Silvertown|Independent Republic Of Orange Nations|10004|Orange|374610|Captain Crozier|Dime Store Novena|Independent Republic Of Orange Nations|10004|Orange|Approved|0|100|0|9/8/2025 4:48:31 PM|ITF|4992538|
638747|Medic IV|Deutschland II|Non Grata|10097|Maroon|155031|joanne1|Tweetypie|Non Grata|10097|Maroon|Pending|0|100|0|9/8/2025 4:37:49 PM|Financial Assistance|4992537|
638747|Medic IV|Deutschland II|Non Grata|10097|Maroon|49861|rabonnobar|Calabria|Non Grata|10097|Maroon|Approved|0|100|0|9/8/2025 4:37:41 PM|Financial Assistance|4992536|
602563|AntiChoice|SuperNaturale|Sparta|10008|Black|644316|Sam Sparks|Mendota|Sparta|10008|Black|Approved|6000000|0|0|9/8/2025 4:32:23 PM|Tech Deal|4992535|
602563|AntiChoice|SuperNaturale|Sparta|10008|Black|582707|Balthier|Dalmascan Ruins|Sparta|10008|Black|Approved|9000000|0|0|9/8/2025 4:31:39 PM|Tech Deal|4992534|
102751|Jack Whiterstein|Gyuard|Global Alliance And Treaty Organization|10003|Brown|531189|Peroman200|Petrolandija|Global Alliance And Treaty Organization|10003|Brown|Approved|9000000|0|0|9/8/2025 3:56:07 PM|Tech Deal 9m/100|4992533|
639937|The Evilest Eye|NeoNeftyaniki|The Dark Templar|10056|Black|162871|General Ozujsko|Republic of Ozujsko|The Dark Templar|10056|Black|Approved|0|100|0|9/8/2025 3:56:02 PM|Your tech|4992532|
102751|Jack Whiterstein|Gyuard|Global Alliance And Treaty Organization|10003|Brown|645374|Zia Ul Haq|Emirate of Pakistan|COBRA|13717|Brown|Approved|9000000|0|0|9/8/2025 3:55:27 PM|Tech Deal 9m/100|4992531|
479490|King Cyan|The Cyan Kingdom|Global Alliance And Treaty Organization|10003|Brown|647124|Pocky|Pocky Two|Global Alliance And Treaty Organization|10003|Brown|Approved|6000000|0|0|9/8/2025 3:54:16 PM|Financial Assistance|4992530|
85056|Pbaff|RuntMutLend|The Dark Templar|10056|Black|646025|Hiten21|HAPUD|The Dark Templar|10056|Black|Approved|9000000|0|0|9/8/2025 3:52:39 PM|Financial Assistance|4992529|
512699|Mindbraker|Aguda|New Polar Order|10006|Blue|379932|VickiB|Quantum Leap|New Polar Order|10006|Blue|Approved|9000000|0|0|9/8/2025 3:44:26 PM|Polar Express|4992528|
10287|Moriarty|Formosa|Knights Of The Round Table|10092|Green|606786|The Milkmaid|Dun Holm|Knights Of The Round Table|10092|White|Approved|9000000|0|0|9/8/2025 3:37:53 PM|Tech Deal|4992527|
24905|Arminius|Festung Germania|Old Guard|11296|Blue|638815|BushyBeaver|Beaveland|NATO|10037|Blue|Approved|0|100|0|9/8/2025 3:11:44 PM|NATO Solidarity|4992526|
635667|Steves|Steveland|Fark|10002|Aqua|428668|EViL0nE|Hivestonia|Fark|10002|Aqua|Approved|0|100|0|9/8/2025 3:10:56 PM|Financial Assistance|4992525|
635667|Steves|Steveland|Fark|10002|Aqua|254775|Bionic redhead|Bionicus|Non Grata|10097|Aqua|Approved|0|100|0|9/8/2025 3:10:41 PM|Financial Assistance|4992524|
635667|Steves|Steveland|Fark|10002|Aqua|106123|hindy33|Hindistan|Fark|10002|Aqua|Approved|0|100|0|9/8/2025 3:10:30 PM|Financial Assistance|4992523|
635667|Steves|Steveland|Fark|10002|Aqua|319343|realpal|REALPAL|Fark|10002|Aqua|Approved|0|100|0|9/8/2025 3:09:56 PM|Financial Assistance|4992522|
635667|Steves|Steveland|Fark|10002|Aqua|407586|FreezingAssassin|Charr|Fark|10002|Aqua|Approved|0|100|0|9/8/2025 3:09:47 PM|Financial Assistance|4992521|
426185|DeathAdder|Westfalen|Doombrella|17368|Black|374321|Clash|Discord|Doombrella|17368|Black|Approved|0|100|0|9/8/2025 3:00:15 PM|Financial Assistance|4992520|
560607|lurkr|Calontir|The Grand Lodge Of Freemasons|10029|Orange|635658|Chaotican|United CroatiaUC|Wurst Alliance|16919|Green|Approved|9000000|0|0|9/8/2025 2:44:13 PM|Financial Assistance|4992519|
426185|DeathAdder|Westfalen|Doombrella|17368|Black|342957|tayloj7|Rabbitopia|Doombrella|17368|Black|Approved|0|100|0|9/8/2025 2:35:46 PM|Financial Assistance|4992518|
426185|DeathAdder|Westfalen|Doombrella|17368|Black|139809|John Orris|Commonwealth of John|Doombrella|17368|Black|Approved|0|100|0|9/8/2025 2:33:13 PM|Financial Assistance|4992517|
426185|DeathAdder|Westfalen|Doombrella|17368|Black|184514|Franz Ferdinand|L252beck|Doombrella|17368|Black|Approved|0|100|0|9/8/2025 2:32:29 PM|Financial Assistance|4992516|
426185|DeathAdder|Westfalen|Doombrella|17368|Black|626860|BringMeTheHorizon|Dakotas|Doombrella|17368|Black|Approved|0|100|0|9/8/2025 2:31:42 PM|Financial Assistance|4992515|
426185|DeathAdder|Westfalen|Doombrella|17368|Black|101493|ak47don|sicily mafia|Doombrella|17368|Black|Pending|0|100|0|9/8/2025 2:30:55 PM|Financial Assistance|4992514|
233988|Antiglams|Benerilandia|NATO|10037|Blue|120427|Ashleaa|Pigtopia|Federation of Armed Nations|10021|Yellow|Approved|0|100|0|9/8/2025 2:30:23 PM|Valkyrian aid|4992513|
233988|Antiglams|Benerilandia|NATO|10037|Blue|592036|LordSanix|Citroto|Freehold of The Wolves|15157|White|Approved|0|100|0|9/8/2025 2:30:16 PM|Valkyrian aid|4992512|
233988|Antiglams|Benerilandia|NATO|10037|Blue|109489|blackpony|the Mad Ninja|Freehold of The Wolves|15157|White|Approved|0|100|0|9/8/2025 2:30:09 PM|Valkyrian aid|4992511|
267010|Baron Aaron|baron aarons empire|Independent Republic Of Orange Nations|10004|Orange|479751|Aenir|Tarsonis|Independent Republic Of Orange Nations|10004|Orange|Pending|0|100|0|9/8/2025 2:25:26 PM|ITF|4992510|
267010|Baron Aaron|baron aarons empire|Independent Republic Of Orange Nations|10004|Orange|260342|abcdefg|Alphabets|Independent Republic Of Orange Nations|10004|Aqua|Approved|0|100|0|9/8/2025 2:25:20 PM|ITF|4992509|
267010|Baron Aaron|baron aarons empire|Independent Republic Of Orange Nations|10004|Orange|468521|Riptide|HangTen|Independent Republic Of Orange Nations|10004|Orange|Pending|0|100|0|9/8/2025 2:25:12 PM|ITF|4992508|
267010|Baron Aaron|baron aarons empire|Independent Republic Of Orange Nations|10004|Orange|636754|MAYBACH EMPIRE|MAYBACH 3MPIRE|Independent Republic Of Orange Nations|10004|Orange|Approved|0|100|0|9/8/2025 2:25:05 PM|ITF|4992507|
267010|Baron Aaron|baron aarons empire|Independent Republic Of Orange Nations|10004|Orange|575517|asrdragon|freudesch|Independent Republic Of Orange Nations|10004|Orange|Approved|0|100|0|9/8/2025 2:24:57 PM|ITF|4992506|
267010|Baron Aaron|baron aarons empire|Independent Republic Of Orange Nations|10004|Orange|374610|Captain Crozier|Dime Store Novena|Independent Republic Of Orange Nations|10004|Orange|Approved|0|100|0|9/8/2025 2:24:49 PM|ITF|4992505|
231352|Wippeli|Wippelandia|Freehold of The Wolves|15157|White|109489|blackpony|the Mad Ninja|Freehold of The Wolves|15157|White|Approved|0|100|0|9/8/2025 1:59:51 PM|VEP|4992504|
231352|Wippeli|Wippelandia|Freehold of The Wolves|15157|White|592036|LordSanix|Citroto|Freehold of The Wolves|15157|White|Approved|0|100|0|9/8/2025 1:59:33 PM|VEP|4992503|
546488|levothy|mycybernation|Knights Of The Round Table|10092|Green|138858|Haart|Barbarica|The Templar Knights|10012|Maroon|Approved|0|100|0|9/8/2025 1:50:55 PM|Tech Insurance 2pkptr|4992502|
485812|Amyante|Zargathia|Shangri La|13799|White|613743|Tacotopia|Bobs Your Uncle|CLAWS|15841|Black|Approved|0|100|0|9/8/2025 1:44:59 PM|Tech deal: 100/100|4992501|
485812|Amyante|Zargathia|Shangri La|13799|White|479490|King Cyan|The Cyan Kingdom|Global Alliance And Treaty Organization|10003|Brown|Approved|0|100|0|9/8/2025 1:44:51 PM|Tech deal: 100/100|4992500|
531189|Peroman200|Petrolandija|Global Alliance And Treaty Organization|10003|Brown|479490|King Cyan|The Cyan Kingdom|Global Alliance And Treaty Organization|10003|Brown|Approved|0|100|0|9/8/2025 1:37:59 PM|Tech deal|4992499|
551982|Jason Cyberius|Cyberium|Global Alliance And Treaty Organization|10003|Brown|121872|Katahdin|Fraise de Sang|Global Alliance and Treaty Organization|10003|Brown|Approved|0|100|0|9/8/2025 1:34:14 PM|Financial Assistance|4992498|
551982|Jason Cyberius|Cyberium|Global Alliance And Treaty Organization|10003|Brown|83518|Johnny Apocalypse|Anubia|Global Alliance And Treaty Organization|10003|Brown|Approved|0|100|0|9/8/2025 1:34:01 PM|Financial Assistance|4992497|
454402|Flyin Hawaiian|Hawaiian Land|The Dark Templar|10056|Black|402037|Soviet Mudkip|In Soviet Russia|The Dark Templar|10056|Black|Approved|0|100|0|9/8/2025 1:32:43 PM|Financial Assistance|4992496|
468549|shadowstriker|shadow world|NATO|10037|Blue|395389|Temporal91|Aikion|NATO|10037|Blue|Approved|9000000|0|0|9/8/2025 1:21:18 PM|Valyrian Aid|4992495|
184994|Oro Ibah Aozpi|Novgorod|Nordreich|11319|Maroon|625646|muji111|muji111|Random Insanity Alliance|10038|Maroon|Approved|9000000|0|0|9/8/2025 1:14:04 PM|Financial Assistance|4992494|
410290|bdrocks|Knights of Honour|CLAWS|15841|Black|590030|toledomike|BUGANATION|CLAWS|15841|Black|Approved|9000000|0|0|9/8/2025 1:11:59 PM|Tech deal|4992493|
410290|bdrocks|Knights of Honour|CLAWS|15841|Black|631191|Magnus IV|Kingdom of Ars Magna|CLAWS|15841|Black|Approved|9000000|0|0|9/8/2025 1:11:39 PM|Tech deal|4992492|
646832|Greg Gregory Gregers|Udrus|The Phoenix Federation|17385|Black|615969|Al3efix|DaWeasel|The Phoenix Federation|17385|Green|Approved|0|100|0|9/8/2025 1:08:51 PM|Tech deal|4992491|
646839|rickm27|Balmoria|Nuclear Proliferation League|17228|Aqua|452727|Avakael|Klaus Devestatorie|Nuclear Proliferation League|17228|Brown|Approved|0|100|0|9/8/2025 1:08:48 PM|Financial Assistance|4992490|
88398|thepunk|thepunk|Federation Of Armed Nations|10021|Yellow|647347|RealShrimpShady|Shrimplandia|NATO|10037|Blue|Approved|6000000|0|0|9/8/2025 1:08:30 PM|Financial Assistance|4992489|
88398|thepunk|thepunk|Federation Of Armed Nations|10021|Yellow|395389|Temporal91|Aikion|NATO|10037|Blue|Approved|9000000|0|0|9/8/2025 1:08:00 PM|Financial Assistance|4992488|
516493|The dutch Dragonborn|The Dutch Dragonborn|New Polar Order|10006|Blue|379932|VickiB|Quantum Leap|New Polar Order|10006|Blue|Approved|9000000|0|0|9/8/2025 1:05:40 PM|Polar Express|4992487|
12258|Commissar Sendoa|Cataduanes|Non Grata|10097|Maroon|273692|Pope Bubba XIII|Rebel Virginia|Non Grata|10097|Maroon|Approved|0|100|0|9/8/2025 1:01:48 PM|Take the filthy tech x|4992486|
647033|rachel666|Rachellia|Global Alliance And Treaty Organization|10003|Brown|121872|Katahdin|Fraise de Sang|Global Alliance and Treaty Organization|10003|Brown|Approved|0|100|0|9/8/2025 12:48:18 PM|Financial Assistance|4992485|
646167|DoctorDlicious|Lat Flan|Non Grata|10097|Maroon|613432|Talbrys|Keltroy|Non Grata|10097|Maroon|Approved|0|100|0|9/8/2025 12:45:53 PM|tech deal|4992484|
646167|DoctorDlicious|Lat Flan|Non Grata|10097|Maroon|552285|lilweirdward|Land of Too Much Fun|Christian Coalition Of Countries|10028|Maroon|Approved|0|100|0|9/8/2025 12:45:32 PM|tech deal|4992483|
634597|LiaColle|Prynthian|Non Grata|10097|Maroon|230895|TCTriangle|Taninsania|Non Grata|10097|Maroon|Approved|0|100|0|9/8/2025 12:37:32 PM|Financial Assistance|4992482|
634597|LiaColle|Prynthian|Non Grata|10097|Maroon|2621|James|TIEIXIAIS|Non Grata|10097|Maroon|Approved|0|100|0|9/8/2025 12:37:26 PM|Financial Assistance|4992481|
645236|Roq Fanclub Presiden|Roq Fanclub|Doombrella|17368|Black|626860|BringMeTheHorizon|Dakotas|Doombrella|17368|Black|Approved|0|100|0|9/8/2025 12:21:25 PM|Financial Assistance|4992480|
645236|Roq Fanclub Presiden|Roq Fanclub|Doombrella|17368|Black|139809|John Orris|Commonwealth of John|Doombrella|17368|Black|Pending|0|100|0|9/8/2025 12:20:26 PM|Financial Assistance|4992479|
326273|Red Rebel|Pi Lambda Phi|Madlads Union|17130|Brown|640620|Frioz|Lusitania Portugalia|Post Grunge Supergroup|16367|Brown|Approved|9000000|0|0|9/8/2025 12:17:28 PM|Tech Deal 9m/100t|4992478|
645236|Roq Fanclub Presiden|Roq Fanclub|Doombrella|17368|Black|142120|Commander Thrawn|Csilla|Doombrella|17368|Black|Approved|0|100|0|9/8/2025 12:16:52 PM|Financial Assistance|4992477|
645236|Roq Fanclub Presiden|Roq Fanclub|Doombrella|17368|Black|342957|tayloj7|Rabbitopia|Doombrella|17368|Black|Approved|0|100|0|9/8/2025 12:16:40 PM|Financial Assistance|4992476|
645236|Roq Fanclub Presiden|Roq Fanclub|Doombrella|17368|Black|66883|Crown Prince Mishka|Tygaland|Doombrella|17368|Black|Approved|0|100|0|9/8/2025 12:16:30 PM|Financial Assistance|4992475|
645236|Roq Fanclub Presiden|Roq Fanclub|Doombrella|17368|Black|502087|Astryl|Ethereal|Doombrella|17368|Black|Approved|0|100|0|9/8/2025 12:16:23 PM|Financial Assistance|4992474|
637471|Branjawn|United Bishops|Post Grunge Supergroup|16367|Brown|632434|Stineamania|Nowitme|Post Grunge Supergroup|16367|Brown|Approved|0|100|0|9/8/2025 12:15:15 PM|Financial Assistance|4992473|
637471|Branjawn|United Bishops|Post Grunge Supergroup|16367|Brown|575900|TTexas|TTexas|Post Grunge Supergroup|16367|Brown|Approved|0|100|0|9/8/2025 12:15:05 PM|Financial Assistance|4992472|
647317|JFK360noscope|the devided states|Nuclear Proliferation League|17228|Brown|522964|Nuclear tech 2|Nuclear tech 2|Nuclear Proliferation League|17228|Black|Approved|0|100|0|9/8/2025 12:12:54 PM|Financial Assistance|4992471|
217577|MontyKo|Tuborg|Freehold of The Wolves|15157|White|395389|Temporal91|Aikion|NATO|10037|Blue|Approved|9000000|0|0|9/8/2025 11:56:37 AM|Valyrian Aid|4992470|
620328|Albasti|Kayi Tribe|New Pacific Order|10000|Red|571763|JohelleTapper|StoneSour|New Pacific Order|10000|Red|Approved|0|100|0|9/8/2025 11:50:14 AM|QT Tech|4992469|
620328|Albasti|Kayi Tribe|New Pacific Order|10000|Red|568748|Llednar Twem|Eurica|New Pacific Order|10000|Red|Pending|0|100|0|9/8/2025 11:49:54 AM|QT Tech|4992468|
620328|Albasti|Kayi Tribe|New Pacific Order|10000|Red|522260|kalev60|Hiiumaa|New Pacific Order|10000|Red|Approved|0|100|0|9/8/2025 11:49:35 AM|QT Tech|4992467|
620328|Albasti|Kayi Tribe|New Pacific Order|10000|Red|588946|AlphaCenturion|Sentosa Republic|New Pacific Order|10000|Red|Approved|0|100|0|9/8/2025 11:49:14 AM|QT Tech|4992466|
620328|Albasti|Kayi Tribe|New Pacific Order|10000|Red|16124|Hatterson|Hamlin|New Pacific Order|10000|Red|Approved|0|100|0|9/8/2025 11:48:47 AM|QT Tech|4992465|
545923|VHongo|Canadian Dominanace|Green Protection Agency|10041|Green|380432|dimaradona|Piedra Negra|Green Protection Agency|10041|Green|Approved|0|100|0|9/8/2025 11:47:04 AM|2nd of 200|4992463|
78691|konkrage1|konkrage1|The Legion|10020|Purple|618779|learjet|Racinante|The Legion|10020|Purple|Approved|0|100|0|9/8/2025 11:45:42 AM|Financial Assistance|4992462|
78691|konkrage1|konkrage1|The Legion|10020|Purple|123143|Colin Myrhh|Wychwood|The Legion|10020|Purple|Approved|0|100|0|9/8/2025 11:45:33 AM|Financial Assistance|4992461|
32845|Mackay Warrior|Land-o-Mackay|Federation Of Armed Nations|10021|Yellow|645372|darkestofdans|Alert1|Federation Of Armed Nations|10021|Yellow|Approved|9000000|0|0|9/8/2025 11:34:35 AM|Financial Assistance|4992460|
32845|Mackay Warrior|Land-o-Mackay|Federation Of Armed Nations|10021|Yellow|647347|RealShrimpShady|Shrimplandia|NATO|10037|Blue|Approved|6000000|0|0|9/8/2025 11:34:21 AM|Financial Assistance|4992459|
32845|Mackay Warrior|Land-o-Mackay|Federation Of Armed Nations|10021|Yellow|395389|Temporal91|Aikion|NATO|10037|Blue|Approved|9000000|0|0|9/8/2025 11:34:01 AM|Financial Assistance|4992457|
32845|Mackay Warrior|Land-o-Mackay|Federation Of Armed Nations|10021|Yellow|388182|lucky6|Direct Impingement|Federation of Armed Nations|10021|Yellow|Approved|9000000|0|0|9/8/2025 11:33:50 AM|Financial Assistance|4992456|
647379|d516b|ddwqs|New Pacific Order|10000|Red|568748|Llednar Twem|Eurica|New Pacific Order|10000|Red|Pending|0|100|0|9/8/2025 11:29:29 AM|QT Tech|4992455|
647379|d516b|ddwqs|New Pacific Order|10000|Red|571763|JohelleTapper|StoneSour|New Pacific Order|10000|Red|Approved|0|100|0|9/8/2025 11:24:27 AM|Financial Assistance|4992454|
52717|sanpedrodave|San Pedro|Green Protection Agency|10041|Green|545923|VHongo|Canadian Dominanace|Green Protection Agency|10041|Green|Approved|9000000|0|0|9/8/2025 11:04:29 AM|Trade With VHongo!|4992452|
646815|godtoh1|hotdogal|Global Alliance And Treaty Organization|10003|Brown|561575|DragonsPhyre|Dragon Spire|Global Alliance And Treaty Organization|10003|Brown|Approved|0|100|0|9/8/2025 10:57:55 AM|Financial Assistance|4992451|
646989|LordSciolist|Chaleroux|Non Grata|10097|Maroon|243186|ditchboy00|Ditchopia|Non Grata|10097|Maroon|Approved|0|100|0|9/8/2025 10:53:27 AM|Financial Assistance|4992450|
646989|LordSciolist|Chaleroux|Non Grata|10097|Maroon|613432|Talbrys|Keltroy|Non Grata|10097|Maroon|Approved|0|100|0|9/8/2025 10:53:01 AM|Financial Assistance|4992449|
341557|Nishiyoshi|Kapon|Mostly Harmless Alliance|14879|Aqua|593353|Kitkat16|Sofie|NATO|10037|Blue|Approved|0|100|0|9/8/2025 10:48:00 AM|VEP|4992448|
341557|Nishiyoshi|Kapon|Mostly Harmless Alliance|14879|Aqua|583468|Qldvespanut|Mr Ben|Mostly Harmless Alliance|14879|Aqua|Approved|0|100|0|9/8/2025 10:47:28 AM|VEP|4992447|
531745|armpit|Armpit|The Wolves|16660|Maroon|630433|Wuldor Winnan|Wuldor Winnan|The Wolves|16660|Maroon|Approved|9000000|0|0|9/8/2025 10:47:10 AM|Financial Assistance|4992446|
341557|Nishiyoshi|Kapon|Mostly Harmless Alliance|14879|Aqua|1037|mona lisa|3 oaks|Old Guard|11296|Blue|Approved|0|100|0|9/8/2025 10:46:41 AM|VEP|4992445|
341557|Nishiyoshi|Kapon|Mostly Harmless Alliance|14879|Aqua|324421|Einer|Jesusland|Mostly Harmless Alliance|14879|White|Approved|0|100|0|9/8/2025 10:46:03 AM|VEP |4992444|
341557|Nishiyoshi|Kapon|Mostly Harmless Alliance|14879|Aqua|583069|Embowaf|Ilium|Mostly Harmless Alliance|14879|Aqua|Approved|0|100|0|9/8/2025 10:45:36 AM|VEP|4992443|
646989|LordSciolist|Chaleroux|Non Grata|10097|Maroon|144192|Sagha|Nickelattia|Non Grata|10097|Maroon|Approved|0|100|0|9/8/2025 10:44:13 AM|Financial Assistance|4992442|
554646|A1ph4 0m3ga|Paradisia|Christian Coalition Of Countries|10028|Maroon|395389|Temporal91|Aikion|NATO|10037|Blue|Approved|9000000|0|0|9/8/2025 10:27:06 AM|VEP|4992440|
554646|A1ph4 0m3ga|Paradisia|Christian Coalition Of Countries|10028|Maroon|388182|lucky6|Direct Impingement|Federation of Armed Nations|10021|Yellow|Approved|9000000|0|0|9/8/2025 10:26:53 AM|VEP|4992439|
3673|Zepher|Largonia|New Pacific Order|10000|Red|555876|Khandov|Polonia Overlordship|New Pacific Order|10000|Red|Pending|9000000|0|0|9/8/2025 10:25:18 AM|Bankroll|4992438|
3673|Zepher|Largonia|New Pacific Order|10000|Red|609716|xander99|Melton|New Pacific Order|10000|Red|Approved|9000000|0|0|9/8/2025 10:24:25 AM|Bankroll|4992437|
3673|Zepher|Largonia|New Pacific Order|10000|Red|646465|Panglima Burung|Kalimantan Baru|New Pacific Order|10000|Red|Approved|9000000|0|0|9/8/2025 10:23:13 AM|Cash for DOPE|4992436|
466880|Pesticide|Vermin|New Polar Order|10006|Blue|641765|Chandragupta Maurya|Maurya Dynasty|New Polar Order|10006|Blue|Approved|9000000|0|0|9/8/2025 10:09:33 AM|ICECAP Cash|4992435|
466880|Pesticide|Vermin|New Polar Order|10006|Blue|483058|Dubh Caireallain|Roisin Dubh|New Polar Order|10006|Blue|Approved|9000000|0|0|9/8/2025 10:09:18 AM|ICECAP Cash|4992434|
466880|Pesticide|Vermin|New Polar Order|10006|Blue|605765|Darth Actorbass|Tarmon Gaidon|New Polar Order|10006|Blue|Approved|9000000|0|0|9/8/2025 10:08:58 AM|Aid Fall |4992433|
633611|Speeder|Dronterlands|Non Grata|10097|Maroon|314185|Rhizoctonia|Rhizoctonia|Non Grata|10097|Maroon|Approved|0|100|0|9/8/2025 10:04:23 AM|Tech deal|4992432|
129864|Mike the Greatest|Palookastan|Nuclear Proliferation League|17228|Maroon|643625|DERVISHchaff|Sudentor|New Polar Order|10006|Blue|Approved|6000000|0|0|9/8/2025 10:01:14 AM|Tech trade|4992431|
129864|Mike the Greatest|Palookastan|Nuclear Proliferation League|17228|Maroon|646297|Snorkel|Rockies Folk State|Nuclear Proliferation League|17228|Aqua|Approved|9000000|0|0|9/8/2025 10:00:20 AM|Tech trade|4992430|
487838|Lord von Manteuffel|Kampfgruppe Panzer|Swash Plates And Tail Rotors|10126|None|419699|Horizon|Cyrodil|Swash Plates And Tail Rotors|10126|Pink|Approved|9000000|100|0|9/8/2025 9:55:31 AM|Financial Assistance|4992429|
643741|Danteeternity|Balan|Post Grunge Supergroup|16367|Brown|636336|Stelth|White Mountain|Union Of Communist Republics|10060|Brown|Approved|0|100|0|9/8/2025 9:45:07 AM|Tech Deal|4992428|
36287|SirWilliam|Blissfields|Post Grunge Supergroup|16367|Brown|636336|Stelth|White Mountain|Union Of Communist Republics|10060|Brown|Approved|0|100|0|9/8/2025 9:36:19 AM|Financial Assistance|4992427|
39465|King Tom|king Tom|NATO|10037|Blue|647347|RealShrimpShady|Shrimplandia|NATO|10037|Blue|Approved|6000000|0|0|9/8/2025 9:34:53 AM|vep|4992426|
39465|King Tom|king Tom|NATO|10037|Blue|395389|Temporal91|Aikion|NATO|10037|Blue|Approved|9000000|0|0|9/8/2025 9:34:00 AM|vep|4992424|
541983|CVO|Kush|NATO|10037|Blue|395389|Temporal91|Aikion|NATO|10037|Blue|Approved|9000000|0|0|9/8/2025 9:33:45 AM|Valyrian Aid|4992423|
39465|King Tom|king Tom|NATO|10037|Blue|388182|lucky6|Direct Impingement|Federation of Armed Nations|10021|Yellow|Approved|9000000|0|0|9/8/2025 9:33:32 AM|vep|4992422|
635806|MikeCat|Renastasia|New Pacific Order|10000|Red|571763|JohelleTapper|StoneSour|New Pacific Order|10000|Red|Approved|0|100|0|9/8/2025 9:33:32 AM|QT Tech|4992421|
635806|MikeCat|Renastasia|New Pacific Order|10000|Red|568748|Llednar Twem|Eurica|New Pacific Order|10000|Red|Pending|0|100|0|9/8/2025 9:33:28 AM|QT Tech|4992420|
635806|MikeCat|Renastasia|New Pacific Order|10000|Red|511698|hailkirk10|Kirklan|New Pacific Order|10000|Red|Pending|0|100|0|9/8/2025 9:33:23 AM|QT Tech|4992419|
528479|paul711|Paulinca|Non Grata|10097|Maroon|631302|Gatherum|Vermis|Non Grata|10097|Maroon|Approved|9000000|0|0|9/8/2025 9:33:10 AM|Financial Assistance|4992418|
528479|paul711|Paulinca|Non Grata|10097|Maroon|547395|KameraadLenin|Newfoundland SSR|Non Grata|10097|Maroon|Approved|9000000|0|0|9/8/2025 9:32:53 AM|Financial Assistance|4992417|
625574|torquewench|Solo Donne|Doom Squad|16454|Black|380007|Supreme Emperor Daeg|Metal|Doom Squad|16454|Black|Approved|0|100|0|9/8/2025 9:29:49 AM|Financial Assistance|4992416|
625574|torquewench|Solo Donne|Doom Squad|16454|Black|326267|Steeldor|Jerel|DOOMBIRD DOOMCAVE|10449|Black|Approved|0|100|0|9/8/2025 9:29:26 AM|Financial Assistance|4992415|
625574|torquewench|Solo Donne|Doom Squad|16454|Black|627592|Lord Xamaeron|Celtic Forest|DOOMBIRD DOOMCAVE|10449|Black|Approved|0|100|0|9/8/2025 9:28:35 AM|Financial Assistance|4992414|
625574|torquewench|Solo Donne|Doom Squad|16454|Black|240223|White Chocolate|Lander Clan|CLAWS|15841|Black|Approved|0|100|0|9/8/2025 9:27:02 AM|Financial Assistance|4992413|
625574|torquewench|Solo Donne|Doom Squad|16454|Black|520285|Banned|Lacedaemon|DOOMBIRD DOOMCAVE|10449|Black|Approved|0|100|0|9/8/2025 9:26:25 AM|Financial Assistance|4992412|
625574|torquewench|Solo Donne|Doom Squad|16454|Black|634169|Cadlore|OId Lore|CLAWS|15841|Black|Approved|0|100|0|9/8/2025 9:25:42 AM|Financial Assistance|4992411|
81564|constablepotato|Potatoland|Freehold of The Wolves|15157|White|608652|King of Clu|Kingdom of Clu|Freehold of The Wolves|15157|White|Approved|9000000|0|0|9/8/2025 9:24:21 AM|HOWL!|4992410|
81564|constablepotato|Potatoland|Freehold of The Wolves|15157|White|160240|Pamacii|Speedy Cats|Freehold of The Wolves|15157|White|Approved|9000000|0|0|9/8/2025 9:23:52 AM|HOWL! |4992409|
86974|Mad Mike|Mikeville|Global Alliance And Treaty Organization|10003|Brown|646135|Sokar|Delmak|Global Alliance And Treaty Organization|10003|Brown|Approved|6000000|0|0|9/8/2025 9:03:00 AM|keep on filling it up|4992408|
644713|Nailz|Clavos|The Legion|10020|Purple|123143|Colin Myrhh|Wychwood|The Legion|10020|Purple|Approved|0|100|0|9/8/2025 9:00:29 AM|Financial Assistance|4992407|
431619|rotinom|Gideons|Sparta|10008|Black|294223|ErpichtAuf|Ijogg|Sparta|10008|Black|Approved|0|100|0|9/8/2025 8:59:28 AM|Financial Assistance|4992406|
431619|rotinom|Gideons|Sparta|10008|Black|542501|King Georges III|Georgiostan|Sparta|10008|Black|Approved|0|100|0|9/8/2025 8:59:10 AM|Financial Assistance|4992405|
431619|rotinom|Gideons|Sparta|10008|Black|602563|AntiChoice|SuperNaturale|Sparta|10008|Black|Approved|0|100|0|9/8/2025 8:58:46 AM|Financial Assistance|4992404|
644508|texwarhawk|Fjord Republic|The Legion|10020|Purple|568971|Lord Windmark|Regnum Saoirse|The Legion|10020|Purple|Approved|0|100|0|9/8/2025 8:54:59 AM|Financial Assistance|4992403|
497000|Democzar|frequathrive|Global Alliance And Treaty Organization|10003|Brown|645136|district10VICTOR|Amelo|Global Alliance And Treaty Organization|10003|Brown|Approved|6000000|0|0|9/8/2025 8:48:01 AM|Financial Assistance|4992402|
634306|Lalaa|Lalaa|Doom Squad|16454|Black|506358|lightningjim|Fulmen Ingenium|Doom Squad|16454|Black|Approved|9000000|0|0|9/8/2025 8:43:15 AM|Financial Assistance|4992401|
634306|Lalaa|Lalaa|Doom Squad|16454|Black|380007|Supreme Emperor Daeg|Metal|Doom Squad|16454|Black|Approved|0|100|0|9/8/2025 8:42:27 AM|Financial Assistance|4992400|
634306|Lalaa|Lalaa|Doom Squad|16454|Black|615966|tehol|Lether|Doom Squad|16454|Black|Approved|0|100|0|9/8/2025 8:42:21 AM|Financial Assistance|4992399|
634306|Lalaa|Lalaa|Doom Squad|16454|Black|95044|Allnighte|Allnighteica|Doom Squad|16454|Black|Approved|0|100|0|9/8/2025 8:42:16 AM|Financial Assistance|4992398|
634306|Lalaa|Lalaa|Doom Squad|16454|Black|416695|pmacdaddy|Sanctuary|DOOMBIRD DOOMCAVE|10449|Black|Approved|0|100|0|9/8/2025 8:41:44 AM|Financial Assistance|4992397|
634306|Lalaa|Lalaa|Doom Squad|16454|Black|392583|Javier360|Tenochtitlan|DOOMBIRD DOOMCAVE|10449|Black|Approved|0|100|0|9/8/2025 8:41:36 AM|Financial Assistance|4992396|
207347|Arcane|Arcania|Fark|10002|Aqua|646497|Arcanium|Averium|Nuclear Proliferation League|17228|Aqua|Approved|9000000|0|0|9/8/2025 8:40:11 AM|Tech|4992395|
250431|riser|Goodwill|CLAWS|15841|Black|631191|Magnus IV|Kingdom of Ars Magna|CLAWS|15841|Black|Approved|9000000|0|0|9/8/2025 8:39:48 AM|9m/100 tech deal|4992394|
490921|Roo Blu II|Blue Roo|Non Grata|10097|Maroon|631302|Gatherum|Vermis|Non Grata|10097|Maroon|Approved|9000000|0|0|9/8/2025 8:39:04 AM|NG Tech deal|4992393|
144157|Sarkin|My Hero Party|The Dark Templar|10056|Black|541768|PM Skipper|Dragon Isle|The Dark Templar|10056|Maroon|Approved|6000000|0|0|9/8/2025 8:38:43 AM|Welcome back!|4992392|
250431|riser|Goodwill|CLAWS|15841|Black|629384|Cruspad the Younger|Cittagazze|CLAWS|15841|Black|Approved|9000000|0|0|9/8/2025 8:33:51 AM|9m/100 tech deal|4992391|
250431|riser|Goodwill|CLAWS|15841|Black|570802|IlDuce|ItaliaSS|CLAWS|15841|Black|Approved|9000000|0|0|9/8/2025 8:33:42 AM|9m/100 tech deal|4992390|
170124|WackyDan|Wackytopia|Nordreich|11319|Maroon|635299|Jujohouse|Genshin Impact|Nordreich|11319|Maroon|Approved|9000000|0|0|9/8/2025 8:28:28 AM|9M/100t|4992389|
281387|Thud III|Thudsylvania|CLAWS|15841|Black|629384|Cruspad the Younger|Cittagazze|CLAWS|15841|Black|Approved|9000000|0|0|9/8/2025 8:24:29 AM|Financial Assistance|4992388|
139990|BacTalan|NorseTurks|Global Alliance And Treaty Organization|10003|Brown|644454|Mike Oxlong|Dixie Wrecked|Global Alliance And Treaty Organization|10003|Brown|Approved|9000000|0|0|9/8/2025 8:21:37 AM|Financial Assistance|4992387|
162871|General Ozujsko|Republic of Ozujsko|The Dark Templar|10056|Black|627412|Jason Radix|Radix|The Dark Templar|10056|Black|Approved|9000000|0|0|9/8/2025 8:05:35 AM|Tech Deal - $9m/100t|4992386|
162871|General Ozujsko|Republic of Ozujsko|The Dark Templar|10056|Black|642140|Venusia|Tenebris|Post Grunge Supergroup|16367|Brown|Approved|9000000|0|0|9/8/2025 8:05:16 AM|Tech Deal - $9m/100t|4992385|
309853|Tasuki|Oniwabanshu|New Pacific Order|10000|Red|603443|Crayon King|Aloyarc|New Pacific Order|10000|Red|Approved|0|100|0|9/8/2025 8:04:41 AM|Vallum Aelium|4992384|
309853|Tasuki|Oniwabanshu|New Pacific Order|10000|Red|305440|Daimos|Micon|New Pacific Order|10000|Red|Approved|0|100|0|9/8/2025 8:04:38 AM|QT Tech|4992383|
309853|Tasuki|Oniwabanshu|New Pacific Order|10000|Red|234918|LordOfTheLand|APIGP|New Pacific Order|10000|Red|Approved|0|100|0|9/8/2025 8:04:35 AM|QT Tech|4992382|
309853|Tasuki|Oniwabanshu|New Pacific Order|10000|Red|75117|rnegafan|Rnegfania|New Pacific Order|10000|Red|Approved|0|100|0|9/8/2025 8:04:32 AM|QT Tech|4992381|
39842|Uelen|Uelen|Global Alliance and Treaty Organization|10003|Brown|645136|district10VICTOR|Amelo|Global Alliance And Treaty Organization|10003|Brown|Approved|6000000|0|0|9/8/2025 8:03:22 AM|Tech Deal|4992380|
39842|Uelen|Uelen|Global Alliance and Treaty Organization|10003|Brown|646497|Arcanium|Averium|Nuclear Proliferation League|17228|Aqua|Approved|9000000|0|0|9/8/2025 8:02:47 AM|Tech Deal|4992379|
646764|Reverend Edo|Outopostan|Global Alliance And Treaty Organization|10003|Brown|601747|Michael Dalton|Attarnia|Global Alliance And Treaty Organization|10003|Brown|Approved|0|100|0|9/8/2025 7:55:08 AM|Financial Assistance|4992377|
24905|Arminius|Festung Germania|Old Guard|11296|Blue|535865|Donbo McSlay|Donbo Land|Federation Of Armed Nations|10021|Yellow|Approved|0|100|0|9/8/2025 7:54:09 AM|Financial Assistance|4992376|
528882|JSoprano|Darasuum|Post Grunge Supergroup|16367|Brown|644916|Alexander Falkor|Adalwolf|Post Grunge Supergroup|16367|Brown|Approved|9000000|0|0|9/8/2025 7:51:58 AM|Tech $ 4 my hunny|4992375|
579519|EatDirtFartDust|Testiclania|Doom Squad|16454|Black|639897|CaptTchalle|Akutan Island|The Dark Templar|10056|Brown|Approved|0|100|0|9/8/2025 7:48:43 AM|Financial Assistance|4992374|
273254|unstpblpimp|unstpblpimp|Global Alliance and Treaty Organization|10003|Brown|646249|Pretondapredator|Prestonland|Global Alliance And Treaty Organization|10003|Brown|Approved|6000000|0|0|9/8/2025 7:41:45 AM|Financial Assistance|4992373|
273254|unstpblpimp|unstpblpimp|Global Alliance and Treaty Organization|10003|Brown|646988|Mashirosen|ababab|Global Alliance And Treaty Organization|10003|Brown|Approved|9000000|0|0|9/8/2025 7:41:31 AM|Financial Assistance|4992372|
14658|Manis B|Caesura|Global Alliance and Treaty Organization|10003|Brown|544925|Jacksonians|Barataria|Global Alliance And Treaty Organization|10003|Brown|Approved|9000000|0|0|9/8/2025 7:41:30 AM|Financial Assistance|4992371|
641804|jackthebest|Jackastan|NATO|10037|Blue|369840|Astron|Svedala|NATO|10037|Blue|Approved|0|100|0|9/8/2025 7:37:23 AM|Financial Assistance|4992370|
624696|Hershicus|DoomsDayShekels|Doom Squad|16454|Black|627592|Lord Xamaeron|Celtic Forest|DOOMBIRD DOOMCAVE|10449|Black|Approved|0|100|0|9/8/2025 7:36:09 AM|Financial Assistance|4992369|
624696|Hershicus|DoomsDayShekels|Doom Squad|16454|Black|199494|Bomber66|Baxter|Doombrella|17368|Black|Approved|0|100|0|9/8/2025 7:34:57 AM|Financial Assistance|4992368|
626980|Aspire|AspireFerty|Non Grata|10097|Maroon|626678|slothix|Kevin|Non Grata|10097|Maroon|Approved|9000000|0|0|9/8/2025 7:30:50 AM|Aid|4992367|
626980|Aspire|AspireFerty|Non Grata|10097|Maroon|644042|calicocatface|Calico Islands|Non Grata|10097|Maroon|Approved|9000000|0|0|9/8/2025 7:30:33 AM|Aid|4992366|
532609|KingJohnny|Nechian Empire|Doom Squad|16454|Black|95044|Allnighte|Allnighteica|Doom Squad|16454|Black|Approved|0|100|0|9/8/2025 7:29:39 AM|Financial Assistance|4992365|
532609|KingJohnny|Nechian Empire|Doom Squad|16454|Black|634169|Cadlore|OId Lore|CLAWS|15841|Black|Approved|0|100|0|9/8/2025 7:29:14 AM|Financial Assistance|4992364|
532609|KingJohnny|Nechian Empire|Doom Squad|16454|Black|615966|tehol|Lether|Doom Squad|16454|Black|Approved|0|100|0|9/8/2025 7:28:53 AM|Financial Assistance|4992363|
168105|Bobogoobo|Bobogoobo|New Pacific Order|10000|Red|643658|jazzjambos|Fruiland|New Pacific Order|10000|Red|Approved|9000000|0|0|9/8/2025 7:27:07 AM|QT Pay|4992362|
538690|CrinkledStraw|The Fierce Crown|Non Grata|10097|Maroon|166207|Jekalle|Ranus|Non Grata|10097|Maroon|Approved|0|100|0|9/8/2025 7:23:03 AM|Financial Assistance|4992361|
538690|CrinkledStraw|The Fierce Crown|Non Grata|10097|Maroon|600902|HackSlash|NewFinlandia|Non Grata|10097|Maroon|Approved|0|100|0|9/8/2025 7:22:43 AM|Financial Assistance|4992360|
152876|Hankidan|Parkview 12|Global Alliance And Treaty Organization|10003|Brown|544925|Jacksonians|Barataria|Global Alliance And Treaty Organization|10003|Brown|Approved|9000000|0|0|9/8/2025 7:20:45 AM|Financial Assistance|4992359|
647063|geneclar|Kandam|Global Alliance And Treaty Organization|10003|Brown|313301|MK4Slowride|MK4Slowride|Global Alliance And Treaty Organization|10003|Brown|Approved|0|100|0|9/8/2025 7:16:54 AM|Financial Assistance|4992358|
14735|jsims8|DeKalb|Global Alliance and Treaty Organization|10003|Brown|646135|Sokar|Delmak|Global Alliance And Treaty Organization|10003|Brown|Approved|6000000|0|0|9/8/2025 7:16:37 AM|free $|4992357|
14735|jsims8|DeKalb|Global Alliance and Treaty Organization|10003|Brown|646984|fruitloomps|Loomberg|Global Alliance And Treaty Organization|10003|Brown|Approved|6000000|0|0|9/8/2025 7:16:02 AM|free $|4992356|
481947|Morgaine|Cruithne|New Polar Order|10006|Blue|29139|patriot lee|fordminia|New Polar Order|10006|Blue|Approved|0|100|0|9/8/2025 7:14:15 AM|RATS Tech|4992355|
481947|Morgaine|Cruithne|New Polar Order|10006|Blue|202519|Zombie Glaucon|UTC Labs|New Polar Order|10006|Blue|Approved|0|100|0|9/8/2025 7:13:55 AM|RATS Tech|4992354|
481947|Morgaine|Cruithne|New Polar Order|10006|Blue|588171|Justine27|Zeronia|New Polar Order|10006|Blue|Approved|0|100|0|9/8/2025 7:13:12 AM|RATS Tech|4992353|
630683|Queen Aurore|Turnopia|Christian Coalition Of Countries|10028|Maroon|206879|Platinumviper|Bekaa|NATO|10037|Blue|Approved|0|100|0|9/8/2025 7:05:17 AM|Financial Assistance|4992352|
630683|Queen Aurore|Turnopia|Christian Coalition Of Countries|10028|Maroon|1037|mona lisa|3 oaks|Old Guard|11296|Blue|Approved|0|100|0|9/8/2025 7:05:09 AM|Financial Assistance|4992351|
484240|j3rdegree|United Tadpoles|Global Alliance And Treaty Organization|10003|Brown|39842|Uelen|Uelen|Global Alliance and Treaty Organization|10003|Brown|Approved|0|100|0|9/8/2025 7:01:08 AM|Tech go brrrr|4992350|
484240|j3rdegree|United Tadpoles|Global Alliance And Treaty Organization|10003|Brown|64687|Wootmeister|Wootrovia|Global Alliance And Treaty Organization|10003|Brown|Approved|0|100|0|9/8/2025 7:00:42 AM|Tech go brrrr|4992349|
484240|j3rdegree|United Tadpoles|Global Alliance And Treaty Organization|10003|Brown|479490|King Cyan|The Cyan Kingdom|Global Alliance And Treaty Organization|10003|Brown|Approved|0|100|0|9/8/2025 7:00:26 AM|Tech go brrrr|4992348|
484240|j3rdegree|United Tadpoles|Global Alliance And Treaty Organization|10003|Brown|14735|jsims8|DeKalb|Global Alliance and Treaty Organization|10003|Brown|Approved|0|100|0|9/8/2025 7:00:12 AM|Tech go brrrr|4992347|
484240|j3rdegree|United Tadpoles|Global Alliance And Treaty Organization|10003|Brown|561575|DragonsPhyre|Dragon Spire|Global Alliance And Treaty Organization|10003|Brown|Approved|0|100|0|9/8/2025 6:59:56 AM|Tech go brrrr|4992346|
646249|Pretondapredator|Prestonland|Global Alliance And Treaty Organization|10003|Brown|529189|Combat Pope|Vaticana|Global Alliance And Treaty Organization|10003|Brown|Approved|0|100|0|9/8/2025 6:43:14 AM|Financial Assistance|4992345|
380255|Vaslov|UFPNS|Argent|10063|Pink|640620|Frioz|Lusitania Portugalia|Post Grunge Supergroup|16367|Brown|Approved|9000000|0|0|9/8/2025 6:31:28 AM|Tech deal|4992344|
646738|TechLord|TechLord|Global Alliance And Treaty Organization|10003|Brown|646327|KittenGosCrazy|Aura Kingdom|Global Alliance And Treaty Organization|10003|Brown|Approved|0|100|0|9/8/2025 6:25:40 AM|Financial Assistance|4992343|
237395|Spook|SPOGLO|Random Insanity Alliance|10038|Maroon|625646|muji111|muji111|Random Insanity Alliance|10038|Maroon|Approved|9000000|0|0|9/8/2025 6:18:38 AM|tech 9/100|4992342|
242836|BozDaBoz|CoastalBendatia|Fark|10002|Aqua|647159|HarryJames|Rigbyium|Nuclear Proliferation League|17228|Aqua|Approved|6000000|0|0|9/8/2025 6:17:52 AM|tech deal 6/100|4992341|
206001|Mallardius|Dominion of the Duck|Global Alliance And Treaty Organization|10003|Brown|646762|Kevlar|Sasquatch|Global Alliance And Treaty Organization|10003|Brown|Approved|9000000|0|0|9/8/2025 6:13:08 AM|Financial Assistance|4992340|
646135|Sokar|Delmak|Global Alliance And Treaty Organization|10003|Brown|163031|MasterChief777|The New Empire|Global Alliance And Treaty Organization|10003|Brown|Approved|0|100|0|9/8/2025 6:03:25 AM|Financial Assistance|4992339|
646135|Sokar|Delmak|Global Alliance And Treaty Organization|10003|Brown|529189|Combat Pope|Vaticana|Global Alliance And Treaty Organization|10003|Brown|Approved|0|100|0|9/8/2025 6:03:08 AM|Financial Assistance|4992338|
646988|Mashirosen|ababab|Global Alliance And Treaty Organization|10003|Brown|561575|DragonsPhyre|Dragon Spire|Global Alliance And Treaty Organization|10003|Brown|Approved|0|100|0|9/8/2025 6:01:10 AM|Financial Assistance|4992337|
416942|Chris Kaos|The Kingdom of Kaos|Global Alliance And Treaty Organization|10003|Brown|4930|Sir Sci|Scots Empire|Global Alliance and Treaty Organization|10003|Brown|Approved|9000000|0|0|9/8/2025 6:00:57 AM|Financial Assistance|4992336|
123143|Colin Myrhh|Wychwood|The Legion|10020|Purple|393441|John Clark|Rainbow|Valhalla|15563|Purple|Approved|9000000|0|0|9/8/2025 5:57:09 AM|Tech system|4992335|
643658|jazzjambos|Fruiland|New Pacific Order|10000|Red|603443|Crayon King|Aloyarc|New Pacific Order|10000|Red|Approved|0|100|0|9/8/2025 5:48:41 AM|Vallum Aelium|4992334|
643658|jazzjambos|Fruiland|New Pacific Order|10000|Red|442731|Madd|Modra|New Pacific Order|10000|Red|Approved|0|100|0|9/8/2025 5:48:34 AM|QT Tech|4992333|
643658|jazzjambos|Fruiland|New Pacific Order|10000|Red|305440|Daimos|Micon|New Pacific Order|10000|Red|Approved|0|100|0|9/8/2025 5:48:24 AM|QT Tech|4992332|
643658|jazzjambos|Fruiland|New Pacific Order|10000|Red|234918|LordOfTheLand|APIGP|New Pacific Order|10000|Red|Approved|0|100|0|9/8/2025 5:48:15 AM|QT Tech|4992331|
643658|jazzjambos|Fruiland|New Pacific Order|10000|Red|75117|rnegafan|Rnegfania|New Pacific Order|10000|Red|Approved|0|100|0|9/8/2025 5:48:07 AM|QT Tech|4992330|
433854|Auctor|Wyrdgar|Doombrella|17368|Black|202255|onelove|We Are One Love|Doombrella|17368|Black|Approved|9000000|100|0|9/8/2025 5:44:45 AM|Financial Assistance|4992329|
433854|Auctor|Wyrdgar|Doombrella|17368|Black|101493|ak47don|sicily mafia|Doombrella|17368|Black|Approved|9000000|100|0|9/8/2025 5:44:31 AM|Financial Assistance|4992328|
433854|Auctor|Wyrdgar|Doombrella|17368|Black|502087|Astryl|Ethereal|Doombrella|17368|Black|Approved|9000000|100|0|9/8/2025 5:44:20 AM|Financial Assistance|4992327|
433854|Auctor|Wyrdgar|Doombrella|17368|Black|151268|Zerileous|Monkey Time|Doombrella|17368|Black|Approved|9000000|100|0|9/8/2025 5:44:01 AM|Financial Assistance|4992326|
518469|Combmartin Mining Co|Combe Martin|Knights of the Round Table|10092|Green|635658|Chaotican|United CroatiaUC|Wurst Alliance|16919|Green|Approved|9000000|0|0|9/8/2025 4:46:06 AM|9/100 tech business|4992325|
254775|Bionic redhead|Bionicus|Non Grata|10097|Aqua|558202|Doug Henning|Magic Land|Nuclear Proliferation League|17228|Aqua|Approved|9000000|0|0|9/8/2025 3:58:40 AM|Tech deal|4992324|
76627|shwampy|Barryteroria|Libertarian Socialist Federation|10027|White|526716|Ultraman|Nebula M78|Interkosmos|16298|Green|Approved|0|100|0|9/8/2025 3:50:01 AM|another quality trade :)|4992323|
644189|Gul le Necro|Old glorious iceland|Post Grunge Supergroup|16367|Brown|394625|Empress Elizabeth|DeWitt|Global Alliance And Treaty Organization|10003|Brown|Approved|0|100|0|9/8/2025 3:14:04 AM|Financial Assistance|4992322|
644189|Gul le Necro|Old glorious iceland|Post Grunge Supergroup|16367|Brown|621029|Le Trout|Lambo Lambo Lambo|Post Grunge Supergroup|16367|Brown|Approved|0|100|0|9/8/2025 3:13:49 AM|Financial Assistance|4992321|
644189|Gul le Necro|Old glorious iceland|Post Grunge Supergroup|16367|Brown|528882|JSoprano|Darasuum|Post Grunge Supergroup|16367|Brown|Approved|0|100|0|9/8/2025 3:13:22 AM|Financial Assistance|4992320|
644189|Gul le Necro|Old glorious iceland|Post Grunge Supergroup|16367|Brown|612774|Oleg the Disfigured|Slag Vrch|Knights Of The Round Table|10092|Green|Approved|0|100|0|9/8/2025 3:13:10 AM|Financial Assistance|4992319|
644189|Gul le Necro|Old glorious iceland|Post Grunge Supergroup|16367|Brown|618472|Leftie|Brotherhood|Madlads Union|17130|Brown|Approved|0|100|0|9/8/2025 3:12:57 AM|Financial Assistance|4992318|
644189|Gul le Necro|Old glorious iceland|Post Grunge Supergroup|16367|Brown|436358|mordred|Lothian and Orcanie|Knights of the Round Table|10092|Green|Approved|0|100|0|9/8/2025 3:12:39 AM|Financial Assistance|4992317|
100248|Champcardon|Rudostan|Coalition of Royal Allied Powers|10051|Maroon|437548|Dutchmaster|Feardare|Coalition of Royal Allied Powers|10051|Maroon|Approved|0|100|0|9/8/2025 2:48:16 AM|Tech Payment|4992316|
569906|Tradewind|Republic of Bort|Viridian Entente|10010|Green|301014|asawyer|Zabril|Viridian Entente|10010|Green|Approved|0|100|0|9/8/2025 2:47:07 AM|Tech 2 of 2|4992315|
604964|SirDog|Wollemi|Avalanche|10078|Blue|632534|valves|valves2|Avalanche|10078|Blue|Approved|6000000|0|0|9/8/2025 2:41:38 AM|Financial Assistance|4992314|
604964|SirDog|Wollemi|Avalanche|10078|Blue|348070|Chopin|Republic of Poland|Avalanche|10078|Blue|Approved|0|100|0|9/8/2025 2:41:19 AM|Financial Assistance|4992313|
604964|SirDog|Wollemi|Avalanche|10078|Blue|25745|JJ452|Eire.|Avalanche|10078|Blue|Approved|0|100|0|9/8/2025 2:41:01 AM|Financial Assistance|4992312|
248357|MrSka|Slartibartfast|NATO|10037|Blue|645105|Trench Foast|TrenchFoastia|Christian Coalition Of Countries|10028|Maroon|Approved|9000000|0|0|9/8/2025 2:35:32 AM|Valyrian Aid|4992311|
454283|Waterana|Chrystalen|New Pacific Order|10000|Red|594363|Greatkitteh|Guahan|New Pacific Order|10000|Red|Approved|9000000|0|0|9/8/2025 2:31:53 AM|Bankroll|4992310|
454283|Waterana|Chrystalen|New Pacific Order|10000|Red|646465|Panglima Burung|Kalimantan Baru|New Pacific Order|10000|Red|Approved|9000000|0|0|9/8/2025 2:31:38 AM|Cash for DOPE|4992309|
454283|Waterana|Chrystalen|New Pacific Order|10000|Red|609716|xander99|Melton|New Pacific Order|10000|Red|Approved|9000000|0|0|9/8/2025 2:31:25 AM|Bankroll|4992308|
454283|Waterana|Chrystalen|New Pacific Order|10000|Red|642970|Rhett Kahn|Retconia|New Pacific Order|10000|Red|Approved|9000000|0|0|9/8/2025 2:30:31 AM|QT Pay|4992307|
454283|Waterana|Chrystalen|New Pacific Order|10000|Red|207736|maxpower316|Lunatic Pandora|New Pacific Order|10000|Red|Approved|9000000|0|0|9/8/2025 2:30:19 AM|Bankroll|4992306|
454283|Waterana|Chrystalen|New Pacific Order|10000|Red|642107|xUnwanteDx|xNazaricKx|New Pacific Order|10000|Red|Approved|9000000|0|0|9/8/2025 2:30:08 AM|Bankroll|4992305|
38760|Daedalus27|Daedalistan|Global Alliance and Treaty Organization|10003|Brown|544925|Jacksonians|Barataria|Global Alliance And Treaty Organization|10003|Brown|Approved|9000000|0|0|9/8/2025 2:28:41 AM|Tech Deal|4992304|
38760|Daedalus27|Daedalistan|Global Alliance and Treaty Organization|10003|Brown|616861|TomoGozen|Shoganai|Global Alliance And Treaty Organization|10003|Brown|Approved|9000000|0|0|9/8/2025 2:28:20 AM|Tech Deal|4992303|
646799|Salt Meat|Ghost Sea|Doom Squad|16454|Black|56391|MexiMoot|Mooxico|DOOMBIRD DOOMCAVE|10449|Black|Approved|0|100|0|9/8/2025 2:22:07 AM|Financial Assistance|4992302|
646799|Salt Meat|Ghost Sea|Doom Squad|16454|Black|96568|Dagny Taggart|Galtian Commune|DOOMBIRD DOOMCAVE|10449|Black|Approved|0|100|0|9/8/2025 2:21:50 AM|Financial Assistance|4992301|
646799|Salt Meat|Ghost Sea|Doom Squad|16454|Black|93757|Irons82|Zero-One|DOOMBIRD DOOMCAVE|10449|Black|Approved|0|100|0|9/8/2025 2:21:26 AM|Financial Assistance|4992300|
646799|Salt Meat|Ghost Sea|Doom Squad|16454|Black|364329|Donnie Darko|DarkoLand|Doom Squad|16454|Black|Approved|0|100|0|9/8/2025 2:20:52 AM|Financial Assistance|4992299|
646799|Salt Meat|Ghost Sea|Doom Squad|16454|Black|380007|Supreme Emperor Daeg|Metal|Doom Squad|16454|Black|Approved|0|100|0|9/8/2025 2:19:02 AM|Financial Assistance|4992298|
582040|casey3927|landguardian|The Legion|10020|Purple|363340|Lord of Coke and Hot Dogs|TOOTLOCAHD|The Legion|10020|Purple|Approved|0|100|0|9/8/2025 1:59:30 AM|Financial Assistance|4992297|
621876|thebigkas|kekistan69|COBRA|13717|Brown|177947|Badassname|Badassnation|CLAWS|15841|Black|Approved|0|100|0|9/8/2025 1:39:13 AM|Financial Assistance|4992296|
363340|Lord of Coke and Hot Dogs|TOOTLOCAHD|The Legion|10020|Purple|393441|John Clark|Rainbow|Valhalla|15563|Purple|Approved|9000000|0|0|9/8/2025 1:38:47 AM|Financial Assistance|4992295|
91872|PuliSher|Kerj&#228;l&#228;|Non Grata|10097|Maroon|290230|UnLimited|Aurora Borealis|Nordreich|11319|Maroon|Approved|0|100|0|9/8/2025 1:17:44 AM|100/100|4992294|
101986|windir|Technology|Global Alliance and Treaty Organization|10003|Brown|83518|Johnny Apocalypse|Anubia|Global Alliance And Treaty Organization|10003|Brown|Approved|0|100|0|9/8/2025 1:10:57 AM|Tech deal 3/3|4992293|
639550|Burger|Neo Assyria|Doom Squad|16454|Black|96568|Dagny Taggart|Galtian Commune|DOOMBIRD DOOMCAVE|10449|Black|Approved|0|100|0|9/8/2025 1:09:35 AM|Financial Assistance|4992292|
639550|Burger|Neo Assyria|Doom Squad|16454|Black|93757|Irons82|Zero-One|DOOMBIRD DOOMCAVE|10449|Black|Approved|0|100|0|9/8/2025 1:09:20 AM|Financial Assistance|4992291|
639550|Burger|Neo Assyria|Doom Squad|16454|Black|364329|Donnie Darko|DarkoLand|Doom Squad|16454|Black|Approved|0|100|0|9/8/2025 1:09:06 AM|Financial Assistance|4992290|
639550|Burger|Neo Assyria|Doom Squad|16454|Black|61657|Umar ibn Abd al-Aziz|Umayyad Caliphate|DOOMBIRD DOOMCAVE|10449|Black|Approved|0|100|0|9/8/2025 1:08:50 AM|Financial Assistance|4992289|
639550|Burger|Neo Assyria|Doom Squad|16454|Black|380007|Supreme Emperor Daeg|Metal|Doom Squad|16454|Black|Approved|0|100|0|9/8/2025 1:08:39 AM|Financial Assistance|4992288|
639550|Burger|Neo Assyria|Doom Squad|16454|Black|240223|White Chocolate|Lander Clan|CLAWS|15841|Black|Approved|0|100|0|9/8/2025 1:08:24 AM|Financial Assistance|4992287|
646779|RedMetal|Soviet Canuckitstan|Doom Squad|16454|Black|240223|White Chocolate|Lander Clan|CLAWS|15841|Black|Approved|0|100|0|9/8/2025 1:06:32 AM|Financial Assistance|4992286|
646779|RedMetal|Soviet Canuckitstan|Doom Squad|16454|Black|520285|Banned|Lacedaemon|DOOMBIRD DOOMCAVE|10449|Black|Approved|0|100|0|9/8/2025 1:06:26 AM|Financial Assistance|4992285|
646779|RedMetal|Soviet Canuckitstan|Doom Squad|16454|Black|634169|Cadlore|OId Lore|CLAWS|15841|Black|Approved|0|100|0|9/8/2025 1:06:21 AM|Financial Assistance|4992284|
646779|RedMetal|Soviet Canuckitstan|Doom Squad|16454|Black|615966|tehol|Lether|Doom Squad|16454|Black|Approved|0|100|0|9/8/2025 1:06:17 AM|Financial Assistance|4992283|
646779|RedMetal|Soviet Canuckitstan|Doom Squad|16454|Black|410812|Berbers|Kingdom of AlRezana|The Wolves|16660|Black|Approved|0|100|0|9/8/2025 1:06:09 AM|Financial Assistance|4992282|
310672|King Wally|Rep of Queensland|Nuclear Proliferation League|17228|Aqua|647317|JFK360noscope|the devided states|Nuclear Proliferation League|17228|Brown|Approved|6000000|100|0|9/8/2025 1:04:33 AM|NPL Infrastructure Grant|4992281|
631191|Magnus IV|Kingdom of Ars Magna|CLAWS|15841|Black|190480|Unruly|Republique de Buja|AGW Overlords|10043|Black|Approved|0|100|0|9/8/2025 12:54:39 AM|Tech deal done!|4992280|
310672|King Wally|Rep of Queensland|Nuclear Proliferation League|17228|Aqua|645985|CaboMabo|CaboMabo|Nuclear Proliferation League|17228|Aqua|Approved|9000000|100|0|9/8/2025 12:53:49 AM|Miss you bro|4992279|
634284|mikeymikes|batmanism|Doombrella|17368|Black|101493|ak47don|sicily mafia|Doombrella|17368|Black|Approved|9000000|100|4000|9/8/2025 12:46:39 AM|aids |4992278|
634284|mikeymikes|batmanism|Doombrella|17368|Black|502087|Astryl|Ethereal|Doombrella|17368|Black|Approved|9000000|100|4000|9/8/2025 12:45:03 AM|aids |4992277|
190480|Unruly|Republique de Buja|AGW Overlords|10043|Black|638628|Hogboy|Maeshowe|Knights Of The Round Table|10092|Green|Approved|9000000|0|0|9/8/2025 12:44:26 AM|Financial Assistance|4992276|
634284|mikeymikes|batmanism|Doombrella|17368|Black|151268|Zerileous|Monkey Time|Doombrella|17368|Black|Approved|9000000|100|4000|9/8/2025 12:44:25 AM|aids |4992275|
190480|Unruly|Republique de Buja|AGW Overlords|10043|Black|143998|planetary|planetarium|CLAWS|15841|Black|Approved|9000000|0|0|9/8/2025 12:43:58 AM|Financial Assistance|4992274|
646497|Arcanium|Averium|Nuclear Proliferation League|17228|Aqua|543131|Morjon|Wayward Renegade|Nuclear Proliferation League|17228|Aqua|Approved|0|100|0|9/8/2025 12:30:02 AM|Financial Assistance|4992273|
492431|Lollerobot|Tigerblue|Knights Of The Round Table|10092|Green|635907|Yuan Tsui|Saulteran|The Prussian Empire|14204|Green|Approved|9000000|0|0|9/8/2025 12:24:45 AM|Penguin Aid|4992272|
645946|LiFeng|Qwertyiop|Non Grata|10097|Maroon|254775|Bionic redhead|Bionicus|Non Grata|10097|Aqua|Approved|0|100|0|9/8/2025 12:23:44 AM|Financial Assistance|4992271|
645946|LiFeng|Qwertyiop|Non Grata|10097|Maroon|552285|lilweirdward|Land of Too Much Fun|Christian Coalition Of Countries|10028|Maroon|Approved|0|100|0|9/8/2025 12:23:31 AM|Financial Assistance|4992270|
643162|DarkDefiance|United Defiance|New Pacific Order|10000|Red|366247|Polgas|Novasea|New Pacific Order|10000|Red|Approved|0|100|0|9/8/2025 12:21:38 AM|QT Tech|4992269|
79371|xkirra|Mordlandia|Global Alliance And Treaty Organization|10003|Brown|616861|TomoGozen|Shoganai|Global Alliance And Treaty Organization|10003|Brown|Approved|9000000|0|0|9/8/2025 12:20:53 AM|Financial Assistance|4992268|
79371|xkirra|Mordlandia|Global Alliance And Treaty Organization|10003|Brown|579231|Greg23|Chronictopia|Global Alliance And Treaty Organization|10003|Brown|Approved|9000000|0|0|9/8/2025 12:20:30 AM|Financial Assistance|4992267|
273509|Enrage|TheEmpire|WWF|14310|Green|641533|Haamu|Sampo|WWF|14310|Blue|Approved|9000000|0|0|9/8/2025 12:18:34 AM|tech deal |4992266|
573111|Al Bundy|bundyville|The Wolves|16660|Maroon|645526|Khanya The Great|Triangula|Veneris|17356|White|Approved|9000000|0|0|9/8/2025 12:17:13 AM|9/100|4992265|
228721|Hob Dobson|Uustonia|Viridian Entente|10010|Green|364329|Donnie Darko|DarkoLand|Doom Squad|16454|Black|Approved|0|100|0|9/8/2025 12:10:17 AM|Tech (1 of 3)|4992264|
645525|GodKing Menes|Free Republic of Kem|Nuclear Proliferation League|17228|Aqua|106543|Captain V|Touristan|Fark|10002|Aqua|Approved|0|100|0|9/8/2025 12:07:21 AM|Tech Deal|4992263|
645525|GodKing Menes|Free Republic of Kem|Nuclear Proliferation League|17228|Aqua|645985|CaboMabo|CaboMabo|Nuclear Proliferation League|17228|Aqua|Approved|9000000|100|0|9/8/2025 12:07:05 AM|Repayment 11 of 15|4992262|
646635|supremeruler|Astros|Post Grunge Supergroup|16367|Yellow|163031|MasterChief777|The New Empire|Global Alliance And Treaty Organization|10003|Brown|Approved|0|100|0|9/8/2025 12:06:04 AM|tech express|4992261|
137097|htmlmaster|Technopolis|Argent|10063|Pink|573749|necAnt|Lucky Ants|The Gramlins|17440|Green|Approved|9000000|0|0|9/8/2025 12:05:37 AM|9/200|4992260|
643549|KingDutchison|KingDutchison|The Legion|10020|Purple|568971|Lord Windmark|Regnum Saoirse|The Legion|10020|Purple|Approved|0|100|0|9/8/2025 12:04:45 AM|Financial Assistance|4992259|
384577|wayoik|SunOase|Knights Of The Round Table|10092|Green|636950|Sir Percival|Galles|Knights Of The Round Table|10092|Green|Approved|9000000|0|0|9/8/2025 12:03:55 AM|Tech Deal?|4992258|
384577|wayoik|SunOase|Knights Of The Round Table|10092|Green|647271|Overlord121|Velmorra|Knights Of The Round Table|10092|Green|Approved|6000000|0|0|9/8/2025 12:01:28 AM|Tech Deal?|4992257|
643887|SilenttShadow27|Temnota|NATO|10037|Blue|206879|Platinumviper|Bekaa|NATO|10037|Blue|Expired|0|100|0|9/7/2025 11:57:09 PM|Cupcakes &amp; techz &lt;3|4992256|
631406|The Black Kaiser|Medieval Reich||0|Green|514897|Phocas|Lighthouse Island|The Prussian Empire|14204|Green|Expired|0|100|0|9/7/2025 11:55:00 PM|Lighthouse Auslandshilfe|4992255|
369917|Gibsonator21|Gibsonistan|Non Grata|10097|Maroon|72766|Gofastleft|Racesteria|Non Grata|10097|Maroon|Expired|0|100|0|9/7/2025 11:38:50 PM|Financial Assistance|4992252|
18236|javaswiller|swillerland|Freehold of The Wolves|15157|White|478755|Democracy|UnitedNation|Freehold of The Wolves|15157|White|Expired|9000000|0|0|9/7/2025 10:57:48 PM|Financial Assistance|4992251|
445021|Mogar|Mogatopia|Doombrella|17368|Brown|139809|John Orris|Commonwealth of John|Doombrella|17368|Black|Expired|0|100|0|9/7/2025 10:54:10 PM|Financial Assistance|4992250|
624486|Anubis777|Flat Earth|The Prussian Empire|14204|Green|631406|The Black Kaiser|Medieval Reich||0|Green|Expired|9000000|0|0|9/7/2025 10:50:56 PM|100T for 9M|4992249|
319843|Sinister|New Terminal|Non Grata|10097|Maroon|644042|calicocatface|Calico Islands|Non Grata|10097|Maroon|Expired|9000000|0|0|9/7/2025 10:49:01 PM|Financial Assistance|4992248|
619806|Epimethys|Pyrrha|Doombrella|17368|Black|626860|BringMeTheHorizon|Dakotas|Doombrella|17368|Black|Expired|0|100|0|9/7/2025 10:38:14 PM|Financial Assistance|4992247|
445021|Mogar|Mogatopia|Doombrella|17368|Brown|342957|tayloj7|Rabbitopia|Doombrella|17368|Black|Expired|0|100|0|9/7/2025 10:32:19 PM|Financial Assistance|4992246|
445021|Mogar|Mogatopia|Doombrella|17368|Brown|184514|Franz Ferdinand|L252beck|Doombrella|17368|Black|Expired|0|100|0|9/7/2025 10:29:31 PM|Financial Assistance|4992245|
445021|Mogar|Mogatopia|Doombrella|17368|Brown|626860|BringMeTheHorizon|Dakotas|Doombrella|17368|Black|Expired|0|100|0|9/7/2025 10:28:56 PM|Financial Assistance|4992244|
445021|Mogar|Mogatopia|Doombrella|17368|Brown|199494|Bomber66|Baxter|Doombrella|17368|Black|Expired|0|100|0|9/7/2025 10:28:08 PM|Financial Assistance|4992243|
143364|Inkblot|Poverty|Sparta|10008|Black|602563|AntiChoice|SuperNaturale|Sparta|10008|Black|Expired|0|100|0|9/7/2025 10:20:39 PM|Financial Assistance|4992242|
529025|Chllama|Renton|Post Grunge Supergroup|16367|Brown|528882|JSoprano|Darasuum|Post Grunge Supergroup|16367|Brown|Expired|0|100|0|9/7/2025 10:20:14 PM|Financial Assistance|4992241|
619806|Epimethys|Pyrrha|Doombrella|17368|Black|199494|Bomber66|Baxter|Doombrella|17368|Black|Expired|0|100|0|9/7/2025 10:16:20 PM|Financial Assistance|4992240|
374321|Clash|Discord|Doombrella|17368|Black|502087|Astryl|Ethereal|Doombrella|17368|Black|Expired|9000000|0|4000|9/7/2025 10:04:50 PM|Cash n Causalities |4992239|
357423|claude|Doom House|Doom Squad|16454|Black|61657|Umar ibn Abd al-Aziz|Umayyad Caliphate|DOOMBIRD DOOMCAVE|10449|Black|Expired|0|100|0|9/7/2025 9:31:06 PM|Financial Assistance|4992238|
357423|claude|Doom House|Doom Squad|16454|Black|380007|Supreme Emperor Daeg|Metal|Doom Squad|16454|Black|Expired|0|100|0|9/7/2025 9:30:43 PM|Financial Assistance|4992237|
584955|Ayiana|Veritable|Independent Republic Of Orange Nations|10004|Orange|636601|Wolfbite|Caffinated Wolves|Independent Republic Of Orange Nations|10004|Orange|Expired|0|100|0|9/7/2025 9:28:07 PM|ITF|4992236|
631569|CaesarGorandius|Ohiostan|Non Grata|10097|Maroon|132232|Justin666|Pain nation 666|Non Grata|10097|Maroon|Expired|0|100|0|9/7/2025 9:20:25 PM|NG Tech Circle|4992235|
646321|equusSuprm|equusSuprm|New Pacific Order|10000|Red|603443|Crayon King|Aloyarc|New Pacific Order|10000|Red|Expired|0|100|0|9/7/2025 9:00:28 PM|Vallum Aelium|4992233|
646321|equusSuprm|equusSuprm|New Pacific Order|10000|Red|366247|Polgas|Novasea|New Pacific Order|10000|Red|Expired|0|100|0|9/7/2025 8:59:54 PM|QT Tech|4992232|
646321|equusSuprm|equusSuprm|New Pacific Order|10000|Red|305440|Daimos|Micon|New Pacific Order|10000|Red|Expired|0|100|0|9/7/2025 8:59:35 PM|QT Tech|4992231|
610914|Impossible|Ropadope|Disciples of Duckroll|17024|Black|503436|StevieG|Dinglebay|Doombrella|17368|Black|Expired|0|100|0|9/7/2025 8:58:16 PM|Financial Assistance|4992228|
3059|Comrade Gabriel|Bakunin's Dream|New Pacific Order|10000|Red|594363|Greatkitteh|Guahan|New Pacific Order|10000|Red|Expired|9000000|0|0|9/7/2025 8:48:29 PM|Bankroll|4992227|
86974|Mad Mike|Mikeville|Global Alliance And Treaty Organization|10003|Brown|646738|TechLord|TechLord|Global Alliance And Treaty Organization|10003|Brown|Expired|9000000|0|0|9/7/2025 8:39:22 PM|lazer replacment aid|4992225|
645374|Zia Ul Haq|Emirate of Pakistan|COBRA|13717|Brown|607597|LukeDiamondking|Kosletraf Empire|The Greater Confederacy|16370|Green|Expired|0|100|0|9/7/2025 8:01:12 PM|Tech Shipment 7/9/2025|4992223|
469301|Lars Jorgens|Whale of a Time|Non Grata|10097|Maroon|624193|The1nonlykk|Biourja|Non Grata|10097|Maroon|Expired|9000000|0|0|9/7/2025 8:00:43 PM|Financial Assistance|4992222|
469301|Lars Jorgens|Whale of a Time|Non Grata|10097|Maroon|12258|Commissar Sendoa|Cataduanes|Non Grata|10097|Maroon|Expired|9000000|0|0|9/7/2025 8:00:28 PM|Financial Assistance|4992221|
488372|Heinrich I|Das Ostfrankenreich|The Prussian Empire|14204|Green|640291|Sith Emperor|HothEmpire|The Prussian Empire|14204|Green|Expired|6000000|0|0|9/7/2025 7:55:42 PM|Nation Development|4992220|
488372|Heinrich I|Das Ostfrankenreich|The Prussian Empire|14204|Green|631838|Gerard Bonaye|Nouvelle Burgundy|The Prussian Empire|14204|Green|Expired|9000000|0|0|9/7/2025 7:54:44 PM|Finance Assistance 11/11|4992219|
509652|Tombark|Krispy|Sparta|10008|Black|119735|smusmu|Smustra|Sparta|10008|Black|Expired|0|100|0|9/7/2025 7:54:23 PM|Financial Assistance|4992218|
405936|Griffy|Rememberence|Global Alliance And Treaty Organization|10003|Brown|147284|Magicninja|Grundy|Global Alliance And Treaty Organization|10003|Brown|Expired|0|100|0|9/7/2025 7:42:15 PM|Financial Assistance|4992217|
187132|White Majik|VSOP United|Doombrella|17368|Black|566736|amossio|amossio|Doombrella|17368|Black|Expired|9000000|0|0|9/7/2025 7:38:17 PM|Financial Assistance|4992216|
636754|MAYBACH EMPIRE|MAYBACH 3MPIRE|Independent Republic Of Orange Nations|10004|Orange|645467|LiefzDel|Greater Czechia|Post Grunge Supergroup|16367|Brown|Expired|9000000|0|0|9/7/2025 7:33:12 PM|9/100|4992215|
107572|oneeightytwo|d&#237;beartach|Fark|10002|Aqua|646839|rickm27|Balmoria|Nuclear Proliferation League|17228|Aqua|Expired|9000000|0|0|9/7/2025 7:16:47 PM|tech deal - 9/100?|4992214|
558202|Doug Henning|Magic Land|Nuclear Proliferation League|17228|Aqua|583468|Qldvespanut|Mr Ben|Mostly Harmless Alliance|14879|Aqua|Expired|0|100|0|9/7/2025 7:04:41 PM|Tech Deal 9/100|4992213|
152876|Hankidan|Parkview 12|Global Alliance And Treaty Organization|10003|Brown|616861|TomoGozen|Shoganai|Global Alliance And Treaty Organization|10003|Brown|Expired|9000000|0|0|9/7/2025 6:45:12 PM|Financial Assistance|4992212|
432428|Kentucky Colonel|Silver Grove|Swash Plates And Tail Rotors|10126|Maroon|419699|Horizon|Cyrodil|Swash Plates And Tail Rotors|10126|Pink|Expired|9000000|100|0|9/7/2025 6:38:30 PM|Financial Assistance|4992210|
519729|MammothCave|National Park|Swash Plates And Tail Rotors|10126|Maroon|419699|Horizon|Cyrodil|Swash Plates And Tail Rotors|10126|Pink|Expired|9000000|100|0|9/7/2025 6:33:07 PM|Financial Assistance|4992209|
647336|Anomaly|Pub Republic|Global Alliance And Treaty Organization|10003|Brown|576916|Czar Cootie|Zernograd|Global Alliance And Treaty Organization|10003|Brown|Expired|0|100|0|9/7/2025 6:07:43 PM|aaaaaaaAAAAAAAAAAAAaaaaaa|4992208|
152876|Hankidan|Parkview 12|Global Alliance And Treaty Organization|10003|Brown|579231|Greg23|Chronictopia|Global Alliance And Treaty Organization|10003|Brown|Expired|9000000|0|0|9/7/2025 6:00:45 PM|Financial Assistance|4992207|
152876|Hankidan|Parkview 12|Global Alliance And Treaty Organization|10003|Brown|646800|Brotherlouie27|Louimerica II|Global Alliance And Treaty Organization|10003|Brown|Expired|9000000|0|0|9/7/2025 6:00:32 PM|Financial Assistance|4992206|
374321|Clash|Discord|Doombrella|17368|Black|101493|ak47don|sicily mafia|Doombrella|17368|Black|Expired|9000000|0|4000|9/7/2025 5:53:32 PM|Cash n Causalities |4992205|
582974|SeekerSeeks|Seeking|Doombrella|17368|Black|144708|Matthew PK|Commonwealth of LoL|Doombrella|17368|Black|Expired|0|100|0|9/7/2025 5:24:20 PM|Financial Assistance|4992204|
582974|SeekerSeeks|Seeking|Doombrella|17368|Black|142120|Commander Thrawn|Csilla|Doombrella|17368|Black|Expired|0|100|0|9/7/2025 5:21:22 PM|Financial Assistance|4992202|
582974|SeekerSeeks|Seeking|Doombrella|17368|Black|66883|Crown Prince Mishka|Tygaland|Doombrella|17368|Black|Expired|0|100|0|9/7/2025 5:21:00 PM|Financial Assistance|4992201|
582974|SeekerSeeks|Seeking|Doombrella|17368|Black|503436|StevieG|Dinglebay|Doombrella|17368|Black|Expired|0|100|0|9/7/2025 5:20:05 PM|Financial Assistance|4992200|
78680|Balancer|Mesonia|The Templar Knights|10012|Maroon|551356|NuclearGlow|Dawg Nation|The Templar Knights|10012|Maroon|Expired|9000000|0|0|9/7/2025 5:10:42 PM|Financial Assistance|4992199|
635131|Thandrumland|Thandrumland|Independent Republic Of Orange Nations|10004|Orange|474454|Imran Ehsan|Empire of Imran|Independent Republic Of Orange Nations|10004|Orange|Expired|0|100|0|9/7/2025 4:32:12 PM|ITF|4992198|
635131|Thandrumland|Thandrumland|Independent Republic Of Orange Nations|10004|Orange|185755|jonah spark|pffoo|Independent Republic of Orange Nations|10004|Orange|Expired|0|100|0|9/7/2025 4:31:50 PM|ITF|4992196|
627118|Shabalabadingdong|Shabnation|Post Grunge Supergroup|16367|Yellow|646890|HarryJ|Wambulance|Post Grunge Supergroup|16367|Brown|Expired|9000000|0|0|9/7/2025 4:07:48 PM|9m/100t deal|4992192|
441760|jacka|north 40|The Legion|10020|Purple|568971|Lord Windmark|Regnum Saoirse|The Legion|10020|Purple|Expired|0|100|0|9/7/2025 3:56:17 PM|Financial Assistance|4992191|
644950|Oddin|Glendor|The Grand Lodge Of Freemasons|10029|Orange|560607|lurkr|Calontir|The Grand Lodge Of Freemasons|10029|Orange|Expired|0|100|0|9/7/2025 3:53:48 PM|Tech Deal|4992190|
71592|upchuck|warmarding|Viridian Entente|10010|Green|569906|Tradewind|Republic of Bort|Viridian Entente|10010|Green|Expired|9000000|0|0|9/7/2025 3:38:02 PM|tech deal 9m/200t|4992189|
646145|ScootDootson|UnitedPeoplesOfDoot|Goldenrod Accords|17406|Green|206879|Platinumviper|Bekaa|NATO|10037|Blue|Expired|0|100|0|9/7/2025 3:21:25 PM|VEP|4992188|
536551|Hammta|ILLINI|Swash Plates And Tail Rotors|10126|Pink|260817|MamazlilMistake|Happy Hunting Ground|Non Grata|10097|Maroon|Expired|9000000|100|0|9/7/2025 3:13:51 PM|Financial Assistance|4992186|
536551|Hammta|ILLINI|Swash Plates And Tail Rotors|10126|Pink|265697|Laskar Pelangi|Rainbow Soldier|Kaskus|10104|Brown|Expired|9000000|100|0|9/7/2025 3:13:44 PM|Financial Assistance|4992185|
536551|Hammta|ILLINI|Swash Plates And Tail Rotors|10126|Pink|22121|spartan 84|UNSC Reach|Non Grata|10097|Maroon|Expired|9000000|100|0|9/7/2025 3:13:34 PM|Financial Assistance|4992184|
536551|Hammta|ILLINI|Swash Plates And Tail Rotors|10126|Pink|325202|murtibing|Fluens|Axiom of Regularity|17122|White|Expired|9000000|0|0|9/7/2025 3:13:23 PM|Financial Assistance|4992183|
443221|Mistral|Nicholas|Post Grunge Supergroup|16367|Brown|646890|HarryJ|Wambulance|Post Grunge Supergroup|16367|Brown|Expired|9000000|0|0|9/7/2025 3:12:01 PM|9m/100t|4992182|
195832|hackerhog|Frontier|Random Insanity Alliance|10038|Maroon|602009|JDRod|ReDux Empire|Coalition of Royal Allied Powers|10051|Maroon|Expired|6000000|0|0|9/7/2025 3:01:02 PM|Maroon 6M/100T Tech Deal|4992181|
453391|Rokula|Paraiso|New Pacific Order|10000|Red|594363|Greatkitteh|Guahan|New Pacific Order|10000|Red|Expired|9000000|0|0|9/7/2025 2:29:32 PM|Bankroll|4992177|
646890|HarryJ|Wambulance|Post Grunge Supergroup|16367|Brown|575900|TTexas|TTexas|Post Grunge Supergroup|16367|Brown|Expired|0|100|0|9/7/2025 2:28:06 PM|100/100 tech|4992176|
414519|markpalm1|vacous|Freehold of The Wolves|15157|White|288817|General Eze|Big Blue Nation|Christian Coalition Of Countries|10028|Maroon|Expired|9000000|0|0|9/7/2025 2:17:20 PM|Valyrian Cash|4992175|
545096|Mumzilla|Hulkville|The Dark Templar|10056|Black|454402|Flyin Hawaiian|Hawaiian Land|The Dark Templar|10056|Black|Expired|9000000|0|0|9/7/2025 2:07:04 PM|Financial Assistance|4992173|
209648|neonthefox|waltoria|NATO|10037|Blue|83962|Victor_Delta|VaultTec|Federation of Armed Nations|10021|Yellow|Expired|0|100|0|9/7/2025 1:46:12 PM|Financial Assistance|4992172|
209648|neonthefox|waltoria|NATO|10037|Blue|18236|javaswiller|swillerland|Freehold of The Wolves|15157|White|Expired|0|100|0|9/7/2025 1:46:03 PM|Financial Assistance|4992171|
209648|neonthefox|waltoria|NATO|10037|Blue|592036|LordSanix|Citroto|Freehold of The Wolves|15157|White|Expired|0|100|0|9/7/2025 1:45:57 PM|Financial Assistance|4992170|
209648|neonthefox|waltoria|NATO|10037|Blue|120427|Ashleaa|Pigtopia|Federation of Armed Nations|10021|Yellow|Expired|0|100|0|9/7/2025 1:45:49 PM|Financial Assistance|4992169|
209648|neonthefox|waltoria|NATO|10037|Blue|369840|Astron|Svedala|NATO|10037|Blue|Expired|0|100|0|9/7/2025 1:45:38 PM|Financial Assistance|4992168|
209648|neonthefox|waltoria|NATO|10037|Blue|206879|Platinumviper|Bekaa|NATO|10037|Blue|Expired|0|100|0|9/7/2025 1:45:30 PM|Financial Assistance|4992167|
86943|DenverDan|Greater Basin|CLAWS|15841|Black|629384|Cruspad the Younger|Cittagazze|CLAWS|15841|Black|Expired|9000000|0|1|9/7/2025 1:42:20 PM|100 Claws tech deal|4992166|
579519|EatDirtFartDust|Testiclania|Doom Squad|16454|Black|606462|Iamjust0ne|Senstown|Doom Squad|16454|Black|Expired|0|100|0|9/7/2025 1:18:54 PM|Financial Assistance|4992163|
579519|EatDirtFartDust|Testiclania|Doom Squad|16454|Black|634169|Cadlore|OId Lore|CLAWS|15841|Black|Expired|0|100|0|9/7/2025 1:18:34 PM|Financial Assistance|4992162|
579519|EatDirtFartDust|Testiclania|Doom Squad|16454|Black|567720|Cosmic Chocolate|Soaring Eagle|DOOMBIRD DOOMCAVE|10449|Black|Expired|0|100|0|9/7/2025 1:18:15 PM|Financial Assistance|4992161|
579519|EatDirtFartDust|Testiclania|Doom Squad|16454|Black|466941|Komplex|Despair|DOOMBIRD DOOMCAVE|10449|Black|Expired|0|100|0|9/7/2025 1:18:04 PM|Financial Assistance|4992160|
579519|EatDirtFartDust|Testiclania|Doom Squad|16454|Black|410812|Berbers|Kingdom of AlRezana|The Wolves|16660|Black|Expired|0|100|0|9/7/2025 1:17:51 PM|Financial Assistance|4992159|
647087|Meow22Meow22|Miwso|Raft Raft Federation|17446|Black|624103|Wolf Man|Nuke Inc|CLAWS|15841|Black|Expired|0|100|0|9/7/2025 1:11:10 PM|Financial Assistance|4992157|
647087|Meow22Meow22|Miwso|Raft Raft Federation|17446|Black|86943|DenverDan|Greater Basin|CLAWS|15841|Black|Expired|0|100|0|9/7/2025 1:10:56 PM|Financial Assistance|4992156|
647087|Meow22Meow22|Miwso|Raft Raft Federation|17446|Black|447303|Terminator|USSROK|CLAWS|15841|Aqua|Expired|0|100|0|9/7/2025 1:10:41 PM|Financial Assistance|4992155|
117823|LittleVlad|Morte|Global Alliance and Treaty Organization|10003|Brown|647027|HorseElectrolytes|Greater Mustangistan|Global Alliance And Treaty Organization|10003|Brown|Expired|9000000|0|0|9/7/2025 12:37:22 PM|Financial Assistance|4992154|
117823|LittleVlad|Morte|Global Alliance and Treaty Organization|10003|Brown|647336|Anomaly|Pub Republic|Global Alliance And Treaty Organization|10003|Brown|Expired|6000000|0|0|9/7/2025 12:37:10 PM|Financial Assistance|4992153|
273692|Pope Bubba XIII|Rebel Virginia|Non Grata|10097|Maroon|645946|LiFeng|Qwertyiop|Non Grata|10097|Maroon|Expired|9000000|0|0|9/7/2025 12:17:50 PM|Tech|4992152|
491885|Chuck Jongil|Soylent Greenland|Viridian Entente|10010|Green|638628|Hogboy|Maeshowe|Knights Of The Round Table|10092|Green|Expired|9000000|0|0|9/7/2025 12:12:34 PM|soyconcentrate|4992151|
299962|dev0win|1nfinity Otriad|Christian Coalition Of Countries|10028|Blue|645105|Trench Foast|TrenchFoastia|Christian Coalition Of Countries|10028|Maroon|Expired|9000000|0|0|9/7/2025 11:56:49 AM|Valyrian Aid|4992150|
299962|dev0win|1nfinity Otriad|Christian Coalition Of Countries|10028|Blue|288817|General Eze|Big Blue Nation|Christian Coalition Of Countries|10028|Maroon|Expired|9000000|0|0|9/7/2025 11:56:37 AM|Valyrian Aid|4992149|
229836|apemax|smugglers and mercs|The Imperial Order|10082|Blue|288817|General Eze|Big Blue Nation|Christian Coalition Of Countries|10028|Maroon|Expired|9000000|0|0|9/7/2025 11:51:40 AM|VEP Tech Deal|4992148|
200690|Andrew Wiggin|Eros|Knights Of The Round Table|10092|Green|637080|Secundum|Uhtceare|Knights Of The Round Table|10092|Green|Expired|9000000|0|0|9/7/2025 11:45:56 AM|Tech deal|4992147|
257186|Southern Comfort|Wild Wild West|Knights Of The Round Table|10092|Green|626421|JesusCrocs|Isla Guahan|Knights Of The Round Table|10092|Green|Expired|6000000|0|0|9/7/2025 11:41:25 AM|Tech?|4992146|
257186|Southern Comfort|Wild Wild West|Knights Of The Round Table|10092|Green|647271|Overlord121|Velmorra|Knights Of The Round Table|10092|Green|Expired|6000000|0|0|9/7/2025 11:41:03 AM|Financial Assistance|4992145|
646462|Stupid Sliver|Tuckvania|Doom Squad|16454|Black|624696|Hershicus|DoomsDayShekels|Doom Squad|16454|Black|Expired|0|100|0|9/7/2025 11:26:50 AM|Financial Assistance|4992144|
621029|Le Trout|Lambo Lambo Lambo|Post Grunge Supergroup|16367|Brown|647184|DCBinks|Caogalna|Post Grunge Supergroup|16367|Brown|Expired|6000000|0|0|9/7/2025 11:22:06 AM|YEET (6m/100t)|4992143|
604250|RedHawkRuler|MiamiU|New Polar Order|10006|Blue|591794|Raden Wijaya|Kerajaan Majapahit|New Polar Order|10006|Green|Expired|9000000|0|0|9/7/2025 11:04:14 AM|War is looming! See Forum|4992142|
147284|Magicninja|Grundy|Global Alliance And Treaty Organization|10003|Brown|579231|Greg23|Chronictopia|Global Alliance And Treaty Organization|10003|Brown|Expired|9000000|0|0|9/7/2025 10:53:15 AM|Financial Assistance|4992141|
147284|Magicninja|Grundy|Global Alliance And Treaty Organization|10003|Brown|646762|Kevlar|Sasquatch|Global Alliance And Treaty Organization|10003|Brown|Expired|9000000|0|0|9/7/2025 10:53:00 AM|Financial Assistance|4992140|
514897|Phocas|Lighthouse Island|The Prussian Empire|14204|Green|640291|Sith Emperor|HothEmpire|The Prussian Empire|14204|Green|Expired|6000000|0|0|9/7/2025 10:52:22 AM|6 mil for 100 tech?|4992139|
416695|pmacdaddy|Sanctuary|DOOMBIRD DOOMCAVE|10449|Black|532609|KingJohnny|Nechian Empire|Doom Squad|16454|Black|Expired|9000000|0|0|9/7/2025 10:46:09 AM|Doomerce|4992138|
416695|pmacdaddy|Sanctuary|DOOMBIRD DOOMCAVE|10449|Black|646836|Keyzlt5|Chi Seeds|Doom Squad|16454|Black|Expired|9000000|0|0|9/7/2025 10:45:03 AM|Doomerce|4992137|
331985|aljabarian|CrabMan|Knights Of The Round Table|10092|Green|626421|JesusCrocs|Isla Guahan|Knights Of The Round Table|10092|Green|Expired|6000000|0|0|9/7/2025 10:43:46 AM|Tech Deal|4992136|
624649|arif2016|TheIndomitableEmpire|COBRA|13717|Brown|142120|Commander Thrawn|Csilla|Doombrella|17368|Black|Expired|0|100|0|9/7/2025 10:37:31 AM|Financial Assistance|4992135|
644916|Alexander Falkor|Adalwolf|Post Grunge Supergroup|16367|Brown|568130|Bucky Carson|Santa Pecos|Knights Of The Round Table|10092|Green|Expired|0|100|0|9/7/2025 10:20:58 AM|Tech Deal|4992133|
644916|Alexander Falkor|Adalwolf|Post Grunge Supergroup|16367|Brown|633989|Ernst S Blofeld|Blofeld Wineries|Knights Of The Round Table|10092|Aqua|Expired|0|100|0|9/7/2025 10:20:44 AM|Tech Deal|4992132|
644916|Alexander Falkor|Adalwolf|Post Grunge Supergroup|16367|Brown|560632|Harper77|Harpistan|Post Grunge Supergroup|16367|Brown|Expired|0|100|0|9/7/2025 10:20:26 AM|Tech Deal|4992131|
644916|Alexander Falkor|Adalwolf|Post Grunge Supergroup|16367|Brown|612774|Oleg the Disfigured|Slag Vrch|Knights Of The Round Table|10092|Green|Expired|0|100|0|9/7/2025 10:20:13 AM|Tech Deal|4992130|
644916|Alexander Falkor|Adalwolf|Post Grunge Supergroup|16367|Brown|618472|Leftie|Brotherhood|Madlads Union|17130|Brown|Expired|0|100|0|9/7/2025 10:19:57 AM|Tech Deal|4992129|
646787|Hye781|Calilove4ever|Christian Coalition Of Countries|10028|Maroon|1037|mona lisa|3 oaks|Old Guard|11296|Blue|Expired|0|100|0|9/7/2025 9:59:42 AM|Tech Exchange Program|4992127|
543131|Morjon|Wayward Renegade|Nuclear Proliferation League|17228|Aqua|646297|Snorkel|Rockies Folk State|Nuclear Proliferation League|17228|Aqua|Expired|9000000|0|0|9/7/2025 9:56:31 AM|Tech 9/100|4992126|
646839|rickm27|Balmoria|Nuclear Proliferation League|17228|Aqua|507771|MtPollux|The Monkey Kingdom|Nuclear Proliferation League|17228|Brown|Expired|0|100|0|9/7/2025 9:22:02 AM|Financial Assistance|4992123|
580046|Body Jryant|Conservative South|Christian Coalition Of Countries|10028|Maroon|131473|Kilkenny|Huntonian|Christian Coalition Of Countries|10028|Maroon|Expired|0|100|0|9/7/2025 9:11:46 AM|VEP|4992122|
643876|LordInfamous|Swindlerstan|Independent Republic Of Orange Nations|10004|Orange|636601|Wolfbite|Caffinated Wolves|Independent Republic Of Orange Nations|10004|Orange|Expired|0|100|0|9/7/2025 8:56:11 AM|ITF|4992121|
643321|KerouacLives|Astorion|Knights Of The Round Table|10092|Green|449283|Sir Benevale|Orangewall|Knights of the Round Table|10092|Green|Expired|0|100|0|9/7/2025 8:38:44 AM|Tech|4992120|
631385|Kingdom of Denmark|Jutland Germany|The Prussian Empire|14204|Green|607213|Ernak son of Attila|The Huns|The Prussian Empire|14204|Green|Expired|0|100|0|9/7/2025 8:35:03 AM|Financial Assistance|4992118|
80845|Aracto Totar|Taprobane|Viridian Entente|10010|Green|555346|TacticalAldiko|TacticalAldiko|Viridian Entente|10010|Green|Expired|0|100|0|9/7/2025 8:29:36 AM|Financial Assistance|4992117|
529964|Pelzig|Salusa Secundus|Non Grata|10097|Maroon|552285|lilweirdward|Land of Too Much Fun|Christian Coalition Of Countries|10028|Maroon|Expired|0|100|0|9/7/2025 8:26:22 AM|Tek Dealz|4992116|
529964|Pelzig|Salusa Secundus|Non Grata|10097|Maroon|49861|rabonnobar|Calabria|Non Grata|10097|Maroon|Expired|0|100|0|9/7/2025 8:25:17 AM|Tek Dealz|4992115|
646635|supremeruler|Astros|Post Grunge Supergroup|16367|Yellow|621029|Le Trout|Lambo Lambo Lambo|Post Grunge Supergroup|16367|Brown|Expired|0|100|0|9/7/2025 8:12:55 AM|tech express |4992114|
280709|Supersub68|Subway|Sparta|10008|Black|431619|rotinom|Gideons|Sparta|10008|Black|Expired|9000000|0|0|9/7/2025 8:08:25 AM|Financial Assistance|4992113|
280709|Supersub68|Subway|Sparta|10008|Black|644316|Sam Sparks|Mendota|Sparta|10008|Black|Expired|6000000|0|0|9/7/2025 8:07:52 AM|Financial Assistance|4992112|
280709|Supersub68|Subway|Sparta|10008|Black|599846|RandomWon|Hangry|Sparta|10008|Green|Expired|6000000|0|0|9/7/2025 8:07:16 AM|Financial Assistance|4992111|
423349|Raiser|Inireland|Orange Defense Network|17435|Orange|589715|nostalgia|Outer Spira|Orange Defense Network|17435|Orange|Expired|0|100|0|9/7/2025 8:02:05 AM|Tech Deal (2/2)|4992110|
640027|Rdjzozet|Tryzovits|CLAWS|15841|Black|531590|Ledon|Ledonia|Knights of the Round Table|10092|Green|Expired|0|100|0|9/7/2025 7:54:11 AM|Financial Assistance|4992109|
2621|James|TIEIXIAIS|Non Grata|10097|Maroon|12258|Commissar Sendoa|Cataduanes|Non Grata|10097|Maroon|Expired|9000000|0|0|9/7/2025 7:35:31 AM|Financial Assistance|4992108|
348288|saxasm|Eugenia|New Pacific Order|10000|Red|594363|Greatkitteh|Guahan|New Pacific Order|10000|Red|Expired|9000000|0|0|9/7/2025 7:19:01 AM|Financial Assistance|4992107|
646240|WelpLOLoofE|Slavnia|Nuclear Proliferation League|17228|Black|507771|MtPollux|The Monkey Kingdom|Nuclear Proliferation League|17228|Brown|Expired|0|100|0|9/7/2025 7:12:59 AM|Financial Assistance|4992106|
646240|WelpLOLoofE|Slavnia|Nuclear Proliferation League|17228|Black|307792|Jordan Lindeman|Arkalay|Global Alliance And Treaty Organization|10003|Brown|Expired|0|100|0|9/7/2025 7:12:45 AM|Financial Assistance|4992105|
646240|WelpLOLoofE|Slavnia|Nuclear Proliferation League|17228|Black|129864|Mike the Greatest|Palookastan|Nuclear Proliferation League|17228|Maroon|Expired|0|100|0|9/7/2025 7:12:28 AM|Financial Assistance|4992104|
559191|Darksight1|ChineseEmpire|New Pacific Order|10000|Red|603443|Crayon King|Aloyarc|New Pacific Order|10000|Red|Expired|0|100|0|9/7/2025 7:11:43 AM|Vallum Aelium|4992103|
559191|Darksight1|ChineseEmpire|New Pacific Order|10000|Red|366247|Polgas|Novasea|New Pacific Order|10000|Red|Expired|0|100|0|9/7/2025 7:11:37 AM|QT Tech|4992102|
559191|Darksight1|ChineseEmpire|New Pacific Order|10000|Red|234918|LordOfTheLand|APIGP|New Pacific Order|10000|Red|Expired|0|100|0|9/7/2025 7:11:29 AM|QT Tech|4992101|
348288|saxasm|Eugenia|New Pacific Order|10000|Red|647379|d516b|ddwqs|New Pacific Order|10000|Red|Expired|6000000|0|0|9/7/2025 7:10:31 AM|Financial Assistance|4992100|
647347|RealShrimpShady|Shrimplandia|NATO|10037|Blue|206879|Platinumviper|Bekaa|NATO|10037|Blue|Expired|0|100|0|9/7/2025 7:00:43 AM|Financial Assistance|4992098|
647347|RealShrimpShady|Shrimplandia|NATO|10037|Blue|1037|mona lisa|3 oaks|Old Guard|11296|Blue|Expired|0|100|0|9/7/2025 7:00:06 AM|Financial Assistance|4992097|
437548|Dutchmaster|Feardare|Coalition of Royal Allied Powers|10051|Maroon|626894|Gamestonk|GameStonk|COBRA|13717|Brown|Expired|9000000|0|0|9/7/2025 6:59:19 AM|9 million for 100 tech|4992096|
644951|Landric|Republic of Ursus|The Grand Lodge Of Freemasons|10029|Orange|560607|lurkr|Calontir|The Grand Lodge Of Freemasons|10029|Orange|Expired|0|100|0|9/7/2025 6:48:55 AM|Financial Assistance|4992095|
14658|Manis B|Caesura|Global Alliance and Treaty Organization|10003|Brown|646801|Chaos Gremlin|Chaostopia|Global Alliance And Treaty Organization|10003|Brown|Expired|9000000|0|0|9/7/2025 6:36:42 AM|Financial Assistance|4992094|
14658|Manis B|Caesura|Global Alliance and Treaty Organization|10003|Brown|579231|Greg23|Chronictopia|Global Alliance And Treaty Organization|10003|Brown|Expired|9000000|0|0|9/7/2025 6:35:39 AM|Financial Assistance|4992093|
14658|Manis B|Caesura|Global Alliance and Treaty Organization|10003|Brown|616861|TomoGozen|Shoganai|Global Alliance And Treaty Organization|10003|Brown|Expired|9000000|0|0|9/7/2025 6:35:24 AM|Financial Assistance|4992092|
638567|Cobert|Brightwood|Non Grata|10097|Maroon|155826|weebl2000|Azeer|Non Grata|10097|Maroon|Expired|0|100|0|9/7/2025 6:15:59 AM|Tech|4992091|
63284|Kills with Fire|New Highlands|Federation of Armed Nations|10021|Yellow|202168|Dr Doctor|NATO Armed Forces|NATO|10037|Blue|Expired|9000000|0|0|9/7/2025 5:38:21 AM|Valyrian|4992089|
25379|Stylesjl|Pontbridge|Coalition of Royal Allied Powers|10051|Maroon|638628|Hogboy|Maeshowe|Knights Of The Round Table|10092|Green|Expired|9000000|0|0|9/7/2025 5:25:05 AM|Tech Deal 9/100|4992087|
646892|Kamva|Zaire Republic|Nuclear Proliferation League|17228|Blue|129864|Mike the Greatest|Palookastan|Nuclear Proliferation League|17228|Maroon|Expired|0|100|0|9/7/2025 5:03:02 AM|Financial Assistance|4992086|
526716|Ultraman|Nebula M78|Interkosmos|16298|Green|638884|WideVader|Balkan Union Pact|Interkosmos|16298|Green|Expired|9000000|0|0|9/7/2025 4:57:30 AM|Wonder Assistance|4992085|
453391|Rokula|Paraiso|New Pacific Order|10000|Red|551335|Hakora Kiyanto|Makayan|New Pacific Order|10000|Red|Expired|9000000|0|0|9/7/2025 4:52:05 AM|Bankroll|4992084|
607213|Ernak son of Attila|The Huns|The Prussian Empire|14204|Green|640291|Sith Emperor|HothEmpire|The Prussian Empire|14204|Green|Expired|6000000|0|0|9/7/2025 4:43:35 AM|The Huns need 100 tech|4992083|
568130|Bucky Carson|Santa Pecos|Knights Of The Round Table|10092|Green|636950|Sir Percival|Galles|Knights Of The Round Table|10092|Green|Expired|9000000|0|0|9/7/2025 4:36:24 AM|Tech round up|4992082|
249700|Fafafoooey|YourBad|New Pacific Order|10000|Red|551335|Hakora Kiyanto|Makayan|New Pacific Order|10000|Red|Expired|9000000|0|0|9/7/2025 4:26:53 AM|Bankroll|4992079|
249700|Fafafoooey|YourBad|New Pacific Order|10000|Red|647186|Paxywoo|Paxyland|New Pacific Order|10000|Red|Expired|9000000|0|0|9/7/2025 4:26:48 AM|Rising Stars|4992078|
311659|tanglerat|Tir Mor|Post Grunge Supergroup|16367|Brown|646890|HarryJ|Wambulance|Post Grunge Supergroup|16367|Brown|Expired|9000000|0|0|9/7/2025 4:23:51 AM|Tech deal 9/100?|4992076|
311659|tanglerat|Tir Mor|Post Grunge Supergroup|16367|Brown|545724|Matmal|Matmalia|Post Grunge Supergroup|16367|Brown|Expired|9000000|0|0|9/7/2025 4:23:25 AM|Tech deal 9/100?|4992075|
633989|Ernst S Blofeld|Blofeld Wineries|Knights Of The Round Table|10092|Aqua|637080|Secundum|Uhtceare|Knights Of The Round Table|10092|Green|Expired|9000000|0|0|9/7/2025 3:39:39 AM|Tech import?|4992073|
257166|Yggdrazil|Ginginugap|Independent Republic Of Orange Nations|10004|Orange|605023|JuggernautMD|Framework|Independent Republic Of Orange Nations|10004|Orange|Expired|0|100|0|9/7/2025 3:34:51 AM|itf|4992072|
508630|notkintoot|particle|Nuclear Proliferation League|17228|Aqua|645985|CaboMabo|CaboMabo|Nuclear Proliferation League|17228|Aqua|Expired|9000000|100|0|9/7/2025 3:31:11 AM|Donation deal 4/10|4992071|
514492|xxLENZxx|Star Command|The Legion|10020|Purple|582040|casey3927|landguardian|The Legion|10020|Purple|Expired|9000000|0|0|9/7/2025 3:30:36 AM|Praetor Aid|4992070|
573749|necAnt|Lucky Ants|The Gramlins|17440|Green|329142|Donada|Hobis|Argent|10063|Pink|Expired|0|100|0|9/7/2025 3:28:42 AM|TD 1/2|4992069|
573749|necAnt|Lucky Ants|The Gramlins|17440|Green|141164|LiquidMercury|FallenSeraphim|The Gramlins|17440|Black|Expired|0|100|0|9/7/2025 3:28:20 AM|TD 1/2|4992068|
228721|Hob Dobson|Uustonia|Viridian Entente|10010|Green|604287|Hazib|Kingdom of Lemuria|CLAWS|15841|Black|Expired|0|100|0|9/7/2025 3:19:24 AM|Tech (3 of 3)|4992067|
645105|Trench Foast|TrenchFoastia|Christian Coalition Of Countries|10028|Maroon|109489|blackpony|the Mad Ninja|Freehold of The Wolves|15157|White|Expired|0|100|0|9/7/2025 3:17:03 AM|Vep|4992066|
643162|DarkDefiance|United Defiance|New Pacific Order|10000|Red|603443|Crayon King|Aloyarc|New Pacific Order|10000|Red|Expired|0|100|0|9/7/2025 3:11:27 AM|Vallum Aelium|4992064|
91872|PuliSher|Kerj&#228;l&#228;|Non Grata|10097|Maroon|184994|Oro Ibah Aozpi|Novgorod|Nordreich|11319|Maroon|Expired|0|100|0|9/7/2025 2:41:48 AM|100/100|4992062|
504045|Agravain Cardif|Dures Mains|Knights Of The Round Table|10092|Green|635294|King Afonso|Porto Novo|Wurst Alliance|16919|Green|Expired|9000000|0|0|9/7/2025 2:35:27 AM|Tech ($9M/100)?|4992061|
22277|DeathSky|White Wolf Clan|New Pacific Order|10000|Red|647186|Paxywoo|Paxyland|New Pacific Order|10000|Red|Expired|9000000|0|0|9/7/2025 1:50:58 AM|Rising Stars|4992060|
22277|DeathSky|White Wolf Clan|New Pacific Order|10000|Red|609716|xander99|Melton|New Pacific Order|10000|Red|Expired|9000000|0|0|9/7/2025 1:50:53 AM|Bankroll|4992059|
22277|DeathSky|White Wolf Clan|New Pacific Order|10000|Red|605|Dilber|Dilber|New Pacific Order|10000|Red|Expired|9000000|0|0|9/7/2025 1:50:46 AM|Bankroll|4992058|
22277|DeathSky|White Wolf Clan|New Pacific Order|10000|Red|555876|Khandov|Polonia Overlordship|New Pacific Order|10000|Red|Expired|9000000|0|0|9/7/2025 1:50:42 AM|Bankroll|4992057|
326273|Red Rebel|Pi Lambda Phi|Madlads Union|17130|Brown|638116|OscarChen5|United Continental|COBRA|13717|Brown|Expired|6000000|0|0|9/7/2025 1:48:04 AM|Tech Deal 6m/100t|4992056|
326273|Red Rebel|Pi Lambda Phi|Madlads Union|17130|Brown|176740|Apolloyon|Logres|Post Grunge Supergroup|16367|None|Expired|6000000|0|0|9/7/2025 1:47:45 AM|Tech Deal 6m/100t|4992055|
639335|Swamplandia|Horna|NATO|10037|Blue|440257|lonabis|flying dutchmen|NATO|10037|Blue|Expired|0|100|0|9/7/2025 1:47:39 AM|Financial Assistance|4992054|
553512|Marcin|Karpowicze|Knights Of The Round Table|10092|Green|621283|SukinGame|FreeRedthai|Interkosmos|16298|Red|Expired|9000000|0|0|9/7/2025 1:46:47 AM|Technologia 100|4992052|
483058|Dubh Caireallain|Roisin Dubh|New Polar Order|10006|Blue|262358|Johnny123|Johhny|New Polar Order|10006|Blue|Expired|0|100|0|9/7/2025 1:42:58 AM|ICECAP Tech|4992051|
483058|Dubh Caireallain|Roisin Dubh|New Polar Order|10006|Blue|202519|Zombie Glaucon|UTC Labs|New Polar Order|10006|Blue|Expired|0|100|0|9/7/2025 1:41:34 AM|RATS Tech|4992050|
483058|Dubh Caireallain|Roisin Dubh|New Polar Order|10006|Blue|604250|RedHawkRuler|MiamiU|New Polar Order|10006|Blue|Expired|0|100|0|9/7/2025 1:41:12 AM|ICECAP Tech|4992049|
510139|AnthraxAnderson|Empire of Armageddon|NATO|10037|Blue|593353|Kitkat16|Sofie|NATO|10037|Blue|Expired|0|100|0|9/7/2025 1:38:59 AM|Valyrian Tech Exchange|4992048|
510139|AnthraxAnderson|Empire of Armageddon|NATO|10037|Blue|206879|Platinumviper|Bekaa|NATO|10037|Blue|Expired|0|100|0|9/7/2025 1:38:48 AM|Valyrian Tech Exchange|4992047|
510139|AnthraxAnderson|Empire of Armageddon|NATO|10037|Blue|468549|shadowstriker|shadow world|NATO|10037|Blue|Expired|0|100|0|9/7/2025 1:38:30 AM|Valyrian Tech Exchange|4992046|
647011|Knight del Sol|Esplandian|Veneris|17356|White|509327|Pollard|Baby Baby Baby Ohhhh|The Chaos Brotherhood|10364|Black|Expired|0|100|0|9/7/2025 1:13:44 AM|Financial Assistance|4992045|
647011|Knight del Sol|Esplandian|Veneris|17356|White|531996|Thomas18|Terre Or|Veneris|17356|White|Expired|0|100|0|9/7/2025 1:13:36 AM|Financial Assistance|4992044|
646804|dragonshardz|Cruinneachadh|Doom Squad|16454|Black|646947|Hawggystyle|Djibigbouti|Doombrella|17368|Black|Expired|9000000|0|0|9/7/2025 1:10:33 AM|Financial Assistance|4992043|
646804|dragonshardz|Cruinneachadh|Doom Squad|16454|Black|566736|amossio|amossio|Doombrella|17368|Black|Expired|9000000|0|0|9/7/2025 1:10:10 AM|Financial Assistance|4992042|
646804|dragonshardz|Cruinneachadh|Doom Squad|16454|Black|635159|xAnri|xRoan|Doombrella|17368|Black|Expired|9000000|0|0|9/7/2025 1:10:01 AM|Financial Assistance|4992041|
646804|dragonshardz|Cruinneachadh|Doom Squad|16454|Black|646975|Thomassh|HighGateHaven|Doombrella|17368|Black|Expired|9000000|0|0|9/7/2025 1:09:46 AM|Financial Assistance|4992040|
19959|Elegarth|NewHeavens|New Pacific Order|10000|Red|580705|Theory|Westermont|New Pacific Order|10000|Red|Expired|9000000|0|0|9/7/2025 12:47:01 AM|Bankroll|4992036|
19959|Elegarth|NewHeavens|New Pacific Order|10000|Red|647186|Paxywoo|Paxyland|New Pacific Order|10000|Red|Expired|9000000|0|0|9/7/2025 12:46:56 AM|Rising Stars|4992035|
19959|Elegarth|NewHeavens|New Pacific Order|10000|Red|633318|Immortalis712|Republic of Intima|New Pacific Order|10000|Red|Expired|9000000|0|0|9/7/2025 12:46:50 AM|Bankroll|4992034|
19959|Elegarth|NewHeavens|New Pacific Order|10000|Red|609716|xander99|Melton|New Pacific Order|10000|Red|Expired|9000000|0|0|9/7/2025 12:46:44 AM|Bankroll|4992033|
19959|Elegarth|NewHeavens|New Pacific Order|10000|Red|555876|Khandov|Polonia Overlordship|New Pacific Order|10000|Red|Expired|9000000|0|0|9/7/2025 12:46:39 AM|Bankroll|4992032|
19959|Elegarth|NewHeavens|New Pacific Order|10000|Red|605|Dilber|Dilber|New Pacific Order|10000|Red|Expired|9000000|0|0|9/7/2025 12:46:34 AM|Bankroll|4992031|
311344|asapilu|Persianiran|NATO|10037|Blue|202168|Dr Doctor|NATO Armed Forces|NATO|10037|Blue|Expired|9000000|0|0|9/7/2025 12:43:41 AM|Valyrian aid|4992030|
286761|Nemphesis|Evility|New Pacific Order|10000|Red|603443|Crayon King|Aloyarc|New Pacific Order|10000|Red|Expired|0|100|0|9/7/2025 12:38:11 AM|Financial Assistance|4992028|
286761|Nemphesis|Evility|New Pacific Order|10000|Red|273843|Northern Empire|Northern Empire|Independent Republic Of Orange Nations|10004|Orange|Expired|0|100|0|9/7/2025 12:37:59 AM|Financial Assistance|4992027|
286761|Nemphesis|Evility|New Pacific Order|10000|Red|366247|Polgas|Novasea|New Pacific Order|10000|Red|Expired|0|100|0|9/7/2025 12:37:46 AM|Financial Assistance|4992026|
286761|Nemphesis|Evility|New Pacific Order|10000|Red|442731|Madd|Modra|New Pacific Order|10000|Red|Expired|0|100|0|9/7/2025 12:37:31 AM|Financial Assistance|4992025|
286761|Nemphesis|Evility|New Pacific Order|10000|Red|234918|LordOfTheLand|APIGP|New Pacific Order|10000|Red|Expired|0|100|0|9/7/2025 12:37:15 AM|Financial Assistance|4992024|
286761|Nemphesis|Evility|New Pacific Order|10000|Red|305440|Daimos|Micon|New Pacific Order|10000|Red|Expired|0|100|0|9/7/2025 12:36:58 AM|Financial Assistance|4992023|
143690|Xavii|Tiltakslos|Doom Squad|16454|Black|615966|tehol|Lether|Doom Squad|16454|Black|Expired|0|100|0|9/7/2025 12:35:05 AM|Financial Assistance|4992022|
143690|Xavii|Tiltakslos|Doom Squad|16454|Black|392583|Javier360|Tenochtitlan|DOOMBIRD DOOMCAVE|10449|Black|Expired|0|100|0|9/7/2025 12:34:56 AM|Financial Assistance|4992021|
143690|Xavii|Tiltakslos|Doom Squad|16454|Black|364329|Donnie Darko|DarkoLand|Doom Squad|16454|Black|Expired|0|100|0|9/7/2025 12:34:50 AM|Financial Assistance|4992020|
143690|Xavii|Tiltakslos|Doom Squad|16454|Black|326267|Steeldor|Jerel|DOOMBIRD DOOMCAVE|10449|Black|Expired|0|100|0|9/7/2025 12:34:44 AM|Financial Assistance|4992019|
143690|Xavii|Tiltakslos|Doom Squad|16454|Black|95044|Allnighte|Allnighteica|Doom Squad|16454|Black|Expired|0|100|0|9/7/2025 12:34:36 AM|Financial Assistance|4992018|
641018|xxPocketxx|Savere|The Legion|10020|Purple|568971|Lord Windmark|Regnum Saoirse|The Legion|10020|Purple|Expired|0|100|0|9/7/2025 12:25:42 AM|Financial Assistance|4992016|
618150|Lyanna Mormont|Bear Island 4 Lyfe|Non Grata|10097|Maroon|314185|Rhizoctonia|Rhizoctonia|Non Grata|10097|Maroon|Expired|0|100|0|9/7/2025 12:18:52 AM|Financial Assistance|4992014|
618150|Lyanna Mormont|Bear Island 4 Lyfe|Non Grata|10097|Maroon|582941|Cydonian Knight|Strodemia|Non Grata|10097|Maroon|Expired|0|100|0|9/7/2025 12:18:37 AM|Financial Assistance|4992013|
641298|Marshal Kendall|Shafar|The Legion|10020|Purple|568971|Lord Windmark|Regnum Saoirse|The Legion|10020|Purple|Expired|0|100|0|9/7/2025 12:16:28 AM|Tech|4992012|
407948|avatar3619|Shendu|New Pacific Order|10000|Red|551335|Hakora Kiyanto|Makayan|New Pacific Order|10000|Red|Expired|9000000|0|0|9/7/2025 12:15:32 AM|Bankroll|4992011|
643449|Esabbi|Liberation Islands|Post Grunge Supergroup|16367|Brown|560632|Harper77|Harpistan|Post Grunge Supergroup|16367|Brown|Expired|0|100|0|9/7/2025 12:14:50 AM|Tech deal 100t/9m|4992009|
143998|planetary|planetarium|CLAWS|15841|Black|250431|riser|Goodwill|CLAWS|15841|Black|Expired|0|100|0|9/7/2025 12:13:31 AM|techs|4992008|
531590|Ledon|Ledonia|Knights of the Round Table|10092|Green|646212|Immai|Steampower|Knights Of The Round Table|10092|Green|Expired|6000000|0|0|9/7/2025 12:01:39 AM|Tech Deal|4992003|
547395|KameraadLenin|Newfoundland SSR|Non Grata|10097|Maroon|490921|Roo Blu II|Blue Roo|Non Grata|10097|Maroon|Expired|0|100|0|9/6/2025 11:43:19 PM|Financial Assistance|4992002|
585631|Srivatsan|MAHANADU|Disciples of Duckroll|17024|Black|230799|Raymond Jaeger|New Alabama|Doombrella|17368|Black|Expired|9000000|0|0|9/6/2025 10:32:55 PM|Financial Assistance|4992000|
646771|King Chocolate|Chocolate Cookie|Nuclear Proliferation League|17228|Aqua|433547|WhitEarendur|Tol Eressea|New Polar Order|10006|Blue|Expired|0|100|0|9/6/2025 10:19:22 PM|Financial Assistance|4991997|
584955|Ayiana|Veritable|Independent Republic Of Orange Nations|10004|Orange|87890|Formanj|Norvegs Trøndelag|Independent Republic of Orange Nations|10004|Orange|Expired|0|100|0|9/6/2025 9:37:10 PM|ITF|4991996|
640620|Frioz|Lusitania Portugalia|Post Grunge Supergroup|16367|Brown|474413|The R00STER|Republic of Ibonn|The Dark Templar|10056|Black|Expired|0|100|0|9/6/2025 9:33:04 PM|Financial Assistance|4991995|
590806|vocalese|Vocalese|The Imperial Entente|16809|Maroon|230895|TCTriangle|Taninsania|Non Grata|10097|Maroon|Expired|0|100|0|9/6/2025 9:31:18 PM|Financial Assistance|4991994|
644316|Sam Sparks|Mendota|Sparta|10008|Black|168237|Ducky is King|Duckys Kingdom|Sparta|10008|Black|Expired|0|100|0|9/6/2025 9:14:07 PM|Tech deal|4991993|
254442|Oddballalex|Alexville|CLAWS|15841|Black|646832|Greg Gregory Gregers|Udrus|The Phoenix Federation|17385|Black|Expired|9000000|0|0|9/6/2025 8:41:46 PM|Tech Deal|4991992|
580021|General Kanabis|Imperio Mexica|COBRA|13717|Brown|634448|Stewie|Stewieland III|Non Grata|10097|Maroon|Expired|0|100|0|9/6/2025 8:34:44 PM|Financial Assistance|4991991|
580021|General Kanabis|Imperio Mexica|COBRA|13717|Brown|314185|Rhizoctonia|Rhizoctonia|Non Grata|10097|Maroon|Expired|0|100|0|9/6/2025 8:34:27 PM|Financial Assistance|4991989|
580021|General Kanabis|Imperio Mexica|COBRA|13717|Brown|133051|MikeTheFirst|MikeLand|Non Grata|10097|Maroon|Expired|0|100|0|9/6/2025 8:34:14 PM|Financial Assistance|4991988|
630674|Ghostruler1|Winterfelllllll|New Pacific Order|10000|Red|94143|soultaker|myatt|New Pacific Order|10000|Red|Expired|0|100|0|9/6/2025 8:29:50 PM|QT Tech|4991987|
630674|Ghostruler1|Winterfelllllll|New Pacific Order|10000|Red|289177|Blaskowicz|Doomsland|New Pacific Order|10000|Red|Expired|0|100|0|9/6/2025 8:29:45 PM|QT Tech|4991986|
396041|Joseph Black|Rural Route 3|Freehold of The Wolves|15157|White|30997|Dan2680|Red Army|Freehold of The Wolves|15157|White|Expired|0|100|0|9/6/2025 8:22:26 PM|Financial Assistance|4991985|
645374|Zia Ul Haq|Emirate of Pakistan|COBRA|13717|Brown|586922|WileyXero|Wiley|CLAWS|15841|Black|Expired|0|100|0|9/6/2025 8:13:47 PM|Tech Shipment 6/9/2025|4991984|
101986|windir|Technology|Global Alliance and Treaty Organization|10003|Brown|163031|MasterChief777|The New Empire|Global Alliance And Treaty Organization|10003|Brown|Expired|0|100|0|9/6/2025 8:12:06 PM|Tech deal 1/3|4991983|
228721|Hob Dobson|Uustonia|Viridian Entente|10010|Green|277593|falconer360|Gondowan|CLAWS|15841|Purple|Expired|0|100|0|9/6/2025 7:02:53 PM|Tech (2 of 3)|4991978|
228721|Hob Dobson|Uustonia|Viridian Entente|10010|Green|586922|WileyXero|Wiley|CLAWS|15841|Black|Expired|0|100|0|9/6/2025 7:00:29 PM|Tech (2 of 3)|4991977|
647334|Healthy|Perfectly Healthy|Global Alliance And Treaty Organization|10003|Brown|576916|Czar Cootie|Zernograd|Global Alliance And Treaty Organization|10003|Brown|Expired|0|100|0|9/6/2025 6:33:03 PM|Financial Assistance|4991976|
273509|Enrage|TheEmpire|WWF|14310|Green|639282|Agaton Sax|Asmodean|COBRA|13717|Brown|Expired|6000000|0|0|9/6/2025 5:57:39 PM|tech deal |4991973|
645768|Sitthemdown|Emperor Protects|Doombrella|17368|Black|151268|Zerileous|Monkey Time|Doombrella|17368|Black|Expired|0|100|0|9/6/2025 5:41:33 PM|Financial Assistance|4991972|
645768|Sitthemdown|Emperor Protects|Doombrella|17368|Black|484851|enderland|Fields of Elysium|Doombrella|17368|Black|Expired|0|100|0|9/6/2025 5:41:20 PM|Financial Assistance|4991971|
645768|Sitthemdown|Emperor Protects|Doombrella|17368|Black|342957|tayloj7|Rabbitopia|Doombrella|17368|Black|Expired|0|100|0|9/6/2025 5:40:34 PM|Financial Assistance|4991970|
418916|HeroofTime55|New XGA|Non Grata|10097|Maroon|529964|Pelzig|Salusa Secundus|Non Grata|10097|Maroon|Expired|9000000|0|0|9/6/2025 5:35:57 PM|Financial Assistance|4991969|
429171|Inquisitor Gaunt|Cult Imperialis|Global Alliance And Treaty Organization|10003|Brown|405936|Griffy|Rememberence|Global Alliance And Treaty Organization|10003|Brown|Expired|9000000|0|0|9/6/2025 5:09:46 PM|Financial Assistance|4991967|
159192|Matt Bowen|Bowenland|Knights Of The Round Table|10092|Green|526750|Christopher Sedgwick|Wickillian Highlands|Knights Of The Round Table|10092|Green|Expired|6000000|0|1|9/6/2025 5:09:02 PM|Nation Building $|4991966|
159192|Matt Bowen|Bowenland|Knights Of The Round Table|10092|Green|631432|Elector King|Bohemia Moravia|The Prussian Empire|14204|Green|Expired|9000000|0|1|9/6/2025 5:08:25 PM|Tech Deal $9M/100 Tech|4991965|
334182|st6mm|Northern Reich|Disciples of Duckroll|17024|Black|230799|Raymond Jaeger|New Alabama|Doombrella|17368|Black|Expired|9000000|0|0|9/6/2025 4:51:29 PM|Financial Assistance|4991964|
647037|Pachacan Federation|Pachacan Federation|Independent Republic Of Orange Nations|10004|Orange|374610|Captain Crozier|Dime Store Novena|Independent Republic Of Orange Nations|10004|Orange|Expired|0|100|0|9/6/2025 4:51:03 PM|ITF|4991963|
627592|Lord Xamaeron|Celtic Forest|DOOMBIRD DOOMCAVE|10449|Black|646431|The Cute Twin|Vlasic|Doom Squad|16454|Black|Expired|9000000|0|0|9/6/2025 4:47:40 PM|Financial Assistance|4991962|
132232|Justin666|Pain nation 666|Non Grata|10097|Maroon|560469|draggie|Aporia|Non Grata|10097|Maroon|Expired|9000000|0|0|9/6/2025 4:43:07 PM|Financial Assistance|4991961|
578954|Rydin|Vundf|Freehold of The Wolves|15157|White|600118|Habs Nation|Feel the Bern|Freehold of The Wolves|15157|White|Expired|9000000|0|0|9/6/2025 4:28:15 PM|Warchest|4991959|
578954|Rydin|Vundf|Freehold of The Wolves|15157|White|623087|The Dragon5|Dragonhome|Freehold of The Wolves|15157|White|Expired|9000000|0|0|9/6/2025 4:27:29 PM|Warchest|4991958|
578954|Rydin|Vundf|Freehold of The Wolves|15157|White|604148|US Chrisderica|US of Chrisderica|Freehold of The Wolves|15157|White|Expired|9000000|0|0|9/6/2025 4:23:54 PM|Valyrian Tech|4991957|
83962|Victor_Delta|VaultTec|Federation of Armed Nations|10021|Yellow|645372|darkestofdans|Alert1|Federation Of Armed Nations|10021|Yellow|Expired|9000000|0|0|9/6/2025 3:25:24 PM|Financial Assistance|4991956|
532609|KingJohnny|Nechian Empire|Doom Squad|16454|Black|392583|Javier360|Tenochtitlan|DOOMBIRD DOOMCAVE|10449|Black|Expired|0|100|0|9/6/2025 3:09:08 PM|Financial Assistance|4991955|
532609|KingJohnny|Nechian Empire|Doom Squad|16454|Black|627592|Lord Xamaeron|Celtic Forest|DOOMBIRD DOOMCAVE|10449|Black|Expired|0|100|0|9/6/2025 3:05:53 PM|Financial Assistance|4991954|
647200|InsiderThreat|The Silent Proxy|Non Grata|10097|Maroon|49861|rabonnobar|Calabria|Non Grata|10097|Maroon|Expired|0|100|0|9/6/2025 2:41:45 PM|Tech deal|4991952|
531189|Peroman200|Petrolandija|Global Alliance And Treaty Organization|10003|Brown|39430|Kuzuryusen|Jianada|Global Alliance And Treaty Organization|10003|Brown|Expired|0|100|0|9/6/2025 2:15:01 PM|Tech deal|4991950|
395340|Lord Hershey|Palaven|Doom Squad|16454|Black|61657|Umar ibn Abd al-Aziz|Umayyad Caliphate|DOOMBIRD DOOMCAVE|10449|Black|Expired|0|100|0|9/6/2025 1:50:59 PM|Financial Assistance|4991948|
395340|Lord Hershey|Palaven|Doom Squad|16454|Black|624696|Hershicus|DoomsDayShekels|Doom Squad|16454|Black|Expired|0|100|0|9/6/2025 1:50:10 PM|Financial Assistance|4991947|
395340|Lord Hershey|Palaven|Doom Squad|16454|Black|627592|Lord Xamaeron|Celtic Forest|DOOMBIRD DOOMCAVE|10449|Black|Expired|0|100|0|9/6/2025 1:49:57 PM|Financial Assistance|4991946|
395340|Lord Hershey|Palaven|Doom Squad|16454|Black|567720|Cosmic Chocolate|Soaring Eagle|DOOMBIRD DOOMCAVE|10449|Black|Expired|9000000|100|0|9/6/2025 1:49:37 PM|Financial Assistance|4991945|
395340|Lord Hershey|Palaven|Doom Squad|16454|Black|56391|MexiMoot|Mooxico|DOOMBIRD DOOMCAVE|10449|Black|Expired|9000000|100|0|9/6/2025 1:49:10 PM|Financial Assistance|4991943|
353933|Chuck|Teutonic Empire|The Templar Knights|10012|Maroon|132067|Merick|Panamkey|The Templar Knights|10012|Maroon|Expired|9000000|0|0|9/6/2025 1:39:06 PM|Tech Deal|4991941|
430606|KemMo|Maurinaria|Nuclear Proliferation League|17228|Aqua|643625|DERVISHchaff|Sudentor|New Polar Order|10006|Blue|Expired|6000000|0|0|9/6/2025 12:46:43 PM|6/100|4991939|
430606|KemMo|Maurinaria|Nuclear Proliferation League|17228|Aqua|646297|Snorkel|Rockies Folk State|Nuclear Proliferation League|17228|Aqua|Expired|9000000|0|0|9/6/2025 12:44:21 PM|9/100|4991938|
430606|KemMo|Maurinaria|Nuclear Proliferation League|17228|Aqua|645829|blegth|irting|Nuclear Proliferation League|17228|Aqua|Expired|9000000|0|0|9/6/2025 12:43:41 PM|9/100|4991936|
493791|azntrigboi|Symmetry|NATO|10037|Blue|604148|US Chrisderica|US of Chrisderica|Freehold of The Wolves|15157|White|Expired|9000000|0|0|9/6/2025 12:25:21 PM|Valyrian Aid|4991935|
563422|nekro448|North Eugenia|Post Grunge Supergroup|16367|Brown|647120|Stevenpro7|Chik republic|Post Grunge Supergroup|16367|Yellow|Expired|6000000|0|0|9/6/2025 11:42:45 AM|Tech 6m/100t|4991932|
546488|levothy|mycybernation|Knights Of The Round Table|10092|Green|606100|BlackKing|En Passant|Knights Of The Round Table|10092|Green|Expired|0|100|0|9/6/2025 11:36:26 AM|spin 210|4991929|
219727|danhawk|sonyevilempire|The Imperial Order|10082|Blue|604148|US Chrisderica|US of Chrisderica|Freehold of The Wolves|15157|White|Expired|9000|0|0|9/6/2025 11:16:01 AM|Vep aide |4991926|
219727|danhawk|sonyevilempire|The Imperial Order|10082|Blue|562556|Nicholas Strakhov|Kurkazia|Freehold of The Wolves|15157|White|Expired|9000000|0|0|9/6/2025 11:15:01 AM|Vep aide |4991924|
627572|Latexi|Why would I do this|Non Grata|10097|Maroon|327088|spearo|Deep Blue|Non Grata|10097|Maroon|Expired|0|100|0|9/6/2025 10:59:17 AM|Financial Assistance|4991923|
257875|JGolla|Jaytown|New Pacific Order|10000|Red|647186|Paxywoo|Paxyland|New Pacific Order|10000|Red|Expired|9000000|0|0|9/6/2025 10:58:31 AM|Rising Stars|4991922|
155817|MutedFaith|Faithoria|Non Grata|10097|Maroon|639721|TheCompany0|Malacipe|Non Grata|10097|Maroon|Expired|9000000|0|0|9/6/2025 10:48:47 AM|Techdeal|4991920|
457345|Taiki11|Taiki Land|Non Grata|10097|Maroon|319843|Sinister|New Terminal|Non Grata|10097|Maroon|Expired|0|100|0|9/6/2025 10:45:48 AM|Financial Assistance|4991919|
143364|Inkblot|Poverty|Sparta|10008|Black|168237|Ducky is King|Duckys Kingdom|Sparta|10008|Black|Expired|0|100|0|9/6/2025 10:45:42 AM|Financial Assistance|4991918|
86974|Mad Mike|Mikeville|Global Alliance And Treaty Organization|10003|Brown|644785|Optimus881|Wakanda881|Post Grunge Supergroup|16367|Brown|Expired|9000000|0|0|9/6/2025 10:34:18 AM|Until u say when|4991917|
621283|SukinGame|FreeRedthai|Interkosmos|16298|Red|526716|Ultraman|Nebula M78|Interkosmos|16298|Green|Expired|0|100|0|9/6/2025 10:32:47 AM|Financial Assistance|4991916|
39705|Bmk812|Eisenherz|Global Alliance And Treaty Organization|10003|Brown|603950|Michael Locke|Baltorussia|Global Alliance And Treaty Organization|10003|Brown|Expired|6000000|0|0|9/6/2025 10:17:55 AM|Financial Assistance|4991912|
627177|SupaSural|Suraltopia|Post Grunge Supergroup|16367|Brown|636336|Stelth|White Mountain|Union Of Communist Republics|10060|Brown|Expired|0|100|0|9/6/2025 9:52:57 AM|Financial Assistance|4991908|
533035|Scourge|Bosthirda|New Pacific Order|10000|Red|260612|Qazzian|Qaziakstan|New Pacific Order|10000|Red|Expired|0|100|0|9/6/2025 9:52:28 AM|QT Tech|4991907|
635294|King Afonso|Porto Novo|Wurst Alliance|16919|Green|559862|majestic ruler|pedro penduko|Argent|10063|Pink|Expired|0|100|0|9/6/2025 9:39:43 AM|Tech|4991904|
646824|AlphaB|Blue Ribbon|The Legion|10020|Purple|363340|Lord of Coke and Hot Dogs|TOOTLOCAHD|The Legion|10020|Purple|Expired|0|100|0|9/6/2025 9:37:37 AM|Financial Assistance|4991903|
646824|AlphaB|Blue Ribbon|The Legion|10020|Purple|205980|deathbiter|Arrakis2|The Legion|10020|Purple|Expired|0|100|0|9/6/2025 9:36:56 AM|Financial Assistance|4991902|
627972|GearHead|Rosche|NATO|10037|Blue|562556|Nicholas Strakhov|Kurkazia|Freehold of The Wolves|15157|White|Expired|9000000|0|0|9/6/2025 9:21:15 AM|Vep|4991899|
627972|GearHead|Rosche|NATO|10037|Blue|535865|Donbo McSlay|Donbo Land|Federation Of Armed Nations|10021|Yellow|Expired|9000000|0|0|9/6/2025 9:20:57 AM|Vep|4991898|
627972|GearHead|Rosche|NATO|10037|Blue|202168|Dr Doctor|NATO Armed Forces|NATO|10037|Blue|Expired|9000000|0|0|9/6/2025 9:20:19 AM|Vep|4991897|
646984|fruitloomps|Loomberg|Global Alliance And Treaty Organization|10003|Brown|561575|DragonsPhyre|Dragon Spire|Global Alliance And Treaty Organization|10003|Brown|Expired|0|100|0|9/6/2025 9:08:43 AM|Financial Assistance|4991896|
646984|fruitloomps|Loomberg|Global Alliance And Treaty Organization|10003|Brown|32861|Drachonum|drachonia|Global Alliance and Treaty Organization|10003|Brown|Expired|0|100|0|9/6/2025 9:08:14 AM|Financial Assistance|4991895|
39430|Kuzuryusen|Jianada|Global Alliance And Treaty Organization|10003|Brown|646756|DyneVeilstone|Felis Felicitas|Global Alliance And Treaty Organization|10003|Brown|Expired|6000000|0|0|9/6/2025 9:01:41 AM|Financial Assistance|4991894|
642140|Venusia|Tenebris|Post Grunge Supergroup|16367|Brown|577964|WagonWheel|Wagons|Post Grunge Supergroup|16367|Brown|Expired|0|100|0|9/6/2025 8:55:51 AM|Financial Assistance|4991893|
642140|Venusia|Tenebris|Post Grunge Supergroup|16367|Brown|418455|Sabcat|Sabcat Island|Libertarian Socialist Federation|10027|Brown|Expired|0|100|0|9/6/2025 8:55:19 AM|Financial Assistance|4991892|
642140|Venusia|Tenebris|Post Grunge Supergroup|16367|Brown|630254|Venoxis|Anartektica|Post Grunge Supergroup|16367|Brown|Expired|0|100|0|9/6/2025 8:55:06 AM|Financial Assistance|4991891|
141583|jerdge|Gaela|Green Protection Agency|10041|Green|573749|necAnt|Lucky Ants|The Gramlins|17440|Green|Expired|9000000|0|0|9/6/2025 8:45:18 AM|Tech Deal, thx again!|4991889|
407586|FreezingAssassin|Charr|Fark|10002|Aqua|558318|Falcon9|Darkest Chandler|Fark|10002|Aqua|Expired|9000000|0|0|9/6/2025 8:11:38 AM|Financial Assistance|4991885|
407586|FreezingAssassin|Charr|Fark|10002|Aqua|620036|Vex L Zher|Lodraland|Nuclear Proliferation League|17228|White|Expired|9000000|0|0|9/6/2025 8:10:05 AM|9mill/100tech|4991884|
388182|lucky6|Direct Impingement|Federation of Armed Nations|10021|Yellow|340698|Onified|Spork|NATO|10037|Blue|Expired|0|100|0|9/6/2025 8:06:24 AM|Financial Assistance|4991883|
388182|lucky6|Direct Impingement|Federation of Armed Nations|10021|Yellow|593353|Kitkat16|Sofie|NATO|10037|Blue|Expired|0|100|0|9/6/2025 8:06:01 AM|Financial Assistance|4991882|
388182|lucky6|Direct Impingement|Federation of Armed Nations|10021|Yellow|412136|King James II|Michigan II|NATO|10037|Blue|Expired|0|100|0|9/6/2025 8:05:18 AM|Financial Assistance|4991881|
603950|Michael Locke|Baltorussia|Global Alliance And Treaty Organization|10003|Brown|497000|Democzar|frequathrive|Global Alliance And Treaty Organization|10003|Brown|Expired|0|100|0|9/6/2025 7:39:11 AM|Financial Assistance|4991876|
182598|Phrog|Phrogville|CLAWS|15841|Black|525885|Zieg Know|Caldari State|CLAWS|15841|Black|Expired|9000000|0|0|9/6/2025 7:38:22 AM|another $9M for 100 Tech?|4991875|
612774|Oleg the Disfigured|Slag Vrch|Knights Of The Round Table|10092|Green|574720|tuhar|pastia|Knights Of The Round Table|10092|Green|Expired|9000000|0|0|9/6/2025 7:20:41 AM|100 tech please|4991874|
646813|SaberClawd|Nyxus|Global Alliance And Treaty Organization|10003|Brown|39705|Bmk812|Eisenherz|Global Alliance And Treaty Organization|10003|Brown|Expired|0|100|0|9/6/2025 7:19:50 AM|Financial Assistance|4991873|
646813|SaberClawd|Nyxus|Global Alliance And Treaty Organization|10003|Brown|348468|Ghan Khalav|Khalavistan|Global Alliance and Treaty Organization|10003|Brown|Expired|0|100|0|9/6/2025 7:19:31 AM|Financial Assistance|4991872|
556822|Emwem|MUA land|New Pacific Order|10000|Red|243601|Gandroff|Galered|New Pacific Order|10000|Red|Expired|0|100|0|9/6/2025 7:16:41 AM|QT Tech|4991871|
556822|Emwem|MUA land|New Pacific Order|10000|Red|476208|Itzcoliuhqui|Firelands|New Pacific Order|10000|Red|Expired|0|100|0|9/6/2025 7:16:37 AM|QT Tech|4991870|
556822|Emwem|MUA land|New Pacific Order|10000|Red|94143|soultaker|myatt|New Pacific Order|10000|Red|Expired|0|100|0|9/6/2025 7:16:33 AM|QT Tech|4991869|
556822|Emwem|MUA land|New Pacific Order|10000|Red|260612|Qazzian|Qaziakstan|New Pacific Order|10000|Red|Expired|0|100|0|9/6/2025 7:16:25 AM|QT Tech|4991867|
556822|Emwem|MUA land|New Pacific Order|10000|Red|289177|Blaskowicz|Doomsland|New Pacific Order|10000|Red|Expired|0|100|0|9/6/2025 7:16:18 AM|QT Tech|4991866|
80845|Aracto Totar|Taprobane|Viridian Entente|10010|Green|241126|cbuzz24|Angle|Viridian Entente|10010|Green|Expired|0|100|0|9/6/2025 7:13:21 AM|Financial Assistance|4991865|
555535|Presidential|WashingtonDC|Viridian Entente|10010|Green|71592|upchuck|warmarding|Viridian Entente|10010|Green|Expired|0|100|0|9/6/2025 7:12:58 AM|Financial Assistance|4991864|
555535|Presidential|WashingtonDC|Viridian Entente|10010|Green|301014|asawyer|Zabril|Viridian Entente|10010|Green|Expired|0|100|0|9/6/2025 7:12:50 AM|Financial Assistance|4991863|
631459|Gorbachov|Soviet Union|COMECON|16703|Red|526716|Ultraman|Nebula M78|Interkosmos|16298|Green|Expired|0|100|0|9/6/2025 7:10:00 AM|Financial Assistance|4991860|
535786|ThE K9|09Charger|Global Alliance And Treaty Organization|10003|Brown|39705|Bmk812|Eisenherz|Global Alliance And Treaty Organization|10003|Brown|Expired|0|100|0|9/6/2025 6:39:27 AM|Financial Assistance|4991858|
39842|Uelen|Uelen|Global Alliance and Treaty Organization|10003|Brown|646756|DyneVeilstone|Felis Felicitas|Global Alliance And Treaty Organization|10003|Brown|Expired|6000000|0|0|9/6/2025 6:31:04 AM|Tech Deal|4991856|
625634|firingline|TheCastle|The Wolves|16660|Black|225241|Admiral Alexander|The CommonWealthCW|The Wolves|16660|Maroon|Expired|9000000|100|0|9/6/2025 6:29:22 AM|Financial Assistance|4991854|
625634|firingline|TheCastle|The Wolves|16660|Black|640324|Rniee|Petro Valley|The Wolves|16660|Maroon|Expired|9000000|100|0|9/6/2025 6:29:14 AM|Financial Assistance|4991853|
575900|TTexas|TTexas|Post Grunge Supergroup|16367|Brown|647120|Stevenpro7|Chik republic|Post Grunge Supergroup|16367|Yellow|Expired|6000000|0|0|9/6/2025 6:13:32 AM|I want 100 Tech|4991851|
575900|TTexas|TTexas|Post Grunge Supergroup|16367|Brown|647147|Xdzwzd|Kamona|Post Grunge Supergroup|16367|None|Expired|6000000|0|0|9/6/2025 6:13:10 AM|I want 100 Tech|4991850|
588320|RUB10|Establishmentaria|Non Grata|10097|Maroon|407657|Shtanto|Shtanto|Non Grata|10097|Maroon|Expired|0|100|0|9/6/2025 6:10:18 AM|Financial Assistance|4991849|
416942|Chris Kaos|The Kingdom of Kaos|Global Alliance And Treaty Organization|10003|Brown|647334|Healthy|Perfectly Healthy|Global Alliance And Treaty Organization|10003|Brown|Expired|6000000|0|0|9/6/2025 6:02:08 AM|Financial Assistance|4991848|
348468|Ghan Khalav|Khalavistan|Global Alliance and Treaty Organization|10003|Brown|645136|district10VICTOR|Amelo|Global Alliance And Treaty Organization|10003|Brown|Expired|6000000|0|0|9/6/2025 5:30:52 AM|Tech|4991847|
646681|Jokkeh|Andebu Technocracy|New Pacific Order|10000|Red|289177|Blaskowicz|Doomsland|New Pacific Order|10000|Red|Expired|0|100|0|9/6/2025 5:13:48 AM|Financial Assistance|4991846|
646681|Jokkeh|Andebu Technocracy|New Pacific Order|10000|Red|260612|Qazzian|Qaziakstan|New Pacific Order|10000|Red|Expired|0|100|0|9/6/2025 5:13:34 AM|Financial Assistance|4991845|
505179|amyameretta|Finlandia|New Pacific Order|10000|Red|580705|Theory|Westermont|New Pacific Order|10000|Red|Expired|9000000|0|0|9/6/2025 5:07:03 AM|Bankroll|4991844|
505179|amyameretta|Finlandia|New Pacific Order|10000|Red|551335|Hakora Kiyanto|Makayan|New Pacific Order|10000|Red|Expired|9000000|0|0|9/6/2025 5:06:55 AM|Bankroll|4991843|
505179|amyameretta|Finlandia|New Pacific Order|10000|Red|646681|Jokkeh|Andebu Technocracy|New Pacific Order|10000|Red|Expired|9000000|0|0|9/6/2025 5:06:47 AM|QT Pay|4991842|
631302|Gatherum|Vermis|Non Grata|10097|Maroon|307315|ni431|ni nation|Non Grata|10097|Maroon|Expired|0|100|0|9/6/2025 4:43:17 AM|Financial Assistance|4991840|
637264|RiddervanGelre|Nieuw Gelre|CLAWS|15841|Black|586922|WileyXero|Wiley|CLAWS|15841|Black|Expired|0|100|0|9/6/2025 4:38:55 AM|Financial Assistance|4991836|
637264|RiddervanGelre|Nieuw Gelre|CLAWS|15841|Black|277593|falconer360|Gondowan|CLAWS|15841|Purple|Expired|0|100|0|9/6/2025 4:38:44 AM|Financial Assistance|4991835|
331985|aljabarian|CrabMan|Knights Of The Round Table|10092|Green|632937|informator|Ukrainians|Knights Of The Round Table|10092|Green|Expired|9000000|0|0|9/6/2025 3:43:06 AM|Tech Deal|4991829|
385567|NinoCelestial|Ciudad de leon|Fark|10002|Aqua|634960|SYEDZaadas|Islamizationia|Nuclear Proliferation League|17228|Aqua|Expired|6000000|0|0|9/6/2025 3:41:51 AM|tech deal|4991828|
385567|NinoCelestial|Ciudad de leon|Fark|10002|Aqua|647159|HarryJames|Rigbyium|Nuclear Proliferation League|17228|Aqua|Expired|6000000|0|0|9/6/2025 3:40:53 AM|tech deal|4991827|
643449|Esabbi|Liberation Islands|Post Grunge Supergroup|16367|Brown|608458|Johnny Cutlass|Claw Key|Knights Of The Round Table|10092|Aqua|Expired|0|100|0|9/6/2025 3:37:11 AM|Tech deal 100t/9m|4991826|
643449|Esabbi|Liberation Islands|Post Grunge Supergroup|16367|Brown|630254|Venoxis|Anartektica|Post Grunge Supergroup|16367|Brown|Expired|0|100|0|9/6/2025 3:36:27 AM|Tech deal 100t/9m|4991825|
518469|Combmartin Mining Co|Combe Martin|Knights of the Round Table|10092|Green|637223|ItsShader|Empire of Kazdouria|Knights Of The Round Table|10092|Green|Expired|9000000|0|0|9/6/2025 3:31:01 AM|9/100 tech business|4991823|
404176|Sadero|Saderia|New Polar Order|10006|Blue|553210|tenbob|Mayoabu|New Polar Order|10006|Blue|Expired|0|100|0|9/6/2025 3:30:10 AM|RATS Tech|4991821|
404176|Sadero|Saderia|New Polar Order|10006|Blue|497470|Skaros Thunderbane|Shimazu Conglomerate|New Polar Order|10006|Blue|Expired|0|100|0|9/6/2025 3:30:01 AM|ICECAP Tech|4991820|
404176|Sadero|Saderia|New Polar Order|10006|Blue|597501|JayMillz|Curel|New Polar Order|10006|Blue|Expired|0|100|0|9/6/2025 3:27:58 AM|ICECAP Tech|4991819|
404176|Sadero|Saderia|New Polar Order|10006|Blue|262358|Johnny123|Johhny|New Polar Order|10006|Blue|Expired|0|100|0|9/6/2025 3:27:52 AM|ICECAP Tech|4991818|
516493|The dutch Dragonborn|The Dutch Dragonborn|New Polar Order|10006|Blue|591794|Raden Wijaya|Kerajaan Majapahit|New Polar Order|10006|Green|Expired|9000000|0|0|9/6/2025 3:07:21 AM|War is looming! See Forum|4991817|
619806|Epimethys|Pyrrha|Doombrella|17368|Black|466941|Komplex|Despair|DOOMBIRD DOOMCAVE|10449|Black|Expired|0|100|0|9/6/2025 2:44:15 AM|Financial Assistance|4991816|
619806|Epimethys|Pyrrha|Doombrella|17368|Black|624696|Hershicus|DoomsDayShekels|Doom Squad|16454|Black|Expired|0|100|0|9/6/2025 2:43:43 AM|Financial Assistance|4991815|
645688|Queen Victoria Hale|Kingdom of Thalassia|Post Grunge Supergroup|16367|Brown|633062|SoloRocket|Rocket Republic|Post Grunge Supergroup|16367|Brown|Expired|0|100|0|9/6/2025 2:27:34 AM|Financial Assistance|4991810|
424757|Round Table|Knights of the Grail|Knights of the Round Table|10092|Green|647390|Godwin of wessex|The land of Wessex|Knights Of The Round Table|10092|Green|Expired|6000000|0|0|9/6/2025 2:26:08 AM|Tech Deal 6/100?|4991809|
644950|Oddin|Glendor|The Grand Lodge Of Freemasons|10029|Orange|120237|Ice Princess|Tundra Mountain|The Grand Lodge of Freemasons|10029|Orange|Expired|0|100|0|9/6/2025 2:12:55 AM|Tech Deal|4991807|
639335|Swamplandia|Horna|NATO|10037|Blue|627972|GearHead|Rosche|NATO|10037|Blue|Expired|0|100|0|9/6/2025 2:08:17 AM|Financial Assistance|4991805|
646383|Son Of Him|Land of Forever|aNiMaLz|17433|Black|308695|Indiomaestro|Jahara|The Dark Templar|10056|Black|Expired|0|100|0|9/6/2025 1:36:17 AM|Financial Assistance|4991804|
631706|Silver Witch|Virtual Empire|The Legion|10020|Purple|363340|Lord of Coke and Hot Dogs|TOOTLOCAHD|The Legion|10020|Purple|Expired|0|100|0|9/6/2025 1:34:04 AM|Caesar|4991803|
631706|Silver Witch|Virtual Empire|The Legion|10020|Purple|197161|Juleandor|Kleptoville|The Legion|10020|Purple|Expired|0|100|0|9/6/2025 1:30:46 AM|Caesar|4991802|
631706|Silver Witch|Virtual Empire|The Legion|10020|Purple|205980|deathbiter|Arrakis2|The Legion|10020|Purple|Expired|0|100|0|9/6/2025 1:30:14 AM|Caesar|4991801|
257166|Yggdrazil|Ginginugap|Independent Republic Of Orange Nations|10004|Orange|468521|Riptide|HangTen|Independent Republic Of Orange Nations|10004|Orange|Expired|0|100|0|9/6/2025 1:27:40 AM|itf|4991800|
646885|Justin Ordinary|Ordinary|Knights Of The Round Table|10092|Green|588563|Kasper|Skora Horda|Knights Of The Round Table|10092|Green|Expired|0|100|0|9/6/2025 12:58:52 AM|Ordinaryology|4991799|
644936|bertcoin|Bertlandia|Knights Of The Round Table|10092|Green|646230|Canuck|Oh Canada|Knights Of The Round Table|10092|Green|Expired|9000000|0|0|9/6/2025 12:43:31 AM|Tech deal|4991794|
640161|ToiletGaming3000|Good Game|New Polar Order|10006|Blue|597501|JayMillz|Curel|New Polar Order|10006|Blue|Expired|0|100|0|9/6/2025 12:19:40 AM|ICECAP Tech|4991792|
639833|sogekido|sinetron|Nordreich|11319|Maroon|274261|Ub3rdude|Uberlandia|Nordreich|11319|Maroon|Expired|0|100|0|9/6/2025 12:17:09 AM|Financial Assistance|4991791|
634284|mikeymikes|batmanism|Doombrella|17368|Black|202255|onelove|We Are One Love|Doombrella|17368|Black|Expired|9000000|100|4000|9/6/2025 12:12:00 AM|aids |4991789|
372061|Mandystalin|Lutonstan|The Templar Knights|10012|Maroon|551356|NuclearGlow|Dawg Nation|The Templar Knights|10012|Maroon|Expired|9000000|0|0|9/6/2025 12:09:48 AM|Financial Assistance|4991788|
627972|GearHead|Rosche|NATO|10037|Blue|637646|Anarch Nexus|Aevum Providence|Christian Coalition Of Countries|10028|Maroon|Expired|9000000|0|0|9/5/2025 11:56:15 PM|Vep|4991785|
119121|mahmah|Banglia|The Grand Lodge of Freemasons|10029|Orange|635658|Chaotican|United CroatiaUC|Wurst Alliance|16919|Green|Expired|9000000|0|0|9/5/2025 11:43:48 PM|Financial Assistance|4991781|
168237|Ducky is King|Duckys Kingdom|Sparta|10008|Black|509652|Tombark|Krispy|Sparta|10008|Black|Expired|6000000|0|0|9/5/2025 11:26:30 PM|Tech Deal|4991780|
638461|Jerby|Simulacra|Non Grata|10097|Maroon|418916|HeroofTime55|New XGA|Non Grata|10097|Maroon|Expired|0|100|0|9/5/2025 10:08:56 PM|Financial Assistance|4991772|
647271|Overlord121|Velmorra|Knights Of The Round Table|10092|Green|632798|KYBALION|HVITIRDREKAR|Knights Of The Round Table|10092|Green|Expired|0|100|0|9/5/2025 10:00:26 PM|Financial Assistance|4991771|
113773|Njero|Njebooro|NATO|10037|Blue|541983|CVO|Kush|NATO|10037|Blue|Expired|0|100|0|9/5/2025 9:37:45 PM|Valyrian Aid|4991769|
113773|Njero|Njebooro|NATO|10037|Blue|283424|Dropo7777|DelOrto|NATO|10037|Blue|Expired|0|100|0|9/5/2025 9:37:36 PM|Valyrian Aid|4991768|
113773|Njero|Njebooro|NATO|10037|Blue|440257|lonabis|flying dutchmen|NATO|10037|Blue|Expired|0|100|0|9/5/2025 9:37:27 PM|Valyrian Aid|4991767|
113773|Njero|Njebooro|NATO|10037|Blue|414337|Shadowfury|Illyria|Freehold of The Wolves|15157|Black|Expired|0|100|0|9/5/2025 9:37:18 PM|Valyrian Aid|4991766|
113773|Njero|Njebooro|NATO|10037|Blue|340698|Onified|Spork|NATO|10037|Blue|Expired|0|100|0|9/5/2025 9:37:10 PM|Valyrian Aid|4991765|
113773|Njero|Njebooro|NATO|10037|Blue|482099|Sir Gunz|Talent|Christian Coalition Of Countries|10028|Maroon|Expired|0|100|0|9/5/2025 9:36:59 PM|Valyrian Aid|4991764|
202255|onelove|We Are One Love|Doombrella|17368|Black|635159|xAnri|xRoan|Doombrella|17368|Black|Expired|9000000|0|0|9/5/2025 9:12:23 PM|Financial Assistance|4991762|
80170|stevent37|Buffalonia|Freehold of The Wolves|15157|White|535013|Deadwartin|Republic of SOS|Freehold of The Wolves|15157|White|Expired|9000000|0|0|9/5/2025 9:00:06 PM|Brining sexy back|4991760|
418916|HeroofTime55|New XGA|Non Grata|10097|Maroon|626678|slothix|Kevin|Non Grata|10097|Maroon|Expired|9000000|0|0|9/5/2025 8:10:28 PM|Financial Assistance|4991757|
418916|HeroofTime55|New XGA|Non Grata|10097|Maroon|457345|Taiki11|Taiki Land|Non Grata|10097|Maroon|Expired|9000000|0|0|9/5/2025 8:10:12 PM|Financial Assistance|4991756|
418916|HeroofTime55|New XGA|Non Grata|10097|Maroon|646950|KarmaBlaster|NoNameIstan|Non Grata|10097|Maroon|Expired|9000000|0|0|9/5/2025 8:10:01 PM|Financial Assistance|4991755|
541311|King Quincy|Confederate USA|Green Protection Agency|10041|Green|545923|VHongo|Canadian Dominanace|Green Protection Agency|10041|Green|Expired|9000000|0|0|9/5/2025 8:07:45 PM|Financial Assistance|4991754|
626421|JesusCrocs|Isla Guahan|Knights Of The Round Table|10092|Green|632798|KYBALION|HVITIRDREKAR|Knights Of The Round Table|10092|Green|Expired|0|100|0|9/5/2025 7:57:08 PM|Take muh Tek|4991752|
626421|JesusCrocs|Isla Guahan|Knights Of The Round Table|10092|Green|449283|Sir Benevale|Orangewall|Knights of the Round Table|10092|Green|Expired|0|100|0|9/5/2025 7:56:49 PM|Take muh Tek|4991751|
538690|CrinkledStraw|The Fierce Crown|Non Grata|10097|Maroon|418916|HeroofTime55|New XGA|Non Grata|10097|Maroon|Expired|0|100|0|9/5/2025 7:19:58 PM|Financial Assistance|4991747|
580044|Sir Kiloist|Tiocfaidh ar la|Global Alliance And Treaty Organization|10003|Brown|646409|Kingdjthadestroyer|King Dj|Global Alliance And Treaty Organization|10003|Brown|Expired|9000000|0|0|9/5/2025 6:23:39 PM|Financial Assistance|4991744|
580044|Sir Kiloist|Tiocfaidh ar la|Global Alliance And Treaty Organization|10003|Brown|646738|TechLord|TechLord|Global Alliance And Treaty Organization|10003|Brown|Expired|9000000|0|0|9/5/2025 6:22:43 PM|Financial Assistance|4991742|
580044|Sir Kiloist|Tiocfaidh ar la|Global Alliance And Treaty Organization|10003|Brown|646762|Kevlar|Sasquatch|Global Alliance And Treaty Organization|10003|Brown|Expired|9000000|0|0|9/5/2025 6:22:23 PM|Financial Assistance|4991741|
25527|Flembosh|Randall|Mostly Harmless Alliance|14879|Aqua|583468|Qldvespanut|Mr Ben|Mostly Harmless Alliance|14879|Aqua|Expired|0|100|0|9/5/2025 6:06:12 PM|Financial Assistance|4991739|
516493|The dutch Dragonborn|The Dutch Dragonborn|New Polar Order|10006|Blue|642764|Nerdslayerx|Friheden|New Polar Order|10006|Blue|Expired|9000000|0|0|9/5/2025 6:04:56 PM|ICECAP Cash|4991738|
516493|The dutch Dragonborn|The Dutch Dragonborn|New Polar Order|10006|Blue|640161|ToiletGaming3000|Good Game|New Polar Order|10006|Blue|Expired|9000000|0|0|9/5/2025 6:04:48 PM|ICECAP Cash|4991737|
516493|The dutch Dragonborn|The Dutch Dragonborn|New Polar Order|10006|Blue|639953|Mihail the Just|Republic of Onivlac|New Polar Order|10006|Blue|Expired|9000000|0|0|9/5/2025 6:04:38 PM|ICECAP Cash|4991736|
266131|RA2Leader|Soviet USA|Madlads Union|17130|Brown|645688|Queen Victoria Hale|Kingdom of Thalassia|Post Grunge Supergroup|16367|Brown|Expired|6000000|0|0|9/5/2025 6:00:12 PM|Tech deal|4991735|
256346|Emperor SVB|Empire Of SVB|New Pacific Order|10000|Red|605|Dilber|Dilber|New Pacific Order|10000|Red|Expired|9000000|0|0|9/5/2025 5:49:34 PM|Bankroll|4991734|
647347|RealShrimpShady|Shrimplandia|NATO|10037|Blue|638815|BushyBeaver|Beaveland|NATO|10037|Blue|Expired|0|100|0|9/5/2025 5:28:17 PM|Financial Assistance|4991731|
155031|joanne1|Tweetypie|Non Grata|10097|Maroon|645844|Dario the Great|Darioland|Non Grata|10097|Maroon|Expired|9000000|0|0|9/5/2025 5:25:45 PM|Financial Assistance|4991730|
497470|Skaros Thunderbane|Shimazu Conglomerate|New Polar Order|10006|Blue|641765|Chandragupta Maurya|Maurya Dynasty|New Polar Order|10006|Blue|Expired|9000000|0|0|9/5/2025 4:49:24 PM|Icecap Cash|4991722|
583069|Embowaf|Ilium|Mostly Harmless Alliance|14879|Aqua|645652|SpaceGhostCTC|Phantom crusier|Federation Of Armed Nations|10021|Yellow|Expired|9000000|0|0|9/5/2025 4:35:40 PM|VEP|4991721|
583069|Embowaf|Ilium|Mostly Harmless Alliance|14879|Aqua|467217|aroswing|Land of Darkness|Freehold of The Wolves|15157|White|Expired|9000000|0|0|9/5/2025 4:35:13 PM|VEP|4991720|
583069|Embowaf|Ilium|Mostly Harmless Alliance|14879|Aqua|637646|Anarch Nexus|Aevum Providence|Christian Coalition Of Countries|10028|Maroon|Expired|9000000|0|0|9/5/2025 4:34:50 PM|VEP|4991719|
325990|Bleak Outlook|New Dun Likus|Fark|10002|Aqua|428668|EViL0nE|Hivestonia|Fark|10002|Aqua|Expired|0|100|0|9/5/2025 4:28:29 PM|Twenty Questions BONUS!!!|4991718|
544732|axel3200|Valta|New Pacific Order|10000|Red|543701|AlphaDio|Landreth|New Pacific Order|10000|Red|Expired|0|100|0|9/5/2025 4:08:19 PM|QT Tech|4991716|
544732|axel3200|Valta|New Pacific Order|10000|Red|234918|LordOfTheLand|APIGP|New Pacific Order|10000|Red|Expired|0|100|0|9/5/2025 4:08:16 PM|QT Tech|4991715|
544732|axel3200|Valta|New Pacific Order|10000|Red|601748|Tarfiel|Babblefish|New Pacific Order|10000|Red|Expired|0|100|0|9/5/2025 4:08:13 PM|QT Tech|4991714|
544732|axel3200|Valta|New Pacific Order|10000|Red|16124|Hatterson|Hamlin|New Pacific Order|10000|Red|Expired|0|100|0|9/5/2025 4:08:10 PM|QT Tech|4991713|
544732|axel3200|Valta|New Pacific Order|10000|Red|565552|Kayla Frost|Anselion|New Pacific Order|10000|Red|Expired|0|100|0|9/5/2025 4:08:07 PM|QT Tech|4991712|
544732|axel3200|Valta|New Pacific Order|10000|Red|515093|GoldenAura|Communist Crackous|New Pacific Order|10000|Red|Expired|0|100|0|9/5/2025 4:08:01 PM|QT Tech|4991711|
2621|James|TIEIXIAIS|Non Grata|10097|Maroon|560469|draggie|Aporia|Non Grata|10097|Maroon|Expired|9000000|0|0|9/5/2025 4:04:39 PM|Financial Assistance|4991709|
141583|jerdge|Gaela|Green Protection Agency|10041|Green|23377|Pippedy|Lauran|Green Protection Agency|10041|Green|Expired|9000000|0|0|9/5/2025 3:52:00 PM|Forever Aid|4991708|
18236|javaswiller|swillerland|Freehold of The Wolves|15157|White|535013|Deadwartin|Republic of SOS|Freehold of The Wolves|15157|White|Expired|9000000|0|0|9/5/2025 3:31:58 PM|Financial Assistance|4991707|
18236|javaswiller|swillerland|Freehold of The Wolves|15157|White|613652|Peterkin|Quaraguay|Freehold of The Wolves|15157|White|Expired|9000000|0|0|9/5/2025 3:28:57 PM|Financial Assistance|4991706|
203961|porkpotpie|UnitedCanance|CLAWS|15841|Black|613764|Aggressor|Waifu Hunters|CLAWS|15841|Black|Expired|9000000|0|0|9/5/2025 2:20:07 PM|Financial Assistance|4991700|
529267|Pastor Jason|Gods Country|Doom Squad|16454|Black|567720|Cosmic Chocolate|Soaring Eagle|DOOMBIRD DOOMCAVE|10449|Black|Expired|0|100|0|9/5/2025 2:12:28 PM|Jesus loves you|4991699|
529267|Pastor Jason|Gods Country|Doom Squad|16454|Black|364329|Donnie Darko|DarkoLand|Doom Squad|16454|Black|Expired|0|100|0|9/5/2025 2:11:41 PM|Jesus Christ is Lord |4991698|
529267|Pastor Jason|Gods Country|Doom Squad|16454|Black|93757|Irons82|Zero-One|DOOMBIRD DOOMCAVE|10449|Black|Expired|0|100|0|9/5/2025 2:10:35 PM|Jesus Christ is Lord |4991697|
529267|Pastor Jason|Gods Country|Doom Squad|16454|Black|96568|Dagny Taggart|Galtian Commune|DOOMBIRD DOOMCAVE|10449|Black|Expired|0|100|0|9/5/2025 2:10:14 PM|Jesus Christ is Lord |4991696|
529267|Pastor Jason|Gods Country|Doom Squad|16454|Black|61657|Umar ibn Abd al-Aziz|Umayyad Caliphate|DOOMBIRD DOOMCAVE|10449|Black|Expired|0|100|0|9/5/2025 2:09:04 PM|Jesus is Lord|4991695|
642764|Nerdslayerx|Friheden|New Polar Order|10006|Blue|553210|tenbob|Mayoabu|New Polar Order|10006|Blue|Expired|0|100|0|9/5/2025 1:56:47 PM|RATS Tech|4991694|
642764|Nerdslayerx|Friheden|New Polar Order|10006|Blue|497470|Skaros Thunderbane|Shimazu Conglomerate|New Polar Order|10006|Blue|Expired|0|100|0|9/5/2025 1:55:41 PM|ICECAP Tech|4991690|
642764|Nerdslayerx|Friheden|New Polar Order|10006|Blue|597501|JayMillz|Curel|New Polar Order|10006|Blue|Expired|0|100|0|9/5/2025 1:55:25 PM|ICECAP Tech|4991689|
522964|Nuclear tech 2|Nuclear tech 2|Nuclear Proliferation League|17228|Black|620036|Vex L Zher|Lodraland|Nuclear Proliferation League|17228|White|Expired|9000000|0|0|9/5/2025 1:28:56 PM|Tech deal (Tech received)|4991686|
109489|blackpony|the Mad Ninja|Freehold of The Wolves|15157|White|645652|SpaceGhostCTC|Phantom crusier|Federation Of Armed Nations|10021|Yellow|Expired|9000000|0|0|9/5/2025 1:22:05 PM|Vep cash|4991684|
109489|blackpony|the Mad Ninja|Freehold of The Wolves|15157|White|637646|Anarch Nexus|Aevum Providence|Christian Coalition Of Countries|10028|Maroon|Expired|9000000|0|0|9/5/2025 1:21:48 PM|Vep cash|4991683|
646118|King Lavey|Republic of Hamster|The Prussian Empire|14204|Green|255997|archduke jack|vittatorio|New Polar Order|10006|Blue|Expired|0|100|0|9/5/2025 1:14:10 PM|Financial Assistance|4991681|
646090|big daddy 69|Underwater Rapture|The Prussian Empire|14204|Green|255997|archduke jack|vittatorio|New Polar Order|10006|Blue|Expired|0|100|0|9/5/2025 1:12:32 PM|Tech|4991679|
646090|big daddy 69|Underwater Rapture|The Prussian Empire|14204|Green|630575|Sven Herrman|Germanus|The Prussian Empire|14204|Green|Expired|0|100|0|9/5/2025 1:12:21 PM|Tech|4991678|
646090|big daddy 69|Underwater Rapture|The Prussian Empire|14204|Green|639165|Otto Die Heilige|Holy Roman Reich|The Prussian Empire|14204|Green|Expired|0|100|0|9/5/2025 1:10:36 PM|Tech|4991677|
645994|Emperor Hintz|Hintztopia|The Prussian Empire|14204|Green|255997|archduke jack|vittatorio|New Polar Order|10006|Blue|Expired|0|100|0|9/5/2025 1:08:17 PM|tech deal|4991676|
645994|Emperor Hintz|Hintztopia|The Prussian Empire|14204|Green|639165|Otto Die Heilige|Holy Roman Reich|The Prussian Empire|14204|Green|Expired|0|100|0|9/5/2025 1:08:08 PM|tech deal|4991675|
646230|Canuck|Oh Canada|Knights Of The Round Table|10092|Green|255997|archduke jack|vittatorio|New Polar Order|10006|Blue|Expired|0|100|0|9/5/2025 1:04:50 PM|Financial Assistance|4991674|
505179|amyameretta|Finlandia|New Pacific Order|10000|Red|555876|Khandov|Polonia Overlordship|New Pacific Order|10000|Red|Expired|9000000|0|0|9/5/2025 12:56:01 PM|Bankroll|4991672|
505179|amyameretta|Finlandia|New Pacific Order|10000|Red|605|Dilber|Dilber|New Pacific Order|10000|Red|Expired|9000000|0|0|9/5/2025 12:55:57 PM|Bankroll|4991671|
291874|Dr Triffid|West By God Virginia|Fark|10002|Aqua|428668|EViL0nE|Hivestonia|Fark|10002|Aqua|Expired|0|50|0|9/5/2025 12:52:32 PM|20 Questions winner|4991669|
604148|US Chrisderica|US of Chrisderica|Freehold of The Wolves|15157|White|414337|Shadowfury|Illyria|Freehold of The Wolves|15157|Black|Expired|0|100|0|9/5/2025 12:27:29 PM|Valyrian Aid|4991663|
604148|US Chrisderica|US of Chrisderica|Freehold of The Wolves|15157|White|229836|apemax|smugglers and mercs|The Imperial Order|10082|Blue|Expired|0|100|0|9/5/2025 12:27:14 PM|Valyrian Aid|4991662|
418644|shakespeare|shakespeare|Freehold of The Wolves|15157|White|647368|EvanTheChad|Chadland|The Phoenix Federation|17385|Black|Expired|6000000|0|0|9/5/2025 12:26:20 PM|Wolf Aid|4991661|
418644|shakespeare|shakespeare|Freehold of The Wolves|15157|White|647196|Supreme King|New Valerion|The Phoenix Federation|17385|Orange|Expired|6000000|0|0|9/5/2025 12:26:07 PM|Wolf Aid|4991660|
638157|Karifire|Hogsmead|Doom Squad|16454|Black|470323|plaw44|infinite desire|Doombrella|17368|Black|Expired|0|100|0|9/5/2025 12:21:44 PM|Financial Assistance|4991659|
638157|Karifire|Hogsmead|Doom Squad|16454|Black|61657|Umar ibn Abd al-Aziz|Umayyad Caliphate|DOOMBIRD DOOMCAVE|10449|Black|Expired|0|100|0|9/5/2025 12:21:31 PM|Financial Assistance|4991658|
638157|Karifire|Hogsmead|Doom Squad|16454|Black|326267|Steeldor|Jerel|DOOMBIRD DOOMCAVE|10449|Black|Expired|0|100|0|9/5/2025 12:21:15 PM|Financial Assistance|4991657|
638157|Karifire|Hogsmead|Doom Squad|16454|Black|392583|Javier360|Tenochtitlan|DOOMBIRD DOOMCAVE|10449|Black|Expired|0|100|0|9/5/2025 12:21:06 PM|Financial Assistance|4991656|
638157|Karifire|Hogsmead|Doom Squad|16454|Black|606462|Iamjust0ne|Senstown|Doom Squad|16454|Black|Expired|0|100|0|9/5/2025 12:20:48 PM|Financial Assistance|4991655|
638157|Karifire|Hogsmead|Doom Squad|16454|Black|622221|cobwebbyarc6|Dasein|Doom Squad|16454|Black|Expired|0|100|0|9/5/2025 12:20:26 PM|Financial Assistance|4991654|
616861|TomoGozen|Shoganai|Global Alliance And Treaty Organization|10003|Brown|313301|MK4Slowride|MK4Slowride|Global Alliance And Treaty Organization|10003|Brown|Expired|0|100|0|9/5/2025 12:20:12 PM|Financial Assistance|4991653|
643474|Thilsh|Ibvralia|Post Grunge Supergroup|16367|Brown|604287|Hazib|Kingdom of Lemuria|CLAWS|15841|Black|Expired|0|100|0|9/5/2025 12:12:13 PM|Financial Assistance|4991652|
556496|rheebrosinc|SwagJuice|Christian Coalition Of Countries|10028|Maroon|482099|Sir Gunz|Talent|Christian Coalition Of Countries|10028|Maroon|Expired|0|100|0|9/5/2025 12:07:50 PM|valyrian tech|4991651|
418644|shakespeare|shakespeare|Freehold of The Wolves|15157|White|535013|Deadwartin|Republic of SOS|Freehold of The Wolves|15157|White|Expired|9000000|0|0|9/5/2025 12:00:14 PM|Wolf Aid|4991649|
603950|Michael Locke|Baltorussia|Global Alliance And Treaty Organization|10003|Brown|83518|Johnny Apocalypse|Anubia|Global Alliance And Treaty Organization|10003|Brown|Expired|0|100|0|9/5/2025 11:49:04 AM|Financial Assistance|4991648|
319343|realpal|REALPAL|Fark|10002|Aqua|558318|Falcon9|Darkest Chandler|Fark|10002|Aqua|Expired|9000000|0|0|9/5/2025 11:40:02 AM|Financial Assistance|4991647|
641765|Chandragupta Maurya|Maurya Dynasty|New Polar Order|10006|Blue|526631|Fyston|Gallifrey|New Polar Order|10006|Blue|Expired|0|100|0|9/5/2025 11:37:20 AM|Aid Fall|4991646|
618150|Lyanna Mormont|Bear Island 4 Lyfe|Non Grata|10097|Maroon|230895|TCTriangle|Taninsania|Non Grata|10097|Maroon|Expired|0|100|0|9/5/2025 11:21:57 AM|Financial Assistance|4991644|
618150|Lyanna Mormont|Bear Island 4 Lyfe|Non Grata|10097|Maroon|188637|Caustic|Hazardous Materials|Non Grata|10097|Maroon|Expired|0|100|0|9/5/2025 11:21:53 AM|Financial Assistance|4991643|
618150|Lyanna Mormont|Bear Island 4 Lyfe|Non Grata|10097|Maroon|634448|Stewie|Stewieland III|Non Grata|10097|Maroon|Expired|0|100|0|9/5/2025 11:21:50 AM|Financial Assistance|4991642|
618150|Lyanna Mormont|Bear Island 4 Lyfe|Non Grata|10097|Maroon|155826|weebl2000|Azeer|Non Grata|10097|Maroon|Expired|0|100|0|9/5/2025 11:21:44 AM|Financial Assistance|4991641|
643741|Danteeternity|Balan|Post Grunge Supergroup|16367|Brown|528882|JSoprano|Darasuum|Post Grunge Supergroup|16367|Brown|Expired|0|100|0|9/5/2025 11:07:44 AM|Tech Deal|4991639|
546488|levothy|mycybernation|Knights Of The Round Table|10092|Green|607597|LukeDiamondking|Kosletraf Empire|The Greater Confederacy|16370|Green|Expired|9000000|100|4000|9/5/2025 10:33:35 AM|Tech Insurance zUTIA|4991635|
393441|John Clark|Rainbow|Valhalla|15563|Purple|629180|filgod|Sicara|The Legion|10020|Purple|Expired|0|100|0|9/5/2025 10:14:55 AM|Financial Assistance|4991634|
393441|John Clark|Rainbow|Valhalla|15563|Purple|197161|Juleandor|Kleptoville|The Legion|10020|Purple|Expired|0|100|0|9/5/2025 10:14:47 AM|Financial Assistance|4991633|
230895|TCTriangle|Taninsania|Non Grata|10097|Maroon|560469|draggie|Aporia|Non Grata|10097|Maroon|Expired|9000000|0|0|9/5/2025 9:38:44 AM|Tech Circle|4991629|
8515|Turetel|Turetel|Freehold of The Wolves|15157|White|467217|aroswing|Land of Darkness|Freehold of The Wolves|15157|White|Expired|9000000|0|0|9/5/2025 9:16:34 AM|Valyrian Aid|4991622|
646764|Reverend Edo|Outopostan|Global Alliance And Treaty Organization|10003|Brown|394625|Empress Elizabeth|DeWitt|Global Alliance And Treaty Organization|10003|Brown|Expired|0|100|0|9/5/2025 9:04:22 AM|Financial Assistance|4991618|
280326|Scytale|Tleilax|Fark|10002|Aqua|645740|ShadowSleeper|Noevgono|Nuclear Proliferation League|17228|Aqua|Expired|9000000|0|0|9/5/2025 8:54:38 AM|tech|4991615|
583519|Mirakil|The Doom Legions|Freehold of The Wolves|15157|White|647422|WarLordSnaxx|Snackdom|Freehold of The Wolves|15157|White|Expired|6000000|0|0|9/5/2025 8:50:12 AM|Its free real estate|4991614|
144708|Matthew PK|Commonwealth of LoL|Doombrella|17368|Black|646870|Waffless|Wafflandia|Doombrella|17368|Black|Expired|9000000|0|0|9/5/2025 8:46:59 AM|Financial Assistance|4991612|
144708|Matthew PK|Commonwealth of LoL|Doombrella|17368|Black|101493|ak47don|sicily mafia|Doombrella|17368|Black|Expired|9000000|0|0|9/5/2025 8:46:17 AM|Financial Assistance|4991611|
257875|JGolla|Jaytown|New Pacific Order|10000|Red|552125|Mouseman490|The Empire of Klein|New Pacific Order|10000|Red|Expired|9000000|0|0|9/5/2025 8:42:16 AM|Bankroll|4991610|
257875|JGolla|Jaytown|New Pacific Order|10000|Red|609716|xander99|Melton|New Pacific Order|10000|Red|Expired|9000000|0|0|9/5/2025 8:42:05 AM|Bankroll|4991608|
257875|JGolla|Jaytown|New Pacific Order|10000|Red|605|Dilber|Dilber|New Pacific Order|10000|Red|Expired|9000000|0|0|9/5/2025 8:42:01 AM|Bankroll|4991607|
281387|Thud III|Thudsylvania|CLAWS|15841|Black|626161|54vee|Tallinn Compact|CLAWS|15841|Black|Expired|9000000|0|0|9/5/2025 8:29:33 AM|Financial Assistance|4991604|
645740|ShadowSleeper|Noevgono|Nuclear Proliferation League|17228|Aqua|385567|NinoCelestial|Ciudad de leon|Fark|10002|Aqua|Expired|0|100|0|9/5/2025 8:12:56 AM|Repayment|4991602|
144157|Sarkin|My Hero Party|The Dark Templar|10056|Black|635658|Chaotican|United CroatiaUC|Wurst Alliance|16919|Green|Expired|9000000|0|0|9/5/2025 8:09:31 AM|Financial Assistance|4991600|
589615|Korlath|Korlithica|The Phoenix Federation|17385|Black|647391|Seeker4536|SeekerLand|The Phoenix Federation|17385|Black|Expired|6000000|0|0|9/5/2025 7:59:44 AM|Tech Deal|4991597|
538755|zeldafan4ever|Terminus|Orange Defense Network|17435|Orange|589715|nostalgia|Outer Spira|Orange Defense Network|17435|Orange|Expired|0|100|0|9/5/2025 7:47:02 AM|Tech 1/3|4991596|
391476|mickgreat|Namayan|The Dark Templar|10056|Black|642141|Crusadan|Doimestea|The Dark Templar|10056|Black|Expired|9000000|0|0|9/5/2025 7:20:37 AM|Gift Aid|4991593|
391476|mickgreat|Namayan|The Dark Templar|10056|Black|627412|Jason Radix|Radix|The Dark Templar|10056|Black|Expired|9000000|0|0|9/5/2025 7:20:09 AM|Financial Assistance|4991592|
638|mikharr123|Sirrahistan|New Polar Order|10006|Blue|643625|DERVISHchaff|Sudentor|New Polar Order|10006|Blue|Expired|6000000|0|0|9/5/2025 6:52:45 AM| ICECAP Cash |4991588|
638|mikharr123|Sirrahistan|New Polar Order|10006|Blue|640161|ToiletGaming3000|Good Game|New Polar Order|10006|Blue|Expired|9000000|0|0|9/5/2025 6:52:27 AM|Military Wonder Funding|4991587|
638|mikharr123|Sirrahistan|New Polar Order|10006|Blue|602798|Tharu|Thunnalai|New Polar Order|10006|Blue|Expired|9000000|0|0|9/5/2025 6:51:15 AM|Polar Express|4991585|
638|mikharr123|Sirrahistan|New Polar Order|10006|Blue|379932|VickiB|Quantum Leap|New Polar Order|10006|Blue|Expired|9000000|0|0|9/5/2025 6:51:00 AM|Polar Express|4991584|
638628|Hogboy|Maeshowe|Knights Of The Round Table|10092|Green|186805|Grendel|Beowulf|Knights Of The Round Table|10092|Green|Expired|0|100|0|9/5/2025 6:49:19 AM|Teicneolas|4991581|
40650|kerschbs|indica|Non Grata|10097|Maroon|646950|KarmaBlaster|NoNameIstan|Non Grata|10097|Maroon|Expired|9000000|0|0|9/5/2025 6:41:45 AM|Financial Assistance|4991578|
40650|kerschbs|indica|Non Grata|10097|Maroon|646989|LordSciolist|Chaleroux|Non Grata|10097|Maroon|Expired|9000000|0|0|9/5/2025 6:41:19 AM|Financial Assistance|4991577|
633989|Ernst S Blofeld|Blofeld Wineries|Knights Of The Round Table|10092|Aqua|640291|Sith Emperor|HothEmpire|The Prussian Empire|14204|Green|Expired|6000000|0|0|9/5/2025 6:34:05 AM|Financial Assistance|4991576|
632798|KYBALION|HVITIRDREKAR|Knights Of The Round Table|10092|Green|570802|IlDuce|ItaliaSS|CLAWS|15841|Black|Expired|9000000|0|0|9/5/2025 6:32:08 AM|New Tech Request ;-)|4991575|
532788|end666|A New India|New Pacific Order|10000|Red|552125|Mouseman490|The Empire of Klein|New Pacific Order|10000|Red|Expired|9000000|0|0|9/5/2025 6:22:03 AM|Bankroll|4991571|
532788|end666|A New India|New Pacific Order|10000|Red|609716|xander99|Melton|New Pacific Order|10000|Red|Expired|9000000|0|0|9/5/2025 6:21:55 AM|Bankroll|4991570|
532788|end666|A New India|New Pacific Order|10000|Red|605|Dilber|Dilber|New Pacific Order|10000|Red|Expired|9000000|0|0|9/5/2025 6:21:49 AM|Bankroll|4991569|
532788|end666|A New India|New Pacific Order|10000|Red|555876|Khandov|Polonia Overlordship|New Pacific Order|10000|Red|Expired|9000000|0|0|9/5/2025 6:21:40 AM|Bankroll|4991568|
532788|end666|A New India|New Pacific Order|10000|Red|543972|zachart|The Father Land|New Pacific Order|10000|Red|Expired|9000000|0|0|9/5/2025 6:21:34 AM|Credit Payout|4991567|
453391|Rokula|Paraiso|New Pacific Order|10000|Red|553651|Stanley Steemer|Erwin Township|New Pacific Order|10000|Red|Expired|9000000|0|0|9/5/2025 6:07:31 AM|Bankroll|4991565|
453391|Rokula|Paraiso|New Pacific Order|10000|Red|616302|Ashwyesum|The Ashes State|New Pacific Order|10000|Red|Expired|9000000|0|0|9/5/2025 6:07:21 AM|Bankroll|4991564|
643971|Blaze I|Brozil|Global Alliance And Treaty Organization|10003|Brown|313301|MK4Slowride|MK4Slowride|Global Alliance And Treaty Organization|10003|Brown|Expired|0|100|0|9/5/2025 6:02:50 AM|Financial Assistance|4991563|
476208|Itzcoliuhqui|Firelands|New Pacific Order|10000|Red|553651|Stanley Steemer|Erwin Township|New Pacific Order|10000|Red|Expired|9000000|0|0|9/5/2025 5:59:49 AM|Bankroll|4991562|
476208|Itzcoliuhqui|Firelands|New Pacific Order|10000|Red|616302|Ashwyesum|The Ashes State|New Pacific Order|10000|Red|Expired|9000000|0|0|9/5/2025 5:59:43 AM|Bankroll|4991561|
507771|MtPollux|The Monkey Kingdom|Nuclear Proliferation League|17228|Brown|647405|Victorboss|Victorcon|Nuclear Proliferation League|17228|Brown|Expired|6000000|0|0|9/5/2025 5:48:33 AM|6/100 tech deal|4991558|
195263|AlbertSpeer|Cyrene|New Pacific Order|10000|Red|645269|1991s1|Policia|New Pacific Order|10000|Red|Expired|9000000|0|0|9/5/2025 5:29:01 AM|Cash for DOPE|4991556|
195263|AlbertSpeer|Cyrene|New Pacific Order|10000|Red|553651|Stanley Steemer|Erwin Township|New Pacific Order|10000|Red|Expired|9000000|0|0|9/5/2025 5:27:55 AM|Bankroll|4991553|
195263|AlbertSpeer|Cyrene|New Pacific Order|10000|Red|616302|Ashwyesum|The Ashes State|New Pacific Order|10000|Red|Expired|9000000|0|0|9/5/2025 5:27:49 AM|Bankroll|4991552|
195263|AlbertSpeer|Cyrene|New Pacific Order|10000|Red|552125|Mouseman490|The Empire of Klein|New Pacific Order|10000|Red|Expired|9000000|0|0|9/5/2025 5:27:41 AM|Bankroll|4991551|
623136|rofrif|rofrif|Sparta|10008|Black|644316|Sam Sparks|Mendota|Sparta|10008|Black|Expired|6000000|0|0|9/5/2025 4:36:58 AM|Financial Assistance|4991547|
469301|Lars Jorgens|Whale of a Time|Non Grata|10097|Maroon|560469|draggie|Aporia|Non Grata|10097|Maroon|Expired|9000000|0|0|9/5/2025 4:31:54 AM|Financial Assistance|4991546|
271928|Thebanished|UnitedStatesOfDes|Viridian Entente|10010|Green|348070|Chopin|Republic of Poland|Avalanche|10078|Blue|Expired|0|100|0|9/5/2025 4:03:57 AM|2 of 2 Tech Deal|4991540|
271928|Thebanished|UnitedStatesOfDes|Viridian Entente|10010|Green|604287|Hazib|Kingdom of Lemuria|CLAWS|15841|Black|Expired|0|100|0|9/5/2025 4:03:12 AM|1 of 2 Tech Deal|4991539|
271928|Thebanished|UnitedStatesOfDes|Viridian Entente|10010|Green|162795|sterbean|Bean Union|Viridian Entente|10010|Green|Expired|0|100|0|9/5/2025 4:02:19 AM|2 of 2 Tech Deal|4991538|
341158|Eumirbago|World Wide Web|Doom Squad|16454|Black|342957|tayloj7|Rabbitopia|Doombrella|17368|Black|Expired|0|100|0|9/5/2025 2:34:22 AM|Phat $tax|4991531|
341158|Eumirbago|World Wide Web|Doom Squad|16454|Black|96568|Dagny Taggart|Galtian Commune|DOOMBIRD DOOMCAVE|10449|Black|Expired|0|100|0|9/5/2025 2:34:09 AM|Phat $tax|4991530|
341158|Eumirbago|World Wide Web|Doom Squad|16454|Black|416695|pmacdaddy|Sanctuary|DOOMBIRD DOOMCAVE|10449|Black|Expired|0|100|0|9/5/2025 2:33:55 AM|Phat $tax|4991529|
341158|Eumirbago|World Wide Web|Doom Squad|16454|Black|364329|Donnie Darko|DarkoLand|Doom Squad|16454|Black|Expired|0|100|0|9/5/2025 2:33:43 AM|Phat $tax|4991528|
341158|Eumirbago|World Wide Web|Doom Squad|16454|Black|61657|Umar ibn Abd al-Aziz|Umayyad Caliphate|DOOMBIRD DOOMCAVE|10449|Black|Expired|0|100|0|9/5/2025 2:33:34 AM|Phat $tax|4991527|
587834|alucardx13|The United Regions|New Pacific Order|10000|Red|543701|AlphaDio|Landreth|New Pacific Order|10000|Red|Expired|0|100|0|9/5/2025 2:33:28 AM|QT Tech|4991526|
587834|alucardx13|The United Regions|New Pacific Order|10000|Red|588946|AlphaCenturion|Sentosa Republic|New Pacific Order|10000|Red|Expired|0|100|0|9/5/2025 2:33:08 AM|QT Tech|4991525|
238472|Xerxes|New Persia|Non Grata|10097|Maroon|407657|Shtanto|Shtanto|Non Grata|10097|Maroon|Expired|0|100|0|9/5/2025 2:04:44 AM|Tech|4991521|
584157|Sheekyz|Kingdom Of Xe|Non Grata|10097|Maroon|630971|Jeremiah|CERAVA|Non Grata|10097|Maroon|Expired|9000000|0|0|9/5/2025 1:36:17 AM|tech|4991518|
475014|cirk2|Agatea|Non Grata|10097|Maroon|560469|draggie|Aporia|Non Grata|10097|Maroon|Expired|9000000|0|0|9/5/2025 1:18:34 AM|Tech Deal 9m/100t|4991512|
80170|stevent37|Buffalonia|Freehold of The Wolves|15157|White|647422|WarLordSnaxx|Snackdom|Freehold of The Wolves|15157|White|Expired|6000000|0|0|9/5/2025 1:13:35 AM|Bringing sexy back|4991511|
645082|TowerQueen|Turrim|New Pacific Order|10000|Red|21424|John Edward|Ardenchestia|New Pacific Order|10000|Red|Expired|0|100|0|9/5/2025 1:01:39 AM|Vallum Aelium|4991509|
646353|tuomas|temple of perversion|The Legion|10020|Purple|288372|king qaz|my own little workd|The Legion|10020|Purple|Expired|0|100|0|9/5/2025 12:49:13 AM|Financial Assistance|4991508|
637489|Osirispuprex|Osirispuprex|Post Grunge Supergroup|16367|Brown|633062|SoloRocket|Rocket Republic|Post Grunge Supergroup|16367|Brown|Expired|0|100|0|9/5/2025 12:46:03 AM|Financial Assistance|4991506|
283424|Dropo7777|DelOrto|NATO|10037|Blue|643887|SilenttShadow27|Temnota|NATO|10037|Blue|Expired|9000000|0|0|9/5/2025 12:39:39 AM|Valyrian Aid|4991505|
374610|Captain Crozier|Dime Store Novena|Independent Republic Of Orange Nations|10004|Orange|550914|reilstrap|reilstrap|Independent Republic Of Orange Nations|10004|Orange|Expired|9000000|0|0|9/5/2025 12:28:51 AM|ITF|4991504|
17202|Cybolt|Time and Space|New Pacific Order|10000|Red|646098|Brutus5149|Legio Lupi|New Pacific Order|10000|Red|Expired|9000000|0|0|9/5/2025 12:21:00 AM|Cash for DOPE|4991501|
567451|Valcanar|Alyssar|New Pacific Order|10000|Red|646098|Brutus5149|Legio Lupi|New Pacific Order|10000|Red|Expired|9000000|0|0|9/4/2025 11:20:16 PM|Cash for DOPE|4991495|
567451|Valcanar|Alyssar|New Pacific Order|10000|Red|645269|1991s1|Policia|New Pacific Order|10000|Red|Expired|9000000|0|0|9/4/2025 11:20:09 PM|Cash for DOPE|4991494|
567451|Valcanar|Alyssar|New Pacific Order|10000|Red|587834|alucardx13|The United Regions|New Pacific Order|10000|Red|Expired|9000000|0|0|9/4/2025 11:20:05 PM|QT Pay|4991493|
567451|Valcanar|Alyssar|New Pacific Order|10000|Red|571763|JohelleTapper|StoneSour|New Pacific Order|10000|Red|Expired|9000000|0|0|9/4/2025 11:19:47 PM|Bankroll|4991490|
640161|ToiletGaming3000|Good Game|New Polar Order|10006|Blue|526631|Fyston|Gallifrey|New Polar Order|10006|Blue|Expired|0|100|0|9/4/2025 11:04:42 PM|Aid Fall|4991489|
647277|yesyesnono|Rostovan|Nuclear Proliferation League|17228|Blue|381828|InconspicuousBarrel|Kievan Rus|Global Alliance And Treaty Organization|10003|Brown|Expired|0|100|0|9/4/2025 10:02:16 PM|Financial Assistance|4991487|
610914|Impossible|Ropadope|Disciples of Duckroll|17024|Black|541774|Das Blitzkrieger|Leistungsstarke|Doombrella|17368|Black|Expired|9000000|100|0|9/4/2025 9:58:42 PM|Financial Assistance|4991486|
610914|Impossible|Ropadope|Disciples of Duckroll|17024|Black|230799|Raymond Jaeger|New Alabama|Disciples of Duckroll|17024|Black|Expired|9000000|100|0|9/4/2025 9:58:16 PM|Financial Assistance|4991485|
610914|Impossible|Ropadope|Disciples of Duckroll|17024|Black|334182|st6mm|Northern Reich|Disciples of Duckroll|17024|Black|Expired|0|100|0|9/4/2025 9:58:09 PM|Financial Assistance|4991484|
610914|Impossible|Ropadope|Disciples of Duckroll|17024|Black|585631|Srivatsan|MAHANADU|Disciples of Duckroll|17024|Black|Expired|0|100|0|9/4/2025 9:58:03 PM|Financial Assistance|4991483|
610914|Impossible|Ropadope|Disciples of Duckroll|17024|Black|402492|NikolaP|Wiggles|Disciples of Duckroll|17024|Black|Expired|0|100|0|9/4/2025 9:57:51 PM|Financial Assistance|4991481|
314219|Captain Stage|Maritime|Global Alliance And Treaty Organization|10003|Brown|646813|SaberClawd|Nyxus|Global Alliance And Treaty Organization|10003|Brown|Expired|9000000|0|0|9/4/2025 9:46:14 PM|Financial Assistance|4991479|
485812|Amyante|Zargathia|Shangri La|13799|White|53781|Algolei|Manitobah|CLAWS|15841|Black|Expired|0|100|0|9/4/2025 9:19:15 PM|Tech deal: 100/100|4991472|
559191|Darksight1|ChineseEmpire|New Pacific Order|10000|Red|581758|Tiberius|Nuke Town|New Pacific Order|10000|Red|Expired|0|100|0|9/4/2025 9:12:53 PM|QT Tech|4991471|
559191|Darksight1|ChineseEmpire|New Pacific Order|10000|Red|26771|proud american|Duorp  Nacirema|New Pacific Order|10000|Red|Expired|0|100|0|9/4/2025 9:12:49 PM|Vallum Aelium|4991470|
559191|Darksight1|ChineseEmpire|New Pacific Order|10000|Red|144926|nerau|imperial council|New Pacific Order|10000|Red|Expired|0|100|0|9/4/2025 9:12:44 PM|QT Tech|4991469|
49522|Croix|Edjaal|Random Insanity Alliance|10038|Maroon|94305|Brettward|Truckerland|Nordreich|11319|Maroon|Expired|0|100|0|9/4/2025 9:02:05 PM|Financial Assistance|4991468|
99297|MudBug|Swamplandia|New Pacific Order|10000|Red|647349|Sand Dan Glokta|Fathom|New Pacific Order|10000|Red|Expired|6000000|0|0|9/4/2025 8:58:09 PM|Rising Stars|4991467|
99297|MudBug|Swamplandia|New Pacific Order|10000|Red|646098|Brutus5149|Legio Lupi|New Pacific Order|10000|Red|Expired|9000000|0|0|9/4/2025 8:58:02 PM|Cash for DOPE|4991466|
407151|Dre4mwe4ver|Fidensgen|Global Alliance And Treaty Organization|10003|Brown|39430|Kuzuryusen|Jianada|Global Alliance And Treaty Organization|10003|Brown|Expired|0|100|0|9/4/2025 8:51:22 PM|Time 4 Tech|4991465|
85973|King David the Loyal|Malkavias|The Order Of The Black Rose|10045|Black|351219|Rakul|Winterhaven|The Order Of The Black Rose|10045|Black|Expired|9000000|0|0|9/4/2025 8:47:06 PM|OBR tech|4991464|
129324|King Irwin|Irwinland|The Templar Knights|10012|Maroon|551356|NuclearGlow|Dawg Nation|The Templar Knights|10012|Maroon|Expired|9000000|0|0|9/4/2025 8:18:03 PM|Financial Assistance|4991463|
644316|Sam Sparks|Mendota|Sparta|10008|Black|542501|King Georges III|Georgiostan|Sparta|10008|Black|Expired|0|100|0|9/4/2025 8:06:09 PM|Tech Deal|4991462|
39705|Bmk812|Eisenherz|Global Alliance And Treaty Organization|10003|Brown|646762|Kevlar|Sasquatch|Global Alliance And Treaty Organization|10003|Brown|Expired|9000000|0|0|9/4/2025 8:03:32 PM|Tech aid|4991461|
276365|ShadowSKAR|Hidden Shadows|Non Grata|10097|Maroon|625902|Patrick Stewart|Republic of Yorkshir|Non Grata|10097|Maroon|Expired|9000000|0|0|9/4/2025 7:58:36 PM|Tech deal|4991459|
404438|Herzog|Black Amber|Sparta|10008|Black|542501|King Georges III|Georgiostan|Sparta|10008|Black|Expired|0|100|0|9/4/2025 7:47:50 PM|Financial Assistance|4991458|
357423|claude|Doom House|Doom Squad|16454|Black|392583|Javier360|Tenochtitlan|DOOMBIRD DOOMCAVE|10449|Black|Expired|0|100|0|9/4/2025 7:42:35 PM|Financial Assistance|4991457|
357423|claude|Doom House|Doom Squad|16454|Black|606462|Iamjust0ne|Senstown|Doom Squad|16454|Black|Expired|0|100|0|9/4/2025 7:41:46 PM|Financial Assistance|4991455|
254879|tnnnn|Turtle Empire|Global Alliance and Treaty Organization|10003|Brown|646813|SaberClawd|Nyxus|Global Alliance And Treaty Organization|10003|Brown|Expired|9000000|0|0|9/4/2025 7:27:54 PM|Financial Assistance|4991453|
254879|tnnnn|Turtle Empire|Global Alliance and Treaty Organization|10003|Brown|646764|Reverend Edo|Outopostan|Global Alliance And Treaty Organization|10003|Brown|Expired|9000000|0|0|9/4/2025 7:27:34 PM|Financial Assistance|4991452|
254879|tnnnn|Turtle Empire|Global Alliance and Treaty Organization|10003|Brown|405936|Griffy|Rememberence|Global Alliance And Treaty Organization|10003|Brown|Expired|9000000|0|0|9/4/2025 7:27:06 PM|Financial Assistance|4991451|
254879|tnnnn|Turtle Empire|Global Alliance and Treaty Organization|10003|Brown|588353|FieryVixen|Craptonia|Global Alliance And Treaty Organization|10003|Brown|Expired|9000000|0|0|9/4/2025 7:26:36 PM|Financial Assistance|4991450|
646787|Hye781|Calilove4ever|Christian Coalition Of Countries|10028|Maroon|647060|CAMOM|CAMOM EMPIRE|The Phoenix Federation|17385|Red|Expired|6000000|0|4000|9/4/2025 7:26:35 PM|Crush Deathblow|4991449|
254879|tnnnn|Turtle Empire|Global Alliance and Treaty Organization|10003|Brown|646800|Brotherlouie27|Louimerica II|Global Alliance And Treaty Organization|10003|Brown|Expired|9000000|0|0|9/4/2025 7:26:13 PM|Financial Assistance|4991448|
531590|Ledon|Ledonia|Knights of the Round Table|10092|Green|647391|Seeker4536|SeekerLand|The Phoenix Federation|17385|Black|Expired|6000000|0|0|9/4/2025 7:26:10 PM|Tech Deal 6m / 100t ?|4991447|
647037|Pachacan Federation|Pachacan Federation|Independent Republic Of Orange Nations|10004|Orange|207900|Queltocz|Quelto|Independent Republic Of Orange Nations|10004|Orange|Expired|0|100|0|9/4/2025 7:24:16 PM|ITF|4991446|
424089|Soter|Republic of Verusia|Christian Coalition of Countries|10028|Maroon|369840|Astron|Svedala|NATO|10037|Blue|Expired|0|100|0|9/4/2025 7:09:07 PM|Financial Assistance|4991442|
424089|Soter|Republic of Verusia|Christian Coalition of Countries|10028|Maroon|39465|King Tom|king Tom|NATO|10037|Blue|Expired|0|100|0|9/4/2025 7:08:52 PM|Financial Assistance|4991440|
646836|Keyzlt5|Chi Seeds|Doom Squad|16454|Black|606462|Iamjust0ne|Senstown|Doom Squad|16454|Black|Expired|0|100|0|9/4/2025 6:54:38 PM|Financial Assistance|4991437|
646836|Keyzlt5|Chi Seeds|Doom Squad|16454|Black|410812|Berbers|Kingdom of AlRezana|The Wolves|16660|Black|Expired|0|100|0|9/4/2025 6:52:02 PM|Financial Assistance|4991434|
646815|godtoh1|hotdogal|Global Alliance And Treaty Organization|10003|Brown|139990|BacTalan|NorseTurks|Global Alliance And Treaty Organization|10003|Brown|Expired|0|100|0|9/4/2025 6:47:51 PM|Financial Assistance|4991433|
79371|xkirra|Mordlandia|Global Alliance And Treaty Organization|10003|Brown|646764|Reverend Edo|Outopostan|Global Alliance And Treaty Organization|10003|Brown|Expired|9000000|0|0|9/4/2025 6:47:44 PM|Financial Assistance|4991432|
132232|Justin666|Pain nation 666|Non Grata|10097|Maroon|634597|LiaColle|Prynthian|Non Grata|10097|Maroon|Expired|9000000|0|0|9/4/2025 6:37:39 PM|Financial Assistance|4991431|
88398|thepunk|thepunk|Federation Of Armed Nations|10021|Yellow|645372|darkestofdans|Alert1|Federation Of Armed Nations|10021|Yellow|Expired|9000000|0|4000|9/4/2025 6:30:18 PM|Financial Assistance|4991429|
170471|Smurthwaite|Smurthwaite|Nuclear Proliferation League|17228|Aqua|620036|Vex L Zher|Lodraland|Nuclear Proliferation League|17228|White|Expired|9000000|0|0|9/4/2025 6:21:37 PM|Financial Assistance|4991428|
170471|Smurthwaite|Smurthwaite|Nuclear Proliferation League|17228|Aqua|639282|Agaton Sax|Asmodean|COBRA|13717|Brown|Expired|6000000|0|0|9/4/2025 6:21:18 PM|Financial Assistance|4991427|
599846|RandomWon|Hangry|Sparta|10008|Green|542501|King Georges III|Georgiostan|Sparta|10008|Black|Expired|0|100|0|9/4/2025 5:38:21 PM|Financial Assistance|4991422|
618698|Arminius Cheruski|Germania Magna|The Prussian Empire|14204|Green|631406|The Black Kaiser|Medieval Reich||0|Green|Expired|9000000|0|0|9/4/2025 5:36:54 PM|9M/100|4991421|
273254|unstpblpimp|unstpblpimp|Global Alliance and Treaty Organization|10003|Brown|647063|geneclar|Kandam|Global Alliance And Treaty Organization|10003|Brown|Expired|9000000|0|0|9/4/2025 5:30:53 PM|Financial Assistance|4991418|
630254|Venoxis|Anartektica|Post Grunge Supergroup|16367|Brown|646890|HarryJ|Wambulance|Post Grunge Supergroup|16367|Brown|Expired|9000000|0|0|9/4/2025 5:23:23 PM|9m/100t TECH DEAL|4991417|
362361|Gofast2006|Pioneer Village|Nuclear Proliferation League|17228|Aqua|646568|Joan De Marquinly|Rallende|Nuclear Proliferation League|17228|Aqua|Expired|9000000|0|0|9/4/2025 5:21:28 PM|9/100 tech|4991416|
484657|Augustus Caesar|South Holland|Non Grata|10097|Maroon|584157|Sheekyz|Kingdom Of Xe|Non Grata|10097|Maroon|Expired|9000000|0|0|9/4/2025 5:10:45 PM|Financial Assistance|4991415|
533035|Scourge|Bosthirda|New Pacific Order|10000|Red|448981|Knight|Alliance of Knights|New Pacific Order|10000|Red|Expired|0|100|0|9/4/2025 5:10:41 PM|QT Tech |4991414|
418644|shakespeare|shakespeare|Freehold of The Wolves|15157|White|647422|WarLordSnaxx|Snackdom|Freehold of The Wolves|15157|White|Expired|6000000|0|0|9/4/2025 5:05:46 PM|Wolf Aid|4991413|
583069|Embowaf|Ilium|Mostly Harmless Alliance|14879|Aqua|647405|Victorboss|Victorcon|Nuclear Proliferation League|17228|Brown|Expired|6000000|0|0|9/4/2025 5:02:28 PM|Financial Assistance|4991412|
301419|SirTwist|Twistland|The Grand Lodge Of Freemasons|10029|Orange|116324|Wayne World|Wayne World|The Grand Lodge of Freemasons|10029|Orange|Expired|0|100|0|9/4/2025 5:00:52 PM|Tech|4991411|
195832|hackerhog|Frontier|Random Insanity Alliance|10038|Maroon|647152|White Ruler|Exotica|Veneris|17356|White|Expired|6000000|0|0|9/4/2025 4:39:36 PM|Tech Deal 6M/100T|4991410|
264926|Ken T Kent|Codopia|Fark|10002|Aqua|106268|cable77|Tau ri|Fark|10002|Aqua|Expired|0|100|0|9/4/2025 4:16:37 PM|Financial Assistance|4991408|
264926|Ken T Kent|Codopia|Fark|10002|Aqua|477144|delthan2|comedyoferrors|Fark|10002|Aqua|Expired|0|100|0|9/4/2025 4:16:30 PM|Financial Assistance|4991407|
634903|ToasterOven|Pancake Republic|Non Grata|10097|Maroon|155817|MutedFaith|Faithoria|Non Grata|10097|Maroon|Expired|0|100|0|9/4/2025 4:16:24 PM|Financial Assistance|4991406|
543972|zachart|The Father Land|New Pacific Order|10000|Red|448981|Knight|Alliance of Knights|New Pacific Order|10000|Red|Expired|0|100|0|9/4/2025 4:05:46 PM|QT Tech|4991404|
543972|zachart|The Father Land|New Pacific Order|10000|Red|581758|Tiberius|Nuke Town|New Pacific Order|10000|Red|Expired|0|100|0|9/4/2025 4:05:40 PM|QT Tech|4991403|
355527|MP2012|TerRep|WWF|14310|Green|557199|Adama44|Capricaa|WWF|14310|Green|Expired|0|100|0|9/4/2025 3:54:22 PM|Financial Assistance|4991402|
355527|MP2012|TerRep|WWF|14310|Green|342332|Hellhound|MythDranor|WWF|14310|Green|Expired|0|100|0|9/4/2025 3:53:51 PM|Financial Assistance|4991401|
355527|MP2012|TerRep|WWF|14310|Green|326030|Laughing Turtle|Turtlopolis|WWF|14310|Green|Expired|0|100|0|9/4/2025 3:53:38 PM|Financial Assistance|4991400|
355527|MP2012|TerRep|WWF|14310|Green|273509|Enrage|TheEmpire|WWF|14310|Green|Expired|0|100|0|9/4/2025 3:53:22 PM|Financial Assistance|4991399|
630575|Sven Herrman|Germanus|The Prussian Empire|14204|Green|645994|Emperor Hintz|Hintztopia|The Prussian Empire|14204|Green|Expired|9000000|0|0|9/4/2025 3:52:52 PM|Financial Assistance|4991398|
630575|Sven Herrman|Germanus|The Prussian Empire|14204|Green|631406|The Black Kaiser|Medieval Reich||0|Green|Expired|9000000|0|0|9/4/2025 3:52:30 PM|Financial Assistance|4991397|
645467|LiefzDel|Greater Czechia|Post Grunge Supergroup|16367|Brown|633062|SoloRocket|Rocket Republic|Post Grunge Supergroup|16367|Brown|Expired|0|100|0|9/4/2025 3:30:57 PM|9/100 Payback|4991395|
558909|InvaderZim1987|Robonia|Fark|10002|Aqua|155817|MutedFaith|Faithoria|Non Grata|10097|Maroon|Expired|0|100|0|9/4/2025 2:48:54 PM|Financial Assistance|4991392|
558909|InvaderZim1987|Robonia|Fark|10002|Aqua|319343|realpal|REALPAL|Fark|10002|Aqua|Expired|0|100|0|9/4/2025 2:48:32 PM|Financial Assistance|4991391|
558909|InvaderZim1987|Robonia|Fark|10002|Aqua|273692|Pope Bubba XIII|Rebel Virginia|Non Grata|10097|Maroon|Expired|0|100|0|9/4/2025 2:48:04 PM|Financial Assistance|4991390|
647099|Esau of Isaac|Lanluz|Global Alliance And Treaty Organization|10003|Brown|348468|Ghan Khalav|Khalavistan|Global Alliance and Treaty Organization|10003|Brown|Expired|0|100|0|9/4/2025 2:24:17 PM|GATITO!|4991387|
380432|dimaradona|Piedra Negra|Green Protection Agency|10041|Green|573749|necAnt|Lucky Ants|The Gramlins|17440|Green|Expired|9000000|0|0|9/4/2025 1:51:44 PM|Financial Assistance|4991380|
467217|aroswing|Land of Darkness|Freehold of The Wolves|15157|White|106268|cable77|Tau ri|Fark|10002|Aqua|Expired|0|100|0|9/4/2025 1:46:02 PM|Valyrian tech |4991378|
646832|Greg Gregory Gregers|Udrus|The Phoenix Federation|17385|Black|263220|Gambona|Gambona|CLAWS|15841|Black|Expired|0|100|0|9/4/2025 1:32:47 PM|Tech deal|4991377|
588353|FieryVixen|Craptonia|Global Alliance And Treaty Organization|10003|Brown|206001|Mallardius|Dominion of the Duck|Global Alliance And Treaty Organization|10003|Brown|Expired|0|100|0|9/4/2025 12:46:24 PM|Financial Assistance|4991375|
588353|FieryVixen|Craptonia|Global Alliance And Treaty Organization|10003|Brown|32861|Drachonum|drachonia|Global Alliance and Treaty Organization|10003|Brown|Expired|0|100|0|9/4/2025 12:46:09 PM|Financial Assistance|4991374|
12501|onbekende|Kapellen|Independent Republic of Orange Nations|10004|Orange|183802|nikko|Knossos|Independent Republic Of Orange Nations|10004|Orange|Expired|0|100|0|9/4/2025 12:38:38 PM|ITF|4991373|
12501|onbekende|Kapellen|Independent Republic of Orange Nations|10004|Orange|260342|abcdefg|Alphabets|Independent Republic Of Orange Nations|10004|Aqua|Expired|0|100|0|9/4/2025 12:38:18 PM|ITF|4991371|
12501|onbekende|Kapellen|Independent Republic of Orange Nations|10004|Orange|207900|Queltocz|Quelto|Independent Republic Of Orange Nations|10004|Orange|Expired|0|100|0|9/4/2025 12:37:55 PM|ITF|4991369|
12501|onbekende|Kapellen|Independent Republic of Orange Nations|10004|Orange|374610|Captain Crozier|Dime Store Novena|Independent Republic Of Orange Nations|10004|Orange|Expired|0|100|0|9/4/2025 12:37:34 PM|ITF|4991367|
497470|Skaros Thunderbane|Shimazu Conglomerate|New Polar Order|10006|Blue|602798|Tharu|Thunnalai|New Polar Order|10006|Blue|Expired|9000000|0|0|9/4/2025 12:37:00 PM|War is looming! See Forum|4991365|
404176|Sadero|Saderia|New Polar Order|10006|Blue|202519|Zombie Glaucon|UTC Labs|New Polar Order|10006|Blue|Expired|0|100|0|9/4/2025 12:02:10 PM|RATS Tech|4991362|
55535|Vash_S|Dethklok|The Dark Templar|10056|Black|639897|CaptTchalle|Akutan Island|The Dark Templar|10056|Brown|Expired|9000000|0|0|9/4/2025 11:21:32 AM|Financial Assistance|4991354|
679|Gateborg|Gateborg|New Pacific Order|10000|Red|601748|Tarfiel|Babblefish|New Pacific Order|10000|Red|Expired|0|100|0|9/4/2025 11:00:54 AM|QT Tech|4991352|
679|Gateborg|Gateborg|New Pacific Order|10000|Red|448981|Knight|Alliance of Knights|New Pacific Order|10000|Red|Expired|0|100|0|9/4/2025 11:00:43 AM|QT Tech|4991351|
679|Gateborg|Gateborg|New Pacific Order|10000|Red|581758|Tiberius|Nuke Town|New Pacific Order|10000|Red|Expired|0|100|0|9/4/2025 11:00:28 AM|QT Tech|4991350|
679|Gateborg|Gateborg|New Pacific Order|10000|Red|26771|proud american|Duorp  Nacirema|New Pacific Order|10000|Red|Expired|0|100|0|9/4/2025 11:00:18 AM|Vallum Aelium|4991349|
679|Gateborg|Gateborg|New Pacific Order|10000|Red|144926|nerau|imperial council|New Pacific Order|10000|Red|Expired|0|100|0|9/4/2025 11:00:06 AM|QT Tech|4991348|
137097|htmlmaster|Technopolis|Argent|10063|Pink|471972|Monkzaon|Ecliptonia|United Equestria|10101|Pink|Expired|9000000|0|0|9/4/2025 10:47:05 AM|9/100|4991347|
646762|Kevlar|Sasquatch|Global Alliance And Treaty Organization|10003|Brown|39430|Kuzuryusen|Jianada|Global Alliance And Treaty Organization|10003|Brown|Expired|0|100|0|9/4/2025 10:44:18 AM|Sweet squatch tech|4991345|
262358|Johnny123|Johhny|New Polar Order|10006|Blue|602798|Tharu|Thunnalai|New Polar Order|10006|Blue|Expired|9000000|0|0|9/4/2025 9:37:45 AM|icecap cash|4991340|
262358|Johnny123|Johhny|New Polar Order|10006|Blue|481947|Morgaine|Cruithne|New Polar Order|10006|Blue|Expired|9000000|0|0|9/4/2025 9:37:24 AM|icecap cash|4991339|
509784|Lord Emperor Clot|Clotvania|Christian Coalition Of Countries|10028|Maroon|643887|SilenttShadow27|Temnota|NATO|10037|Blue|Expired|9000000|0|0|9/4/2025 9:33:08 AM|VEP money|4991338|
541983|CVO|Kush|NATO|10037|Blue|643887|SilenttShadow27|Temnota|NATO|10037|Blue|Expired|9000000|0|0|9/4/2025 9:33:04 AM|Valyrian Aid|4991337|
273509|Enrage|TheEmpire|WWF|14310|Green|635294|King Afonso|Porto Novo|Wurst Alliance|16919|Green|Expired|9000000|0|0|9/4/2025 9:14:20 AM|tech deal |4991333|
646756|DyneVeilstone|Felis Felicitas|Global Alliance And Treaty Organization|10003|Brown|273254|unstpblpimp|unstpblpimp|Global Alliance and Treaty Organization|10003|Brown|Expired|0|100|0|9/4/2025 9:08:39 AM|Financial Assistance|4991332|
646756|DyneVeilstone|Felis Felicitas|Global Alliance And Treaty Organization|10003|Brown|580044|Sir Kiloist|Tiocfaidh ar la|Global Alliance And Treaty Organization|10003|Brown|Expired|0|100|0|9/4/2025 9:08:28 AM|Financial Assistance|4991331|
646756|DyneVeilstone|Felis Felicitas|Global Alliance And Treaty Organization|10003|Brown|32861|Drachonum|drachonia|Global Alliance and Treaty Organization|10003|Brown|Expired|0|100|0|9/4/2025 9:08:18 AM|Financial Assistance|4991330|
69978|Garbunkel|Gravillia|CLAWS|15841|Black|647391|Seeker4536|SeekerLand|The Phoenix Federation|17385|Black|Expired|6000000|0|0|9/4/2025 8:59:15 AM|Claws 6M/100T Deal|4991328|
446109|VVhite Majik|VS0P United|Doombrella|17368|Black|66883|Crown Prince Mishka|Tygaland|Doombrella|17368|Black|Expired|0|100|0|9/4/2025 8:56:58 AM|Financial Assistance|4991324|
446109|VVhite Majik|VS0P United|Doombrella|17368|Black|202255|onelove|We Are One Love|Doombrella|17368|Black|Expired|9000000|100|0|9/4/2025 8:56:49 AM|Financial Assistance|4991323|
381828|InconspicuousBarrel|Kievan Rus|Global Alliance And Treaty Organization|10003|Brown|545724|Matmal|Matmalia|Post Grunge Supergroup|16367|Brown|Expired|6000000|0|0|9/4/2025 8:55:36 AM|Tech Deal|4991322|
623987|MasterBadey|mastabadeia|Global Alliance And Treaty Organization|10003|Brown|206001|Mallardius|Dominion of the Duck|Global Alliance And Treaty Organization|10003|Brown|Expired|0|100|0|9/4/2025 8:54:28 AM|free bread sticks|4991321|
416942|Chris Kaos|The Kingdom of Kaos|Global Alliance And Treaty Organization|10003|Brown|647063|geneclar|Kandam|Global Alliance And Treaty Organization|10003|Brown|Expired|9000000|0|0|9/4/2025 8:54:08 AM|Financial Assistance|4991320|
416942|Chris Kaos|The Kingdom of Kaos|Global Alliance And Treaty Organization|10003|Brown|646762|Kevlar|Sasquatch|Global Alliance And Treaty Organization|10003|Brown|Expired|9000000|0|0|9/4/2025 8:53:57 AM|Financial Assistance|4991319|
280326|Scytale|Tleilax|Fark|10002|Aqua|647395|Jackson72|Betrothed|Nuclear Proliferation League|17228|None|Expired|6000000|0|0|9/4/2025 8:47:20 AM|tech|4991318|
550914|reilstrap|reilstrap|Independent Republic Of Orange Nations|10004|Orange|234325|Ben Gates|TreasureLand|Independent Republic Of Orange Nations|10004|Orange|Expired|0|100|0|9/4/2025 8:46:17 AM|ITF|4991317|
647063|geneclar|Kandam|Global Alliance And Treaty Organization|10003|Brown|455413|Duke Nukem|NukemLand|Global Alliance And Treaty Organization|10003|Brown|Expired|0|100|0|9/4/2025 8:42:19 AM|Financial Assistance|4991311|
429171|Inquisitor Gaunt|Cult Imperialis|Global Alliance And Treaty Organization|10003|Brown|646249|Pretondapredator|Prestonland|Global Alliance And Treaty Organization|10003|Brown|Expired|6000000|0|0|9/4/2025 8:35:40 AM|Financial Assistance|4991309|
603950|Michael Locke|Baltorussia|Global Alliance And Treaty Organization|10003|Brown|529189|Combat Pope|Vaticana|Global Alliance And Treaty Organization|10003|Brown|Expired|0|100|0|9/4/2025 8:32:47 AM|Financial Assistance|4991308|
309853|Tasuki|Oniwabanshu|New Pacific Order|10000|Red|588946|AlphaCenturion|Sentosa Republic|New Pacific Order|10000|Red|Expired|0|100|0|9/4/2025 8:22:25 AM|QT Tech|4991307|
309853|Tasuki|Oniwabanshu|New Pacific Order|10000|Red|543701|AlphaDio|Landreth|New Pacific Order|10000|Red|Expired|0|100|0|9/4/2025 8:22:22 AM|QT Tech|4991306|
642148|Exod IV|Ummah AlMuwahhidah|Doom Squad|16454|Black|646870|Waffless|Wafflandia|Doombrella|17368|Black|Expired|0|100|0|9/4/2025 8:15:19 AM|Financial Assistance|4991301|
642148|Exod IV|Ummah AlMuwahhidah|Doom Squad|16454|Black|410812|Berbers|Kingdom of AlRezana|The Wolves|16660|Black|Expired|0|100|0|9/4/2025 8:15:00 AM|Financial Assistance|4991300|
642148|Exod IV|Ummah AlMuwahhidah|Doom Squad|16454|Black|634169|Cadlore|OId Lore|CLAWS|15841|Black|Expired|0|100|0|9/4/2025 8:14:40 AM|Financial Assistance|4991299|
642148|Exod IV|Ummah AlMuwahhidah|Doom Squad|16454|Black|199494|Bomber66|Baxter|Doombrella|17368|Black|Expired|0|100|0|9/4/2025 8:14:28 AM|Financial Assistance|4991298|
18236|javaswiller|swillerland|Freehold of The Wolves|15157|White|623087|The Dragon5|Dragonhome|Freehold of The Wolves|15157|White|Expired|9000000|0|0|9/4/2025 7:48:39 AM|Financial Assistance|4991295|
631385|Kingdom of Denmark|Jutland Germany|The Prussian Empire|14204|Green|152779|Crazyguy945|United Nick|Coalition of Royal Allied Powers|10051|Maroon|Expired|0|100|0|9/4/2025 7:29:44 AM|Financial Assistance|4991293|
612774|Oleg the Disfigured|Slag Vrch|Knights Of The Round Table|10092|Green|637223|ItsShader|Empire of Kazdouria|Knights Of The Round Table|10092|Green|Expired|9000000|0|0|9/4/2025 7:17:56 AM|100 tech please|4991287|
40650|kerschbs|indica|Non Grata|10097|Maroon|630971|Jeremiah|CERAVA|Non Grata|10097|Maroon|Expired|9000000|0|0|9/4/2025 7:17:49 AM|Financial Assistance|4991286|
432428|Kentucky Colonel|Silver Grove|Swash Plates And Tail Rotors|10126|Maroon|265697|Laskar Pelangi|Rainbow Soldier|Kaskus|10104|Brown|Expired|9000000|0|0|9/4/2025 7:09:25 AM|Financial Assistance|4991278|
573111|Al Bundy|bundyville|The Wolves|16660|Maroon|646033|PlatinumAero|Verloren|The Wolves|16660|Maroon|Expired|9000000|0|0|9/4/2025 7:09:12 AM|9/100|4991277|
432428|Kentucky Colonel|Silver Grove|Swash Plates And Tail Rotors|10126|Maroon|260817|MamazlilMistake|Happy Hunting Ground|Non Grata|10097|Maroon|Expired|9000000|0|0|9/4/2025 7:08:58 AM|Financial Assistance|4991276|
432428|Kentucky Colonel|Silver Grove|Swash Plates And Tail Rotors|10126|Maroon|325202|murtibing|Fluens|Axiom of Regularity|17122|White|Expired|9000000|0|0|9/4/2025 7:08:29 AM|Financial Assistance|4991275|
432428|Kentucky Colonel|Silver Grove|Swash Plates And Tail Rotors|10126|Maroon|22121|spartan 84|UNSC Reach|Non Grata|10097|Maroon|Expired|9000000|100|0|9/4/2025 7:08:15 AM|Financial Assistance|4991274|
624651|Elma Heckler|Blancbourg Committee|New Pacific Order|10000|Red|522260|kalev60|Hiiumaa|New Pacific Order|10000|Red|Expired|0|100|0|9/4/2025 7:06:49 AM|QT Tech|4991273|
624651|Elma Heckler|Blancbourg Committee|New Pacific Order|10000|Red|21424|John Edward|Ardenchestia|New Pacific Order|10000|Red|Expired|0|100|0|9/4/2025 7:06:43 AM|Vallum Aelium|4991272|
624651|Elma Heckler|Blancbourg Committee|New Pacific Order|10000|Red|588946|AlphaCenturion|Sentosa Republic|New Pacific Order|10000|Red|Expired|0|100|0|9/4/2025 7:06:26 AM|QT Tech|4991271|
624651|Elma Heckler|Blancbourg Committee|New Pacific Order|10000|Red|636711|Praetor Cuddles|Romulan Star Empire|New Pacific Order|10000|Red|Expired|0|100|0|9/4/2025 7:06:17 AM|QT Tech|4991270|
624651|Elma Heckler|Blancbourg Committee|New Pacific Order|10000|Red|543701|AlphaDio|Landreth|New Pacific Order|10000|Red|Expired|0|100|0|9/4/2025 7:06:12 AM|QT Tech|4991269|
624651|Elma Heckler|Blancbourg Committee|New Pacific Order|10000|Red|16124|Hatterson|Hamlin|New Pacific Order|10000|Red|Expired|0|100|0|9/4/2025 7:06:03 AM|QT Tech|4991268|
535865|Donbo McSlay|Donbo Land|Federation Of Armed Nations|10021|Yellow|482099|Sir Gunz|Talent|Christian Coalition Of Countries|10028|Maroon|Expired|0|100|0|9/4/2025 6:55:53 AM|Financial Assistance|4991266|
583014|Rothaic|Munrovia|The Wolves|16660|Maroon|645526|Khanya The Great|Triangula|Veneris|17356|White|Expired|9000000|0|0|9/4/2025 6:54:06 AM|Tech Deal|4991265|
579649|Dale Flanderlion|Flanderlion|New Pacific Order|10000|Red|522260|kalev60|Hiiumaa|New Pacific Order|10000|Red|Expired|0|100|0|9/4/2025 6:42:33 AM|QT Tech|4991263|
579649|Dale Flanderlion|Flanderlion|New Pacific Order|10000|Red|588946|AlphaCenturion|Sentosa Republic|New Pacific Order|10000|Red|Expired|0|100|0|9/4/2025 6:42:26 AM|QT Tech|4991262|
579649|Dale Flanderlion|Flanderlion|New Pacific Order|10000|Red|543701|AlphaDio|Landreth|New Pacific Order|10000|Red|Expired|0|100|0|9/4/2025 6:42:20 AM|QT Tech|4991261|
579649|Dale Flanderlion|Flanderlion|New Pacific Order|10000|Red|16124|Hatterson|Hamlin|New Pacific Order|10000|Red|Expired|0|100|0|9/4/2025 6:42:11 AM|QT Tech|4991260|
579649|Dale Flanderlion|Flanderlion|New Pacific Order|10000|Red|21424|John Edward|Ardenchestia|New Pacific Order|10000|Red|Expired|0|100|0|9/4/2025 6:42:03 AM|Vallum Aelium|4991259|
643876|LordInfamous|Swindlerstan|Independent Republic Of Orange Nations|10004|Orange|605023|JuggernautMD|Framework|Independent Republic Of Orange Nations|10004|Orange|Expired|0|100|0|9/4/2025 6:29:57 AM|ITF|4991258|
207347|Arcane|Arcania|Fark|10002|Aqua|635667|Steves|Steveland|Fark|10002|Aqua|Expired|9000000|0|0|9/4/2025 6:29:16 AM|Tech|4991257|
587834|alucardx13|The United Regions|New Pacific Order|10000|Red|511698|hailkirk10|Kirklan|New Pacific Order|10000|Red|Expired|0|100|0|9/4/2025 6:20:40 AM|QT Tech|4991255|
587834|alucardx13|The United Regions|New Pacific Order|10000|Red|21424|John Edward|Ardenchestia|New Pacific Order|10000|Red|Expired|0|100|0|9/4/2025 6:20:35 AM|QT Tech|4991254|
644206|RubyGloom|Big Scania|COBRA|13717|Green|241138|IceFlyer|Eleytheria|New Polar Order|10006|Blue|Expired|0|100|0|9/4/2025 6:17:57 AM|Financial Assistance|4991251|
625051|Troopers|Colonist|CLAWS|15841|Black|410290|bdrocks|Knights of Honour|CLAWS|15841|Black|Expired|0|100|0|9/4/2025 6:04:01 AM|Financial Assistance|4991248|
604873|Iorek|Crusader States|New Pacific Order|10000|Red|580705|Theory|Westermont|New Pacific Order|10000|Red|Expired|9000000|0|0|9/4/2025 6:03:54 AM|Bankroll|4991247|
604873|Iorek|Crusader States|New Pacific Order|10000|Red|647349|Sand Dan Glokta|Fathom|New Pacific Order|10000|Red|Expired|6000000|0|0|9/4/2025 6:03:51 AM|Rising Stars|4991246|
604873|Iorek|Crusader States|New Pacific Order|10000|Red|646098|Brutus5149|Legio Lupi|New Pacific Order|10000|Red|Expired|9000000|0|0|9/4/2025 6:03:45 AM|Cash for DOPE|4991244|
604873|Iorek|Crusader States|New Pacific Order|10000|Red|626040|Rewan Demontay|Panagouge|New Pacific Order|10000|Red|Expired|9000000|0|0|9/4/2025 6:03:42 AM|Bankroll|4991243|
604873|Iorek|Crusader States|New Pacific Order|10000|Red|645804|La Mismidad|Libertaris|New Pacific Order|10000|Red|Expired|9000000|0|0|9/4/2025 6:03:39 AM|QT Pay|4991242|
604873|Iorek|Crusader States|New Pacific Order|10000|Red|645269|1991s1|Policia|New Pacific Order|10000|Red|Expired|9000000|0|0|9/4/2025 6:03:35 AM|Cash for DOPE|4991241|
647330|Lime30k|Jakun|New Pacific Order|10000|Red|366247|Polgas|Novasea|New Pacific Order|10000|Red|Expired|0|100|0|9/4/2025 6:00:57 AM|QT Tech|4991240|
643449|Esabbi|Liberation Islands|Post Grunge Supergroup|16367|Brown|326273|Red Rebel|Pi Lambda Phi|Madlads Union|17130|Brown|Expired|0|100|0|9/4/2025 5:05:17 AM|Tech deal 100t/9m|4991235|
380255|Vaslov|UFPNS|Argent|10063|Pink|471972|Monkzaon|Ecliptonia|United Equestria|10101|Pink|Expired|9000000|0|0|9/4/2025 4:54:06 AM|Tech deal|4991232|
433854|Auctor|Wyrdgar|Doombrella|17368|Black|484851|enderland|Fields of Elysium|Doombrella|17368|Black|Expired|0|100|0|9/4/2025 3:51:47 AM|Financial Assistance|4991228|
637264|RiddervanGelre|Nieuw Gelre|CLAWS|15841|Black|447303|Terminator|USSROK|CLAWS|15841|Aqua|Expired|0|100|0|9/4/2025 3:30:48 AM|Financial Assistance|4991226|
621876|thebigkas|kekistan69|COBRA|13717|Brown|53781|Algolei|Manitobah|CLAWS|15841|Black|Expired|0|100|0|9/4/2025 3:27:39 AM|Financial Assistance|4991224|
646681|Jokkeh|Andebu Technocracy|New Pacific Order|10000|Red|21424|John Edward|Ardenchestia|New Pacific Order|10000|Red|Expired|0|100|0|9/4/2025 3:09:01 AM|Tech|4991222|
518469|Combmartin Mining Co|Combe Martin|Knights of the Round Table|10092|Green|647390|Godwin of wessex|The land of Wessex|Knights Of The Round Table|10092|Green|Expired|6000000|0|0|9/4/2025 3:08:22 AM|6/100 tech business?|4991221|
618472|Leftie|Brotherhood|Madlads Union|17130|Brown|640189|Jeeves|Only Cool People|COBRA|13717|Brown|Expired|9000000|0|0|9/4/2025 2:55:55 AM|9M/100T? - MadLads|4991215|
625646|muji111|muji111|Random Insanity Alliance|10038|Maroon|152779|Crazyguy945|United Nick|Coalition of Royal Allied Powers|10051|Maroon|Expired|0|100|0|9/4/2025 2:38:54 AM|Financial Assistance|4991209|
514492|xxLENZxx|Star Command|The Legion|10020|Purple|643549|KingDutchison|KingDutchison|The Legion|10020|Purple|Expired|9000000|0|0|9/4/2025 2:16:31 AM|Praetor Aid|4991206|
514492|xxLENZxx|Star Command|The Legion|10020|Purple|638515|silkhyacinth|Taiat|The Legion|10020|Purple|Expired|6000000|0|0|9/4/2025 2:16:09 AM|Praetor Aid|4991205|
644785|Optimus881|Wakanda881|Post Grunge Supergroup|16367|Brown|144157|Sarkin|My Hero Party|The Dark Templar|10056|Black|Expired|0|100|0|9/4/2025 1:35:30 AM|PSG $9M/100Tech|4991200|
630971|Jeremiah|CERAVA|Non Grata|10097|Maroon|484657|Augustus Caesar|South Holland|Non Grata|10097|Maroon|Expired|0|100|0|9/4/2025 1:17:23 AM|Tech Delivery|4991192|
643887|SilenttShadow27|Temnota|NATO|10037|Blue|647385|Janna the Whirlwind|Funnel Cake|NATO|10037|Blue|Expired|6000000|100|4000|9/4/2025 12:57:44 AM|Welcome friend!! &lt;3|4991190|
640189|Jeeves|Only Cool People|COBRA|13717|Brown|582004|Neforatu|Nation Reborn|Post Grunge Supergroup|16367|Yellow|Expired|0|100|0|9/4/2025 12:49:41 AM|the last one|4991189|
640189|Jeeves|Only Cool People|COBRA|13717|Brown|266131|RA2Leader|Soviet USA|Madlads Union|17130|Brown|Expired|0|100|0|9/4/2025 12:49:30 AM|the last one|4991188|
639937|The Evilest Eye|NeoNeftyaniki|The Dark Templar|10056|Black|85056|Pbaff|RuntMutLend|The Dark Templar|10056|Black|Expired|0|100|0|9/4/2025 12:40:02 AM|Your tech|4991187|
248357|MrSka|Slartibartfast|NATO|10037|Blue|633463|Mein Kaiser|DasVaterland|Church of the Holy Platypus|17265|Green|Expired|9000000|0|0|9/4/2025 12:37:17 AM|Valyrian Aid|4991185|
577964|WagonWheel|Wagons|Post Grunge Supergroup|16367|Brown|637471|Branjawn|United Bishops|Post Grunge Supergroup|16367|Brown|Expired|9000000|0|0|9/4/2025 12:27:29 AM|Tek deal |4991181|
310672|King Wally|Rep of Queensland|Nuclear Proliferation League|17228|Aqua|647405|Victorboss|Victorcon|Nuclear Proliferation League|17228|Brown|Expired|6000000|100|0|9/4/2025 12:03:51 AM|Welcome to the NPL!|4991177|
457345|Taiki11|Taiki Land|Non Grata|10097|Maroon|626980|Aspire|AspireFerty|Non Grata|10097|Maroon|Expired|0|100|0|9/4/2025 12:02:02 AM|Financial Assistance|4991176|
503436|StevieG|Dinglebay|Doombrella|17368|Black|566736|amossio|amossio|Doombrella|17368|Black|Expired|9000000|0|0|9/3/2025 11:53:23 PM|Financial Assistance|4991175|
503436|StevieG|Dinglebay|Doombrella|17368|Black|646975|Thomassh|HighGateHaven|Doombrella|17368|Black|Expired|9000000|0|0|9/3/2025 11:52:38 PM|Financial Assistance|4991174|
638461|Jerby|Simulacra|Non Grata|10097|Maroon|500125|Soxirella|Jusmania|Non Grata|10097|Maroon|Expired|0|100|0|9/3/2025 11:21:44 PM|Financial Assistance|4991173|
257166|Yggdrazil|Ginginugap|Independent Republic Of Orange Nations|10004|Orange|636601|Wolfbite|Caffinated Wolves|Independent Republic Of Orange Nations|10004|Orange|Expired|0|100|0|9/3/2025 10:59:01 PM|itf|4991172|
580021|General Kanabis|Imperio Mexica|COBRA|13717|Brown|188637|Caustic|Hazardous Materials|Non Grata|10097|Maroon|Expired|0|100|0|9/3/2025 10:07:18 PM|Financial Assistance|4991170|
184994|Oro Ibah Aozpi|Novgorod|Nordreich|11319|Maroon|636192|Elizah|Monshun|Nordreich|11319|Maroon|Expired|9000000|0|0|9/3/2025 10:07:07 PM|Financial Assistance|4991169|
645053|Geezy VIII|SOS Empire|Independent Republic Of Orange Nations|10004|Orange|636601|Wolfbite|Caffinated Wolves|Independent Republic Of Orange Nations|10004|Orange|Expired|0|100|0|9/3/2025 9:13:52 PM|ITF|4991167|
639937|The Evilest Eye|NeoNeftyaniki|The Dark Templar|10056|Black|184966|The Upper Bass|Little Basses|The Dark Templar|10056|Black|Expired|0|100|0|9/3/2025 9:12:15 PM|Your tech|4991166|
80170|stevent37|Buffalonia|Freehold of The Wolves|15157|White|608652|King of Clu|Kingdom of Clu|Freehold of The Wolves|15157|White|Expired|9000000|0|0|9/3/2025 9:03:26 PM|Bring sexy back|4991165|
419811|Duke Mark|Old Missouri|Knights Of The Round Table|10092|Green|647391|Seeker4536|SeekerLand|The Phoenix Federation|17385|Black|Expired|6000000|0|0|9/3/2025 8:38:46 PM|Tech purchase 6/100?|4991163|
38659|Rikhard II|Lunzania|Orange Defense Network|17435|Orange|538755|zeldafan4ever|Terminus|Orange Defense Network|17435|Orange|Expired|9000000|0|0|9/3/2025 8:37:16 PM|Financial Assistance|4991162|
506358|lightningjim|Fulmen Ingenium|Doom Squad|16454|Black|410812|Berbers|Kingdom of AlRezana|The Wolves|16660|Black|Expired|0|100|0|9/3/2025 7:53:43 PM|Financial Assistance|4991153|
506358|lightningjim|Fulmen Ingenium|Doom Squad|16454|Black|639897|CaptTchalle|Akutan Island|The Dark Templar|10056|Brown|Expired|0|100|0|9/3/2025 7:53:20 PM|Financial Assistance|4991152|
506358|lightningjim|Fulmen Ingenium|Doom Squad|16454|Black|642141|Crusadan|Doimestea|The Dark Templar|10056|Black|Expired|0|100|0|9/3/2025 7:48:44 PM|Financial Assistance|4991151|
610594|ADude|OceaniaRedux|Doom Squad|16454|Black|615966|tehol|Lether|Doom Squad|16454|Black|Expired|0|100|0|9/3/2025 7:32:11 PM|Financial Assistance|4991146|
616289|Kingzing|Glister|The Legion|10020|Purple|633593|ftcows|ftcows|The Legion|10020|Purple|Expired|0|100|0|9/3/2025 7:01:08 PM|Financial Assistance|4991145|
285433|Lord of Darkness|Relm of Darkness|New Pacific Order|10000|Red|580705|Theory|Westermont|New Pacific Order|10000|Red|Expired|9000000|0|0|9/3/2025 6:32:54 PM|Bankroll|4991144|
285433|Lord of Darkness|Relm of Darkness|New Pacific Order|10000|Red|646098|Brutus5149|Legio Lupi|New Pacific Order|10000|Red|Expired|9000000|0|0|9/3/2025 6:32:46 PM|Cash for DOPE|4991143|
285433|Lord of Darkness|Relm of Darkness|New Pacific Order|10000|Red|645269|1991s1|Policia|New Pacific Order|10000|Red|Expired|9000000|0|0|9/3/2025 6:32:38 PM|Cash for DOPE|4991142|
285433|Lord of Darkness|Relm of Darkness|New Pacific Order|10000|Red|643162|DarkDefiance|United Defiance|New Pacific Order|10000|Red|Expired|9000000|0|0|9/3/2025 6:32:18 PM|QT Pay|4991139|
393441|John Clark|Rainbow|Valhalla|15563|Purple|633593|ftcows|ftcows|The Legion|10020|Purple|Expired|0|100|0|9/3/2025 6:21:03 PM|Financial Assistance|4991138|
644967|Mushrat|Ormarr Land|The Grand Lodge Of Freemasons|10029|Orange|256722|MDH962|Claysburgh|The Grand Lodge of Freemasons|10029|Orange|Expired|0|100|0|9/3/2025 5:56:55 PM|Financial Assistance|4991137|
362361|Gofast2006|Pioneer Village|Nuclear Proliferation League|17228|Aqua|647405|Victorboss|Victorcon|Nuclear Proliferation League|17228|Brown|Expired|6000000|0|0|9/3/2025 4:52:52 PM|Wally aid|4991131|
560607|lurkr|Calontir|The Grand Lodge Of Freemasons|10029|Orange|635294|King Afonso|Porto Novo|Wurst Alliance|16919|Green|Expired|9000000|0|0|9/3/2025 2:53:41 PM|Tech 9m/100|4991125|
131079|losinglife|SlaveII|CLAWS|15841|Black|631191|Magnus IV|Kingdom of Ars Magna|CLAWS|15841|Black|Expired|9000000|0|0|9/3/2025 2:13:35 PM|9m/100 tech deal|4991123|
132439|Magus Rules|Magusland|New Pacific Order|10000|Red|580705|Theory|Westermont|New Pacific Order|10000|Red|Expired|9000000|0|0|9/3/2025 1:36:03 PM|Bankroll|4991118|
132439|Magus Rules|Magusland|New Pacific Order|10000|Red|618189|Curiosity|Illusion|New Pacific Order|10000|Red|Expired|9000000|0|0|9/3/2025 1:35:50 PM|Bankroll|4991117|
132439|Magus Rules|Magusland|New Pacific Order|10000|Red|551335|Hakora Kiyanto|Makayan|New Pacific Order|10000|Red|Expired|9000000|0|0|9/3/2025 1:35:42 PM|Bankroll|4991116|
132439|Magus Rules|Magusland|New Pacific Order|10000|Red|626040|Rewan Demontay|Panagouge|New Pacific Order|10000|Red|Expired|9000000|0|0|9/3/2025 1:35:32 PM|Bankroll|4991115|
132439|Magus Rules|Magusland|New Pacific Order|10000|Red|646098|Brutus5149|Legio Lupi|New Pacific Order|10000|Red|Expired|9000000|0|0|9/3/2025 1:35:24 PM|Cash for DOPE|4991114|
132439|Magus Rules|Magusland|New Pacific Order|10000|Red|645269|1991s1|Policia|New Pacific Order|10000|Red|Expired|9000000|0|0|9/3/2025 1:35:14 PM|Cash for DOPE|4991113|
634521|Kapleo|Kapleo|The Phoenix Federation|17385|Black|447303|Terminator|USSROK|CLAWS|15841|Aqua|Expired|0|100|0|9/3/2025 1:23:04 PM|Financial Assistance|4991112|
49522|Croix|Edjaal|Random Insanity Alliance|10038|Maroon|170124|WackyDan|Wackytopia|Nordreich|11319|Maroon|Expired|0|100|0|9/3/2025 12:54:17 PM|Financial Assistance|4991108|
250983|Shakka Kahn|Shakka Land|Mostly Harmless Alliance|14879|Aqua|25527|Flembosh|Randall|Mostly Harmless Alliance|14879|Aqua|Expired|9000000|0|0|9/3/2025 12:51:44 PM|Tech deal|4991106|
641537|Probably Mochi|Kap Land|Doom Squad|16454|Black|622221|cobwebbyarc6|Dasein|Doom Squad|16454|Black|Expired|0|100|0|9/3/2025 12:25:37 PM|Financial Assistance|4991104|
641537|Probably Mochi|Kap Land|Doom Squad|16454|Black|627592|Lord Xamaeron|Celtic Forest|DOOMBIRD DOOMCAVE|10449|Black|Expired|0|100|0|9/3/2025 12:25:12 PM|Financial Assistance|4991103|
570802|IlDuce|ItaliaSS|CLAWS|15841|Black|225241|Admiral Alexander|The CommonWealthCW|The Wolves|16660|Maroon|Expired|0|100|0|9/3/2025 12:01:15 PM|Deal|4991100|
72766|Gofastleft|Racesteria|Non Grata|10097|Maroon|625902|Patrick Stewart|Republic of Yorkshir|Non Grata|10097|Maroon|Expired|9000000|0|0|9/3/2025 11:59:03 AM|Tech|4991098|
503436|StevieG|Dinglebay|Doombrella|17368|Black|635159|xAnri|xRoan|Doombrella|17368|Black|Expired|9000000|0|0|9/3/2025 11:18:23 AM|Financial Assistance|4991096|
463046|Commander Asaiki Tam|Tora Tora|COBRA|13717|Maroon|640191|Landowner|Free Land for Sale|COBRA|13717|Brown|Expired|9000000|0|0|9/3/2025 11:15:05 AM|Financial Assistance|4991095|
463046|Commander Asaiki Tam|Tora Tora|COBRA|13717|Maroon|643447|Fredrick Wagner|Phinolico|COBRA|13717|Brown|Expired|6000000|0|0|9/3/2025 11:14:39 AM|Financial Assistance|4991094|
463046|Commander Asaiki Tam|Tora Tora|COBRA|13717|Maroon|644718|tikem7|Tikopia|COBRA|13717|Brown|Expired|9000000|0|0|9/3/2025 11:14:09 AM|Financial Assistance|4991093|
463046|Commander Asaiki Tam|Tora Tora|COBRA|13717|Maroon|644206|RubyGloom|Big Scania|COBRA|13717|Green|Expired|6000000|0|0|9/3/2025 11:13:56 AM|Financial Assistance|4991092|
535865|Donbo McSlay|Donbo Land|Federation Of Armed Nations|10021|Yellow|299962|dev0win|1nfinity Otriad|Christian Coalition Of Countries|10028|Blue|Expired|0|100|0|9/3/2025 10:54:22 AM|Financial Assistance|4991091|
482099|Sir Gunz|Talent|Christian Coalition Of Countries|10028|Maroon|646787|Hye781|Calilove4ever|Christian Coalition Of Countries|10028|Maroon|Expired|9000000|0|0|9/3/2025 10:39:58 AM|Valyrian Aid|4991089|
634963|Trout87|Birchy Head|Post Grunge Supergroup|16367|Black|637471|Branjawn|United Bishops|Post Grunge Supergroup|16367|Brown|Expired|9000000|0|0|9/3/2025 10:28:01 AM|Financial Assistance|4991088|
645768|Sitthemdown|Emperor Protects|Doombrella|17368|Black|187132|White Majik|VSOP United|Doombrella|17368|Black|Expired|0|100|0|9/3/2025 9:47:00 AM|Financial Assistance|4991085|
645768|Sitthemdown|Emperor Protects|Doombrella|17368|Black|502087|Astryl|Ethereal|Doombrella|17368|Black|Expired|0|100|0|9/3/2025 9:46:49 AM|Financial Assistance|4991084|
277690|brentaar|Barstonia|New Pacific Order|10000|Red|629229|HopeFun|LimaPT|New Pacific Order|10000|Red|Expired|0|100|0|9/3/2025 9:28:19 AM|QT Tech|4991081|
277690|brentaar|Barstonia|New Pacific Order|10000|Red|75117|rnegafan|Rnegfania|New Pacific Order|10000|Red|Expired|0|100|0|9/3/2025 9:28:15 AM|QT Tech|4991080|
277690|brentaar|Barstonia|New Pacific Order|10000|Red|522260|kalev60|Hiiumaa|New Pacific Order|10000|Red|Expired|0|100|0|9/3/2025 9:28:10 AM|QT Tech|4991079|
277690|brentaar|Barstonia|New Pacific Order|10000|Red|511698|hailkirk10|Kirklan|New Pacific Order|10000|Red|Expired|0|100|0|9/3/2025 9:28:05 AM|QT Tech|4991078|
277690|brentaar|Barstonia|New Pacific Order|10000|Red|588946|AlphaCenturion|Sentosa Republic|New Pacific Order|10000|Red|Expired|0|100|0|9/3/2025 9:28:01 AM|QT Tech|4991076|
414337|Shadowfury|Illyria|Freehold of The Wolves|15157|Black|633463|Mein Kaiser|DasVaterland|Church of the Holy Platypus|17265|Green|Expired|9000000|0|0|9/3/2025 9:27:54 AM|VEP|4991075|
643876|LordInfamous|Swindlerstan|Independent Republic Of Orange Nations|10004|Orange|207900|Queltocz|Quelto|Independent Republic Of Orange Nations|10004|Orange|Expired|0|100|0|9/3/2025 9:18:43 AM|ITF|4991072|
477144|delthan2|comedyoferrors|Fark|10002|Aqua|640096|recockulous|Yuge Indictments|Fark|10002|Aqua|Expired|9000000|0|0|9/3/2025 9:13:46 AM|Financial Assistance|4991071|
469301|Lars Jorgens|Whale of a Time|Non Grata|10097|Maroon|634597|LiaColle|Prynthian|Non Grata|10097|Maroon|Expired|9000000|0|0|9/3/2025 9:02:53 AM|Financial Assistance|4991069|
187132|White Majik|VSOP United|Doombrella|17368|Black|635159|xAnri|xRoan|Doombrella|17368|Black|Expired|9000000|0|0|9/3/2025 9:00:24 AM|Financial Assistance|4991068|
621760|Brother Gerard|Knights of St John|Christian Coalition Of Countries|10028|Maroon|111159|MOOFER|Dragon of Cymru|NATO|10037|Blue|Expired|0|100|0|9/3/2025 8:18:46 AM|VEP|4991063|
621760|Brother Gerard|Knights of St John|Christian Coalition Of Countries|10028|Maroon|106268|cable77|Tau ri|Fark|10002|Aqua|Expired|0|100|0|9/3/2025 8:18:23 AM|VEP|4991062|
621760|Brother Gerard|Knights of St John|Christian Coalition Of Countries|10028|Maroon|88398|thepunk|thepunk|Federation Of Armed Nations|10021|Yellow|Expired|0|100|0|9/3/2025 8:17:46 AM|VEP|4991061|
621760|Brother Gerard|Knights of St John|Christian Coalition Of Countries|10028|Maroon|380797|gainesta09|gainesta09|NATO|10037|Blue|Expired|0|100|0|9/3/2025 8:17:03 AM|VEP|4991060|
621760|Brother Gerard|Knights of St John|Christian Coalition Of Countries|10028|Maroon|283424|Dropo7777|DelOrto|NATO|10037|Blue|Expired|0|100|0|9/3/2025 8:16:12 AM|VEP|4991059|
625634|firingline|TheCastle|The Wolves|16660|Black|552359|SeaBeeGipson|Denton|MONGOLS|14492|Maroon|Expired|0|100|4000|9/3/2025 8:08:34 AM|Anti-communist task force|4991057|
633611|Speeder|Dronterlands|Non Grata|10097|Maroon|500125|Soxirella|Jusmania|Non Grata|10097|Maroon|Expired|0|100|0|9/3/2025 7:54:13 AM|Tech deal|4991053|
644951|Landric|Republic of Ursus|The Grand Lodge Of Freemasons|10029|Orange|116324|Wayne World|Wayne World|The Grand Lodge of Freemasons|10029|Orange|Expired|0|100|0|9/3/2025 7:45:17 AM|Financial Assistance|4991049|
644951|Landric|Republic of Ursus|The Grand Lodge Of Freemasons|10029|Orange|606462|Iamjust0ne|Senstown|Doom Squad|16454|Black|Expired|0|100|0|9/3/2025 7:44:41 AM|Financial Assistance|4991048|
643607|Aspen|Silus|Union Of Communist Republics|10060|Brown|447303|Terminator|USSROK|CLAWS|15841|Aqua|Expired|0|100|0|9/3/2025 7:34:25 AM|Financial Assistance|4991047|
646540|brasitolandia|brasitolandia2|The Phoenix Federation|17385|Black|413336|Tevron|Devion|CLAWS|15841|Black|Expired|0|100|0|9/3/2025 7:16:37 AM|Financial Assistance|4991045|
646824|AlphaB|Blue Ribbon|The Legion|10020|Purple|618779|learjet|Racinante|The Legion|10020|Purple|Expired|0|100|0|9/3/2025 7:15:41 AM|Financial Assistance|4991044|
324224|SemperFidelis|United Carborundum|Non Grata|10097|Maroon|625902|Patrick Stewart|Republic of Yorkshir|Non Grata|10097|Maroon|Expired|9000000|0|0|9/3/2025 7:15:08 AM|NG Tech Deal|4991043|
646824|AlphaB|Blue Ribbon|The Legion|10020|Purple|439338|kajkajete|Rheinlander|The Legion|10020|Purple|Expired|0|100|0|9/3/2025 7:14:54 AM|Financial Assistance|4991042|
638567|Cobert|Brightwood|Non Grata|10097|Maroon|500125|Soxirella|Jusmania|Non Grata|10097|Maroon|Expired|0|100|0|9/3/2025 6:25:18 AM|Tech|4991039|
406081|Valhalla|Ukropa|Viridian Entente|10010|Green|555346|TacticalAldiko|TacticalAldiko|Viridian Entente|10010|Green|Expired|0|100|0|9/3/2025 5:44:24 AM|1/2|4991033|
406081|Valhalla|Ukropa|Viridian Entente|10010|Green|71592|upchuck|warmarding|Viridian Entente|10010|Green|Expired|0|100|0|9/3/2025 5:43:59 AM|1/1|4991032|
504045|Agravain Cardif|Dures Mains|Knights Of The Round Table|10092|Green|621283|SukinGame|FreeRedthai|Interkosmos|16298|Red|Expired|9000000|0|0|9/3/2025 5:29:26 AM|Tech ($9M/100)|4991028|
437823|zyberzpyder|Zyberia|Non Grata|10097|Maroon|638567|Cobert|Brightwood|Non Grata|10097|Maroon|Expired|9000000|0|0|9/3/2025 4:40:19 AM|Tech|4991025|
644785|Optimus881|Wakanda881|Post Grunge Supergroup|16367|Brown|618472|Leftie|Brotherhood|Madlads Union|17130|Brown|Expired|0|100|0|9/3/2025 3:15:55 AM|PSG $9M/100Tech|4991019|
168105|Bobogoobo|Bobogoobo|New Pacific Order|10000|Red|616294|Japanese Schoolgirls|Japanese Schoolgirls|New Pacific Order|10000|Red|Expired|9000000|0|0|9/3/2025 2:56:56 AM|Bankroll|4991016|
168105|Bobogoobo|Bobogoobo|New Pacific Order|10000|Red|551335|Hakora Kiyanto|Makayan|New Pacific Order|10000|Red|Expired|9000000|0|0|9/3/2025 2:56:50 AM|Bankroll|4991015|
168105|Bobogoobo|Bobogoobo|New Pacific Order|10000|Red|580705|Theory|Westermont|New Pacific Order|10000|Red|Expired|9000000|0|0|9/3/2025 2:56:43 AM|Bankroll|4991014|
380007|Supreme Emperor Daeg|Metal|Doom Squad|16454|Black|647395|Jackson72|Betrothed|Nuclear Proliferation League|17228|None|Expired|6000000|0|0|9/3/2025 2:28:53 AM|6 Million for 100 Tech|4991012|
597501|JayMillz|Curel|New Polar Order|10006|Blue|379932|VickiB|Quantum Leap|New Polar Order|10006|Blue|Expired|9000000|0|0|9/3/2025 2:27:49 AM|Financial Assistance|4991010|
597501|JayMillz|Curel|New Polar Order|10006|Blue|602798|Tharu|Thunnalai|New Polar Order|10006|Blue|Expired|9000000|0|0|9/3/2025 2:27:28 AM|Financial Assistance|4991009|
636950|Sir Percival|Galles|Knights Of The Round Table|10092|Green|186805|Grendel|Beowulf|Knights Of The Round Table|10092|Green|Expired|0|100|0|9/3/2025 2:16:12 AM|Yr 100t Thanks|4991007|
636950|Sir Percival|Galles|Knights Of The Round Table|10092|Green|449283|Sir Benevale|Orangewall|Knights of the Round Table|10092|Green|Expired|0|100|0|9/3/2025 2:15:30 AM|Yr 100t Thanks|4991006|
645427|Clank|Clank|Doombrella|17368|Black|139809|John Orris|Commonwealth of John|Doombrella|17368|Black|Expired|0|100|0|9/3/2025 2:10:01 AM|Financial Assistance|4991004|
645427|Clank|Clank|Doombrella|17368|Black|626860|BringMeTheHorizon|Dakotas|Doombrella|17368|Black|Expired|0|100|0|9/3/2025 2:07:48 AM|Financial Assistance|4991003|
645427|Clank|Clank|Doombrella|17368|Black|66883|Crown Prince Mishka|Tygaland|Doombrella|17368|Black|Expired|0|100|0|9/3/2025 2:07:10 AM|Financial Assistance|4991002|
645427|Clank|Clank|Doombrella|17368|Black|199494|Bomber66|Baxter|Doombrella|17368|Black|Expired|0|100|0|9/3/2025 2:06:50 AM|Financial Assistance|4991001|
634448|Stewie|Stewieland III|Non Grata|10097|Maroon|634903|ToasterOven|Pancake Republic|Non Grata|10097|Maroon|Expired|9000000|0|0|9/3/2025 1:52:08 AM|Financial Assistance|4990999|
646465|Panglima Burung|Kalimantan Baru|New Pacific Order|10000|Red|21424|John Edward|Ardenchestia|New Pacific Order|10000|Red|Expired|0|100|0|9/3/2025 1:40:46 AM|Vallum Aelium|4990996|
624193|The1nonlykk|Biourja|Non Grata|10097|Maroon|288430|jrsyboy|toqueville|Non Grata|10097|Maroon|Expired|0|100|0|9/3/2025 1:39:32 AM|Financial Assistance|4990995|
624193|The1nonlykk|Biourja|Non Grata|10097|Maroon|634448|Stewie|Stewieland III|Non Grata|10097|Maroon|Expired|0|100|0|9/3/2025 1:39:27 AM|Financial Assistance|4990994|
624193|The1nonlykk|Biourja|Non Grata|10097|Maroon|230895|TCTriangle|Taninsania|Non Grata|10097|Maroon|Expired|0|100|0|9/3/2025 1:39:22 AM|Financial Assistance|4990993|
631706|Silver Witch|Virtual Empire|The Legion|10020|Purple|439338|kajkajete|Rheinlander|The Legion|10020|Purple|Expired|0|100|0|9/3/2025 1:08:26 AM|Caesar|4990991|
262614|aml520|Hantou|New Polar Order|10006|Blue|512699|Mindbraker|Aguda|New Polar Order|10006|Blue|Expired|0|100|0|9/3/2025 12:49:02 AM| ICECAP Tech |4990990|
262614|aml520|Hantou|New Polar Order|10006|Blue|526631|Fyston|Gallifrey|New Polar Order|10006|Blue|Expired|0|100|0|9/3/2025 12:48:47 AM|Aid Fall|4990989|
639953|Mihail the Just|Republic of Onivlac|New Polar Order|10006|Blue|598596|XxWatchmanxX|Northern America|New Polar Order|10006|Blue|Expired|0|100|0|9/3/2025 12:45:39 AM|Aid Fall|4990988|
639953|Mihail the Just|Republic of Onivlac|New Polar Order|10006|Blue|406305|Ciroton|Sarin|New Polar Order|10006|Blue|Expired|0|100|0|9/3/2025 12:44:56 AM|ICECAP Tech|4990987|
639953|Mihail the Just|Republic of Onivlac|New Polar Order|10006|Blue|512699|Mindbraker|Aguda|New Polar Order|10006|Blue|Expired|0|100|0|9/3/2025 12:44:41 AM|ICECAP Tech|4990986|
646353|tuomas|temple of perversion|The Legion|10020|Purple|439338|kajkajete|Rheinlander|The Legion|10020|Purple|Expired|0|100|0|9/3/2025 12:30:35 AM|Financial Assistance|4990984|
627572|Latexi|Why would I do this|Non Grata|10097|Maroon|500125|Soxirella|Jusmania|Non Grata|10097|Maroon|Expired|0|100|0|9/3/2025 12:16:08 AM|Financial Assistance|4990983|
627572|Latexi|Why would I do this|Non Grata|10097|Maroon|288430|jrsyboy|toqueville|Non Grata|10097|Maroon|Expired|0|100|0|9/3/2025 12:16:02 AM|Financial Assistance|4990982|
645652|SpaceGhostCTC|Phantom crusier|Federation Of Armed Nations|10021|Yellow|88398|thepunk|thepunk|Federation Of Armed Nations|10021|Yellow|Expired|0|100|0|9/3/2025 12:08:22 AM|Financial Assistance|4990975|
645652|SpaceGhostCTC|Phantom crusier|Federation Of Armed Nations|10021|Yellow|106268|cable77|Tau ri|Fark|10002|Aqua|Expired|0|100|0|9/3/2025 12:08:10 AM|Financial Assistance|4990974|
647395|Jackson72|Betrothed|Nuclear Proliferation League|17228|None|261397|Rampage3|United Liberocracy|Nuclear Proliferation League|17228|Aqua|Expired|0|100|0|9/2/2025 11:56:26 PM|Financial Assistance|4990973|
310672|King Wally|Rep of Queensland|Nuclear Proliferation League|17228|Aqua|647395|Jackson72|Betrothed|Nuclear Proliferation League|17228|None|Expired|6000000|0|0|9/2/2025 11:51:58 PM|tech deal|4990972|
144708|Matthew PK|Commonwealth of LoL|Doombrella|17368|Black|635159|xAnri|xRoan|Doombrella|17368|Black|Expired|9000000|0|0|9/2/2025 11:46:50 PM|Financial Assistance|4990971|
592036|LordSanix|Citroto|Freehold of The Wolves|15157|White|627684|Reginald Stuart III|New Ventris|Freehold of The Wolves|15157|White|Expired|9000000|0|0|9/2/2025 11:35:20 PM|VEP|4990970|
188637|Caustic|Hazardous Materials|Non Grata|10097|Maroon|626678|slothix|Kevin|Non Grata|10097|Maroon|Expired|9000000|0|0|9/2/2025 11:12:35 PM|Financial Assistance|4990967|
301419|SirTwist|Twistland|The Grand Lodge Of Freemasons|10029|Orange|353933|Chuck|Teutonic Empire|The Templar Knights|10012|Maroon|Expired|0|100|0|9/2/2025 11:11:53 PM|Tech|4990966|
301419|SirTwist|Twistland|The Grand Lodge Of Freemasons|10029|Orange|138858|Haart|Barbarica|The Templar Knights|10012|Maroon|Expired|0|100|0|9/2/2025 11:11:34 PM|Tech|4990965|
405936|Griffy|Rememberence|Global Alliance And Treaty Organization|10003|Brown|561575|DragonsPhyre|Dragon Spire|Global Alliance And Treaty Organization|10003|Brown|Expired|0|100|0|9/2/2025 10:40:58 PM|Financial Assistance|4990963|
646801|Chaos Gremlin|Chaostopia|Global Alliance And Treaty Organization|10003|Brown|206001|Mallardius|Dominion of the Duck|Global Alliance And Treaty Organization|10003|Brown|Expired|0|100|0|9/2/2025 10:38:48 PM|Financial Assistance|4990962|
540880|Goosinater|United Mexico States|New Pacific Order|10000|Red|522260|kalev60|Hiiumaa|New Pacific Order|10000|Red|Expired|0|100|0|9/2/2025 10:36:22 PM|QT Tech|4990961|
540880|Goosinater|United Mexico States|New Pacific Order|10000|Red|581758|Tiberius|Nuke Town|New Pacific Order|10000|Red|Expired|0|100|0|9/2/2025 10:36:19 PM|QT Tech|4990960|
540880|Goosinater|United Mexico States|New Pacific Order|10000|Red|26771|proud american|Duorp  Nacirema|New Pacific Order|10000|Red|Expired|0|100|0|9/2/2025 10:36:16 PM|Vallum Aelium|4990959|
540880|Goosinater|United Mexico States|New Pacific Order|10000|Red|144926|nerau|imperial council|New Pacific Order|10000|Red|Expired|0|100|0|9/2/2025 10:36:12 PM|QT Tech|4990958|
540880|Goosinater|United Mexico States|New Pacific Order|10000|Red|152802|eclipse363|Suttonia|New Pacific Order|10000|Red|Expired|0|100|0|9/2/2025 10:36:09 PM|QT Tech|4990957|
540880|Goosinater|United Mexico States|New Pacific Order|10000|Red|478715|New Persia|New Pars|New Pacific Order|10000|Red|Expired|0|100|0|9/2/2025 10:36:06 PM|QT Tech|4990956|
646038|OT Dominic|borneo kenyalang|Christian Coalition Of Countries|10028|Maroon|414519|markpalm1|vacous|Freehold of The Wolves|15157|White|Expired|0|100|0|9/2/2025 10:33:08 PM|Valyrian Aid|4990955|
646038|OT Dominic|borneo kenyalang|Christian Coalition Of Countries|10028|Maroon|380797|gainesta09|gainesta09|NATO|10037|Blue|Expired|0|100|0|9/2/2025 10:32:55 PM|Valyrian Aid|4990954|
646038|OT Dominic|borneo kenyalang|Christian Coalition Of Countries|10028|Maroon|283424|Dropo7777|DelOrto|NATO|10037|Blue|Expired|0|100|0|9/2/2025 10:32:39 PM|Valyrian Aid|4990953|
647349|Sand Dan Glokta|Fathom|New Pacific Order|10000|Red|600178|tejuguasu|tejuguasu|New Pacific Order|10000|Red|Expired|0|100|0|9/2/2025 8:41:59 PM|QT tech|4990947|
647349|Sand Dan Glokta|Fathom|New Pacific Order|10000|Red|523247|Umbrae Noctem|Gronland|New Pacific Order|10000|Red|Expired|0|100|0|9/2/2025 8:41:18 PM|QT Tech|4990946|
584955|Ayiana|Veritable|Independent Republic Of Orange Nations|10004|Orange|260342|abcdefg|Alphabets|Independent Republic Of Orange Nations|10004|Aqua|Expired|0|100|0|9/2/2025 8:39:17 PM|ITF|4990945|
584955|Ayiana|Veritable|Independent Republic Of Orange Nations|10004|Orange|207900|Queltocz|Quelto|Independent Republic Of Orange Nations|10004|Orange|Expired|0|100|0|9/2/2025 8:38:17 PM|ITF|4990944|
633077|DarkStar1348|Aoxomoxoa|The Legion|10020|Purple|616289|Kingzing|Glister|The Legion|10020|Purple|Expired|9000000|0|0|9/2/2025 8:35:36 PM|Financial Assistance|4990943|
519729|MammothCave|National Park|Swash Plates And Tail Rotors|10126|Maroon|265697|Laskar Pelangi|Rainbow Soldier|Kaskus|10104|Brown|Expired|9000000|0|0|9/2/2025 7:33:00 PM|Financial Assistance|4990941|
519729|MammothCave|National Park|Swash Plates And Tail Rotors|10126|Maroon|260817|MamazlilMistake|Happy Hunting Ground|Non Grata|10097|Maroon|Expired|9000000|0|0|9/2/2025 7:32:50 PM|Financial Assistance|4990940|
519729|MammothCave|National Park|Swash Plates And Tail Rotors|10126|Maroon|22121|spartan 84|UNSC Reach|Non Grata|10097|Maroon|Expired|9000000|100|0|9/2/2025 7:32:28 PM|Financial Assistance|4990939|
519729|MammothCave|National Park|Swash Plates And Tail Rotors|10126|Maroon|325202|murtibing|Fluens|Axiom of Regularity|17122|White|Expired|9000000|0|0|9/2/2025 7:32:11 PM|Financial Assistance|4990938|
404438|Herzog|Black Amber|Sparta|10008|Black|283366|Ronpau17|libertylando|Sparta|10008|Black|Expired|0|100|0|9/2/2025 7:21:24 PM|Financial Assistance|4990936|
404438|Herzog|Black Amber|Sparta|10008|Black|111387|riffers|Vagumachland|Sparta|10008|Black|Expired|0|100|0|9/2/2025 7:20:58 PM|Financial Assistance|4990935|
437779|Clayton Lilleby|Lilleby|Nordreich|11319|Maroon|87922|Baron Zemo|Nordenstrom|Nordreich|11319|Maroon|Expired|9000000|100|0|9/2/2025 7:04:02 PM|Financial Assistance|4990934|
437779|Clayton Lilleby|Lilleby|Nordreich|11319|Maroon|170124|WackyDan|Wackytopia|Nordreich|11319|Maroon|Expired|0|100|0|9/2/2025 7:03:41 PM|Financial Assistance|4990933|
437779|Clayton Lilleby|Lilleby|Nordreich|11319|Maroon|184994|Oro Ibah Aozpi|Novgorod|Nordreich|11319|Maroon|Expired|0|100|0|9/2/2025 7:03:16 PM|Financial Assistance|4990932|
437779|Clayton Lilleby|Lilleby|Nordreich|11319|Maroon|274261|Ub3rdude|Uberlandia|Nordreich|11319|Maroon|Expired|0|100|0|9/2/2025 7:02:56 PM|Financial Assistance|4990931|
437779|Clayton Lilleby|Lilleby|Nordreich|11319|Maroon|360411|Judson|Opportunity|Nordreich|11319|Maroon|Expired|0|100|0|9/2/2025 7:02:33 PM|Financial Assistance|4990930|
437779|Clayton Lilleby|Lilleby|Nordreich|11319|Maroon|290230|UnLimited|Aurora Borealis|Nordreich|11319|Maroon|Expired|0|100|0|9/2/2025 7:02:11 PM|Financial Assistance|4990929|
645571|cantbelieveimback|Techlandia|Doombrella|17368|Black|374321|Clash|Discord|Doombrella|17368|Black|Expired|0|100|0|9/2/2025 7:02:10 PM|Financial Assistance|4990928|
645571|cantbelieveimback|Techlandia|Doombrella|17368|Black|142120|Commander Thrawn|Csilla|Doombrella|17368|Black|Expired|0|100|0|9/2/2025 7:02:01 PM|Financial Assistance|4990927|
645571|cantbelieveimback|Techlandia|Doombrella|17368|Black|619806|Epimethys|Pyrrha|Doombrella|17368|Black|Expired|0|100|0|9/2/2025 7:01:11 PM|Financial Assistance|4990926|
645571|cantbelieveimback|Techlandia|Doombrella|17368|Black|199494|Bomber66|Baxter|Doombrella|17368|Black|Expired|0|100|0|9/2/2025 6:56:43 PM|Financial Assistance|4990925|
645571|cantbelieveimback|Techlandia|Doombrella|17368|Black|66883|Crown Prince Mishka|Tygaland|Doombrella|17368|Black|Expired|0|100|0|9/2/2025 6:56:34 PM|Financial Assistance|4990924|
645571|cantbelieveimback|Techlandia|Doombrella|17368|Black|184514|Franz Ferdinand|L252beck|Doombrella|17368|Black|Expired|0|100|0|9/2/2025 6:56:24 PM|Financial Assistance|4990923|
630674|Ghostruler1|Winterfelllllll|New Pacific Order|10000|Red|600178|tejuguasu|tejuguasu|New Pacific Order|10000|Red|Expired|0|100|0|9/2/2025 6:45:30 PM|QT Tech|4990921|
630674|Ghostruler1|Winterfelllllll|New Pacific Order|10000|Red|273843|Northern Empire|Northern Empire|Independent Republic Of Orange Nations|10004|Orange|Expired|0|100|0|9/2/2025 6:45:25 PM|QT Tech|4990920|
25527|Flembosh|Randall|Mostly Harmless Alliance|14879|Aqua|319343|realpal|REALPAL|Fark|10002|Aqua|Expired|0|100|0|9/2/2025 6:42:32 PM|Financial Assistance|4990919|
10578|Frawley|stangerites|New Pacific Order|10000|Red|273843|Northern Empire|Northern Empire|Independent Republic Of Orange Nations|10004|Orange|Expired|0|100|0|9/2/2025 6:23:22 PM|QT Tech|4990918|
10578|Frawley|stangerites|New Pacific Order|10000|Red|600178|tejuguasu|tejuguasu|New Pacific Order|10000|Red|Expired|0|100|0|9/2/2025 6:23:16 PM|QT Tech|4990917|
10578|Frawley|stangerites|New Pacific Order|10000|Red|523247|Umbrae Noctem|Gronland|New Pacific Order|10000|Red|Expired|0|100|0|9/2/2025 6:23:10 PM|QT Tech|4990916|
10578|Frawley|stangerites|New Pacific Order|10000|Red|568748|Llednar Twem|Eurica|New Pacific Order|10000|Red|Expired|0|100|0|9/2/2025 6:23:04 PM|QT Tech|4990915|
10578|Frawley|stangerites|New Pacific Order|10000|Red|522260|kalev60|Hiiumaa|New Pacific Order|10000|Red|Expired|0|100|0|9/2/2025 6:22:58 PM|QT Tech|4990914|
10578|Frawley|stangerites|New Pacific Order|10000|Red|167235|ORCACommander|Hiigaran Federation|New Pacific Order|10000|Red|Expired|0|100|0|9/2/2025 6:22:52 PM|QT Tech|4990913|
528479|paul711|Paulinca|Non Grata|10097|Maroon|645844|Dario the Great|Darioland|Non Grata|10097|Maroon|Expired|9000000|0|0|9/2/2025 5:57:33 PM|Financial Assistance|4990910|
322157|Cartmantoria|Cartmantoria|Orange Defense Network|17435|Orange|538755|zeldafan4ever|Terminus|Orange Defense Network|17435|Orange|Expired|9000000|0|0|9/2/2025 5:46:33 PM|9 mil for 300 tech|4990909|
646800|Brotherlouie27|Louimerica II|Global Alliance And Treaty Organization|10003|Brown|348468|Ghan Khalav|Khalavistan|Global Alliance and Treaty Organization|10003|Brown|Expired|0|100|0|9/2/2025 4:35:37 PM|Financial Assistance|4990906|
608458|Johnny Cutlass|Claw Key|Knights Of The Round Table|10092|Aqua|647390|Godwin of wessex|The land of Wessex|Knights Of The Round Table|10092|Green|Expired|6000000|0|0|9/2/2025 4:34:24 PM|Free booty|4990905|
645382|Kharmandril|PETA nudes|Doom Squad|16454|Black|567720|Cosmic Chocolate|Soaring Eagle|DOOMBIRD DOOMCAVE|10449|Black|Expired|0|100|0|9/2/2025 4:32:41 PM|Financial Assistance|4990902|
645382|Kharmandril|PETA nudes|Doom Squad|16454|Black|410812|Berbers|Kingdom of AlRezana|The Wolves|16660|Black|Expired|0|100|0|9/2/2025 4:32:00 PM|Financial Assistance|4990900|
645382|Kharmandril|PETA nudes|Doom Squad|16454|Black|624696|Hershicus|DoomsDayShekels|Doom Squad|16454|Black|Expired|0|100|0|9/2/2025 4:31:41 PM|Financial Assistance|4990899|
440257|lonabis|flying dutchmen|NATO|10037|Blue|647362|TaiwoChamp|TaiwoChamperia|NATO|10037|Blue|Expired|6000000|0|0|9/2/2025 4:11:32 PM|Financial Assistance|4990895|
242836|BozDaBoz|CoastalBendatia|Fark|10002|Aqua|645525|GodKing Menes|Free Republic of Kem|Nuclear Proliferation League|17228|Aqua|Expired|9000000|0|0|9/2/2025 4:01:37 PM|tech deal 9/100|4990894|
612177|DannyVee|Cvetko|New Pacific Order|10000|Red|523247|Umbrae Noctem|Gronland|New Pacific Order|10000|Red|Expired|0|100|0|9/2/2025 4:00:00 PM|QT Tech|4990892|
612177|DannyVee|Cvetko|New Pacific Order|10000|Red|273843|Northern Empire|Northern Empire|Independent Republic Of Orange Nations|10004|Orange|Expired|0|100|0|9/2/2025 3:59:55 PM|QT Tech|4990891|
612177|DannyVee|Cvetko|New Pacific Order|10000|Red|600178|tejuguasu|tejuguasu|New Pacific Order|10000|Red|Expired|0|100|0|9/2/2025 3:59:50 PM|QT Tech|4990890|
612177|DannyVee|Cvetko|New Pacific Order|10000|Red|442731|Madd|Modra|New Pacific Order|10000|Red|Expired|0|100|0|9/2/2025 3:59:42 PM|QT Tech|4990889|
612177|DannyVee|Cvetko|New Pacific Order|10000|Red|629229|HopeFun|LimaPT|New Pacific Order|10000|Red|Expired|0|100|0|9/2/2025 3:59:37 PM|QT Tech|4990888|
612177|DannyVee|Cvetko|New Pacific Order|10000|Red|75117|rnegafan|Rnegfania|New Pacific Order|10000|Red|Expired|0|100|0|9/2/2025 3:59:29 PM|QT Tech|4990887|
373428|Brian|The Looking Glass|Christian Coalition Of Countries|10028|Maroon|541983|CVO|Kush|NATO|10037|Blue|Expired|0|100|0|9/2/2025 3:32:45 PM|Financial Assistance|4990879|
373428|Brian|The Looking Glass|Christian Coalition Of Countries|10028|Maroon|414519|markpalm1|vacous|Freehold of The Wolves|15157|White|Expired|0|100|0|9/2/2025 3:32:37 PM|Financial Assistance|4990878|
373428|Brian|The Looking Glass|Christian Coalition Of Countries|10028|Maroon|380797|gainesta09|gainesta09|NATO|10037|Blue|Expired|0|100|0|9/2/2025 3:32:29 PM|Financial Assistance|4990877|
373428|Brian|The Looking Glass|Christian Coalition Of Countries|10028|Maroon|324421|Einer|Jesusland|Mostly Harmless Alliance|14879|White|Expired|0|100|0|9/2/2025 3:32:22 PM|Financial Assistance|4990876|
373428|Brian|The Looking Glass|Christian Coalition Of Countries|10028|Maroon|120427|Ashleaa|Pigtopia|Federation of Armed Nations|10021|Yellow|Expired|0|100|0|9/2/2025 3:32:11 PM|Financial Assistance|4990875|
373428|Brian|The Looking Glass|Christian Coalition Of Countries|10028|Maroon|283424|Dropo7777|DelOrto|NATO|10037|Blue|Expired|0|100|0|9/2/2025 3:32:02 PM|Financial Assistance|4990874|
263220|Gambona|Gambona|CLAWS|15841|Black|645526|Khanya The Great|Triangula|Veneris|17356|White|Expired|9000000|0|0|9/2/2025 3:25:19 PM|Tech Deal 9/100|4990872|
546488|levothy|mycybernation|Knights Of The Round Table|10092|Green|384577|wayoik|SunOase|Knights Of The Round Table|10092|Green|Expired|0|100|0|9/2/2025 3:18:34 PM|Tech Insurance 2pkptr|4990871|
643162|DarkDefiance|United Defiance|New Pacific Order|10000|Red|273843|Northern Empire|Northern Empire|Independent Republic Of Orange Nations|10004|Orange|Expired|0|100|0|9/2/2025 3:18:02 PM|QT Tech|4990870|
645829|blegth|irting|Nuclear Proliferation League|17228|Aqua|242836|BozDaBoz|CoastalBendatia|Fark|10002|Aqua|Expired|0|100|0|9/2/2025 3:16:35 PM|Financial Assistance|4990869|
640027|Rdjzozet|Tryzovits|CLAWS|15841|Black|159192|Matt Bowen|Bowenland|Knights Of The Round Table|10092|Green|Expired|0|100|0|9/2/2025 3:10:33 PM|Financial Assistance|4990866|
587594|Jason8|Waldo|Post Grunge Supergroup|16367|Brown|645688|Queen Victoria Hale|Kingdom of Thalassia|Post Grunge Supergroup|16367|Brown|Expired|6000000|0|0|9/2/2025 1:38:57 PM|FREE MONEY|4990864|
587594|Jason8|Waldo|Post Grunge Supergroup|16367|Brown|542485|RedQueen|Myotistan|Post Grunge Supergroup|16367|Brown|Expired|9000000|0|0|9/2/2025 1:38:43 PM|FREE MONEY|4990863|
329142|Donada|Hobis|Argent|10063|Pink|471972|Monkzaon|Ecliptonia|United Equestria|10101|Pink|Expired|9000000|0|0|9/2/2025 1:32:37 PM|Again?|4990862|
638461|Jerby|Simulacra|Non Grata|10097|Maroon|72766|Gofastleft|Racesteria|Non Grata|10097|Maroon|Expired|0|100|0|9/2/2025 1:30:57 PM|Financial Assistance|4990861|
101765|KevinH|Establishmentism|Independent Republic of Orange Nations|10004|Orange|391465|Lysistrata|Alamo|Independent Republic Of Orange Nations|10004|Orange|Expired|9000000|100|4000|9/2/2025 12:57:37 PM|Energy|4990857|
299962|dev0win|1nfinity Otriad|Christian Coalition Of Countries|10028|Blue|646548|mass781|Mass781|Christian Coalition Of Countries|10028|Maroon|Expired|9000000|0|0|9/2/2025 12:46:18 PM|Valyrian Aid|4990850|
299962|dev0win|1nfinity Otriad|Christian Coalition Of Countries|10028|Blue|510139|AnthraxAnderson|Empire of Armageddon|NATO|10037|Blue|Expired|9000000|0|0|9/2/2025 12:45:27 PM|Valyrian Aid|4990848|
645347|Randomnameguy|New England INC|Post Grunge Supergroup|16367|Brown|474413|The R00STER|Republic of Ibonn|The Dark Templar|10056|Black|Expired|0|100|0|9/2/2025 12:45:16 PM|Tech Payment|4990847|
38760|Daedalus27|Daedalistan|Global Alliance and Treaty Organization|10003|Brown|645136|district10VICTOR|Amelo|Global Alliance And Treaty Organization|10003|Brown|Expired|6000000|0|0|9/2/2025 11:54:17 AM|Tech Deal|4990840|
353933|Chuck|Teutonic Empire|The Templar Knights|10012|Maroon|287231|Bolivar|Bolivar|Libertarian Socialist Federation|10027|Brown|Expired|9000000|0|0|9/2/2025 11:42:48 AM|Tech Deal|4990838|
75992|weaverc|Weaver|Global Alliance and Treaty Organization|10003|Brown|646801|Chaos Gremlin|Chaostopia|Global Alliance And Treaty Organization|10003|Brown|Expired|6000000|0|0|9/2/2025 11:17:43 AM|Financial Assistance|4990836|
643549|KingDutchison|KingDutchison|The Legion|10020|Purple|288372|king qaz|my own little workd|The Legion|10020|Purple|Expired|0|100|0|9/2/2025 11:10:31 AM|Financial Assistance|4990834|
643549|KingDutchison|KingDutchison|The Legion|10020|Purple|629180|filgod|Sicara|The Legion|10020|Purple|Expired|0|100|0|9/2/2025 11:10:01 AM|Financial Assistance|4990833|
57033|Slywolfe|Slywolfe|New Pacific Order|10000|Red|572011|Nijil1|Polinasia|New Pacific Order|10000|Red|Expired|9000000|0|0|9/2/2025 10:32:27 AM|Rising Stars|4990832|
57033|Slywolfe|Slywolfe|New Pacific Order|10000|Red|645804|La Mismidad|Libertaris|New Pacific Order|10000|Red|Expired|9000000|0|0|9/2/2025 10:32:22 AM|Rising Stars|4990831|
187132|White Majik|VSOP United|Doombrella|17368|Black|646870|Waffless|Wafflandia|Doombrella|17368|Black|Expired|9000000|0|0|9/2/2025 10:20:20 AM|Financial Assistance|4990830|
636336|Stelth|White Mountain|Union Of Communist Republics|10060|Brown|645347|Randomnameguy|New England INC|Post Grunge Supergroup|16367|Brown|Expired|9000000|0|0|9/2/2025 9:51:07 AM|Financial Assistance|4990829|
446109|VVhite Majik|VS0P United|Doombrella|17368|Black|646870|Waffless|Wafflandia|Doombrella|17368|Black|Expired|9000000|0|0|9/2/2025 9:50:10 AM|Financial Assistance|4990828|
446109|VVhite Majik|VS0P United|Doombrella|17368|Black|646975|Thomassh|HighGateHaven|Doombrella|17368|Black|Expired|9000000|0|0|9/2/2025 9:49:58 AM|Financial Assistance|4990827|
446109|VVhite Majik|VS0P United|Doombrella|17368|Black|151268|Zerileous|Monkey Time|Doombrella|17368|Black|Expired|0|100|0|9/2/2025 9:49:46 AM|Financial Assistance|4990826|
446109|VVhite Majik|VS0P United|Doombrella|17368|Black|484851|enderland|Fields of Elysium|Doombrella|17368|Black|Expired|0|100|0|9/2/2025 9:49:39 AM|Financial Assistance|4990824|
645768|Sitthemdown|Emperor Protects|Doombrella|17368|Black|184514|Franz Ferdinand|L252beck|Doombrella|17368|Black|Expired|0|100|0|9/2/2025 9:37:03 AM|Financial Assistance|4990822|
229836|apemax|smugglers and mercs|The Imperial Order|10082|Blue|645105|Trench Foast|TrenchFoastia|Christian Coalition Of Countries|10028|Maroon|Expired|9000000|0|0|9/2/2025 9:23:58 AM|VEP Tech Deal|4990817|
229836|apemax|smugglers and mercs|The Imperial Order|10082|Blue|510139|AnthraxAnderson|Empire of Armageddon|NATO|10037|Blue|Expired|9000000|0|0|9/2/2025 9:23:47 AM|VEP Tech Deal|4990816|
369840|Astron|Svedala|NATO|10037|Blue|645105|Trench Foast|TrenchFoastia|Christian Coalition Of Countries|10028|Maroon|Expired|9000000|0|0|9/2/2025 9:21:28 AM|Valyrian Aid|4990815|
369840|Astron|Svedala|NATO|10037|Blue|510139|AnthraxAnderson|Empire of Armageddon|NATO|10037|Blue|Expired|9000000|0|0|9/2/2025 9:21:02 AM|Valyrian Aid|4990813|
644711|CatDog|NicholasJoseph|Catholic Reich|17311|Black|69978|Garbunkel|Gravillia|CLAWS|15841|Black|Expired|0|100|0|9/2/2025 9:17:22 AM|Financial Assistance|4990812|
487838|Lord von Manteuffel|Kampfgruppe Panzer|Swash Plates And Tail Rotors|10126|None|325202|murtibing|Fluens|Axiom of Regularity|17122|White|Expired|9000000|0|0|9/2/2025 9:10:49 AM|Financial Assistance|4990811|
487838|Lord von Manteuffel|Kampfgruppe Panzer|Swash Plates And Tail Rotors|10126|None|260817|MamazlilMistake|Happy Hunting Ground|Non Grata|10097|Maroon|Expired|9000000|0|0|9/2/2025 9:10:36 AM|Financial Assistance|4990810|
487838|Lord von Manteuffel|Kampfgruppe Panzer|Swash Plates And Tail Rotors|10126|None|265697|Laskar Pelangi|Rainbow Soldier|Kaskus|10104|Brown|Expired|9000000|0|0|9/2/2025 9:10:22 AM|Financial Assistance|4990809|
487838|Lord von Manteuffel|Kampfgruppe Panzer|Swash Plates And Tail Rotors|10126|None|40650|kerschbs|indica|Non Grata|10097|Maroon|Expired|9000000|100|0|9/2/2025 9:10:10 AM|Financial Assistance|4990808|
618698|Arminius Cheruski|Germania Magna|The Prussian Empire|14204|Green|645994|Emperor Hintz|Hintztopia|The Prussian Empire|14204|Green|Expired|9000000|0|0|9/2/2025 8:59:09 AM|9M/100|4990807|
538755|zeldafan4ever|Terminus|Orange Defense Network|17435|Orange|87249|Infallible|Mulletville|Orange Defense Network|17435|Orange|Expired|0|100|0|9/2/2025 8:59:07 AM|Tech 2/3|4990806|
618698|Arminius Cheruski|Germania Magna|The Prussian Empire|14204|Green|631432|Elector King|Bohemia Moravia|The Prussian Empire|14204|Green|Expired|9000000|0|0|9/2/2025 8:58:09 AM|9M/100|4990805|
469301|Lars Jorgens|Whale of a Time|Non Grata|10097|Maroon|627572|Latexi|Why would I do this|Non Grata|10097|Maroon|Expired|9000000|0|0|9/2/2025 8:34:19 AM|Financial Assistance|4990801|
638567|Cobert|Brightwood|Non Grata|10097|Maroon|582941|Cydonian Knight|Strodemia|Non Grata|10097|Maroon|Expired|0|100|0|9/2/2025 7:41:33 AM|Tech|4990786|
625634|firingline|TheCastle|The Wolves|16660|Black|630433|Wuldor Winnan|Wuldor Winnan|The Wolves|16660|Maroon|Expired|9000000|100|0|9/2/2025 7:30:52 AM|Send the tech to Rothaic|4990784|
640027|Rdjzozet|Tryzovits|CLAWS|15841|Black|250431|riser|Goodwill|CLAWS|15841|Black|Expired|0|100|0|9/2/2025 6:34:41 AM|Financial Assistance|4990783|
633233|Mike Khunt|Cypress Hill|CLAWS|15841|Black|640027|Rdjzozet|Tryzovits|CLAWS|15841|Black|Expired|9000000|0|0|9/2/2025 6:25:58 AM|$9 mil for 100 tech|4990782|
623987|MasterBadey|mastabadeia|Global Alliance And Treaty Organization|10003|Brown|455413|Duke Nukem|NukemLand|Global Alliance And Treaty Organization|10003|Brown|Expired|0|100|0|9/2/2025 6:19:19 AM|free bubble gum|4990780|
643607|Aspen|Silus|Union Of Communist Republics|10060|Brown|636336|Stelth|White Mountain|Union Of Communist Republics|10060|Brown|Expired|0|100|0|9/2/2025 6:18:51 AM|Financial Assistance|4990779|
631706|Silver Witch|Virtual Empire|The Legion|10020|Purple|346487|phate408|Belgrade|The Legion|10020|Purple|Expired|0|100|0|9/2/2025 6:07:17 AM|Caesar|4990773|
631706|Silver Witch|Virtual Empire|The Legion|10020|Purple|288372|king qaz|my own little workd|The Legion|10020|Purple|Expired|0|100|0|9/2/2025 6:06:44 AM|Caesar|4990772|
433854|Auctor|Wyrdgar|Doombrella|17368|Black|187132|White Majik|VSOP United|Doombrella|17368|Black|Expired|0|100|0|9/2/2025 6:02:19 AM|Financial Assistance|4990771|
645740|ShadowSleeper|Noevgono|Nuclear Proliferation League|17228|Aqua|362361|Gofast2006|Pioneer Village|Nuclear Proliferation League|17228|Aqua|Expired|0|100|0|9/2/2025 5:39:40 AM|Financial Assistance|4990768|
646548|mass781|Mass781|Christian Coalition Of Countries|10028|Maroon|646229|Stormraven|Pantora|Christian Coalition Of Countries|10028|Maroon|Expired|6000000|0|0|9/2/2025 5:38:50 AM|Economy Boost Package|4990767|
634284|mikeymikes|batmanism|Doombrella|17368|Black|626860|BringMeTheHorizon|Dakotas|Doombrella|17368|Black|Expired|9000000|100|4000|9/2/2025 4:44:04 AM|aids|4990761|
634284|mikeymikes|batmanism|Doombrella|17368|Black|484851|enderland|Fields of Elysium|Doombrella|17368|Black|Expired|0|100|4000|9/2/2025 4:43:20 AM|aids |4990760|
646799|Salt Meat|Ghost Sea|Doom Squad|16454|Black|622221|cobwebbyarc6|Dasein|Doom Squad|16454|Black|Expired|0|100|0|9/2/2025 3:45:58 AM|Financial Assistance|4990757|
630254|Venoxis|Anartektica|Post Grunge Supergroup|16367|Brown|545724|Matmal|Matmalia|Post Grunge Supergroup|16367|Brown|Expired|6000000|0|0|9/2/2025 2:53:33 AM|Financial Assistance|4990753|
410290|bdrocks|Knights of Honour|CLAWS|15841|Black|626161|54vee|Tallinn Compact|CLAWS|15841|Black|Expired|9000000|0|0|9/2/2025 2:38:50 AM|Tech deal|4990752|
12258|Commissar Sendoa|Cataduanes|Non Grata|10097|Maroon|613432|Talbrys|Keltroy|Non Grata|10097|Maroon|Expired|0|100|0|9/2/2025 1:50:08 AM|Take the filthy tech x|4990750|
532352|Serberus|The State|Post Grunge Supergroup|16367|Brown|647398|V6itleja|Kubrikud|Post Grunge Supergroup|16367|Aqua|Expired|6000000|0|0|9/2/2025 1:40:24 AM|New Member Aid|4990747|
199347|Caliph|Caliphate|Doom Squad|16454|Black|646870|Waffless|Wafflandia|Doombrella|17368|Black|Expired|9000000|0|0|9/2/2025 12:37:31 AM|Financial Assistance|4990746|
199347|Caliph|Caliphate|Doom Squad|16454|Black|646975|Thomassh|HighGateHaven|Doombrella|17368|Black|Expired|9000000|0|0|9/2/2025 12:36:49 AM|Financial Assistance|4990745|
199347|Caliph|Caliphate|Doom Squad|16454|Black|622221|cobwebbyarc6|Dasein|Doom Squad|16454|Black|Expired|0|100|0|9/2/2025 12:35:31 AM|Financial Assistance|4990743|
199347|Caliph|Caliphate|Doom Squad|16454|Black|615966|tehol|Lether|Doom Squad|16454|Black|Expired|0|100|0|9/2/2025 12:34:50 AM|Financial Assistance|4990741|
257166|Yggdrazil|Ginginugap|Independent Republic Of Orange Nations|10004|Orange|260342|abcdefg|Alphabets|Independent Republic Of Orange Nations|10004|Aqua|Expired|0|100|0|9/2/2025 12:30:29 AM|itf|4990740|
348556|Overlord Wes|wussys|Global Alliance and Treaty Organization|10003|Brown|313301|MK4Slowride|MK4Slowride|Global Alliance And Treaty Organization|10003|Brown|Expired|9000000|100|0|9/2/2025 12:11:03 AM|Financial Assistance|4990739|
645946|LiFeng|Qwertyiop|Non Grata|10097|Maroon|613432|Talbrys|Keltroy|Non Grata|10097|Maroon|Expired|0|100|0|9/2/2025 12:08:16 AM|Financial Assistance|4990738|
643625|DERVISHchaff|Sudentor|New Polar Order|10006|Blue|249837|Andrew III|Dendarii Federation|New Polar Order|10006|Blue|Expired|0|100|0|9/1/2025 11:45:16 PM|ICECAP Tech|4990736|
643625|DERVISHchaff|Sudentor|New Polar Order|10006|Blue|497470|Skaros Thunderbane|Shimazu Conglomerate|New Polar Order|10006|Blue|Expired|0|100|0|9/1/2025 11:44:38 PM|ICECAP Tech|4990735|
643625|DERVISHchaff|Sudentor|New Polar Order|10006|Blue|469336|Robert tilton|Slacklanta|New Polar Order|10006|Blue|Expired|0|100|0|9/1/2025 11:43:23 PM|ICECAP Tech|4990734|
445021|Mogar|Mogatopia|COBRA|13717|Brown|85973|King David the Loyal|Malkavias|The Order Of The Black Rose|10045|Black|Expired|0|100|0|9/1/2025 11:32:59 PM|Financial Assistance|4990733|
381828|InconspicuousBarrel|Kievan Rus|Global Alliance And Treaty Organization|10003|Brown|643971|Blaze I|Brozil|Global Alliance And Treaty Organization|10003|Brown|Expired|9000000|0|0|9/1/2025 11:30:49 PM|Tech Deal|4990732|
539696|God Almighty|Kingdom of God|New Pacific Order|10000|Red|572011|Nijil1|Polinasia|New Pacific Order|10000|Red|Expired|9000000|0|0|9/1/2025 11:06:35 PM|Rising Stars|4990731|
539696|God Almighty|Kingdom of God|New Pacific Order|10000|Red|645804|La Mismidad|Libertaris|New Pacific Order|10000|Red|Expired|9000000|0|0|9/1/2025 11:06:29 PM|Rising Stars|4990730|
645303|Leviticus|Hedonia Senae|Church of the Holy Platypus|17265|Brown|463046|Commander Asaiki Tam|Tora Tora|COBRA|13717|Maroon|Expired|0|100|0|9/1/2025 10:40:37 PM|Tech deal|4990729|
628653|Freyz|Mittlemazigste|Knights Of The Round Table|10092|Green|646860|Henry Jones Sr|Rev Rep Sandy Staat||0|Green|Expired|6000000|0|0|9/1/2025 10:35:05 PM|Financial Assistance|4990728|
492431|Lollerobot|Tigerblue|Knights Of The Round Table|10092|Green|607597|LukeDiamondking|Kosletraf Empire|The Greater Confederacy|16370|Green|Expired|9000000|0|4000|9/1/2025 10:22:59 PM|Super penguin aid|4990727|
618472|Leftie|Brotherhood|Madlads Union|17130|Brown|76627|shwampy|Barryteroria|Libertarian Socialist Federation|10027|White|Expired|6000000|0|0|9/1/2025 9:54:34 PM|6M/100T? - MadLads|4990726|
402492|NikolaP|Wiggles|Disciples of Duckroll|17024|Black|596807|AmeerMuib|SiegeTank|Disciples of Duckroll|17024|Black|Expired|9000000|0|0|9/1/2025 9:28:26 PM|Financial Assistance|4990724|
630674|Ghostruler1|Winterfelllllll|New Pacific Order|10000|Red|523247|Umbrae Noctem|Gronland|New Pacific Order|10000|Red|Expired|0|100|0|9/1/2025 8:36:18 PM|QT Tech|4990722|
630674|Ghostruler1|Winterfelllllll|New Pacific Order|10000|Red|568748|Llednar Twem|Eurica|New Pacific Order|10000|Red|Expired|0|100|0|9/1/2025 8:36:05 PM|QT Tech|4990721|
485812|Amyante|Zargathia|Shangri La|13799|White|567361|GradyTheGreat|Secundo Tonku|CLAWS|15841|Black|Expired|0|100|0|9/1/2025 8:02:34 PM|Tech deal: 100/100 resend|4990719|
419811|Duke Mark|Old Missouri|Knights Of The Round Table|10092|Green|647392|Jartiontheknight|aurora oro|The Phoenix Federation|17385|Black|Expired|6000000|0|0|9/1/2025 7:53:24 PM|Tech purchase 6/100?|4990718|
419811|Duke Mark|Old Missouri|Knights Of The Round Table|10092|Green|607597|LukeDiamondking|Kosletraf Empire|The Greater Confederacy|16370|Green|Expired|9000000|0|4000|9/1/2025 7:52:35 PM|River Patrol|4990717|
632798|KYBALION|HVITIRDREKAR|Knights Of The Round Table|10092|Green|646540|brasitolandia|brasitolandia2|The Phoenix Federation|17385|Black|Expired|9000000|0|0|9/1/2025 7:01:13 PM|New 9M/100T Deal :-)|4990714|
646800|Brotherlouie27|Louimerica II|Global Alliance And Treaty Organization|10003|Brown|394625|Empress Elizabeth|DeWitt|Global Alliance And Treaty Organization|10003|Brown|Expired|0|100|0|9/1/2025 6:04:27 PM|Financial Assistance|4990709|
12501|onbekende|Kapellen|Independent Republic of Orange Nations|10004|Orange|636601|Wolfbite|Caffinated Wolves|Independent Republic Of Orange Nations|10004|Orange|Expired|0|100|0|9/1/2025 5:07:20 PM|ITF|4990707|
261397|Rampage3|United Liberocracy|Nuclear Proliferation League|17228|Aqua|645985|CaboMabo|CaboMabo|Nuclear Proliferation League|17228|Aqua|Expired|9000000|0|0|9/1/2025 4:41:53 PM|Should be #3|4990705|
588563|Kasper|Skora Horda|Knights Of The Round Table|10092|Green|607597|LukeDiamondking|Kosletraf Empire|The Greater Confederacy|16370|Green|Expired|9000000|0|4000|9/1/2025 4:20:51 PM|Zlota Horda|4990703|
646779|RedMetal|Soviet Canuckitstan|Doom Squad|16454|Black|639897|CaptTchalle|Akutan Island|The Dark Templar|10056|Brown|Expired|0|100|0|9/1/2025 4:07:07 PM|Financial Assistance|4990701|
4323|Xineoph|Um|The Legion|10020|Purple|529402|Firkinvald|Firkinland|The Legion|10020|Purple|Expired|0|100|0|9/1/2025 3:43:39 PM|Financial Assistance|4990700|
4323|Xineoph|Um|The Legion|10020|Purple|623795|Aristarchus of Samos|baklava|The Legion|10020|Purple|Expired|0|100|0|9/1/2025 3:43:34 PM|Financial Assistance|4990699|
362361|Gofast2006|Pioneer Village|Nuclear Proliferation League|17228|Aqua|645525|GodKing Menes|Free Republic of Kem|Nuclear Proliferation League|17228|Aqua|Expired|9000000|0|0|9/1/2025 3:16:23 PM|9/100 tech|4990698|
513467|master hakai|Afro Pick|Post Grunge Supergroup|16367|Brown|528882|JSoprano|Darasuum|Post Grunge Supergroup|16367|Brown|Expired|9000000|100|0|9/1/2025 3:09:01 PM|Money for drugs|4990697|
513467|master hakai|Afro Pick|Post Grunge Supergroup|16367|Brown|542485|RedQueen|Myotistan|Post Grunge Supergroup|16367|Brown|Expired|9000000|0|0|9/1/2025 3:08:15 PM|Money for drugs|4990694|
513467|master hakai|Afro Pick|Post Grunge Supergroup|16367|Brown|577964|WagonWheel|Wagons|Post Grunge Supergroup|16367|Brown|Expired|9000000|100|0|9/1/2025 3:07:47 PM|Money for drugs|4990692|
647335|Tosmanshotz|tOsMaNsHoTz Republic|New Pacific Order|10000|Red|17202|Cybolt|Time and Space|New Pacific Order|10000|Red|Expired|0|100|0|9/1/2025 3:05:50 PM|QT Tech|4990691|
554572|paulpig|Strongland|Avalanche|10078|Blue|632534|valves|valves2|Avalanche|10078|Blue|Expired|6000000|0|0|9/1/2025 2:35:47 PM|Financial Assistance|4990689|
478715|New Persia|New Pars|New Pacific Order|10000|Red|572011|Nijil1|Polinasia|New Pacific Order|10000|Red|Expired|9000000|0|0|9/1/2025 2:35:18 PM|Rising Stars|4990687|
478715|New Persia|New Pars|New Pacific Order|10000|Red|647330|Lime30k|Jakun|New Pacific Order|10000|Red|Expired|6000000|0|0|9/1/2025 2:35:11 PM|Rising Stars|4990686|
645467|LiefzDel|Greater Czechia|Post Grunge Supergroup|16367|Brown|606462|Iamjust0ne|Senstown|Doom Squad|16454|Black|Expired|0|100|0|9/1/2025 1:52:14 PM|9/100 Payback|4990684|
646033|PlatinumAero|Verloren|The Wolves|16660|Maroon|583014|Rothaic|Munrovia|The Wolves|16660|Maroon|Expired|0|100|0|9/1/2025 1:51:27 PM|Techz|4990683|
628583|Dopes|Slaptico|Church of the Holy Platypus|17265|Brown|273692|Pope Bubba XIII|Rebel Virginia|Non Grata|10097|Maroon|Expired|0|100|0|9/1/2025 12:07:23 PM|Financial Assistance|4990676|
628583|Dopes|Slaptico|Church of the Holy Platypus|17265|Brown|463046|Commander Asaiki Tam|Tora Tora|COBRA|13717|Maroon|Expired|0|100|0|9/1/2025 12:07:14 PM|To Techsy for my shirt|4990675|
646682|HyeUrartu2|UrartuKingdom|Christian Coalition Of Countries|10028|Maroon|647352|Zercules|Zercs kingdom|NATO|10037|Blue|Expired|6000000|0|4000|9/1/2025 12:03:20 PM|Finish him tun dan tun da|4990672|
588353|FieryVixen|Craptonia|Global Alliance And Treaty Organization|10003|Brown|394625|Empress Elizabeth|DeWitt|Global Alliance And Treaty Organization|10003|Brown|Expired|0|100|0|9/1/2025 11:48:24 AM|Financial Assistance|4990667|
514492|xxLENZxx|Star Command|The Legion|10020|Purple|632345|FoXXRoam|Blaylock Republic|The Legion|10020|Purple|Expired|9000000|0|0|9/1/2025 11:15:25 AM|Praetor Aid|4990663|
514492|xxLENZxx|Star Command|The Legion|10020|Purple|638831|Donny|Hunns|The Legion|10020|Purple|Expired|9000000|0|0|9/1/2025 11:15:11 AM|Praetor Aid|4990662|
631409|German Made|German Engineering|The Prussian Empire|14204|Green|639165|Otto Die Heilige|Holy Roman Reich|The Prussian Empire|14204|Green|Expired|0|100|0|9/1/2025 11:13:53 AM|Financial Assistance|4990661|
55535|Vash_S|Dethklok|The Dark Templar|10056|Black|646025|Hiten21|HAPUD|The Dark Templar|10056|Black|Expired|9000000|0|0|9/1/2025 11:11:48 AM|Financial Assistance|4990660|
338643|Conundrum|Wallabyville|Federation of Armed Nations|10021|Yellow|645372|darkestofdans|Alert1|Federation Of Armed Nations|10021|Yellow|Expired|9000000|0|0|9/1/2025 11:09:04 AM|Financial Assistance|4990659|
604459|Hugh Dick|Perineum|Independent Republic Of Orange Nations|10004|Orange|646540|brasitolandia|brasitolandia2|The Phoenix Federation|17385|Black|Expired|6000000|0|0|9/1/2025 11:04:30 AM|Financial Assistance|4990658|
348556|Overlord Wes|wussys|Global Alliance and Treaty Organization|10003|Brown|561575|DragonsPhyre|Dragon Spire|Global Alliance And Treaty Organization|10003|Brown|Expired|9000000|100|0|9/1/2025 11:02:58 AM|Financial Assistance|4990657|
101765|KevinH|Establishmentism|Independent Republic of Orange Nations|10004|Orange|568080|Krammer|Copl Punishment|Independent Republic Of Orange Nations|10004|Orange|Expired|9000000|100|4000|9/1/2025 11:02:06 AM|Gulf of America|4990656|
273254|unstpblpimp|unstpblpimp|Global Alliance and Treaty Organization|10003|Brown|647083|NightShadeZee|ArcticConglomerate|Nuclear Proliferation League|17228|Brown|Expired|6000000|0|0|9/1/2025 10:55:54 AM|Financial Assistance|4990655|
645082|TowerQueen|Turrim|New Pacific Order|10000|Red|523247|Umbrae Noctem|Gronland|New Pacific Order|10000|Red|Expired|0|100|0|9/1/2025 10:27:49 AM|QT Tech|4990650|
645082|TowerQueen|Turrim|New Pacific Order|10000|Red|629229|HopeFun|LimaPT|New Pacific Order|10000|Red|Expired|0|100|0|9/1/2025 10:27:43 AM|QT Tech|4990649|
645082|TowerQueen|Turrim|New Pacific Order|10000|Red|600178|tejuguasu|tejuguasu|New Pacific Order|10000|Red|Expired|0|100|0|9/1/2025 10:27:37 AM|QT Tech|4990648|
645082|TowerQueen|Turrim|New Pacific Order|10000|Red|75117|rnegafan|Rnegfania|New Pacific Order|10000|Red|Expired|0|100|0|9/1/2025 10:27:31 AM|QT Tech|4990647|
646548|mass781|Mass781|Christian Coalition Of Countries|10028|Maroon|647352|Zercules|Zercs kingdom|NATO|10037|Blue|Expired|6000000|50|4000|9/1/2025 9:55:49 AM|Financial Assistance|4990644|
555535|Presidential|WashingtonDC|Viridian Entente|10010|Green|219343|TDEVIL|KINDOM OF HADES|Viridian Entente|10010|Green|Expired|0|100|0|9/1/2025 9:49:01 AM|Financial Assistance|4990643|
555535|Presidential|WashingtonDC|Viridian Entente|10010|Green|491885|Chuck Jongil|Soylent Greenland|Viridian Entente|10010|Green|Expired|0|100|0|9/1/2025 9:48:52 AM|Financial Assistance|4990642|
555535|Presidential|WashingtonDC|Viridian Entente|10010|Green|453991|Lieutenant Yenroh|Baguettador III|Viridian Entente|10010|Green|Expired|0|100|0|9/1/2025 9:48:42 AM|Financial Assistance|4990641|
80845|Aracto Totar|Taprobane|Viridian Entente|10010|Green|162795|sterbean|Bean Union|Viridian Entente|10010|Green|Expired|0|100|0|9/1/2025 9:48:15 AM|Financial Assistance|4990640|
555535|Presidential|WashingtonDC|Viridian Entente|10010|Green|89354|dougal4chaos|dougal4chaos|Viridian Entente|10010|Green|Expired|0|100|0|9/1/2025 9:47:49 AM|Financial Assistance|4990639|
627572|Latexi|Why would I do this|Non Grata|10097|Maroon|155826|weebl2000|Azeer|Non Grata|10097|Maroon|Expired|0|100|0|9/1/2025 9:12:01 AM|Financial Assistance|4990634|
627572|Latexi|Why would I do this|Non Grata|10097|Maroon|437823|zyberzpyder|Zyberia|Non Grata|10097|Maroon|Expired|0|100|0|9/1/2025 9:11:56 AM|Financial Assistance|4990633|
281387|Thud III|Thudsylvania|CLAWS|15841|Black|645526|Khanya The Great|Triangula|Veneris|17356|White|Expired|9000000|0|0|9/1/2025 9:02:04 AM|Tech deal|4990631|
484851|enderland|Fields of Elysium|Doombrella|17368|Black|646870|Waffless|Wafflandia|Doombrella|17368|Black|Expired|9000000|0|0|9/1/2025 8:42:50 AM|Financial Assistance|4990626|
643607|Aspen|Silus|Union Of Communist Republics|10060|Brown|277593|falconer360|Gondowan|CLAWS|15841|Purple|Expired|0|100|0|9/1/2025 8:36:03 AM|Financial Assistance|4990625|
132067|Merick|Panamkey|The Templar Knights|10012|Maroon|586822|Pauls|Pauls nation|The Templar Knights|10012|Maroon|Expired|0|100|0|9/1/2025 8:32:46 AM|Financial Assistance|4990623|
333873|AlforFun|Altheman|United Purple Nations|10025|Purple|349838|Kaiser Nichols|Holstria|United Purple Nations|10025|Purple|Expired|6000000|0|0|9/1/2025 7:57:49 AM|6 million for 100 tech |4990621|
237395|Spook|SPOGLO|Random Insanity Alliance|10038|Maroon|549690|Leonardothered|Casterly Rock|Random Insanity Alliance|10038|Maroon|Expired|6000000|0|0|9/1/2025 7:33:43 AM|tech 6/100|4990618|
646984|fruitloomps|Loomberg|Global Alliance And Treaty Organization|10003|Brown|429171|Inquisitor Gaunt|Cult Imperialis|Global Alliance And Treaty Organization|10003|Brown|Expired|0|100|0|9/1/2025 7:31:58 AM|Financial Assistance|4990617|
600178|tejuguasu|tejuguasu|New Pacific Order|10000|Red|647330|Lime30k|Jakun|New Pacific Order|10000|Red|Expired|6000000|0|0|9/1/2025 6:30:11 AM|Rising Stars|4990615|
647124|Pocky|Pocky Two|Global Alliance And Treaty Organization|10003|Brown|576916|Czar Cootie|Zernograd|Global Alliance And Treaty Organization|10003|Brown|Expired|0|100|0|9/1/2025 6:17:14 AM|Financial Assistance|4990614|
647124|Pocky|Pocky Two|Global Alliance And Treaty Organization|10003|Brown|455413|Duke Nukem|NukemLand|Global Alliance And Treaty Organization|10003|Brown|Expired|0|100|0|9/1/2025 6:16:58 AM|Financial Assistance|4990613|
559862|majestic ruler|pedro penduko|Argent|10063|Pink|647382|Aurethiel|Caelendoris|The Chaos Brotherhood|10364|White|Expired|6000000|0|0|9/1/2025 4:47:31 AM|Tech deal|4990602|
635734|Monyulking|Bomdi La|Independent Republic Of Orange Nations|10004|Orange|183802|nikko|Knossos|Independent Republic Of Orange Nations|10004|Orange|Expired|0|100|0|9/1/2025 4:45:29 AM|ITF|4990600|
635734|Monyulking|Bomdi La|Independent Republic Of Orange Nations|10004|Orange|207900|Queltocz|Quelto|Independent Republic Of Orange Nations|10004|Orange|Expired|0|100|0|9/1/2025 4:43:11 AM|ITF|4990598|
631191|Magnus IV|Kingdom of Ars Magna|CLAWS|15841|Black|238151|devnull|Republic of Unix|CLAWS|15841|Black|Expired|0|100|0|9/1/2025 4:25:07 AM|Tech deal done!|4990595|
612774|Oleg the Disfigured|Slag Vrch|Knights Of The Round Table|10092|Green|647392|Jartiontheknight|aurora oro|The Phoenix Federation|17385|Black|Expired|6000000|0|0|9/1/2025 4:14:53 AM|100 tech please|4990594|
588563|Kasper|Skora Horda|Knights Of The Round Table|10092|Green|647391|Seeker4536|SeekerLand|The Phoenix Federation|17385|Black|Expired|6000000|0|0|9/1/2025 4:01:48 AM|6m=100t|4990592|
644785|Optimus881|Wakanda881|Post Grunge Supergroup|16367|Brown|443221|Mistral|Nicholas|Post Grunge Supergroup|16367|Brown|Expired|0|100|0|9/1/2025 4:00:22 AM|PSG $9M/100Tech|4990591|
76627|shwampy|Barryteroria|Libertarian Socialist Federation|10027|White|418455|Sabcat|Sabcat Island|Libertarian Socialist Federation|10027|Brown|Expired|0|100|0|9/1/2025 3:40:02 AM|Another quality trade :)|4990589|
76627|shwampy|Barryteroria|Libertarian Socialist Federation|10027|White|326273|Red Rebel|Pi Lambda Phi|Madlads Union|17130|Brown|Expired|0|100|0|9/1/2025 3:39:12 AM|Another quality trade :)|4990587|
190647|Kapsyl I|Kapsylonia|AGW Overlords|10043|Black|647382|Aurethiel|Caelendoris|The Chaos Brotherhood|10364|White|Expired|6000000|0|0|9/1/2025 2:59:23 AM|Financial Assistance|4990584|
326273|Red Rebel|Pi Lambda Phi|Madlads Union|17130|Brown|646439|Sagetheml|Santa Marco|Madlads Union|17130|Brown|Expired|6000000|0|0|9/1/2025 1:23:45 AM|Tech Deal 6m/100t|4990569|
620328|Albasti|Kayi Tribe|New Pacific Order|10000|Red|523247|Umbrae Noctem|Gronland|New Pacific Order|10000|Red|Expired|0|100|0|9/1/2025 1:16:17 AM|QT Tech|4990568|
91872|PuliSher|Kerj&#228;l&#228;|Non Grata|10097|Maroon|170124|WackyDan|Wackytopia|Nordreich|11319|Maroon|Expired|0|100|0|9/1/2025 1:14:10 AM|100/100|4990567|
91872|PuliSher|Kerj&#228;l&#228;|Non Grata|10097|Maroon|274261|Ub3rdude|Uberlandia|Nordreich|11319|Maroon|Expired|0|100|0|9/1/2025 1:13:57 AM|100/100|4990566|
238472|Xerxes|New Persia|Non Grata|10097|Maroon|490921|Roo Blu II|Blue Roo|Non Grata|10097|Maroon|Expired|0|100|0|9/1/2025 1:06:21 AM|Tech|4990565|
238472|Xerxes|New Persia|Non Grata|10097|Maroon|528479|paul711|Paulinca|Non Grata|10097|Maroon|Expired|0|100|0|9/1/2025 1:06:10 AM|Tech|4990564|
632345|FoXXRoam|Blaylock Republic|The Legion|10020|Purple|529402|Firkinvald|Firkinland|The Legion|10020|Purple|Expired|0|100|0|9/1/2025 12:53:21 AM|Financial Assistance|4990560|
624193|The1nonlykk|Biourja|Non Grata|10097|Maroon|133051|MikeTheFirst|MikeLand|Non Grata|10097|Maroon|Expired|0|100|0|9/1/2025 12:19:18 AM|Financial Assistance|4990554|
624193|The1nonlykk|Biourja|Non Grata|10097|Maroon|437823|zyberzpyder|Zyberia|Non Grata|10097|Maroon|Expired|0|100|0|9/1/2025 12:19:13 AM|Financial Assistance|4990553|
596771|Pentix|Mars Colony|New Polar Order|10006|Blue|638457|AlQsar|Imbratoria|New Polar Order|10006|Blue|Expired|9000000|0|0|9/1/2025 12:09:09 AM|Financial Assistance|4990549|
310672|King Wally|Rep of Queensland|Nuclear Proliferation League|17228|Aqua|362361|Gofast2006|Pioneer Village|Nuclear Proliferation League|17228|Aqua|Expired|0|100|0|9/1/2025 12:00:27 AM|Financial Assistance|4990546|
638831|Donny|Hunns|The Legion|10020|Purple|529402|Firkinvald|Firkinland|The Legion|10020|Purple|Expired|0|100|0|8/31/2025 11:59:48 PM|Financial Assistance|4990545|
638831|Donny|Hunns|The Legion|10020|Purple|623795|Aristarchus of Samos|baklava|The Legion|10020|Purple|Expired|0|100|0|8/31/2025 11:59:20 PM|Financial Assistance|4990542|
539696|God Almighty|Kingdom of God|New Pacific Order|10000|Red|647330|Lime30k|Jakun|New Pacific Order|10000|Red|Expired|6000000|0|0|8/31/2025 10:52:33 PM|Rising Stars|4990541|
539696|God Almighty|Kingdom of God|New Pacific Order|10000|Red|594363|Greatkitteh|Guahan|New Pacific Order|10000|Red|Expired|9000000|0|0|8/31/2025 10:52:23 PM|QT Pay|4990539|
539696|God Almighty|Kingdom of God|New Pacific Order|10000|Red|555876|Khandov|Polonia Overlordship|New Pacific Order|10000|Red|Expired|9000000|0|0|8/31/2025 10:52:15 PM|Bankroll|4990538|
384577|wayoik|SunOase|Knights Of The Round Table|10092|Green|604229|St Mungo|Glasgow|Knights Of The Round Table|10092|Green|Expired|9000000|0|0|8/31/2025 10:44:55 PM|Tech Deal?|4990537|
647099|Esau of Isaac|Lanluz|Global Alliance And Treaty Organization|10003|Brown|576916|Czar Cootie|Zernograd|Global Alliance And Treaty Organization|10003|Brown|Expired|0|100|0|8/31/2025 10:41:07 PM|Financial Assistance|4990536|
357423|claude|Doom House|Doom Squad|16454|Black|56391|MexiMoot|Mooxico|DOOMBIRD DOOMCAVE|10449|Black|Expired|0|100|0|8/31/2025 9:47:53 PM|Financial Assistance|4990532|
32861|Drachonum|drachonia|Global Alliance and Treaty Organization|10003|Brown|646892|Kamva|Zaire Republic|Nuclear Proliferation League|17228|Blue|Expired|6000000|0|0|8/31/2025 9:08:29 PM|Financial Assistance|4990530|
646327|KittenGosCrazy|Aura Kingdom|Global Alliance And Treaty Organization|10003|Brown|646839|rickm27|Balmoria|Nuclear Proliferation League|17228|Aqua|Expired|9000000|0|0|8/31/2025 9:06:42 PM|Financial Assistance|4990529|
588563|Kasper|Skora Horda|Knights Of The Round Table|10092|Green|647392|Jartiontheknight|aurora oro|The Phoenix Federation|17385|None|Expired|6000000|0|0|8/31/2025 9:00:59 PM|Kings request|4990528|
88398|thepunk|thepunk|Federation Of Armed Nations|10021|Yellow|467217|aroswing|Land of Darkness|Freehold of The Wolves|15157|White|Expired|9000000|0|0|8/31/2025 8:15:46 PM|Financial Assistance|4990527|
579231|Greg23|Chronictopia|Global Alliance And Treaty Organization|10003|Brown|314219|Captain Stage|Maritime|Global Alliance And Treaty Organization|10003|Brown|Expired|0|100|0|8/31/2025 8:13:35 PM|Financial Assistance|4990526|
632534|valves|valves2|Avalanche|10078|Blue|348070|Chopin|Republic of Poland|Avalanche|10078|Blue|Expired|0|100|0|8/31/2025 7:59:57 PM|Financial Assistance|4990524|
633137|International Waters|International Waters|New Pacific Order|10000|Red|17202|Cybolt|Time and Space|New Pacific Order|10000|Red|Expired|0|100|0|8/31/2025 7:30:56 PM|QT Tech|4990521|
633137|International Waters|International Waters|New Pacific Order|10000|Red|581758|Tiberius|Nuke Town|New Pacific Order|10000|Red|Expired|0|100|0|8/31/2025 7:30:50 PM|QT Tech|4990520|
633137|International Waters|International Waters|New Pacific Order|10000|Red|448981|Knight|Alliance of Knights|New Pacific Order|10000|Red|Expired|0|100|0|8/31/2025 7:30:44 PM|QT Tech|4990519|
633137|International Waters|International Waters|New Pacific Order|10000|Red|167235|ORCACommander|Hiigaran Federation|New Pacific Order|10000|Red|Expired|0|100|0|8/31/2025 7:30:37 PM|QT Tech|4990518|
633137|International Waters|International Waters|New Pacific Order|10000|Red|144926|nerau|imperial council|New Pacific Order|10000|Red|Expired|0|100|0|8/31/2025 7:30:31 PM|QT Tech|4990517|
633137|International Waters|International Waters|New Pacific Order|10000|Red|26771|proud american|Duorp  Nacirema|New Pacific Order|10000|Red|Expired|0|100|0|8/31/2025 7:30:24 PM|Vallum Aelium|4990516|
276365|ShadowSKAR|Hidden Shadows|Non Grata|10097|Maroon|638461|Jerby|Simulacra|Non Grata|10097|Maroon|Expired|9000000|0|0|8/31/2025 7:00:12 PM|Tech deal|4990514|
149038|Kenfolk GTS|Shogoland|The Chaos Brotherhood|10364|Green|647382|Aurethiel|Caelendoris|The Chaos Brotherhood|10364|White|Expired|6000000|0|0|8/31/2025 6:55:51 PM|Tech Deal|4990513|
117823|LittleVlad|Morte|Global Alliance and Treaty Organization|10003|Brown|551982|Jason Cyberius|Cyberium|Global Alliance And Treaty Organization|10003|Brown|Expired|9000000|0|0|8/31/2025 6:29:37 PM|Financial Assistance|4990510|
647336|Anomaly|Pub Republic|Global Alliance And Treaty Organization|10003|Brown|529189|Combat Pope|Vaticana|Global Alliance And Treaty Organization|10003|Brown|Expired|0|100|0|8/31/2025 6:03:15 PM|Financial Assistance|4990505|
474413|The R00STER|Republic of Ibonn|The Dark Templar|10056|Black|639937|The Evilest Eye|NeoNeftyaniki|The Dark Templar|10056|Black|Expired|9000000|0|0|8/31/2025 6:00:23 PM|Financial Assistance|4990504|
643162|DarkDefiance|United Defiance|New Pacific Order|10000|Red|515093|GoldenAura|Communist Crackous|New Pacific Order|10000|Red|Expired|0|100|0|8/31/2025 5:55:53 PM|QT Tech|4990503|
643162|DarkDefiance|United Defiance|New Pacific Order|10000|Red|565552|Kayla Frost|Anselion|New Pacific Order|10000|Red|Expired|0|100|0|8/31/2025 5:55:44 PM|QT Tech|4990502|
522964|Nuclear tech 2|Nuclear tech 2|Nuclear Proliferation League|17228|Black|646839|rickm27|Balmoria|Nuclear Proliferation League|17228|Aqua|Expired|9000000|0|0|8/31/2025 5:53:06 PM|Tech Deal|4990501|
635806|MikeCat|Renastasia|New Pacific Order|10000|Red|608015|elputojack|villa feliz|New Pacific Order|10000|Red|Expired|0|100|0|8/31/2025 5:48:06 PM|QT Tech|4990500|
635806|MikeCat|Renastasia|New Pacific Order|10000|Red|388308|Lord Zymeth|USSR of Belleviastan|New Pacific Order|10000|Red|Expired|0|100|0|8/31/2025 5:48:01 PM|QT Tech|4990499|
578874|Dunge|Strathalbyn|Knights Of The Round Table|10092|Green|646827|WarandPece|Warhammer101|Knights Of The Round Table|10092|Green|Expired|6000000|0|0|8/31/2025 5:09:10 PM|Financial Assistance|4990496|
132232|Justin666|Pain nation 666|Non Grata|10097|Maroon|645946|LiFeng|Qwertyiop|Non Grata|10097|Maroon|Expired|9000000|0|0|8/31/2025 5:06:52 PM|Financial Assistance|4990495|
116618|Thrash|Machas|The Legion|10020|Purple|624965|Tector|Xindi|The Legion|10020|Purple|Expired|9000000|0|0|8/31/2025 4:48:22 PM|Free money|4990493|
509784|Lord Emperor Clot|Clotvania|Christian Coalition Of Countries|10028|Maroon|646038|OT Dominic|borneo kenyalang|Christian Coalition Of Countries|10028|Maroon|Expired|9000000|0|0|8/31/2025 3:26:24 PM|War Assistance|4990490|
543131|Morjon|Wayward Renegade|Nuclear Proliferation League|17228|Aqua|645984|keyman|Bonland|Nuclear Proliferation League|17228|Aqua|Expired|9000000|0|0|8/31/2025 3:21:58 PM|Tech Deal 9/100|4990489|
509784|Lord Emperor Clot|Clotvania|Christian Coalition Of Countries|10028|Maroon|646557|Alduin World Eater|The Lands Between|Christian Coalition Of Countries|10028|Maroon|Expired|6000000|0|0|8/31/2025 3:18:41 PM|Sic em|4990488|
543972|zachart|The Father Land|New Pacific Order|10000|Red|608015|elputojack|villa feliz|New Pacific Order|10000|Red|Expired|0|100|0|8/31/2025 2:55:46 PM|QT Tech|4990486|
543972|zachart|The Father Land|New Pacific Order|10000|Red|388308|Lord Zymeth|USSR of Belleviastan|New Pacific Order|10000|Red|Expired|0|100|0|8/31/2025 2:55:40 PM|QT Tech|4990485|
586922|WileyXero|Wiley|CLAWS|15841|Black|621876|thebigkas|kekistan69|COBRA|13717|Brown|Expired|9000000|0|0|8/31/2025 2:54:11 PM|Financial Assistance|4990483|
635357|Stephen Michael I|Yanceysylvania|Knights Of The Round Table|10092|Green|645274|GRATHGFRT|zUTIA|Knights Of The Round Table|10092|Green|Expired|9000000|0|0|8/31/2025 2:11:36 PM|Buying 100 tech for $9m|4990482|
635357|Stephen Michael I|Yanceysylvania|Knights Of The Round Table|10092|Green|646212|Immai|Steampower|Knights Of The Round Table|10092|Green|Expired|6000000|0|0|8/31/2025 2:11:09 PM|Buying 100 tech for $6m|4990481|
641537|Probably Mochi|Kap Land|Doom Squad|16454|Black|470323|plaw44|infinite desire|Doombrella|17368|Black|Expired|0|100|0|8/31/2025 1:58:26 PM|Financial Assistance|4990479|
641537|Probably Mochi|Kap Land|Doom Squad|16454|Black|639897|CaptTchalle|Akutan Island|The Dark Templar|10056|Brown|Expired|0|100|0|8/31/2025 1:57:57 PM|Financial Assistance|4990478|
641537|Probably Mochi|Kap Land|Doom Squad|16454|Black|642141|Crusadan|Doimestea|The Dark Templar|10056|Black|Expired|0|100|0|8/31/2025 1:57:43 PM|Financial Assistance|4990477|
646804|dragonshardz|Cruinneachadh|Doom Squad|16454|Black|642141|Crusadan|Doimestea|The Dark Templar|10056|Black|Expired|0|100|0|8/31/2025 1:41:50 PM|Financial Assistance|4990474|
42086|bones_wizard|_snap_crackle_pop_|AGW Overlords|10043|Black|647382|Aurethiel|Caelendoris|The Chaos Brotherhood|10364|White|Expired|6000000|0|0|8/31/2025 1:36:36 PM|Financial Assistance|4990473|
273493|Iceknave|Armed Federation|New Pacific Order|10000|Red|616294|Japanese Schoolgirls|Japanese Schoolgirls|New Pacific Order|10000|Red|Expired|9000000|0|0|8/31/2025 1:35:52 PM|Bankroll|4990472|
273493|Iceknave|Armed Federation|New Pacific Order|10000|Red|552125|Mouseman490|The Empire of Klein|New Pacific Order|10000|Red|Expired|9000000|0|0|8/31/2025 1:35:40 PM|Bankroll|4990469|
273493|Iceknave|Armed Federation|New Pacific Order|10000|Red|594363|Greatkitteh|Guahan|New Pacific Order|10000|Red|Expired|9000000|0|0|8/31/2025 1:35:31 PM|QT Pay|4990467|
646297|Snorkel|Rockies Folk State|Nuclear Proliferation League|17228|Aqua|443221|Mistral|Nicholas|Post Grunge Supergroup|16367|Brown|Expired|0|100|0|8/31/2025 12:15:38 PM|Tech delivery|4990460|
144708|Matthew PK|Commonwealth of LoL|Doombrella|17368|Black|566736|amossio|amossio|Doombrella|17368|Black|Expired|9000000|0|0|8/31/2025 12:10:34 PM|Financial Assistance|4990459|
202168|Dr Doctor|NATO Armed Forces|NATO|10037|Blue|468549|shadowstriker|shadow world|NATO|10037|Blue|Expired|0|100|0|8/31/2025 11:45:31 AM|Skribblio God Bribe|4990447|
202168|Dr Doctor|NATO Armed Forces|NATO|10037|Blue|249634|Valandil|Ithilien Empire|NATO|10037|Blue|Expired|0|100|0|8/31/2025 11:44:28 AM|Valyrian Aid|4990445|
645561|BriskyHaze|Pareamaztopia|Doom Squad|16454|Black|470323|plaw44|infinite desire|Doombrella|17368|Black|Expired|0|100|0|8/31/2025 11:38:11 AM|Tech|4990442|
645561|BriskyHaze|Pareamaztopia|Doom Squad|16454|Black|96568|Dagny Taggart|Galtian Commune|DOOMBIRD DOOMCAVE|10449|Black|Expired|0|100|0|8/31/2025 11:37:50 AM|Tech|4990441|
645561|BriskyHaze|Pareamaztopia|Doom Squad|16454|Black|56391|MexiMoot|Mooxico|DOOMBIRD DOOMCAVE|10449|Black|Expired|0|100|0|8/31/2025 11:37:37 AM|Tech|4990440|
645561|BriskyHaze|Pareamaztopia|Doom Squad|16454|Black|639897|CaptTchalle|Akutan Island|The Dark Templar|10056|Brown|Expired|0|100|0|8/31/2025 11:36:48 AM|Tech|4990438|
645561|BriskyHaze|Pareamaztopia|Doom Squad|16454|Black|642141|Crusadan|Doimestea|The Dark Templar|10056|Black|Expired|0|100|0|8/31/2025 11:36:29 AM|Tech|4990437|
39705|Bmk812|Eisenherz|Global Alliance And Treaty Organization|10003|Brown|531189|Peroman200|Petrolandija|Global Alliance And Treaty Organization|10003|Brown|Expired|9000000|0|0|8/31/2025 11:22:00 AM|Tech Aid|4990432|
568795|Greywall|The Westfold|Global Alliance And Treaty Organization|10003|Brown|497000|Democzar|frequathrive|Global Alliance And Treaty Organization|10003|Brown|Expired|0|100|0|8/31/2025 10:50:29 AM|Financial Assistance|4990426|
568795|Greywall|The Westfold|Global Alliance And Treaty Organization|10003|Brown|394625|Empress Elizabeth|DeWitt|Global Alliance And Treaty Organization|10003|Brown|Expired|0|100|0|8/31/2025 10:50:13 AM|Financial Assistance|4990425|
568795|Greywall|The Westfold|Global Alliance And Treaty Organization|10003|Brown|416942|Chris Kaos|The Kingdom of Kaos|Global Alliance And Treaty Organization|10003|Brown|Expired|0|100|0|8/31/2025 10:50:04 AM|Financial Assistance|4990424|
568795|Greywall|The Westfold|Global Alliance And Treaty Organization|10003|Brown|314219|Captain Stage|Maritime|Global Alliance And Treaty Organization|10003|Brown|Expired|0|100|0|8/31/2025 10:49:55 AM|Financial Assistance|4990423|
636336|Stelth|White Mountain|Union Of Communist Republics|10060|Brown|645467|LiefzDel|Greater Czechia|Post Grunge Supergroup|16367|Brown|Expired|9000000|0|0|8/31/2025 10:16:03 AM|Tech check|4990417|
645740|ShadowSleeper|Noevgono|Nuclear Proliferation League|17228|Aqua|261397|Rampage3|United Liberocracy|Nuclear Proliferation League|17228|Aqua|Expired|0|100|0|8/31/2025 10:13:46 AM|Repayment|4990416|
587594|Jason8|Waldo|Post Grunge Supergroup|16367|Brown|646635|supremeruler|Astros|Post Grunge Supergroup|16367|Yellow|Expired|9000000|0|0|8/31/2025 10:04:58 AM|FREE MONEY|4990415|
587594|Jason8|Waldo|Post Grunge Supergroup|16367|Brown|644785|Optimus881|Wakanda881|Post Grunge Supergroup|16367|Brown|Expired|9000000|0|0|8/31/2025 10:04:18 AM|FREE MONEY|4990414|
254879|tnnnn|Turtle Empire|Global Alliance and Treaty Organization|10003|Brown|647336|Anomaly|Pub Republic|Global Alliance And Treaty Organization|10003|Brown|Expired|6000000|0|0|8/31/2025 8:49:58 AM|Financial Assistance|4990408|
64687|Wootmeister|Wootrovia|Global Alliance And Treaty Organization|10003|Brown|645467|LiefzDel|Greater Czechia|Post Grunge Supergroup|16367|Brown|Expired|9000000|0|0|8/31/2025 8:46:51 AM|Tech deal|4990407|
64687|Wootmeister|Wootrovia|Global Alliance And Treaty Organization|10003|Brown|544925|Jacksonians|Barataria|Global Alliance And Treaty Organization|10003|Brown|Expired|9000000|0|0|8/31/2025 8:46:37 AM|Tech |4990406|
488372|Heinrich I|Das Ostfrankenreich|The Prussian Empire|14204|Green|631385|Kingdom of Denmark|Jutland Germany|The Prussian Empire|14204|Green|Expired|9000000|0|0|8/31/2025 8:43:31 AM|$9M/100 Tech Deal|4990404|
605023|JuggernautMD|Framework|Independent Republic Of Orange Nations|10004|Orange|584955|Ayiana|Veritable|Independent Republic Of Orange Nations|10004|Orange|Expired|9000000|0|0|8/31/2025 8:28:42 AM|ITF|4990401|
605023|JuggernautMD|Framework|Independent Republic Of Orange Nations|10004|Orange|635734|Monyulking|Bomdi La|Independent Republic Of Orange Nations|10004|Orange|Expired|9000000|0|0|8/31/2025 8:28:06 AM|ITF|4990400|
605023|JuggernautMD|Framework|Independent Republic Of Orange Nations|10004|Orange|645053|Geezy VIII|SOS Empire|Independent Republic Of Orange Nations|10004|Orange|Expired|9000000|0|0|8/31/2025 8:27:06 AM|ITF|4990398|
423349|Raiser|Inireland|Orange Defense Network|17435|Orange|87249|Infallible|Mulletville|Orange Defense Network|17435|Orange|Expired|0|100|0|8/31/2025 8:00:53 AM|Tech Deal (1/2)|4990386|
508630|notkintoot|particle|Nuclear Proliferation League|17228|Aqua|431565|Dark Zone Elite|Dark Zone Elite|New Polar Order|10006|Blue|Expired|0|100|0|8/31/2025 7:34:47 AM|9/100 tech deal|4990384|
508630|notkintoot|particle|Nuclear Proliferation League|17228|Aqua|100705|Linden16|Kiljarit|New Polar Order|10006|Blue|Expired|0|100|0|8/31/2025 7:34:28 AM|9/100 tech deal|4990383|
416695|pmacdaddy|Sanctuary|DOOMBIRD DOOMCAVE|10449|Black|646975|Thomassh|HighGateHaven|Doombrella|17368|Black|Expired|9000000|0|0|8/31/2025 7:30:56 AM|Doomerce|4990381|
72766|Gofastleft|Racesteria|Non Grata|10097|Maroon|634903|ToasterOven|Pancake Republic|Non Grata|10097|Maroon|Expired|9000000|0|0|8/31/2025 7:28:02 AM|Financial Assistance|4990380|
416695|pmacdaddy|Sanctuary|DOOMBIRD DOOMCAVE|10449|Black|619806|Epimethys|Pyrrha|Doombrella|17368|Black|Expired|9000000|0|0|8/31/2025 7:26:45 AM|Doomerce|4990379|
341362|Erwin Schrodinger|Bermuda Islands|Non Grata|10097|Maroon|133051|MikeTheFirst|MikeLand|Non Grata|10097|Maroon|Expired|0|100|0|8/31/2025 7:06:35 AM|Financial Assistance|4990377|
341362|Erwin Schrodinger|Bermuda Islands|Non Grata|10097|Maroon|132232|Justin666|Pain nation 666|Non Grata|10097|Maroon|Expired|0|100|0|8/31/2025 7:06:19 AM|Financial Assistance|4990376|
341362|Erwin Schrodinger|Bermuda Islands|Non Grata|10097|Maroon|188637|Caustic|Hazardous Materials|Non Grata|10097|Maroon|Expired|0|100|0|8/31/2025 7:06:09 AM|Financial Assistance|4990375|
206001|Mallardius|Dominion of the Duck|Global Alliance And Treaty Organization|10003|Brown|647334|Healthy|Perfectly Healthy|Global Alliance And Treaty Organization|10003|Brown|Expired|6000000|0|0|8/31/2025 7:06:03 AM|Financial Assistance|4990374|
341362|Erwin Schrodinger|Bermuda Islands|Non Grata|10097|Maroon|582941|Cydonian Knight|Strodemia|Non Grata|10097|Maroon|Expired|0|100|0|8/31/2025 7:05:57 AM|Financial Assistance|4990373|
341362|Erwin Schrodinger|Bermuda Islands|Non Grata|10097|Maroon|314185|Rhizoctonia|Rhizoctonia|Non Grata|10097|Maroon|Expired|0|100|0|8/31/2025 7:05:42 AM|Financial Assistance|4990372|
341362|Erwin Schrodinger|Bermuda Islands|Non Grata|10097|Maroon|528479|paul711|Paulinca|Non Grata|10097|Maroon|Expired|0|100|0|8/31/2025 7:05:28 AM|Financial Assistance|4990371|
282470|Nokium|Unified Scotland|Freehold of The Wolves|15157|White|608652|King of Clu|Kingdom of Clu|Freehold of The Wolves|15157|White|Expired|9000000|0|4000|8/31/2025 6:43:17 AM|Financial Assistance|4990368|
282470|Nokium|Unified Scotland|Freehold of The Wolves|15157|White|65430|Lord Bane|Damasca|Freehold of The Wolves|15157|White|Expired|9000000|0|4000|8/31/2025 6:42:37 AM|Financial Assistance|4990367|
509327|Pollard|Baby Baby Baby Ohhhh|The Chaos Brotherhood|10364|Black|647382|Aurethiel|Caelendoris|The Chaos Brotherhood|10364|White|Expired|6000000|0|0|8/31/2025 6:39:33 AM|Tech Deal|4990366|
647334|Healthy|Perfectly Healthy|Global Alliance And Treaty Organization|10003|Brown|455413|Duke Nukem|NukemLand|Global Alliance And Treaty Organization|10003|Brown|Expired|0|100|0|8/31/2025 6:30:17 AM|Financial Assistance|4990364|
376391|Dave the Dominator|Taulvia|The Templar Knights|10012|Maroon|301419|SirTwist|Twistland|The Grand Lodge Of Freemasons|10029|Orange|Expired|9000000|0|0|8/31/2025 6:11:36 AM|Tech!|4990356|
380255|Vaslov|UFPNS|Argent|10063|Pink|647369|Stevo02|Irish people|The Phoenix Federation|17385|Green|Expired|6000000|0|0|8/31/2025 6:06:20 AM|New tech deal|4990354|
646681|Jokkeh|Andebu Technocracy|New Pacific Order|10000|Red|442731|Madd|Modra|New Pacific Order|10000|Red|Expired|0|100|0|8/31/2025 6:03:40 AM|QT tech|4990353|
479490|King Cyan|The Cyan Kingdom|Global Alliance And Treaty Organization|10003|Brown|647336|Anomaly|Pub Republic|Global Alliance And Treaty Organization|10003|Brown|Expired|6000000|0|0|8/31/2025 6:02:34 AM|Financial Assistance|4990352|
621876|thebigkas|kekistan69|COBRA|13717|Brown|258455|Magical Muslim|Alibaba Land|CLAWS|15841|Black|Expired|0|100|0|8/31/2025 5:44:05 AM|Financial Assistance|4990349|
646548|mass781|Mass781|Christian Coalition Of Countries|10028|Maroon|646038|OT Dominic|borneo kenyalang|Christian Coalition Of Countries|10028|Maroon|Expired|9000000|0|0|8/31/2025 5:41:43 AM|Free cash|4990348|
483058|Dubh Caireallain|Roisin Dubh|New Polar Order|10006|Blue|469336|Robert tilton|Slacklanta|New Polar Order|10006|Blue|Expired|0|100|0|8/31/2025 5:12:23 AM|ICECAP Tech|4990346|
94305|Brettward|Truckerland|Nordreich|11319|Maroon|625646|muji111|muji111|Random Insanity Alliance|10038|Maroon|Expired|9000000|0|0|8/31/2025 4:58:26 AM|Tech deal|4990341|
41333|srboslav|Srboslavija|New Polar Order|10006|Blue|469336|Robert tilton|Slacklanta|New Polar Order|10006|Blue|Expired|0|100|0|8/31/2025 4:50:15 AM|ICECAP Tech|4990340|
41333|srboslav|Srboslavija|New Polar Order|10006|Blue|406305|Ciroton|Sarin|New Polar Order|10006|Blue|Expired|0|100|0|8/31/2025 4:49:57 AM|ICECAP Tech|4990338|
41333|srboslav|Srboslavija|New Polar Order|10006|Blue|516493|The dutch Dragonborn|The Dutch Dragonborn|New Polar Order|10006|Blue|Expired|0|100|0|8/31/2025 4:49:47 AM|ICECAP Tech|4990337|
41333|srboslav|Srboslavija|New Polar Order|10006|Blue|202519|Zombie Glaucon|UTC Labs|New Polar Order|10006|Blue|Expired|0|100|0|8/31/2025 4:49:31 AM|RATS Tech|4990336|
41333|srboslav|Srboslavija|New Polar Order|10006|Blue|62089|Vartan|Vicrimanland|New Polar Order|10006|Blue|Expired|0|100|0|8/31/2025 4:49:17 AM|Aid Fall|4990335|
512699|Mindbraker|Aguda|New Polar Order|10006|Blue|481947|Morgaine|Cruithne|New Polar Order|10006|Blue|Expired|9000000|0|0|8/31/2025 4:41:35 AM|ICECAP Cash|4990334|
512699|Mindbraker|Aguda|New Polar Order|10006|Blue|483058|Dubh Caireallain|Roisin Dubh|New Polar Order|10006|Blue|Expired|9000000|0|0|8/31/2025 4:41:12 AM|ICECAP Cash|4990333|
256722|MDH962|Claysburgh|The Grand Lodge of Freemasons|10029|Orange|644951|Landric|Republic of Ursus|The Grand Lodge Of Freemasons|10029|Orange|Expired|6000000|0|0|8/31/2025 4:21:46 AM|Tech Deal|4990330|
184966|The Upper Bass|Little Basses|The Dark Templar|10056|Black|84729|D.A.D.1|IGP Warriors|The Dark Templar|10056|Black|Expired|9000000|0|0|8/31/2025 4:13:10 AM|Aid|4990329|
184966|The Upper Bass|Little Basses|The Dark Templar|10056|Black|646025|Hiten21|HAPUD|The Dark Templar|10056|Black|Expired|9000000|0|0|8/31/2025 4:12:47 AM|Aid|4990328|
634448|Stewie|Stewieland III|Non Grata|10097|Maroon|638567|Cobert|Brightwood|Non Grata|10097|Maroon|Expired|9000000|0|0|8/31/2025 4:02:08 AM|Financial Assistance|4990327|
168105|Bobogoobo|Bobogoobo|New Pacific Order|10000|Red|645804|La Mismidad|Libertaris|New Pacific Order|10000|Red|Expired|9000000|0|0|8/31/2025 3:06:35 AM|Rising Stars|4990326|
168105|Bobogoobo|Bobogoobo|New Pacific Order|10000|Red|647335|Tosmanshotz|tOsMaNsHoTz Republic|New Pacific Order|10000|Red|Expired|6000000|0|0|8/31/2025 3:06:29 AM|Rising Stars|4990325|
561490|Greatest Mothers|Femocratic Lands|Freehold of The Wolves|15157|White|608652|King of Clu|Kingdom of Clu|Freehold of The Wolves|15157|White|Expired|9000000|0|0|8/31/2025 2:12:44 AM|Financial Assistance|4990320|
561490|Greatest Mothers|Femocratic Lands|Freehold of The Wolves|15157|White|134794|Tasker74|Thebigharbour|Freehold of The Wolves|15157|White|Expired|9000000|0|4000|8/31/2025 2:10:39 AM|Financial Assistance|4990319|
561490|Greatest Mothers|Femocratic Lands|Freehold of The Wolves|15157|White|613652|Peterkin|Quaraguay|Freehold of The Wolves|15157|White|Expired|9000000|0|0|8/31/2025 2:06:32 AM|Financial Assistance|4990318|
348556|Overlord Wes|wussys|Global Alliance and Treaty Organization|10003|Brown|429171|Inquisitor Gaunt|Cult Imperialis|Global Alliance And Treaty Organization|10003|Brown|Expired|9000000|100|0|8/31/2025 1:48:01 AM|Financial Assistance|4990314|
348556|Overlord Wes|wussys|Global Alliance and Treaty Organization|10003|Brown|83518|Johnny Apocalypse|Anubia|Global Alliance And Treaty Organization|10003|Brown|Expired|9000000|100|0|8/31/2025 1:47:48 AM|Financial Assistance|4990312|
348556|Overlord Wes|wussys|Global Alliance and Treaty Organization|10003|Brown|39842|Uelen|Uelen|Global Alliance and Treaty Organization|10003|Brown|Expired|9000000|100|0|8/31/2025 1:47:40 AM|Financial Assistance|4990311|
639335|Swamplandia|Horna|NATO|10037|Blue|311344|asapilu|Persianiran|NATO|10037|Blue|Expired|0|100|0|8/31/2025 1:46:18 AM|Financial Assistance|4990310|
625051|Troopers|Colonist|CLAWS|15841|Black|275547|BigKif|KifLand|CLAWS|15841|Black|Expired|0|100|0|8/31/2025 1:19:37 AM|Financial Assistance|4990307|
623987|MasterBadey|mastabadeia|Global Alliance And Treaty Organization|10003|Brown|314219|Captain Stage|Maritime|Global Alliance And Treaty Organization|10003|Brown|Expired|0|100|0|8/31/2025 1:18:17 AM|free dinner|4990306|
22121|spartan 84|UNSC Reach|Non Grata|10097|Maroon|260817|MamazlilMistake|Happy Hunting Ground|Non Grata|10097|Maroon|Expired|9000000|0|0|8/31/2025 12:55:23 AM|Financial Assistance|4990304|
22121|spartan 84|UNSC Reach|Non Grata|10097|Maroon|584157|Sheekyz|Kingdom Of Xe|Non Grata|10097|Maroon|Expired|9000000|0|0|8/31/2025 12:55:15 AM|Financial Assistance|4990303|
569906|Tradewind|Republic of Bort|Viridian Entente|10010|Green|491885|Chuck Jongil|Soylent Greenland|Viridian Entente|10010|Green|Expired|0|100|0|8/31/2025 12:30:47 AM|tech 1 of 2|4990300|
551677|Edward I|Seleucia|New Pacific Order|10000|Red|442731|Madd|Modra|New Pacific Order|10000|Red|Expired|0|100|0|8/31/2025 12:18:18 AM|QT Tech|4990298|
551677|Edward I|Seleucia|New Pacific Order|10000|Red|608015|elputojack|villa feliz|New Pacific Order|10000|Red|Expired|0|100|0|8/31/2025 12:18:09 AM|QT Tech|4990297|
551677|Edward I|Seleucia|New Pacific Order|10000|Red|305440|Daimos|Micon|New Pacific Order|10000|Red|Expired|0|100|0|8/31/2025 12:18:02 AM|QT Tech|4990296|
551677|Edward I|Seleucia|New Pacific Order|10000|Red|629229|HopeFun|LimaPT|New Pacific Order|10000|Red|Expired|0|100|0|8/31/2025 12:17:55 AM|QT Tech|4990295|
551677|Edward I|Seleucia|New Pacific Order|10000|Red|511698|hailkirk10|Kirklan|New Pacific Order|10000|Red|Expired|0|100|0|8/31/2025 12:17:41 AM|QT Tech|4990294|
551677|Edward I|Seleucia|New Pacific Order|10000|Red|636711|Praetor Cuddles|Romulan Star Empire|New Pacific Order|10000|Red|Expired|0|100|0|8/31/2025 12:17:36 AM|QT Tech|4990293|
616876|Lady Hawk|Isle of Mann|New Pacific Order|10000|Red|626040|Rewan Demontay|Panagouge|New Pacific Order|10000|Red|Expired|9000000|0|0|8/31/2025 12:14:15 AM|Bankroll|4990292|
616876|Lady Hawk|Isle of Mann|New Pacific Order|10000|Red|572011|Nijil1|Polinasia|New Pacific Order|10000|Red|Expired|9000000|0|0|8/31/2025 12:13:56 AM|Rising Stars|4990291|
616876|Lady Hawk|Isle of Mann|New Pacific Order|10000|Red|647335|Tosmanshotz|tOsMaNsHoTz Republic|New Pacific Order|10000|Red|Expired|6000000|0|0|8/31/2025 12:13:49 AM|Rising Stars|4990290|
262614|aml520|Hantou|New Polar Order|10006|Blue|516493|The dutch Dragonborn|The Dutch Dragonborn|New Polar Order|10006|Blue|Expired|0|100|0|8/31/2025 12:13:47 AM|ICECAP Tech|4990289|
262614|aml520|Hantou|New Polar Order|10006|Blue|629752|Jamo199599|C1995|New Polar Order|10006|Blue|Expired|0|100|0|8/31/2025 12:13:41 AM|ICECAP Tech|4990288|
616876|Lady Hawk|Isle of Mann|New Pacific Order|10000|Red|645804|La Mismidad|Libertaris|New Pacific Order|10000|Red|Expired|9000000|0|0|8/31/2025 12:13:40 AM|Rising Stars|4990287|
616876|Lady Hawk|Isle of Mann|New Pacific Order|10000|Red|646681|Jokkeh|Andebu Technocracy|New Pacific Order|10000|Red|Expired|9000000|0|0|8/31/2025 12:13:26 AM|QT Pay|4990285|
616876|Lady Hawk|Isle of Mann|New Pacific Order|10000|Red|618189|Curiosity|Illusion|New Pacific Order|10000|Red|Expired|9000000|0|0|8/31/2025 12:13:18 AM|Bankroll|4990284|
531590|Ledon|Ledonia|Knights of the Round Table|10092|Green|647369|Stevo02|Irish people|The Phoenix Federation|17385|Green|Expired|6000000|0|0|8/30/2025 11:57:59 PM|Tech Deal 6m / 100t ?|4990275|
632345|FoXXRoam|Blaylock Republic|The Legion|10020|Purple|623795|Aristarchus of Samos|baklava|The Legion|10020|Purple|Expired|0|100|0|8/30/2025 11:57:13 PM|Financial Assistance|4990274|
453991|Lieutenant Yenroh|Baguettador III|Viridian Entente|10010|Green|228721|Hob Dobson|Uustonia|Viridian Entente|10010|Green|Expired|9000000|0|0|8/30/2025 11:48:19 PM|Financial Assistance|4990273|
449862|Marneus Calgar|Macragge|New Pacific Order|10000|Red|553651|Stanley Steemer|Erwin Township|New Pacific Order|10000|Red|Expired|9000000|0|0|8/30/2025 10:42:13 PM|Bankroll|4990264|
449862|Marneus Calgar|Macragge|New Pacific Order|10000|Red|552125|Mouseman490|The Empire of Klein|New Pacific Order|10000|Red|Expired|9000000|0|0|8/30/2025 10:41:47 PM|Bankroll|4990262|
449862|Marneus Calgar|Macragge|New Pacific Order|10000|Red|647335|Tosmanshotz|tOsMaNsHoTz Republic|New Pacific Order|10000|Red|Expired|6000000|0|0|8/30/2025 10:41:30 PM|Rising Stars|4990261|
387694|Dan100|c123po|New Pacific Order|10000|Red|647335|Tosmanshotz|tOsMaNsHoTz Republic|New Pacific Order|10000|Red|Expired|6000000|0|0|8/30/2025 10:41:05 PM|Rising Stars|4990260|
387694|Dan100|c123po|New Pacific Order|10000|Red|646371|EmpressMei|Luxmortem|New Pacific Order|10000|Red|Expired|9000000|0|0|8/30/2025 10:40:35 PM|Rising Stars|4990259|
402037|Soviet Mudkip|In Soviet Russia|The Dark Templar|10056|Black|642338|Kauppinen|Savruotland|The Dark Templar|10056|Black|Expired|9000000|0|0|8/30/2025 10:39:00 PM|9m/100t|4990256|
224337|black dove|The Crucible|New Polar Order|10006|Blue|379932|VickiB|Quantum Leap|New Polar Order|10006|Blue|Expired|9000000|0|0|8/30/2025 10:29:15 PM|Polar Express|4990254|
224337|black dove|The Crucible|New Polar Order|10006|Blue|150348|Mr Relavator|Relanation|New Polar Order|10006|Maroon|Expired|9000000|0|0|8/30/2025 10:28:50 PM|War is looming!|4990253|
224337|black dove|The Crucible|New Polar Order|10006|Blue|591794|Raden Wijaya|Kerajaan Majapahit|New Polar Order|10006|Green|Expired|9000000|0|0|8/30/2025 10:27:39 PM|War is looming!|4990251|
326267|Steeldor|Jerel|DOOMBIRD DOOMCAVE|10449|Black|228721|Hob Dobson|Uustonia|Viridian Entente|10010|Green|Expired|9000000|0|0|8/30/2025 10:21:02 PM|Financial Assistance|4990248|
91526|Dajobo|Disktopia|New Polar Order|10006|Blue|638457|AlQsar|Imbratoria|New Polar Order|10006|Blue|Expired|9000000|0|0|8/30/2025 10:19:24 PM|War is looming!|4990246|
91526|Dajobo|Disktopia|New Polar Order|10006|Blue|481947|Morgaine|Cruithne|New Polar Order|10006|Blue|Expired|9000000|0|0|8/30/2025 10:17:47 PM|ICECAP Cash|4990244|
91526|Dajobo|Disktopia|New Polar Order|10006|Blue|591794|Raden Wijaya|Kerajaan Majapahit|New Polar Order|10006|Green|Expired|9000000|0|0|8/30/2025 10:17:25 PM|ICECAP Cash|4990243|
645053|Geezy VIII|SOS Empire|Independent Republic Of Orange Nations|10004|Orange|234325|Ben Gates|TreasureLand|Independent Republic Of Orange Nations|10004|Orange|Expired|0|100|0|8/30/2025 10:06:37 PM|ITF|4990241|
645053|Geezy VIII|SOS Empire|Independent Republic Of Orange Nations|10004|Orange|374610|Captain Crozier|Dime Store Novena|Independent Republic Of Orange Nations|10004|Orange|Expired|0|100|0|8/30/2025 10:06:08 PM|ITF|4990240|
616289|Kingzing|Glister|The Legion|10020|Purple|623795|Aristarchus of Samos|baklava|The Legion|10020|Purple|Expired|0|100|0|8/30/2025 9:34:27 PM|Financial Assistance|4990238|
639843|TheChickenRun|Costco Wholesale|The Dark Templar|10056|Black|308695|Indiomaestro|Jahara|The Dark Templar|10056|Black|Expired|0|100|0|8/30/2025 9:07:29 PM|Free Tech|4990226|
646353|tuomas|temple of perversion|The Legion|10020|Purple|638569|Ozark|Blue Cat Nation|The Legion|10020|Purple|Expired|0|100|0|8/30/2025 8:56:28 PM|Financial Assistance|4990225|
646353|tuomas|temple of perversion|The Legion|10020|Purple|116618|Thrash|Machas|The Legion|10020|Purple|Expired|0|100|0|8/30/2025 8:56:07 PM|Financial Assistance|4990224|
452727|Avakael|Klaus Devestatorie|Nuclear Proliferation League|17228|Brown|645984|keyman|Bonland|Nuclear Proliferation League|17228|Aqua|Expired|9000000|0|0|8/30/2025 8:51:07 PM|Tech deal 9m/100|4990223|
452727|Avakael|Klaus Devestatorie|Nuclear Proliferation League|17228|Brown|645829|blegth|irting|Nuclear Proliferation League|17228|Aqua|Expired|9000000|0|0|8/30/2025 8:50:58 PM|Tech deal 9m/100|4990222|
452727|Avakael|Klaus Devestatorie|Nuclear Proliferation League|17228|Brown|646771|King Chocolate|Chocolate Cookie|Nuclear Proliferation League|17228|Aqua|Expired|9000000|0|0|8/30/2025 8:50:49 PM|Tech deal 9m/100|4990221|
423414|Nashorn|Nashornstan|MONGOLS|14492|Maroon|552359|SeaBeeGipson|Denton|MONGOLS|14492|Maroon|Expired|9000000|100|4000|8/30/2025 8:49:53 PM|Financial Assistance|4990220|
407151|Dre4mwe4ver|Fidensgen|Global Alliance And Treaty Organization|10003|Brown|83518|Johnny Apocalypse|Anubia|Global Alliance And Treaty Organization|10003|Brown|Expired|0|100|0|8/30/2025 8:46:46 PM|how do u like ur tech|4990219|
407151|Dre4mwe4ver|Fidensgen|Global Alliance And Treaty Organization|10003|Brown|455413|Duke Nukem|NukemLand|Global Alliance And Treaty Organization|10003|Brown|Expired|0|100|0|8/30/2025 8:46:03 PM|wana have moar tech?|4990218|
163031|MasterChief777|The New Empire|Global Alliance And Treaty Organization|10003|Brown|646815|godtoh1|hotdogal|Global Alliance And Treaty Organization|10003|Brown|Expired|9000000|0|0|8/30/2025 8:44:58 PM|9/100|4990217|
631385|Kingdom of Denmark|Jutland Germany|The Prussian Empire|14204|Green|437548|Dutchmaster|Feardare|Coalition of Royal Allied Powers|10051|Maroon|Expired|0|100|0|8/30/2025 7:58:19 PM|Financial Assistance|4990214|
49522|Croix|Edjaal|Random Insanity Alliance|10038|Maroon|240196|Seagram|Siperia|Nordreich|11319|Maroon|Expired|0|100|0|8/30/2025 7:57:26 PM|Financial Assistance|4990213|
49522|Croix|Edjaal|Random Insanity Alliance|10038|Maroon|124781|im317|im317|Random Insanity Alliance|10038|Maroon|Expired|0|100|0|8/30/2025 7:57:17 PM|Financial Assistance|4990212|
645829|blegth|irting|Nuclear Proliferation League|17228|Aqua|129864|Mike the Greatest|Palookastan|Nuclear Proliferation League|17228|Maroon|Expired|0|100|0|8/30/2025 6:39:01 PM|Financial Assistance|4990210|
646813|SaberClawd|Nyxus|Global Alliance And Treaty Organization|10003|Brown|394625|Empress Elizabeth|DeWitt|Global Alliance And Treaty Organization|10003|Brown|Expired|0|100|0|8/30/2025 6:32:15 PM|Financial Assistance|4990209|
32861|Drachonum|drachonia|Global Alliance and Treaty Organization|10003|Brown|551982|Jason Cyberius|Cyberium|Global Alliance And Treaty Organization|10003|Brown|Expired|9000000|0|0|8/30/2025 6:30:49 PM|Financial Assistance|4990208|
593353|Kitkat16|Sofie|NATO|10037|Blue|646038|OT Dominic|borneo kenyalang|Christian Coalition Of Countries|10028|Maroon|Expired|9000000|0|0|8/30/2025 6:06:47 PM|Valyrian Aid|4990206|
593353|Kitkat16|Sofie|NATO|10037|Blue|627684|Reginald Stuart III|New Ventris|Freehold of The Wolves|15157|White|Expired|9000000|0|0|8/30/2025 6:02:39 PM|Valyrian Aid|4990205|
593353|Kitkat16|Sofie|NATO|10037|Blue|517415|RetiredSgt|Old Fogey Land|Christian Coalition Of Countries|10028|Green|Expired|9000000|0|0|8/30/2025 6:00:29 PM|Valyrian Aid|4990204|
261397|Rampage3|United Liberocracy|Nuclear Proliferation League|17228|Aqua|647317|JFK360noscope|the devided states|Nuclear Proliferation League|17228|Aqua|Expired|6000000|0|0|8/30/2025 5:29:06 PM|King Wally Aid|4990201|
192598|flygirl|New Cajun|Freehold of The Wolves|15157|White|624889|Dogeisagod|Dogelands|Freehold of The Wolves|15157|White|Expired|9000000|0|0|8/30/2025 4:52:15 PM|Financial Assistance|4990199|
192598|flygirl|New Cajun|Freehold of The Wolves|15157|White|608652|King of Clu|Kingdom of Clu|Freehold of The Wolves|15157|White|Expired|9000000|0|0|8/30/2025 4:47:00 PM|Financial Assistance|4990198|
192598|flygirl|New Cajun|Freehold of The Wolves|15157|White|65430|Lord Bane|Damasca|Freehold of The Wolves|15157|White|Expired|9000000|0|0|8/30/2025 4:41:35 PM|Financial Assistance|4990197|
407948|avatar3619|Shendu|New Pacific Order|10000|Red|646371|EmpressMei|Luxmortem|New Pacific Order|10000|Red|Expired|9000000|0|0|8/30/2025 4:29:48 PM|Rising Stars|4990196|
441760|jacka|north 40|The Legion|10020|Purple|638569|Ozark|Blue Cat Nation|The Legion|10020|Purple|Expired|0|100|0|8/30/2025 3:05:04 PM|Financial Assistance|4990189|
441760|jacka|north 40|The Legion|10020|Purple|116618|Thrash|Machas|The Legion|10020|Purple|Expired|0|100|0|8/30/2025 3:04:56 PM|Financial Assistance|4990188|
407657|Shtanto|Shtanto|Non Grata|10097|Maroon|547395|KameraadLenin|Newfoundland SSR|Non Grata|10097|Maroon|Expired|9000000|0|0|8/30/2025 3:01:24 PM|Its time to send you $$$|4990187|
232881|Yashem|Yashemia|New Pacific Order|10000|Red|608015|elputojack|villa feliz|New Pacific Order|10000|Red|Expired|0|100|0|8/30/2025 2:56:36 PM|QT Tech|4990186|
232881|Yashem|Yashemia|New Pacific Order|10000|Red|636711|Praetor Cuddles|Romulan Star Empire|New Pacific Order|10000|Red|Expired|0|100|0|8/30/2025 2:56:32 PM|QT Tech|4990185|
232881|Yashem|Yashemia|New Pacific Order|10000|Red|388308|Lord Zymeth|USSR of Belleviastan|New Pacific Order|10000|Red|Expired|0|100|0|8/30/2025 2:56:28 PM|QT Tech|4990184|
232881|Yashem|Yashemia|New Pacific Order|10000|Red|17202|Cybolt|Time and Space|New Pacific Order|10000|Red|Expired|0|100|0|8/30/2025 2:56:24 PM|QT Tech|4990183|
232881|Yashem|Yashemia|New Pacific Order|10000|Red|448981|Knight|Alliance of Knights|New Pacific Order|10000|Red|Expired|0|100|0|8/30/2025 2:56:19 PM|QT Tech|4990182|
232881|Yashem|Yashemia|New Pacific Order|10000|Red|167235|ORCACommander|Hiigaran Federation|New Pacific Order|10000|Red|Expired|0|100|0|8/30/2025 2:56:13 PM|QT Tech|4990181|
338643|Conundrum|Wallabyville|Federation of Armed Nations|10021|Yellow|645652|SpaceGhostCTC|Phantom crusier|Federation Of Armed Nations|10021|Yellow|Expired|9000000|0|0|8/30/2025 2:49:58 PM|Financial Assistance|4990180|
490921|Roo Blu II|Blue Roo|Non Grata|10097|Maroon|645844|Dario the Great|Darioland|Non Grata|10097|Maroon|Expired|9000000|0|0|8/30/2025 2:24:07 PM|Financial Assistance 3|4990179|
500125|Soxirella|Jusmania|Non Grata|10097|Maroon|626678|slothix|Kevin|Non Grata|10097|Maroon|Expired|9000000|0|0|8/30/2025 2:17:57 PM|Financial Assistance|4990178|
380797|gainesta09|gainesta09|NATO|10037|Blue|626587|Iogaro12|Iberia del Norte|Freehold of The Wolves|15157|White|Expired|9000000|0|0|8/30/2025 1:54:40 PM|VEP|4990176|
414519|markpalm1|vacous|Freehold of The Wolves|15157|White|645105|Trench Foast|TrenchFoastia|Christian Coalition Of Countries|10028|Maroon|Expired|9000000|0|0|8/30/2025 1:25:07 PM|Valyrian Cash|4990168|
637264|RiddervanGelre|Nieuw Gelre|CLAWS|15841|Black|238151|devnull|Republic of Unix|CLAWS|15841|Black|Expired|0|100|0|8/30/2025 1:17:25 PM|Financial Assistance|4990166|
324421|Einer|Jesusland|Mostly Harmless Alliance|14879|White|646145|ScootDootson|UnitedPeoplesOfDoot|Goldenrod Accords|17406|Green|Expired|9000000|0|0|8/30/2025 1:07:49 PM|&quot;Valyrian Aid&quot; !|4990165|
324421|Einer|Jesusland|Mostly Harmless Alliance|14879|White|626587|Iogaro12|Iberia del Norte|Freehold of The Wolves|15157|White|Expired|9000000|0|0|8/30/2025 1:07:20 PM|&quot;Valyrian Aid&quot; !|4990164|
641765|Chandragupta Maurya|Maurya Dynasty|New Polar Order|10006|Blue|584263|Beefbone|Beefy|New Polar Order|10006|Blue|Expired|0|100|0|8/30/2025 1:03:18 PM|RATS Tech|4990163|
641765|Chandragupta Maurya|Maurya Dynasty|New Polar Order|10006|Blue|629752|Jamo199599|C1995|New Polar Order|10006|Blue|Expired|0|100|0|8/30/2025 1:02:55 PM|ICECAP Tech|4990162|
273254|unstpblpimp|unstpblpimp|Global Alliance and Treaty Organization|10003|Brown|647124|Pocky|Pocky Two|Global Alliance And Treaty Organization|10003|Brown|Expired|6000000|0|0|8/30/2025 12:49:18 PM|Financial Assistance|4990158|
647099|Esau of Isaac|Lanluz|Global Alliance And Treaty Organization|10003|Brown|646327|KittenGosCrazy|Aura Kingdom|Global Alliance And Treaty Organization|10003|Brown|Expired|0|100|0|8/30/2025 12:17:01 PM|Financial Assistance|4990157|
340698|Onified|Spork|NATO|10037|Blue|630683|Queen Aurore|Turnopia|Christian Coalition Of Countries|10028|Maroon|Expired|9000000|0|0|8/30/2025 12:16:41 PM|vep|4990156|
340698|Onified|Spork|NATO|10037|Blue|626587|Iogaro12|Iberia del Norte|Freehold of The Wolves|15157|White|Expired|9000000|0|0|8/30/2025 12:16:30 PM|vep|4990155|
546488|levothy|mycybernation|Knights Of The Round Table|10092|Green|597043|simonzster|A Land|Knights Of The Round Table|10092|Black|Expired|0|100|0|8/30/2025 11:57:18 AM|spin 209|4990150|
647027|HorseElectrolytes|Greater Mustangistan|Global Alliance And Treaty Organization|10003|Brown|455413|Duke Nukem|NukemLand|Global Alliance And Treaty Organization|10003|Brown|Expired|0|100|0|8/30/2025 11:54:43 AM|Financial Assistance|4990147|
562556|Nicholas Strakhov|Kurkazia|Freehold of The Wolves|15157|White|1037|mona lisa|3 oaks|Old Guard|11296|Blue|Expired|0|100|0|8/30/2025 11:26:16 AM|VEP Tech|4990138|
562556|Nicholas Strakhov|Kurkazia|Freehold of The Wolves|15157|White|249634|Valandil|Ithilien Empire|NATO|10037|Blue|Expired|0|100|0|8/30/2025 11:26:02 AM|VEP Tech|4990137|
645347|Randomnameguy|New England INC|Post Grunge Supergroup|16367|Brown|443221|Mistral|Nicholas|Post Grunge Supergroup|16367|Brown|Expired|0|100|0|8/30/2025 11:19:30 AM|Tech Payment|4990135|
541311|King Quincy|Confederate USA|Green Protection Agency|10041|Green|573749|necAnt|Lucky Ants|The Gramlins|17440|Green|Expired|9000000|0|0|8/30/2025 11:01:40 AM|Tech Deal|4990134|
544925|Jacksonians|Barataria|Global Alliance And Treaty Organization|10003|Brown|79371|xkirra|Mordlandia|Global Alliance And Treaty Organization|10003|Brown|Expired|0|100|0|8/30/2025 10:43:35 AM|Yarrr|4990125|
124781|im317|im317|Random Insanity Alliance|10038|Maroon|645525|GodKing Menes|Free Republic of Kem|Nuclear Proliferation League|17228|Aqua|Expired|9000000|0|0|8/30/2025 10:31:29 AM|tech deal|4990124|
124781|im317|im317|Random Insanity Alliance|10038|Maroon|558202|Doug Henning|Magic Land|Nuclear Proliferation League|17228|Aqua|Expired|9000000|0|0|8/30/2025 10:31:21 AM|tech deal|4990123|
120237|Ice Princess|Tundra Mountain|The Grand Lodge of Freemasons|10029|Orange|301419|SirTwist|Twistland|The Grand Lodge Of Freemasons|10029|Orange|Expired|9000000|0|0|8/30/2025 10:08:31 AM|tech plz|4990122|
120237|Ice Princess|Tundra Mountain|The Grand Lodge of Freemasons|10029|Orange|644967|Mushrat|Ormarr Land|The Grand Lodge Of Freemasons|10029|Orange|Expired|9000000|0|0|8/30/2025 10:07:27 AM|tech plz|4990121|
120237|Ice Princess|Tundra Mountain|The Grand Lodge of Freemasons|10029|Orange|639282|Agaton Sax|Asmodean|COBRA|13717|Brown|Expired|6000000|0|0|8/30/2025 10:06:20 AM|tech plz|4990120|
86974|Mad Mike|Mikeville|Global Alliance And Treaty Organization|10003|Brown|647099|Esau of Isaac|Lanluz|Global Alliance And Treaty Organization|10003|Brown|Expired|6000000|0|0|8/30/2025 10:03:32 AM|Aid slot filling|4990118|
86974|Mad Mike|Mikeville|Global Alliance And Treaty Organization|10003|Brown|647063|geneclar|Kandam|Global Alliance And Treaty Organization|10003|Brown|Expired|9000000|0|0|8/30/2025 10:03:08 AM|Aid slot filling|4990117|
541983|CVO|Kush|NATO|10037|Blue|231352|Wippeli|Wippelandia|Freehold of The Wolves|15157|White|Expired|9000000|0|0|8/30/2025 9:41:46 AM|Valyrian Aid|4990112|
147284|Magicninja|Grundy|Global Alliance And Treaty Organization|10003|Brown|643971|Blaze I|Brozil|Global Alliance And Treaty Organization|10003|Brown|Expired|9000000|0|0|8/30/2025 9:19:04 AM|Financial Assistance|4990110|
147284|Magicninja|Grundy|Global Alliance And Treaty Organization|10003|Brown|551982|Jason Cyberius|Cyberium|Global Alliance And Treaty Organization|10003|Brown|Expired|9000000|0|0|8/30/2025 9:18:49 AM|Financial Assistance|4990109|
645740|ShadowSleeper|Noevgono|Nuclear Proliferation League|17228|Aqua|433547|WhitEarendur|Tol Eressea|New Polar Order|10006|Blue|Expired|0|100|0|8/30/2025 9:05:12 AM|Financial Assistance|4990105|
527097|Galerion|blighty|Freehold of The Wolves|15157|White|580046|Body Jryant|Conservative South|Christian Coalition Of Countries|10028|Maroon|Expired|9000000|0|0|8/30/2025 9:05:02 AM|Valyrian Aid|4990104|
527097|Galerion|blighty|Freehold of The Wolves|15157|White|231352|Wippeli|Wippelandia|Freehold of The Wolves|15157|White|Expired|9000000|0|0|8/30/2025 9:04:44 AM|Valyrian Aid|4990103|
527097|Galerion|blighty|Freehold of The Wolves|15157|White|134794|Tasker74|Thebigharbour|Freehold of The Wolves|15157|White|Expired|9000000|0|0|8/30/2025 8:59:33 AM|Aid|4990099|
543131|Morjon|Wayward Renegade|Nuclear Proliferation League|17228|Aqua|647188|Ra Zeus|NewEygptianEmpire|Nuclear Proliferation League|17228|White|Expired|6000000|0|0|8/30/2025 8:51:21 AM|6/100 Tech Deal|4990096|
567239|GrumpyOldFool|Sugarstan|Fark|10002|Aqua|319343|realpal|REALPAL|Fark|10002|Aqua|Expired|0|100|0|8/30/2025 8:44:02 AM|Tech|4990095|
186805|Grendel|Beowulf|Knights Of The Round Table|10092|Green|646885|Justin Ordinary|Ordinary|Knights Of The Round Table|10092|Green|Expired|6000000|0|0|8/30/2025 8:36:03 AM|$6M/100Tech|4990091|
646249|Pretondapredator|Prestonland|Global Alliance And Treaty Organization|10003|Brown|139990|BacTalan|NorseTurks|Global Alliance And Treaty Organization|10003|Brown|Expired|0|100|0|8/30/2025 8:14:54 AM|Financial Assistance|4990090|
644951|Landric|Republic of Ursus|The Grand Lodge Of Freemasons|10029|Orange|120237|Ice Princess|Tundra Mountain|The Grand Lodge of Freemasons|10029|Orange|Expired|0|100|0|8/30/2025 7:47:38 AM|Financial Assistance|4990086|
646984|fruitloomps|Loomberg|Global Alliance And Treaty Organization|10003|Brown|139990|BacTalan|NorseTurks|Global Alliance And Treaty Organization|10003|Brown|Expired|0|100|0|8/30/2025 7:38:13 AM|Financial Assistance|4990083|
643876|LordInfamous|Swindlerstan|Independent Republic Of Orange Nations|10004|Orange|234325|Ben Gates|TreasureLand|Independent Republic Of Orange Nations|10004|Orange|Expired|0|100|0|8/30/2025 7:23:09 AM|ITF|4990079|
360567|jjfx4|Millasville|Orange Defense Network|17435|Orange|538755|zeldafan4ever|Terminus|Orange Defense Network|17435|Orange|Expired|9000000|0|0|8/30/2025 7:01:00 AM|Tech deal|4990078|
623987|MasterBadey|mastabadeia|Global Alliance And Treaty Organization|10003|Brown|152876|Hankidan|Parkview 12|Global Alliance And Treaty Organization|10003|Brown|Expired|0|100|0|8/30/2025 6:55:00 AM|free breakfast|4990077|
623987|MasterBadey|mastabadeia|Global Alliance And Treaty Organization|10003|Brown|64687|Wootmeister|Wootrovia|Global Alliance And Treaty Organization|10003|Brown|Expired|0|100|0|8/30/2025 6:54:38 AM|free bird feed|4990076|
623987|MasterBadey|mastabadeia|Global Alliance And Treaty Organization|10003|Brown|14658|Manis B|Caesura|Global Alliance and Treaty Organization|10003|Brown|Expired|0|100|0|8/30/2025 6:54:02 AM|free pixel phone|4990075|
583519|Mirakil|The Doom Legions|Freehold of The Wolves|15157|White|535013|Deadwartin|Republic of SOS|Freehold of The Wolves|15157|White|Expired|6000000|0|0|8/30/2025 6:49:45 AM|War Support|4990073|
367343|whiskerz|arfcom|The Grand Lodge Of Freemasons|10029|Orange|635658|Chaotican|United CroatiaUC|Wurst Alliance|16919|Green|Expired|9000000|0|0|8/30/2025 6:47:46 AM|Financial Assistance|4990072|
376391|Dave the Dominator|Taulvia|The Templar Knights|10012|Maroon|132067|Merick|Panamkey|The Templar Knights|10012|Maroon|Expired|9000000|0|0|8/30/2025 6:42:46 AM|Tech|4990071|
484240|j3rdegree|United Tadpoles|Global Alliance And Treaty Organization|10003|Brown|348468|Ghan Khalav|Khalavistan|Global Alliance and Treaty Organization|10003|Brown|Expired|0|100|0|8/30/2025 6:09:04 AM|Tech go brrrr|4990064|
635568|ReForce|Axors|The Dark Templar|10056|Black|402037|Soviet Mudkip|In Soviet Russia|The Dark Templar|10056|Black|Expired|0|100|0|8/30/2025 5:51:54 AM|Tech Shipping Out|4990059|
635568|ReForce|Axors|The Dark Templar|10056|Black|84729|D.A.D.1|IGP Warriors|The Dark Templar|10056|Black|Expired|0|100|0|8/30/2025 5:51:18 AM|Tech Shipping Out|4990058|
635568|ReForce|Axors|The Dark Templar|10056|Black|262199|Bob|Beta Site|The Dark Templar|10056|Black|Expired|0|100|0|8/30/2025 5:51:06 AM|Tech Shipping Out|4990057|
635568|ReForce|Axors|The Dark Templar|10056|Black|308695|Indiomaestro|Jahara|The Dark Templar|10056|Black|Expired|0|100|0|8/30/2025 5:50:53 AM|Tech Shipping Out|4990056|
479257|Aprentic|MVEMJSUNP|Knights Of The Round Table|10092|Green|647271|Overlord121|Velmorra|Knights Of The Round Table|10092|Green|Expired|6000000|0|0|8/30/2025 5:41:21 AM|Tech deal|4990054|
479257|Aprentic|MVEMJSUNP|Knights Of The Round Table|10092|Green|646885|Justin Ordinary|Ordinary|Knights Of The Round Table|10092|Green|Expired|6000000|0|0|8/30/2025 5:38:26 AM|Tech deal|4990052|
479257|Aprentic|MVEMJSUNP|Knights Of The Round Table|10092|Green|647369|Stevo02|Irish people|The Phoenix Federation|17385|Green|Expired|6000000|0|0|8/30/2025 5:35:35 AM|Tech deal|4990051|
621876|thebigkas|kekistan69|COBRA|13717|Brown|578787|Caspase|Amino Acids|Post Grunge Supergroup|16367|Brown|Expired|0|100|0|8/30/2025 5:34:41 AM|Financial Assistance|4990050|
79371|xkirra|Mordlandia|Global Alliance And Treaty Organization|10003|Brown|643971|Blaze I|Brozil|Global Alliance And Treaty Organization|10003|Brown|Expired|9000000|0|0|8/30/2025 5:30:18 AM|Financial Assistance|4990049|
79371|xkirra|Mordlandia|Global Alliance And Treaty Organization|10003|Brown|647099|Esau of Isaac|Lanluz|Global Alliance And Treaty Organization|10003|Brown|Expired|6000000|0|0|8/30/2025 5:30:07 AM|Financial Assistance|4990048|
643971|Blaze I|Brozil|Global Alliance And Treaty Organization|10003|Brown|646327|KittenGosCrazy|Aura Kingdom|Global Alliance And Treaty Organization|10003|Brown|Expired|0|100|0|8/30/2025 5:21:22 AM|Financial Assistance|4990047|
313301|MK4Slowride|MK4Slowride|Global Alliance And Treaty Organization|10003|Brown|646135|Sokar|Delmak|Global Alliance And Treaty Organization|10003|Brown|Expired|6000000|0|0|8/30/2025 3:39:58 AM|Tech deal|4990042|
443221|Mistral|Nicholas|Post Grunge Supergroup|16367|Brown|643741|Danteeternity|Balan|Post Grunge Supergroup|16367|Brown|Expired|9000000|0|0|8/30/2025 3:18:28 AM|9m/100t|4990040|
639335|Swamplandia|Horna|NATO|10037|Blue|39465|King Tom|king Tom|NATO|10037|Blue|Expired|0|100|0|8/30/2025 2:57:23 AM|Financial Assistance|4990038|
491885|Chuck Jongil|Soylent Greenland|Viridian Entente|10010|Green|640557|CrixKringle|Paragonia|Viridian Entente|10010|Green|Expired|9000000|0|0|8/30/2025 2:48:18 AM|9mill/200tech|4990034|
359275|Jesusfreak|El Dorado|Christian Coalition of Countries|10028|Maroon|556496|rheebrosinc|SwagJuice|Christian Coalition Of Countries|10028|Maroon|Expired|9000000|0|0|8/30/2025 2:44:21 AM|VEP|4990032|
640557|CrixKringle|Paragonia|Viridian Entente|10010|Green|71592|upchuck|warmarding|Viridian Entente|10010|Green|Expired|0|100|0|8/30/2025 2:32:31 AM|Tech Deal (1 of 2)|4990030|
626587|Iogaro12|Iberia del Norte|Freehold of The Wolves|15157|White|414519|markpalm1|vacous|Freehold of The Wolves|15157|White|Expired|0|100|0|8/30/2025 2:30:50 AM|Valyrian Aid|4990028|
107572|oneeightytwo|d&#237;beartach|Fark|10002|Aqua|485812|Amyante|Zargathia|Shangri La|13799|White|Expired|9000000|0|0|8/30/2025 2:21:36 AM|Financial Assistance|4990025|
91872|PuliSher|Kerj&#228;l&#228;|Non Grata|10097|Maroon|501403|Trebs|Trebs|Nordreich|11319|Maroon|Expired|0|100|0|8/30/2025 2:19:35 AM|100/100|4990023|
264926|Ken T Kent|Codopia|Fark|10002|Aqua|428668|EViL0nE|Hivestonia|Fark|10002|Aqua|Expired|0|100|0|8/30/2025 1:53:44 AM|Financial Assistance|4990019|
264926|Ken T Kent|Codopia|Fark|10002|Aqua|254501|gijoe|atlantis awakens|Fark|10002|Aqua|Expired|0|100|0|8/30/2025 1:53:38 AM|Financial Assistance|4990018|
647037|Pachacan Federation|Pachacan Federation|Independent Republic Of Orange Nations|10004|Orange|234325|Ben Gates|TreasureLand|Independent Republic Of Orange Nations|10004|Orange|Expired|0|100|0|8/30/2025 1:27:27 AM|ITF|4990015|
257166|Yggdrazil|Ginginugap|Independent Republic Of Orange Nations|10004|Orange|234325|Ben Gates|TreasureLand|Independent Republic Of Orange Nations|10004|Orange|Expired|0|100|0|8/30/2025 12:47:45 AM|itf|4990010|
639843|TheChickenRun|Costco Wholesale|The Dark Templar|10056|Black|84729|D.A.D.1|IGP Warriors|The Dark Templar|10056|Black|Expired|0|100|0|8/30/2025 12:47:18 AM|Free Tech|4990009|
639843|TheChickenRun|Costco Wholesale|The Dark Templar|10056|Black|262199|Bob|Beta Site|The Dark Templar|10056|Black|Expired|0|100|0|8/30/2025 12:47:09 AM|Free Tech|4990008|
639843|TheChickenRun|Costco Wholesale|The Dark Templar|10056|Black|184966|The Upper Bass|Little Basses|The Dark Templar|10056|Black|Expired|0|100|0|8/30/2025 12:46:57 AM|Free Tech|4990007|
646353|tuomas|temple of perversion|The Legion|10020|Purple|633077|DarkStar1348|Aoxomoxoa|The Legion|10020|Purple|Expired|0|100|0|8/30/2025 12:36:08 AM|Financial Assistance|4990005|
646353|tuomas|temple of perversion|The Legion|10020|Purple|373827|VLs Revenge|Revengia|The Legion|10020|Purple|Expired|0|100|0|8/30/2025 12:35:52 AM|Financial Assistance|4990004|
580046|Body Jryant|Conservative South|Christian Coalition Of Countries|10028|Maroon|541983|CVO|Kush|NATO|10037|Blue|Expired|0|100|0|8/30/2025 12:28:49 AM|VEP|4990003|
580046|Body Jryant|Conservative South|Christian Coalition Of Countries|10028|Maroon|414337|Shadowfury|Illyria|Freehold of The Wolves|15157|Black|Expired|0|100|0|8/30/2025 12:28:19 AM|VEP|4990001|
580046|Body Jryant|Conservative South|Christian Coalition Of Countries|10028|Maroon|482099|Sir Gunz|Talent|Christian Coalition Of Countries|10028|Maroon|Expired|0|100|0|8/30/2025 12:28:04 AM|VEP|4990000|
260342|abcdefg|Alphabets|Independent Republic Of Orange Nations|10004|Aqua|643876|LordInfamous|Swindlerstan|Independent Republic Of Orange Nations|10004|Orange|Expired|9000000|0|0|8/30/2025 12:15:45 AM|ITF|4989999|
372061|Mandystalin|Lutonstan|The Templar Knights|10012|Maroon|132067|Merick|Panamkey|The Templar Knights|10012|Maroon|Expired|9000000|0|0|8/30/2025 12:05:12 AM|Walk more|4989996|
351954|kobetop|Arulelea|Viridian Entente|10010|Green|640557|CrixKringle|Paragonia|Viridian Entente|10010|Green|Expired|9000000|0|0|8/29/2025 11:44:11 PM|Financial Assistance|4989993|
341557|Nishiyoshi|Kapon|Mostly Harmless Alliance|14879|Aqua|88398|thepunk|thepunk|Federation Of Armed Nations|10021|Yellow|Expired|0|100|0|8/29/2025 10:49:43 PM|VEP|4989992|
341557|Nishiyoshi|Kapon|Mostly Harmless Alliance|14879|Aqua|541983|CVO|Kush|NATO|10037|Blue|Expired|0|100|0|8/29/2025 10:47:34 PM|VEP |4989990|
111159|MOOFER|Dragon of Cymru|NATO|10037|Blue|646682|HyeUrartu2|UrartuKingdom|Christian Coalition Of Countries|10028|Maroon|Expired|6000000|0|0|8/29/2025 10:33:43 PM|Valyrian Aid|4989987|
111159|MOOFER|Dragon of Cymru|NATO|10037|Blue|646787|Hye781|Calilove4ever|Christian Coalition Of Countries|10028|Maroon|Expired|6000000|0|0|8/29/2025 10:33:33 PM|Valyrian Aid|4989986|
111159|MOOFER|Dragon of Cymru|NATO|10037|Blue|647076|Innix|Axis Negentropy|Church of the Holy Platypus|17265|Maroon|Expired|9000000|0|0|8/29/2025 10:33:14 PM|Valyrian Aid|4989984|
111159|MOOFER|Dragon of Cymru|NATO|10037|Blue|647347|RealShrimpShady|Shrimplandia|NATO|10037|Blue|Expired|6000000|0|0|8/29/2025 10:33:06 PM|Valyrian Aid|4989983|
111159|MOOFER|Dragon of Cymru|NATO|10037|Blue|647352|Zercules|Zercs kingdom|NATO|10037|Blue|Expired|6000000|0|0|8/29/2025 10:32:54 PM|Valyrian Aid|4989982|
532609|KingJohnny|Nechian Empire|Doom Squad|16454|Black|93757|Irons82|Zero-One|DOOMBIRD DOOMCAVE|10449|Black|Expired|0|100|0|8/29/2025 9:39:02 PM|Financial Assistance|4989981|
644316|Sam Sparks|Mendota|Sparta|10008|Black|602563|AntiChoice|SuperNaturale|Sparta|10008|Black|Expired|0|100|0|8/29/2025 9:35:31 PM|Tech Deal|4989980|
631191|Magnus IV|Kingdom of Ars Magna|CLAWS|15841|Black|275547|BigKif|KifLand|CLAWS|15841|Black|Expired|0|100|0|8/29/2025 9:24:44 PM|Tech deal done!|4989978|
631191|Magnus IV|Kingdom of Ars Magna|CLAWS|15841|Black|410290|bdrocks|Knights of Honour|CLAWS|15841|Black|Expired|0|100|0|8/29/2025 9:24:35 PM|Tech deal done!|4989977|
275547|BigKif|KifLand|CLAWS|15841|Black|590030|toledomike|BUGANATION|CLAWS|15841|Black|Expired|9000000|0|0|8/29/2025 9:24:00 PM|Long Deal|4989976|
645136|district10VICTOR|Amelo|Global Alliance And Treaty Organization|10003|Brown|497000|Democzar|frequathrive|Global Alliance And Treaty Organization|10003|Brown|Expired|0|100|0|8/29/2025 9:16:25 PM|Financial Assistance|4989974|
364329|Donnie Darko|DarkoLand|Doom Squad|16454|Black|228721|Hob Dobson|Uustonia|Viridian Entente|10010|Green|Expired|9000000|0|0|8/29/2025 7:56:44 PM|9/300 Tech|4989970|
558202|Doug Henning|Magic Land|Nuclear Proliferation League|17228|Aqua|261397|Rampage3|United Liberocracy|Nuclear Proliferation League|17228|Aqua|Expired|0|100|0|8/29/2025 7:51:14 PM|Hot Protein Injection|4989969|
387694|Dan100|c123po|New Pacific Order|10000|Red|609716|xander99|Melton|New Pacific Order|10000|Red|Expired|9000000|0|0|8/29/2025 7:38:08 PM|Bankroll|4989968|
387694|Dan100|c123po|New Pacific Order|10000|Red|555876|Khandov|Polonia Overlordship|New Pacific Order|10000|Red|Expired|9000000|0|0|8/29/2025 7:38:02 PM|Bankroll|4989967|
646815|godtoh1|hotdogal|Global Alliance And Treaty Organization|10003|Brown|561575|DragonsPhyre|Dragon Spire|Global Alliance And Treaty Organization|10003|Brown|Expired|0|100|0|8/29/2025 6:50:37 PM|Financial Assistance|4989966|
479490|King Cyan|The Cyan Kingdom|Global Alliance And Treaty Organization|10003|Brown|647124|Pocky|Pocky Two|Global Alliance And Treaty Organization|10003|Brown|Expired|6000000|0|0|8/29/2025 6:50:07 PM|Financial Assistance|4989965|
219343|TDEVIL|KINDOM OF HADES|Viridian Entente|10010|Green|271928|Thebanished|UnitedStatesOfDes|Viridian Entente|10010|Green|Expired|9000000|0|0|8/29/2025 6:49:50 PM|Tech deal 9mil/300T|4989964|
479490|King Cyan|The Cyan Kingdom|Global Alliance And Treaty Organization|10003|Brown|531189|Peroman200|Petrolandija|Global Alliance And Treaty Organization|10003|Brown|Expired|9000000|0|0|8/29/2025 6:49:43 PM|Financial Assistance|4989963|
404438|Herzog|Black Amber|Sparta|10008|Black|6600|poonertang|PR of pooner|Sparta|10008|Black|Expired|0|100|0|8/29/2025 6:49:09 PM|Financial Assistance|4989962|
404438|Herzog|Black Amber|Sparta|10008|Black|317431|Evileel|ell pond|Sparta|10008|Black|Expired|0|100|0|8/29/2025 6:48:51 PM|Financial Assistance|4989961|
479490|King Cyan|The Cyan Kingdom|Global Alliance And Treaty Organization|10003|Brown|485812|Amyante|Zargathia|Shangri La|13799|White|Expired|9000000|0|0|8/29/2025 6:48:36 PM|Tech deal|4989960|
484240|j3rdegree|United Tadpoles|Global Alliance And Treaty Organization|10003|Brown|561575|DragonsPhyre|Dragon Spire|Global Alliance And Treaty Organization|10003|Brown|Expired|0|100|0|8/29/2025 6:25:13 PM|Tech go brrrr|4989957|
484240|j3rdegree|United Tadpoles|Global Alliance And Treaty Organization|10003|Brown|479490|King Cyan|The Cyan Kingdom|Global Alliance And Treaty Organization|10003|Brown|Expired|0|100|0|8/29/2025 6:24:31 PM|Tech go brrrr|4989955|
484240|j3rdegree|United Tadpoles|Global Alliance And Treaty Organization|10003|Brown|64687|Wootmeister|Wootrovia|Global Alliance And Treaty Organization|10003|Brown|Expired|0|100|0|8/29/2025 6:24:20 PM|Tech go brrrr|4989954|
587594|Jason8|Waldo|Post Grunge Supergroup|16367|Brown|545724|Matmal|Matmalia|Post Grunge Supergroup|16367|Brown|Expired|6000000|0|0|8/29/2025 6:15:00 PM|FREE MONEY|4989952|
324421|Einer|Jesusland|Mostly Harmless Alliance|14879|White|558202|Doug Henning|Magic Land|Nuclear Proliferation League|17228|Aqua|Expired|9000000|0|0|8/29/2025 5:58:00 PM|&quot;Valyrian Aid&quot; !|4989950|
522964|Nuclear tech 2|Nuclear tech 2|Nuclear Proliferation League|17228|Black|647317|JFK360noscope|the devided states|Nuclear Proliferation League|17228|Aqua|Expired|6000000|0|0|8/29/2025 5:49:16 PM|Financial Assistance|4989949|
376391|Dave the Dominator|Taulvia|The Templar Knights|10012|Maroon|551356|NuclearGlow|Dawg Nation|The Templar Knights|10012|Maroon|Expired|9000000|0|0|8/29/2025 5:37:14 PM|Financial Assistance|4989948|
583069|Embowaf|Ilium|Mostly Harmless Alliance|14879|Aqua|556496|rheebrosinc|SwagJuice|Christian Coalition Of Countries|10028|Maroon|Expired|9000000|0|0|8/29/2025 5:16:37 PM|VEP|4989947|
647159|HarryJames|Rigbyium|Nuclear Proliferation League|17228|Aqua|242836|BozDaBoz|CoastalBendatia|Fark|10002|Aqua|Expired|0|100|0|8/29/2025 3:00:51 PM|Financial Assistance|4989935|
630683|Queen Aurore|Turnopia|Christian Coalition Of Countries|10028|Maroon|414337|Shadowfury|Illyria|Freehold of The Wolves|15157|Black|Expired|0|100|0|8/29/2025 2:14:26 PM|Financial Assistance|4989931|
206853|Tsayka|Trisaram|NATO|10037|Blue|493791|azntrigboi|Symmetry|NATO|10037|Blue|Expired|0|100|0|8/29/2025 2:00:43 PM|Financial Assistance|4989929|
206853|Tsayka|Trisaram|NATO|10037|Blue|248357|MrSka|Slartibartfast|NATO|10037|Blue|Expired|0|100|0|8/29/2025 1:59:58 PM|Financial Assistance|4989928|
206853|Tsayka|Trisaram|NATO|10037|Blue|428260|Warden|Llama Land|NATO|10037|Blue|Expired|0|100|0|8/29/2025 1:59:46 PM|Financial Assistance|4989927|
206853|Tsayka|Trisaram|NATO|10037|Blue|593353|Kitkat16|Sofie|NATO|10037|Blue|Expired|0|100|0|8/29/2025 1:59:30 PM|Financial Assistance|4989926|
206853|Tsayka|Trisaram|NATO|10037|Blue|340698|Onified|Spork|NATO|10037|Blue|Expired|0|100|0|8/29/2025 1:59:19 PM|Financial Assistance|4989925|
206853|Tsayka|Trisaram|NATO|10037|Blue|106012|President JR Seisa|Themysciera|NATO|10037|Blue|Expired|0|100|0|8/29/2025 1:59:07 PM|Financial Assistance|4989924|
640620|Frioz|Lusitania Portugalia|Post Grunge Supergroup|16367|Brown|380255|Vaslov|UFPNS|Argent|10063|Pink|Expired|0|100|0|8/29/2025 1:59:06 PM|Financial Assistance|4989923|
640620|Frioz|Lusitania Portugalia|Post Grunge Supergroup|16367|Brown|326273|Red Rebel|Pi Lambda Phi|Madlads Union|17130|Brown|Expired|0|100|0|8/29/2025 1:58:37 PM|Financial Assistance|4989922|
547395|KameraadLenin|Newfoundland SSR|Non Grata|10097|Maroon|528479|paul711|Paulinca|Non Grata|10097|Maroon|Expired|0|100|0|8/29/2025 1:52:36 PM|Financial Assistance|4989918|
341557|Nishiyoshi|Kapon|Mostly Harmless Alliance|14879|Aqua|324421|Einer|Jesusland|Mostly Harmless Alliance|14879|White|Expired|0|100|0|8/29/2025 1:35:37 PM|VEP|4989915|
341557|Nishiyoshi|Kapon|Mostly Harmless Alliance|14879|Aqua|583069|Embowaf|Ilium|Mostly Harmless Alliance|14879|Aqua|Expired|0|100|0|8/29/2025 1:35:05 PM|VEP|4989914|
4323|Xineoph|Um|The Legion|10020|Purple|633077|DarkStar1348|Aoxomoxoa|The Legion|10020|Purple|Expired|0|100|0|8/29/2025 1:31:39 PM|Financial Assistance|4989913|
4323|Xineoph|Um|The Legion|10020|Purple|373827|VLs Revenge|Revengia|The Legion|10020|Purple|Expired|0|100|0|8/29/2025 1:31:33 PM|Financial Assistance|4989912|
623176|Britishdude|Lucosnia VIII|Christian Coalition Of Countries|10028|Maroon|556496|rheebrosinc|SwagJuice|Christian Coalition Of Countries|10028|Maroon|Expired|9000000|0|0|8/29/2025 1:14:45 PM|VEP|4989911|
623176|Britishdude|Lucosnia VIII|Christian Coalition Of Countries|10028|Maroon|388182|lucky6|Direct Impingement|Federation of Armed Nations|10021|Yellow|Expired|9000000|0|0|8/29/2025 1:14:29 PM|VEP|4989910|
551982|Jason Cyberius|Cyberium|Global Alliance And Treaty Organization|10003|Brown|83518|Johnny Apocalypse|Anubia|Global Alliance And Treaty Organization|10003|Brown|Expired|0|100|0|8/29/2025 1:01:09 PM|Financial Assistance|4989908|
412136|King James II|Michigan II|NATO|10037|Blue|641804|jackthebest|Jackastan|NATO|10037|Blue|Expired|9000000|0|0|8/29/2025 12:52:48 PM|VEP |4989907|
645525|GodKing Menes|Free Republic of Kem|Nuclear Proliferation League|17228|Aqua|645985|CaboMabo|CaboMabo|Nuclear Proliferation League|17228|Aqua|Expired|9000000|100|0|8/29/2025 12:41:48 PM|Repayment 10 of 15|4989905|
441760|jacka|north 40|The Legion|10020|Purple|373827|VLs Revenge|Revengia|The Legion|10020|Purple|Expired|0|100|0|8/29/2025 12:39:52 PM|Financial Assistance|4989902|
646779|RedMetal|Soviet Canuckitstan|Doom Squad|16454|Black|96568|Dagny Taggart|Galtian Commune|DOOMBIRD DOOMCAVE|10449|Black|Expired|0|100|0|8/29/2025 12:39:05 PM|Financial Assistance|4989901|
646779|RedMetal|Soviet Canuckitstan|Doom Squad|16454|Black|93757|Irons82|Zero-One|DOOMBIRD DOOMCAVE|10449|Black|Expired|0|100|0|8/29/2025 12:38:53 PM|Financial Assistance|4989900|
646779|RedMetal|Soviet Canuckitstan|Doom Squad|16454|Black|364329|Donnie Darko|DarkoLand|Doom Squad|16454|Black|Expired|0|100|0|8/29/2025 12:38:40 PM|Financial Assistance|4989899|
646779|RedMetal|Soviet Canuckitstan|Doom Squad|16454|Black|470323|plaw44|infinite desire|Doombrella|17368|Black|Expired|0|100|0|8/29/2025 12:38:18 PM|Financial Assistance|4989897|
645829|blegth|irting|Nuclear Proliferation League|17228|Aqua|596771|Pentix|Mars Colony|New Polar Order|10006|Blue|Expired|0|100|0|8/29/2025 12:13:43 PM|Financial Assistance|4989895|
39465|King Tom|king Tom|NATO|10037|Blue|535865|Donbo McSlay|Donbo Land|Federation Of Armed Nations|10021|Yellow|Expired|9000000|0|0|8/29/2025 12:00:30 PM|vep|4989893|
39465|King Tom|king Tom|NATO|10037|Blue|388182|lucky6|Direct Impingement|Federation of Armed Nations|10021|Yellow|Expired|9000000|0|0|8/29/2025 11:59:30 AM|vep|4989892|
544925|Jacksonians|Barataria|Global Alliance And Treaty Organization|10003|Brown|14658|Manis B|Caesura|Global Alliance and Treaty Organization|10003|Brown|Expired|0|100|0|8/29/2025 11:49:36 AM|Financial Assistance|4989889|
544925|Jacksonians|Barataria|Global Alliance And Treaty Organization|10003|Brown|152876|Hankidan|Parkview 12|Global Alliance And Treaty Organization|10003|Brown|Expired|0|100|0|8/29/2025 11:49:20 AM|Yarrr|4989888|
544925|Jacksonians|Barataria|Global Alliance And Treaty Organization|10003|Brown|38760|Daedalus27|Daedalistan|Global Alliance and Treaty Organization|10003|Brown|Expired|0|100|0|8/29/2025 11:49:03 AM|Yarrr|4989887|
407948|avatar3619|Shendu|New Pacific Order|10000|Red|646465|Panglima Burung|Kalimantan Baru|New Pacific Order|10000|Red|Expired|9000000|0|0|8/29/2025 11:20:49 AM|Cash for DOPE|4989884|
407948|avatar3619|Shendu|New Pacific Order|10000|Red|571763|JohelleTapper|StoneSour|New Pacific Order|10000|Red|Expired|9000000|0|0|8/29/2025 11:20:45 AM|Bankroll|4989883|
468549|shadowstriker|shadow world|NATO|10037|Blue|395389|Temporal91|Aikion|NATO|10037|Blue|Expired|9000000|0|0|8/29/2025 11:15:50 AM|Valyrian Aid|4989882|
468549|shadowstriker|shadow world|NATO|10037|Blue|388182|lucky6|Direct Impingement|Federation of Armed Nations|10021|Yellow|Expired|9000000|0|0|8/29/2025 11:15:33 AM|Valyrian Aid|4989881|
546488|levothy|mycybernation|Knights Of The Round Table|10092|Green|578874|Dunge|Strathalbyn|Knights Of The Round Table|10092|Green|Expired|0|100|0|8/29/2025 10:53:07 AM|Spin 208|4989878|
57033|Slywolfe|Slywolfe|New Pacific Order|10000|Red|646465|Panglima Burung|Kalimantan Baru|New Pacific Order|10000|Red|Expired|9000000|0|0|8/29/2025 10:29:08 AM|Cash for DOPE|4989876|
57033|Slywolfe|Slywolfe|New Pacific Order|10000|Red|571763|JohelleTapper|StoneSour|New Pacific Order|10000|Red|Expired|9000000|0|0|8/29/2025 10:29:03 AM|Bankroll|4989875|
57033|Slywolfe|Slywolfe|New Pacific Order|10000|Red|251551|TSLOLWedgeAntill|TSL KINGDOM|New Pacific Order|10000|Red|Expired|9000000|0|0|8/29/2025 10:28:58 AM|Bankroll|4989874|
57033|Slywolfe|Slywolfe|New Pacific Order|10000|Red|609716|xander99|Melton|New Pacific Order|10000|Red|Expired|9000000|0|0|8/29/2025 10:28:52 AM|Bankroll|4989873|
273509|Enrage|TheEmpire|WWF|14310|Green|635658|Chaotican|United CroatiaUC|Wurst Alliance|16919|Green|Expired|9000000|0|0|8/29/2025 10:19:32 AM|tech deal |4989872|
469336|Robert tilton|Slacklanta|New Polar Order|10006|Blue|150348|Mr Relavator|Relanation|New Polar Order|10006|Maroon|Expired|9000000|0|0|8/29/2025 9:39:39 AM|Financial Assistance|4989864|
639416|Addisonjam|Additomia|The Dark Templar|10056|Black|84729|D.A.D.1|IGP Warriors|The Dark Templar|10056|Black|Expired|0|100|0|8/29/2025 9:35:17 AM|Financial Assistance|4989860|
2621|James|TIEIXIAIS|Non Grata|10097|Maroon|584157|Sheekyz|Kingdom Of Xe|Non Grata|10097|Maroon|Expired|9000000|0|0|8/29/2025 9:35:01 AM|Financial Assistance|4989859|
2621|James|TIEIXIAIS|Non Grata|10097|Maroon|634597|LiaColle|Prynthian|Non Grata|10097|Maroon|Expired|9000000|0|0|8/29/2025 9:34:45 AM|Financial Assistance|4989858|
163031|MasterChief777|The New Empire|Global Alliance And Treaty Organization|10003|Brown|646635|supremeruler|Astros|Post Grunge Supergroup|16367|Yellow|Expired|9000000|0|0|8/29/2025 9:31:59 AM|9/100|4989856|
163031|MasterChief777|The New Empire|Global Alliance And Treaty Organization|10003|Brown|646135|Sokar|Delmak|Global Alliance And Treaty Organization|10003|Brown|Expired|6000000|0|0|8/29/2025 9:31:35 AM|6/100|4989855|
532609|KingJohnny|Nechian Empire|Doom Squad|16454|Black|615966|tehol|Lether|Doom Squad|16454|Black|Expired|0|100|0|8/29/2025 9:11:39 AM|Financial Assistance|4989850|
636336|Stelth|White Mountain|Union Of Communist Republics|10060|Brown|643741|Danteeternity|Balan|Post Grunge Supergroup|16367|Brown|Expired|9000000|0|0|8/29/2025 9:01:42 AM|Financial Assistance|4989848|
86974|Mad Mike|Mikeville|Global Alliance And Treaty Organization|10003|Brown|405936|Griffy|Rememberence|Global Alliance And Treaty Organization|10003|Brown|Expired|9000000|0|0|8/29/2025 8:42:32 AM|more to come, Griggy|4989847|
580983|Burtonboarder230|Adult ed|New Pacific Order|10000|Red|646465|Panglima Burung|Kalimantan Baru|New Pacific Order|10000|Red|Expired|9000000|0|0|8/29/2025 8:36:59 AM|Cash for DOPE|4989843|
580983|Burtonboarder230|Adult ed|New Pacific Order|10000|Red|594363|Greatkitteh|Guahan|New Pacific Order|10000|Red|Expired|9000000|0|0|8/29/2025 8:36:51 AM|Cash for DOPE|4989841|
580983|Burtonboarder230|Adult ed|New Pacific Order|10000|Red|643162|DarkDefiance|United Defiance|New Pacific Order|10000|Red|Expired|9000000|0|0|8/29/2025 8:36:47 AM|QT Pay|4989840|
635806|MikeCat|Renastasia|New Pacific Order|10000|Red|515093|GoldenAura|Communist Crackous|New Pacific Order|10000|Red|Expired|0|100|0|8/29/2025 8:33:37 AM|QT Tech|4989837|
635806|MikeCat|Renastasia|New Pacific Order|10000|Red|167235|ORCACommander|Hiigaran Federation|New Pacific Order|10000|Red|Expired|0|100|0|8/29/2025 8:33:32 AM|QT Tech|4989836|
635806|MikeCat|Renastasia|New Pacific Order|10000|Red|17202|Cybolt|Time and Space|New Pacific Order|10000|Red|Expired|0|100|0|8/29/2025 8:33:27 AM|QT Tech|4989835|
273254|unstpblpimp|unstpblpimp|Global Alliance and Treaty Organization|10003|Brown|646249|Pretondapredator|Prestonland|Global Alliance And Treaty Organization|10003|Brown|Expired|6000000|0|0|8/29/2025 8:31:08 AM|Financial Assistance|4989834|
578954|Rydin|Vundf|Freehold of The Wolves|15157|White|134794|Tasker74|Thebigharbour|Freehold of The Wolves|15157|White|Expired|9000000|0|4000|8/29/2025 8:24:32 AM|FTW|4989832|
280326|Scytale|Tleilax|Fark|10002|Aqua|558202|Doug Henning|Magic Land|Nuclear Proliferation League|17228|Aqua|Expired|9000000|0|0|8/29/2025 8:21:01 AM|tech|4989829|
203828|Sir Humphrey|Greater Oceania|NATO|10037|Blue|369840|Astron|Svedala|NATO|10037|Blue|Expired|0|100|0|8/29/2025 8:03:11 AM|Financial Assistance|4989823|
203828|Sir Humphrey|Greater Oceania|NATO|10037|Blue|414337|Shadowfury|Illyria|Freehold of The Wolves|15157|Black|Expired|0|100|0|8/29/2025 8:02:49 AM|Financial Assistance|4989821|
203828|Sir Humphrey|Greater Oceania|NATO|10037|Blue|359275|Jesusfreak|El Dorado|Christian Coalition of Countries|10028|Maroon|Expired|0|100|0|8/29/2025 8:02:38 AM|Financial Assistance|4989820|
203828|Sir Humphrey|Greater Oceania|NATO|10037|Blue|1037|mona lisa|3 oaks|Old Guard|11296|Blue|Expired|0|100|0|8/29/2025 8:02:07 AM|Financial Assistance|4989819|
616289|Kingzing|Glister|The Legion|10020|Purple|618779|learjet|Racinante|The Legion|10020|Purple|Expired|0|100|0|8/29/2025 8:01:31 AM|Financial Assistance|4989817|
646762|Kevlar|Sasquatch|Global Alliance And Treaty Organization|10003|Brown|206001|Mallardius|Dominion of the Duck|Global Alliance And Treaty Organization|10003|Brown|Expired|0|100|0|8/29/2025 7:40:38 AM|Sweet squatch tech|4989813|
646249|Pretondapredator|Prestonland|Global Alliance And Treaty Organization|10003|Brown|529189|Combat Pope|Vaticana|Global Alliance And Treaty Organization|10003|Brown|Expired|0|100|0|8/29/2025 7:38:00 AM|Financial Assistance|4989812|
639282|Agaton Sax|Asmodean|COBRA|13717|Brown|116324|Wayne World|Wayne World|The Grand Lodge of Freemasons|10029|Orange|Expired|0|100|0|8/29/2025 7:21:37 AM|Financial Assistance|4989810|
647271|Overlord121|Velmorra|Knights Of The Round Table|10092|Green|384577|wayoik|SunOase|Knights Of The Round Table|10092|Green|Expired|0|100|0|8/29/2025 7:16:23 AM|Heres the tech|4989808|
545724|Matmal|Matmalia|Post Grunge Supergroup|16367|Brown|578787|Caspase|Amino Acids|Post Grunge Supergroup|16367|Brown|Expired|0|100|0|8/29/2025 7:05:06 AM|Financial Assistance|4989807|
416942|Chris Kaos|The Kingdom of Kaos|Global Alliance And Treaty Organization|10003|Brown|646801|Chaos Gremlin|Chaostopia|Global Alliance And Treaty Organization|10003|Brown|Expired|6000000|0|0|8/29/2025 6:59:51 AM|Financial Assistance|4989806|
646799|Salt Meat|Ghost Sea|Doom Squad|16454|Black|627592|Lord Xamaeron|Celtic Forest|DOOMBIRD DOOMCAVE|10449|Black|Expired|0|100|0|8/29/2025 6:50:35 AM|Financial Assistance|4989805|
646799|Salt Meat|Ghost Sea|Doom Squad|16454|Black|615966|tehol|Lether|Doom Squad|16454|Black|Expired|0|100|0|8/29/2025 6:48:20 AM|Tech for the tech gods|4989802|
75992|weaverc|Weaver|Global Alliance and Treaty Organization|10003|Brown|551982|Jason Cyberius|Cyberium|Global Alliance And Treaty Organization|10003|Brown|Expired|9000000|0|0|8/29/2025 6:47:46 AM|Financial Assistance|4989801|
646799|Salt Meat|Ghost Sea|Doom Squad|16454|Black|470323|plaw44|infinite desire|Doombrella|17368|Black|Expired|0|100|0|8/29/2025 6:47:28 AM|Tech made from DEAD DINOS|4989800|
646135|Sokar|Delmak|Global Alliance And Treaty Organization|10003|Brown|529189|Combat Pope|Vaticana|Global Alliance And Treaty Organization|10003|Brown|Expired|0|100|0|8/29/2025 6:35:37 AM|Financial Assistance|4989796|
433854|Auctor|Wyrdgar|Doombrella|17368|Black|202255|onelove|We Are One Love|Doombrella|17368|Black|Expired|9000000|100|0|8/29/2025 6:29:18 AM|Financial Assistance|4989795|
433854|Auctor|Wyrdgar|Doombrella|17368|Black|101493|ak47don|sicily mafia|Doombrella|17368|Black|Expired|9000000|100|0|8/29/2025 6:29:07 AM|Financial Assistance|4989794|
433854|Auctor|Wyrdgar|Doombrella|17368|Black|502087|Astryl|Ethereal|Doombrella|17368|Black|Expired|9000000|100|0|8/29/2025 6:28:54 AM|Financial Assistance|4989793|
433854|Auctor|Wyrdgar|Doombrella|17368|Black|151268|Zerileous|Monkey Time|Doombrella|17368|Black|Expired|9000000|100|0|8/29/2025 6:28:38 AM|Financial Assistance|4989792|
647063|geneclar|Kandam|Global Alliance And Treaty Organization|10003|Brown|313301|MK4Slowride|MK4Slowride|Global Alliance And Treaty Organization|10003|Brown|Expired|0|100|0|8/29/2025 6:02:41 AM|Financial Assistance|4989791|
290230|UnLimited|Aurora Borealis|Nordreich|11319|Maroon|91872|PuliSher|Kerj&#228;l&#228;|Non Grata|10097|Maroon|Expired|9000000|0|0|8/29/2025 5:41:07 AM|Financial Assistance|4989787|
314185|Rhizoctonia|Rhizoctonia|Non Grata|10097|Maroon|634903|ToasterOven|Pancake Republic|Non Grata|10097|Maroon|Expired|9000000|0|0|8/29/2025 5:37:05 AM|Financial Assistance|4989783|
645105|Trench Foast|TrenchFoastia|Christian Coalition Of Countries|10028|Maroon|311344|asapilu|Persianiran|NATO|10037|Blue|Expired|0|100|0|8/29/2025 4:53:00 AM|Vep|4989781|
395389|Temporal91|Aikion|NATO|10037|Blue|359275|Jesusfreak|El Dorado|Christian Coalition of Countries|10028|Maroon|Expired|0|100|0|8/29/2025 4:07:33 AM|Valyrian Aid |4989775|
395389|Temporal91|Aikion|NATO|10037|Blue|109489|blackpony|the Mad Ninja|Freehold of The Wolves|15157|White|Expired|0|100|0|8/29/2025 4:07:01 AM|Valyrian Aid |4989773|
395389|Temporal91|Aikion|NATO|10037|Blue|509784|Lord Emperor Clot|Clotvania|Christian Coalition Of Countries|10028|Maroon|Expired|0|100|0|8/29/2025 4:06:45 AM|Valyrian Aid |4989772|
453391|Rokula|Paraiso|New Pacific Order|10000|Red|616294|Japanese Schoolgirls|Japanese Schoolgirls|New Pacific Order|10000|Red|Expired|9000000|0|0|8/29/2025 2:57:53 AM|Bankroll|4989767|
646135|Sokar|Delmak|Global Alliance And Treaty Organization|10003|Brown|86974|Mad Mike|Mikeville|Global Alliance And Treaty Organization|10003|Brown|Expired|0|100|0|8/29/2025 2:47:42 AM|Financial Assistance|4989765|
625646|muji111|muji111|Random Insanity Alliance|10038|Maroon|437548|Dutchmaster|Feardare|Coalition of Royal Allied Powers|10051|Maroon|Expired|0|100|0|8/29/2025 2:33:21 AM|Financial Assistance|4989764|
625646|muji111|muji111|Random Insanity Alliance|10038|Maroon|237395|Spook|SPOGLO|Random Insanity Alliance|10038|Maroon|Expired|0|100|0|8/29/2025 2:33:09 AM|Financial Assistance|4989763|
620328|Albasti|Kayi Tribe|New Pacific Order|10000|Red|442731|Madd|Modra|New Pacific Order|10000|Red|Expired|0|100|0|8/29/2025 2:16:03 AM|QT Tech|4989761|
620328|Albasti|Kayi Tribe|New Pacific Order|10000|Red|234918|LordOfTheLand|APIGP|New Pacific Order|10000|Red|Expired|0|100|0|8/29/2025 2:15:42 AM|QT Tech|4989760|
620328|Albasti|Kayi Tribe|New Pacific Order|10000|Red|568748|Llednar Twem|Eurica|New Pacific Order|10000|Red|Expired|0|100|0|8/29/2025 2:15:18 AM|QT Tech|4989759|
620328|Albasti|Kayi Tribe|New Pacific Order|10000|Red|305440|Daimos|Micon|New Pacific Order|10000|Red|Expired|0|100|0|8/29/2025 2:14:57 AM|QT Tech|4989758|
620328|Albasti|Kayi Tribe|New Pacific Order|10000|Red|565552|Kayla Frost|Anselion|New Pacific Order|10000|Red|Expired|0|100|0|8/29/2025 2:14:37 AM|QT Tech|4989757|
570802|IlDuce|ItaliaSS|CLAWS|15841|Black|250431|riser|Goodwill|CLAWS|15841|Black|Expired|0|100|0|8/29/2025 2:07:16 AM|Deal|4989755|
545923|VHongo|Canadian Dominanace|Green Protection Agency|10041|Green|380432|dimaradona|Piedra Negra|Green Protection Agency|10041|Green|Expired|0|100|0|8/29/2025 1:27:24 AM|Tech Deal|4989751|
545923|VHongo|Canadian Dominanace|Green Protection Agency|10041|Green|52717|sanpedrodave|San Pedro|Green Protection Agency|10041|Green|Expired|0|100|0|8/29/2025 1:26:47 AM|Tech Deal with San Pedro!|4989749|
545923|VHongo|Canadian Dominanace|Green Protection Agency|10041|Green|141583|jerdge|Gaela|Green Protection Agency|10041|Green|Expired|0|100|0|8/29/2025 1:26:04 AM|Tech Deal|4989748|
492431|Lollerobot|Tigerblue|Knights Of The Round Table|10092|Green|635907|Yuan Tsui|Saulteran|The Prussian Empire|14204|Green|Expired|9000000|0|0|8/29/2025 1:19:23 AM|Penguin Aid|4989747|
56391|MexiMoot|Mooxico|DOOMBIRD DOOMCAVE|10449|Black|566736|amossio|amossio|Doombrella|17368|Black|Expired|9000000|0|1|8/29/2025 1:18:49 AM|Financial Assistance|4989746|
348468|Ghan Khalav|Khalavistan|Global Alliance and Treaty Organization|10003|Brown|531189|Peroman200|Petrolandija|Global Alliance And Treaty Organization|10003|Brown|Expired|9000000|0|0|8/29/2025 1:17:52 AM|Tech|4989744|
625574|torquewench|Solo Donne|Doom Squad|16454|Black|634169|Cadlore|OId Lore|CLAWS|15841|Black|Expired|0|100|0|8/29/2025 1:13:23 AM|Financial Assistance|4989741|
625574|torquewench|Solo Donne|Doom Squad|16454|Black|615966|tehol|Lether|Doom Squad|16454|Black|Expired|0|100|0|8/29/2025 1:13:01 AM|Financial Assistance|4989740|
625574|torquewench|Solo Donne|Doom Squad|16454|Black|410812|Berbers|Kingdom of AlRezana|The Wolves|16660|Black|Expired|0|100|0|8/29/2025 1:11:55 AM|Financial Assistance|4989739|
639550|Burger|Neo Assyria|Doom Squad|16454|Black|470323|plaw44|infinite desire|Doombrella|17368|Black|Expired|0|100|0|8/29/2025 1:11:48 AM|Financial Assistance|4989738|
625574|torquewench|Solo Donne|Doom Squad|16454|Black|624696|Hershicus|DoomsDayShekels|Doom Squad|16454|Black|Expired|0|100|0|8/29/2025 1:11:33 AM|Financial Assistance|4989737|
639550|Burger|Neo Assyria|Doom Squad|16454|Black|392583|Javier360|Tenochtitlan|DOOMBIRD DOOMCAVE|10449|Black|Expired|0|100|0|8/29/2025 1:11:14 AM|Financial Assistance|4989735|
639550|Burger|Neo Assyria|Doom Squad|16454|Black|627592|Lord Xamaeron|Celtic Forest|DOOMBIRD DOOMCAVE|10449|Black|Expired|0|100|0|8/29/2025 1:10:59 AM|Financial Assistance|4989734|
639550|Burger|Neo Assyria|Doom Squad|16454|Black|634169|Cadlore|OId Lore|CLAWS|15841|Black|Expired|0|100|0|8/29/2025 1:10:30 AM|Financial Assistance|4989732|
644461|Aran Belmont|Metroidvania|Veneris|17356|White|559862|majestic ruler|pedro penduko|Argent|10063|Pink|Expired|0|100|0|8/29/2025 12:46:24 AM|Financial Assistance|4989729|
634284|mikeymikes|batmanism|Doombrella|17368|Black|151268|Zerileous|Monkey Time|Doombrella|17368|Black|Expired|9000000|100|4000|8/29/2025 12:43:00 AM|aids |4989726|
634284|mikeymikes|batmanism|Doombrella|17368|Black|502087|Astryl|Ethereal|Doombrella|17368|Black|Expired|9000000|100|4000|8/29/2025 12:41:43 AM|aids |4989725|
634284|mikeymikes|batmanism|Doombrella|17368|Black|101493|ak47don|sicily mafia|Doombrella|17368|Black|Expired|9000000|100|4000|8/29/2025 12:40:57 AM|aids|4989724|
616861|TomoGozen|Shoganai|Global Alliance And Treaty Organization|10003|Brown|38760|Daedalus27|Daedalistan|Global Alliance and Treaty Organization|10003|Brown|Expired|0|100|0|8/29/2025 12:34:03 AM|Financial Assistance|4989720|
170471|Smurthwaite|Smurthwaite|Nuclear Proliferation League|17228|Aqua|646145|ScootDootson|UnitedPeoplesOfDoot|Goldenrod Accords|17406|Green|Expired|9000000|0|0|8/29/2025 12:33:58 AM|Tech Deal|4989719|
143998|planetary|planetarium|CLAWS|15841|Black|190480|Unruly|Republique de Buja|AGW Overlords|10043|Black|Expired|0|100|0|8/29/2025 12:32:45 AM|techs|4989718|
374610|Captain Crozier|Dime Store Novena|Independent Republic Of Orange Nations|10004|Orange|257166|Yggdrazil|Ginginugap|Independent Republic Of Orange Nations|10004|Orange|Expired|9000000|0|0|8/29/2025 12:31:05 AM|ITF|4989716|
86784|Kongen|Frontline|New Polar Order|10006|Blue|150348|Mr Relavator|Relanation|New Polar Order|10006|Maroon|Expired|9000000|0|0|8/29/2025 12:27:31 AM|War is looming -See Forum|4989715|
86784|Kongen|Frontline|New Polar Order|10006|Blue|638457|AlQsar|Imbratoria|New Polar Order|10006|Blue|Expired|9000000|0|0|8/29/2025 12:25:47 AM|War is loomingCheck Forum|4989713|
86784|Kongen|Frontline|New Polar Order|10006|Blue|255997|archduke jack|vittatorio|New Polar Order|10006|Blue|Expired|9000000|0|0|8/29/2025 12:23:40 AM|ICECAP Cash|4989711|
86784|Kongen|Frontline|New Polar Order|10006|Blue|591794|Raden Wijaya|Kerajaan Majapahit|New Polar Order|10006|Green|Expired|9000000|0|0|8/29/2025 12:23:01 AM|ICECAP Cash|4989709|
613743|Tacotopia|Bobs Your Uncle|CLAWS|15841|Black|485812|Amyante|Zargathia|Shangri La|13799|White|Expired|9000000|0|0|8/29/2025 12:10:13 AM|9m/100 tech deal?|4989706|
262614|aml520|Hantou|New Polar Order|10006|Blue|29139|patriot lee|fordminia|New Polar Order|10006|Blue|Expired|0|100|0|8/29/2025 12:04:20 AM|RATS Tech|4989704|
310672|King Wally|Rep of Queensland|Nuclear Proliferation League|17228|Aqua|645985|CaboMabo|CaboMabo|Nuclear Proliferation League|17228|Aqua|Expired|9000000|100|0|8/29/2025 12:03:41 AM|Wally 5/5|4989703|
310672|King Wally|Rep of Queensland|Nuclear Proliferation League|17228|Aqua|647317|JFK360noscope|the devided states|Nuclear Proliferation League|17228|Aqua|Expired|6000000|100|0|8/29/2025 12:02:42 AM|Welcome to the NPL |4989702|
140638|ForSparta|HxC Sparta|Sparta|10008|Black|647112|Asuravidarana|Mahrattadesh|Sparta|10008|Black|Expired|6000000|0|0|8/28/2025 11:22:14 PM|Financial Assistance|4989700|
106543|Captain V|Touristan|Fark|10002|Aqua|645829|blegth|irting|Nuclear Proliferation League|17228|Aqua|Expired|9000000|0|0|8/28/2025 10:07:29 PM|9/100|4989696|
8515|Turetel|Turetel|Freehold of The Wolves|15157|White|134794|Tasker74|Thebigharbour|Freehold of The Wolves|15157|White|Expired|9000000|0|0|8/28/2025 9:31:34 PM|Alliance Aid|4989694|
8515|Turetel|Turetel|Freehold of The Wolves|15157|White|624889|Dogeisagod|Dogelands|Freehold of The Wolves|15157|White|Expired|9000000|0|0|8/28/2025 9:31:07 PM|Alliance Aid|4989692|
440257|lonabis|flying dutchmen|NATO|10037|Blue|647352|Zercules|Zercs kingdom|NATO|10037|Blue|Expired|6000000|0|4000|8/28/2025 9:06:15 PM|Financial Assistance|4989689|
440257|lonabis|flying dutchmen|NATO|10037|Blue|647347|RealShrimpShady|Shrimplandia|NATO|10037|Blue|Expired|6000000|0|4000|8/28/2025 9:05:45 PM|Financial Assistance|4989688|
301601|Farrin Xies|Farrin Free States|New Pacific Order|10000|Red|603443|Crayon King|Aloyarc|New Pacific Order|10000|Red|Expired|0|100|0|8/28/2025 9:02:55 PM|Vallum Aelium|4989687|
301601|Farrin Xies|Farrin Free States|New Pacific Order|10000|Red|588946|AlphaCenturion|Sentosa Republic|New Pacific Order|10000|Red|Expired|0|100|0|8/28/2025 9:02:49 PM|QT Tech|4989686|
301601|Farrin Xies|Farrin Free States|New Pacific Order|10000|Red|565552|Kayla Frost|Anselion|New Pacific Order|10000|Red|Expired|0|100|0|8/28/2025 9:02:36 PM|QT Tech|4989683|
301601|Farrin Xies|Farrin Free States|New Pacific Order|10000|Red|515093|GoldenAura|Communist Crackous|New Pacific Order|10000|Red|Expired|0|100|0|8/28/2025 9:02:26 PM|QT Tech|4989682|
484823|Cortath|Cortath|New Pacific Order|10000|Red|603443|Crayon King|Aloyarc|New Pacific Order|10000|Red|Expired|0|100|0|8/28/2025 8:29:18 PM|Vallum Aelium|4989681|
484823|Cortath|Cortath|New Pacific Order|10000|Red|366247|Polgas|Novasea|New Pacific Order|10000|Red|Expired|0|100|0|8/28/2025 8:29:13 PM|QT Tech|4989680|
484823|Cortath|Cortath|New Pacific Order|10000|Red|305440|Daimos|Micon|New Pacific Order|10000|Red|Expired|0|100|0|8/28/2025 8:29:09 PM|QT Tech|4989679|
484823|Cortath|Cortath|New Pacific Order|10000|Red|522260|kalev60|Hiiumaa|New Pacific Order|10000|Red|Expired|0|100|0|8/28/2025 8:29:03 PM|QT Tech|4989678|
484823|Cortath|Cortath|New Pacific Order|10000|Red|511698|hailkirk10|Kirklan|New Pacific Order|10000|Red|Expired|0|100|0|8/28/2025 8:28:59 PM|QT Tech|4989677|
484823|Cortath|Cortath|New Pacific Order|10000|Red|75117|rnegafan|Rnegfania|New Pacific Order|10000|Red|Expired|0|100|0|8/28/2025 8:28:55 PM|QT Tech|4989676|
117823|LittleVlad|Morte|Global Alliance and Treaty Organization|10003|Brown|647027|HorseElectrolytes|Greater Mustangistan|Global Alliance And Treaty Organization|10003|Brown|Expired|9000000|0|0|8/28/2025 8:24:28 PM|Financial Assistance|4989674|
616861|TomoGozen|Shoganai|Global Alliance And Treaty Organization|10003|Brown|79371|xkirra|Mordlandia|Global Alliance And Treaty Organization|10003|Brown|Expired|0|100|0|8/28/2025 7:50:14 PM|Financial Assistance|4989671|
616861|TomoGozen|Shoganai|Global Alliance And Treaty Organization|10003|Brown|14658|Manis B|Caesura|Global Alliance and Treaty Organization|10003|Brown|Expired|0|100|0|8/28/2025 7:49:56 PM|Financial Assistance|4989670|
616861|TomoGozen|Shoganai|Global Alliance And Treaty Organization|10003|Brown|152876|Hankidan|Parkview 12|Global Alliance And Treaty Organization|10003|Brown|Expired|0|100|0|8/28/2025 7:49:47 PM|Financial Assistance|4989669|
103152|Emperor Ice|Empire of Ice|New Pacific Order|10000|Red|643658|jazzjambos|Fruiland|New Pacific Order|10000|Red|Expired|9000000|0|0|8/28/2025 7:39:15 PM|QT Pay|4989667|
103152|Emperor Ice|Empire of Ice|New Pacific Order|10000|Red|251551|TSLOLWedgeAntill|TSL KINGDOM|New Pacific Order|10000|Red|Expired|9000000|0|0|8/28/2025 7:38:39 PM|Bankroll|4989664|
103152|Emperor Ice|Empire of Ice|New Pacific Order|10000|Red|605|Dilber|Dilber|New Pacific Order|10000|Red|Expired|9000000|0|0|8/28/2025 7:38:34 PM|Bankroll|4989663|
481947|Morgaine|Cruithne|New Polar Order|10006|Blue|433547|WhitEarendur|Tol Eressea|New Polar Order|10006|Blue|Expired|0|100|0|8/28/2025 6:09:11 PM|RATS Tech|4989659|
481947|Morgaine|Cruithne|New Polar Order|10006|Blue|564085|moonshiner|whiskey island|New Polar Order|10006|Blue|Expired|0|100|0|8/28/2025 6:08:40 PM|RATS Tech|4989658|
3059|Comrade Gabriel|Bakunin's Dream|New Pacific Order|10000|Red|551335|Hakora Kiyanto|Makayan|New Pacific Order|10000|Red|Expired|9000000|0|0|8/28/2025 6:02:24 PM|Bankroll|4989654|
3059|Comrade Gabriel|Bakunin's Dream|New Pacific Order|10000|Red|646321|equusSuprm|equusSuprm|New Pacific Order|10000|Red|Expired|9000000|0|0|8/28/2025 6:02:17 PM|Cash for DOPE|4989653|
580046|Body Jryant|Conservative South|Christian Coalition Of Countries|10028|Maroon|509784|Lord Emperor Clot|Clotvania|Christian Coalition Of Countries|10028|Maroon|Expired|0|100|0|8/28/2025 5:48:01 PM|VEP|4989652|
645467|LiefzDel|Greater Czechia|Post Grunge Supergroup|16367|Brown|636754|MAYBACH EMPIRE|MAYBACH 3MPIRE|Independent Republic Of Orange Nations|10004|Orange|Expired|0|100|0|8/28/2025 3:50:38 PM|9/100 Payback|4989639|
483058|Dubh Caireallain|Roisin Dubh|New Polar Order|10006|Blue|553210|tenbob|Mayoabu|New Polar Order|10006|Blue|Expired|0|100|0|8/28/2025 2:37:58 PM|RATS Tech|4989634|
483058|Dubh Caireallain|Roisin Dubh|New Polar Order|10006|Blue|234369|EaTeMuP|EatemVille|New Polar Order|10006|Blue|Expired|0|100|0|8/28/2025 2:36:18 PM|Financial Assistance|4989633|
407948|avatar3619|Shendu|New Pacific Order|10000|Red|616294|Japanese Schoolgirls|Japanese Schoolgirls|New Pacific Order|10000|Red|Expired|9000000|0|0|8/28/2025 2:10:43 PM|Bankroll|4989631|
407948|avatar3619|Shendu|New Pacific Order|10000|Red|551335|Hakora Kiyanto|Makayan|New Pacific Order|10000|Red|Expired|9000000|0|0|8/28/2025 2:10:39 PM|Bankroll|4989630|
627972|GearHead|Rosche|NATO|10037|Blue|647352|Zercules|Zercs kingdom|NATO|10037|Blue|Expired|6000000|0|0|8/28/2025 1:53:47 PM|VEP|4989628|
80845|Aracto Totar|Taprobane|Viridian Entente|10010|Green|555346|TacticalAldiko|TacticalAldiko|Viridian Entente|10010|Green|Expired|0|100|0|8/28/2025 1:23:22 PM|Financial Assistance|4989627|
12258|Commissar Sendoa|Cataduanes|Non Grata|10097|Maroon|2621|James|TIEIXIAIS|Non Grata|10097|Maroon|Expired|0|100|0|8/28/2025 1:08:37 PM|Take the filthy tech x|4989626|
12258|Commissar Sendoa|Cataduanes|Non Grata|10097|Maroon|469301|Lars Jorgens|Whale of a Time|Non Grata|10097|Maroon|Expired|0|100|0|8/28/2025 1:08:02 PM|Take the filthy tech x|4989625|
359275|Jesusfreak|El Dorado|Christian Coalition of Countries|10028|Maroon|647165|Caucasus212|Caucasus2|Christian Coalition Of Countries|10028|Maroon|Expired|6000000|0|4000|8/28/2025 12:39:04 PM|Financial Assistance|4989622|
325990|Bleak Outlook|New Dun Likus|Fark|10002|Aqua|194161|MrCynical|Brewistan|Fark|10002|Aqua|Expired|0|100|0|8/28/2025 12:15:00 PM|Farkin Free Tech!|4989621|
325990|Bleak Outlook|New Dun Likus|Fark|10002|Aqua|134744|bou77|Whitefall|Fark|10002|Aqua|Expired|0|100|0|8/28/2025 12:13:25 PM|Free Farkin Tech!|4989620|
573749|necAnt|Lucky Ants|The Gramlins|17440|Green|141164|LiquidMercury|FallenSeraphim|The Gramlins|17440|Green|Expired|0|100|0|8/28/2025 12:00:39 PM|TD 2/2|4989619|
573749|necAnt|Lucky Ants|The Gramlins|17440|Green|137097|htmlmaster|Technopolis|Argent|10063|Pink|Expired|0|100|0|8/28/2025 12:00:25 PM|TD 2/2|4989618|
229836|apemax|smugglers and mercs|The Imperial Order|10082|Blue|132715|DFA MrFox|DFA MrFox|Freehold of The Wolves|15157|White|Expired|9000000|0|0|8/28/2025 11:43:35 AM|VEP Tech Deal|4989615|
159130|Decide R Inchief|decided4us|Fark|10002|Aqua|567239|GrumpyOldFool|Sugarstan|Fark|10002|Aqua|Expired|9000000|0|0|8/28/2025 11:39:00 AM|Fark tech deal 9/200|4989612|
646800|Brotherlouie27|Louimerica II|Global Alliance And Treaty Organization|10003|Brown|152876|Hankidan|Parkview 12|Global Alliance And Treaty Organization|10003|Brown|Expired|0|100|0|8/28/2025 11:30:45 AM|Financial Assistance|4989611|
578787|Caspase|Amino Acids|Post Grunge Supergroup|16367|Brown|647188|Ra Zeus|NewEygptianEmpire|Nuclear Proliferation League|17228|White|Expired|6000000|0|0|8/28/2025 11:24:46 AM|Tech Deal start|4989610|
250431|riser|Goodwill|CLAWS|15841|Black|143998|planetary|planetarium|CLAWS|15841|Black|Expired|9000000|0|0|8/28/2025 11:15:09 AM|9m/100 tech deal|4989608|
646297|Snorkel|Rockies Folk State|Nuclear Proliferation League|17228|Aqua|129864|Mike the Greatest|Palookastan|Nuclear Proliferation League|17228|Maroon|Expired|0|100|0|8/28/2025 11:13:31 AM|Tech Delivery|4989607|
525885|Zieg Know|Caldari State|CLAWS|15841|Black|250431|riser|Goodwill|CLAWS|15841|Black|Expired|0|100|0|8/28/2025 11:07:14 AM|Financial Assistance|4989599|
159192|Matt Bowen|Bowenland|Knights Of The Round Table|10092|Green|645274|GRATHGFRT|zUTIA|Knights Of The Round Table|10092|Green|Expired|9000000|0|1|8/28/2025 10:52:45 AM|Tech Deal $9M/100 Tech|4989598|
618150|Lyanna Mormont|Bear Island 4 Lyfe|Non Grata|10097|Maroon|582941|Cydonian Knight|Strodemia|Non Grata|10097|Maroon|Expired|0|100|0|8/28/2025 10:38:25 AM|Financial Assistance|4989589|
618150|Lyanna Mormont|Bear Island 4 Lyfe|Non Grata|10097|Maroon|314185|Rhizoctonia|Rhizoctonia|Non Grata|10097|Maroon|Expired|0|100|0|8/28/2025 10:38:21 AM|Financial Assistance|4989588|
643162|DarkDefiance|United Defiance|New Pacific Order|10000|Red|603443|Crayon King|Aloyarc|New Pacific Order|10000|Red|Expired|0|100|0|8/28/2025 10:19:44 AM|Vallum Aelium|4989586|
88398|thepunk|thepunk|Federation Of Armed Nations|10021|Yellow|132715|DFA MrFox|DFA MrFox|Freehold of The Wolves|15157|White|Expired|9000000|0|0|8/28/2025 9:53:18 AM|Financial Assistance|4989580|
621283|SukinGame|FreeRedthai|Interkosmos|16298|Red|553512|Marcin|Karpowicze|Knights Of The Round Table|10092|Green|Expired|0|100|0|8/28/2025 9:45:14 AM|Financial Assistance|4989575|
646890|HarryJ|Wambulance|Post Grunge Supergroup|16367|Brown|443221|Mistral|Nicholas|Post Grunge Supergroup|16367|Brown|Expired|0|100|0|8/28/2025 9:38:00 AM|100/100 tech|4989569|
644638|AbundantAura420|You Have No Aura|Catholic Reich|17311|Black|69978|Garbunkel|Gravillia|CLAWS|15841|Black|Expired|0|100|0|8/28/2025 9:32:04 AM|Good Will|4989566|
406305|Ciroton|Sarin|New Polar Order|10006|Blue|483058|Dubh Caireallain|Roisin Dubh|New Polar Order|10006|Blue|Expired|9000000|0|0|8/28/2025 9:05:10 AM|ICECAP Cash|4989560|
618698|Arminius Cheruski|Germania Magna|The Prussian Empire|14204|Green|631409|German Made|German Engineering|The Prussian Empire|14204|Green|Expired|9000000|0|0|8/28/2025 8:05:18 AM|9M/100|4989553|
329142|Donada|Hobis|Argent|10063|Pink|573749|necAnt|Lucky Ants|The Gramlins|17440|Green|Expired|9000000|0|0|8/28/2025 7:46:52 AM|Financial Assistance|4989550|
309853|Tasuki|Oniwabanshu|New Pacific Order|10000|Red|442731|Madd|Modra|New Pacific Order|10000|Red|Expired|0|100|0|8/28/2025 7:40:46 AM|QT Tech|4989548|
309853|Tasuki|Oniwabanshu|New Pacific Order|10000|Red|273843|Northern Empire|Northern Empire|Independent Republic Of Orange Nations|10004|Orange|Expired|0|100|0|8/28/2025 7:40:44 AM|QT Tech|4989547|
309853|Tasuki|Oniwabanshu|New Pacific Order|10000|Red|366247|Polgas|Novasea|New Pacific Order|10000|Red|Expired|0|100|0|8/28/2025 7:40:40 AM|QT Tech|4989546|
309853|Tasuki|Oniwabanshu|New Pacific Order|10000|Red|603443|Crayon King|Aloyarc|New Pacific Order|10000|Red|Expired|0|100|0|8/28/2025 7:40:36 AM|Vallum Aelium|4989545|
531590|Ledon|Ledonia|Knights of the Round Table|10092|Green|646212|Immai|Steampower|Knights Of The Round Table|10092|Green|Expired|6000000|0|0|8/28/2025 7:12:56 AM|Tech Deal|4989543|
579519|EatDirtFartDust|Testiclania|Doom Squad|16454|Black|606462|Iamjust0ne|Senstown|Doom Squad|16454|Black|Expired|0|100|0|8/28/2025 7:10:07 AM|Financial Assistance|4989542|
579519|EatDirtFartDust|Testiclania|Doom Squad|16454|Black|634169|Cadlore|OId Lore|CLAWS|15841|Black|Expired|0|100|0|8/28/2025 7:10:00 AM|Financial Assistance|4989541|
579519|EatDirtFartDust|Testiclania|Doom Squad|16454|Black|567720|Cosmic Chocolate|Soaring Eagle|DOOMBIRD DOOMCAVE|10449|Black|Expired|0|100|0|8/28/2025 7:09:53 AM|Financial Assistance|4989540|
579519|EatDirtFartDust|Testiclania|Doom Squad|16454|Black|410812|Berbers|Kingdom of AlRezana|The Wolves|16660|Black|Expired|0|100|0|8/28/2025 7:09:37 AM|Financial Assistance|4989538|
579519|EatDirtFartDust|Testiclania|Doom Squad|16454|Black|624696|Hershicus|DoomsDayShekels|Doom Squad|16454|Black|Expired|0|100|0|8/28/2025 7:09:30 AM|Financial Assistance|4989537|
452727|Avakael|Klaus Devestatorie|Nuclear Proliferation League|17228|Brown|646297|Snorkel|Rockies Folk State|Nuclear Proliferation League|17228|Aqua|Expired|9000000|0|0|8/28/2025 7:08:35 AM|Tech deal 9m/100|4989536|
452727|Avakael|Klaus Devestatorie|Nuclear Proliferation League|17228|Brown|646839|rickm27|Balmoria|Nuclear Proliferation League|17228|Aqua|Expired|9000000|0|0|8/28/2025 7:08:25 AM|Tech deal 9m/100|4989535|
234918|LordOfTheLand|APIGP|New Pacific Order|10000|Red|647186|Paxywoo|Paxyland|New Pacific Order|10000|Red|Expired|6000000|0|0|8/28/2025 7:05:10 AM|Rising Stars|4989533|
234918|LordOfTheLand|APIGP|New Pacific Order|10000|Red|616294|Japanese Schoolgirls|Japanese Schoolgirls|New Pacific Order|10000|Red|Expired|9000000|0|0|8/28/2025 7:05:02 AM|Bankroll|4989532|
234918|LordOfTheLand|APIGP|New Pacific Order|10000|Red|554906|Terekhov|Revenge of Gravity|New Pacific Order|10000|Red|Expired|9000000|0|0|8/28/2025 7:04:56 AM|Bankroll|4989531|
234918|LordOfTheLand|APIGP|New Pacific Order|10000|Red|551335|Hakora Kiyanto|Makayan|New Pacific Order|10000|Red|Expired|9000000|0|0|8/28/2025 7:04:46 AM|Bankroll|4989530|
416695|pmacdaddy|Sanctuary|DOOMBIRD DOOMCAVE|10449|Black|646836|Keyzlt5|Chi Seeds|Doom Squad|16454|Black|Expired|9000000|0|0|8/28/2025 6:23:24 AM|Doomerce|4989528|
579231|Greg23|Chronictopia|Global Alliance And Treaty Organization|10003|Brown|79371|xkirra|Mordlandia|Global Alliance And Treaty Organization|10003|Brown|Expired|0|100|0|8/28/2025 6:07:04 AM|Financial Assistance|4989527|
579231|Greg23|Chronictopia|Global Alliance And Treaty Organization|10003|Brown|152876|Hankidan|Parkview 12|Global Alliance And Treaty Organization|10003|Brown|Expired|0|100|0|8/28/2025 6:06:05 AM|Financial Assistance|4989526|
579231|Greg23|Chronictopia|Global Alliance And Treaty Organization|10003|Brown|14658|Manis B|Caesura|Global Alliance and Treaty Organization|10003|Brown|Expired|0|100|0|8/28/2025 6:05:33 AM|Financial Assistance|4989525|
579231|Greg23|Chronictopia|Global Alliance And Treaty Organization|10003|Brown|147284|Magicninja|Grundy|Global Alliance And Treaty Organization|10003|Brown|Expired|0|100|0|8/28/2025 6:05:16 AM|Financial Assistance|4989524|
621029|Le Trout|Lambo Lambo Lambo|Post Grunge Supergroup|16367|Brown|646635|supremeruler|Astros|Post Grunge Supergroup|16367|Yellow|Expired|9000000|0|0|8/28/2025 5:26:10 AM|YEET (9m/100t)|4989518|
168105|Bobogoobo|Bobogoobo|New Pacific Order|10000|Red|647186|Paxywoo|Paxyland|New Pacific Order|10000|Red|Expired|6000000|0|0|8/28/2025 5:21:58 AM|Rising Stars|4989516|
643876|LordInfamous|Swindlerstan|Independent Republic Of Orange Nations|10004|Orange|636601|Wolfbite|Caffinated Wolves|Independent Republic Of Orange Nations|10004|Orange|Expired|0|100|0|8/28/2025 5:13:21 AM|ITF|4989513|
645105|Trench Foast|TrenchFoastia|Christian Coalition Of Countries|10028|Maroon|39465|King Tom|king Tom|NATO|10037|Blue|Expired|0|100|0|8/28/2025 5:05:55 AM|Vep|4989512|
645105|Trench Foast|TrenchFoastia|Christian Coalition Of Countries|10028|Maroon|412136|King James II|Michigan II|NATO|10037|Blue|Expired|0|100|0|8/28/2025 5:04:58 AM|Vep|4989511|
602563|AntiChoice|SuperNaturale|Sparta|10008|Black|143364|Inkblot|Poverty|Sparta|10008|Black|Expired|6000000|0|0|8/28/2025 5:03:16 AM|Tech Deal|4989510|
132715|DFA MrFox|DFA MrFox|Freehold of The Wolves|15157|White|527097|Galerion|blighty|Freehold of The Wolves|15157|White|Expired|0|100|0|8/28/2025 2:09:16 AM|Valyrian Aid|4989491|
132715|DFA MrFox|DFA MrFox|Freehold of The Wolves|15157|White|109489|blackpony|the Mad Ninja|Freehold of The Wolves|15157|White|Expired|0|100|0|8/28/2025 2:08:28 AM|Valyrian Aid|4989490|
414519|markpalm1|vacous|Freehold of The Wolves|15157|White|202168|Dr Doctor|NATO Armed Forces|NATO|10037|Blue|Expired|9000000|0|0|8/28/2025 2:05:03 AM|Valyrian Cash|4989488|
550914|reilstrap|reilstrap|Independent Republic Of Orange Nations|10004|Orange|605023|JuggernautMD|Framework|Independent Republic Of Orange Nations|10004|Orange|Expired|0|100|0|8/28/2025 2:03:37 AM|ITF|4989487|
550914|reilstrap|reilstrap|Independent Republic Of Orange Nations|10004|Orange|87890|Formanj|Norvegs Trøndelag|Independent Republic of Orange Nations|10004|Orange|Expired|0|100|0|8/28/2025 2:03:16 AM|ITF|4989486|
190480|Unruly|Republique de Buja|AGW Overlords|10043|Black|631191|Magnus IV|Kingdom of Ars Magna|CLAWS|15841|Black|Expired|9000000|0|0|8/28/2025 1:59:35 AM|Financial Assistance|4989483|
363340|Lord of Coke and Hot Dogs|TOOTLOCAHD|The Legion|10020|Purple|643549|KingDutchison|KingDutchison|The Legion|10020|Purple|Expired|9000000|0|0|8/28/2025 1:34:09 AM|Financial Assistance|4989482|
639335|Swamplandia|Horna|NATO|10037|Blue|440257|lonabis|flying dutchmen|NATO|10037|Blue|Expired|0|100|0|8/28/2025 1:29:24 AM|Financial Assistance|4989480|
583468|Qldvespanut|Mr Ben|Mostly Harmless Alliance|14879|Aqua|558202|Doug Henning|Magic Land|Nuclear Proliferation League|17228|Aqua|Expired|9000000|0|0|8/28/2025 1:25:15 AM|9/100|4989477|
155826|weebl2000|Azeer|Non Grata|10097|Maroon|638567|Cobert|Brightwood|Non Grata|10097|Maroon|Expired|9000000|0|0|8/28/2025 12:51:42 AM|Financial Assistance|4989474|
559191|Darksight1|ChineseEmpire|New Pacific Order|10000|Red|627542|ifesbob|ifesville|New Pacific Order|10000|Red|Expired|0|100|0|8/28/2025 12:47:04 AM|QT Tech|4989473|
559191|Darksight1|ChineseEmpire|New Pacific Order|10000|Red|603443|Crayon King|Aloyarc|New Pacific Order|10000|Red|Expired|0|100|0|8/28/2025 12:46:59 AM|Vallum Aelium|4989472|
559191|Darksight1|ChineseEmpire|New Pacific Order|10000|Red|366247|Polgas|Novasea|New Pacific Order|10000|Red|Expired|0|100|0|8/28/2025 12:46:53 AM|QT Tech|4989471|
644718|tikem7|Tikopia|COBRA|13717|Brown|407657|Shtanto|Shtanto|Non Grata|10097|Maroon|Expired|0|100|0|8/28/2025 12:13:55 AM|Financial Assistance|4989462|
569906|Tradewind|Republic of Bort|Viridian Entente|10010|Green|71592|upchuck|warmarding|Viridian Entente|10010|Green|Expired|0|100|0|8/28/2025 12:12:22 AM|Tech 2 of 2|4989460|
380007|Supreme Emperor Daeg|Metal|Doom Squad|16454|Black|506358|lightningjim|Fulmen Ingenium|Doom Squad|16454|Black|Expired|9000000|0|0|8/28/2025 12:11:03 AM|Financial Assistance|4989458|
228721|Hob Dobson|Uustonia|Viridian Entente|10010|Green|604287|Hazib|Kingdom of Lemuria|CLAWS|15841|Black|Expired|0|100|0|8/28/2025 12:10:53 AM|Tech (2 of 3)|4989457|
380007|Supreme Emperor Daeg|Metal|Doom Squad|16454|Black|566736|amossio|amossio|Doombrella|17368|Black|Expired|9000000|0|0|8/28/2025 12:10:47 AM|Financial Assistance|4989456|
380007|Supreme Emperor Daeg|Metal|Doom Squad|16454|Black|646975|Thomassh|HighGateHaven|Doombrella|17368|Black|Expired|9000000|0|0|8/28/2025 12:10:16 AM|Financial Assistance|4989455|
646635|supremeruler|Astros|Post Grunge Supergroup|16367|Yellow|86974|Mad Mike|Mikeville|Global Alliance And Treaty Organization|10003|Brown|Expired|0|100|0|8/28/2025 12:05:31 AM|tech express|4989454|
643887|SilenttShadow27|Temnota|NATO|10037|Blue|647347|RealShrimpShady|Shrimplandia|NATO|10037|Blue|Expired|6000000|100|4000|8/28/2025 12:01:26 AM|Welcome to NATO shrimpy&lt;3|4989453|
645946|LiFeng|Qwertyiop|Non Grata|10097|Maroon|273692|Pope Bubba XIII|Rebel Virginia|Non Grata|10097|Maroon|Expired|0|100|0|8/28/2025 12:00:46 AM|Financial Assistance|4989452|
514274|stonybeast|Los Reyes|Nordreich|11319|Maroon|638457|AlQsar|Imbratoria|New Polar Order|10006|Blue|Expired|9000000|0|0|8/27/2025 11:13:06 PM|Financial Assistance|4989446|
3059|Comrade Gabriel|Bakunin's Dream|New Pacific Order|10000|Red|647186|Paxywoo|Paxyland|New Pacific Order|10000|Red|Expired|6000000|0|0|8/27/2025 10:31:19 PM|Rising Stars|4989443|
3059|Comrade Gabriel|Bakunin's Dream|New Pacific Order|10000|Red|609716|xander99|Melton|New Pacific Order|10000|Red|Expired|9000000|0|0|8/27/2025 10:31:12 PM|Bankroll|4989442|
3059|Comrade Gabriel|Bakunin's Dream|New Pacific Order|10000|Red|555876|Khandov|Polonia Overlordship|New Pacific Order|10000|Red|Expired|9000000|0|0|8/27/2025 10:31:06 PM|Bankroll|4989441|
99297|MudBug|Swamplandia|New Pacific Order|10000|Red|647186|Paxywoo|Paxyland|New Pacific Order|10000|Red|Expired|6000000|0|0|8/27/2025 10:12:08 PM|Rising Stars|4989439|
99297|MudBug|Swamplandia|New Pacific Order|10000|Red|609716|xander99|Melton|New Pacific Order|10000|Red|Expired|9000000|0|0|8/27/2025 10:11:56 PM|Bankroll|4989437|
99297|MudBug|Swamplandia|New Pacific Order|10000|Red|555876|Khandov|Polonia Overlordship|New Pacific Order|10000|Red|Expired|9000000|0|0|8/27/2025 10:11:51 PM|Bankroll|4989436|
49861|rabonnobar|Calabria|Non Grata|10097|Maroon|529964|Pelzig|Salusa Secundus|Non Grata|10097|Maroon|Expired|9000000|0|0|8/27/2025 9:50:28 PM|Financial Assistance|4989433|
49861|rabonnobar|Calabria|Non Grata|10097|Maroon|612276|Ascended Dio|The Nootropics|Non Grata|10097|Maroon|Expired|9000000|0|0|8/27/2025 9:50:20 PM|Financial Assistance|4989432|
49861|rabonnobar|Calabria|Non Grata|10097|Maroon|260817|MamazlilMistake|Happy Hunting Ground|Non Grata|10097|Maroon|Expired|9000000|0|0|8/27/2025 9:50:06 PM|Financial Assistance|4989431|
49861|rabonnobar|Calabria|Non Grata|10097|Maroon|647200|InsiderThreat|The Silent Proxy|Non Grata|10097|Maroon|Expired|6000000|0|0|8/27/2025 9:49:54 PM|Financial Assistance|4989430|
49861|rabonnobar|Calabria|Non Grata|10097|Maroon|638747|Medic IV|Deutschland II|Non Grata|10097|Maroon|Expired|9000000|0|0|8/27/2025 9:49:42 PM|Financial Assistance|4989429|
307792|Jordan Lindeman|Arkalay|Global Alliance And Treaty Organization|10003|Brown|647334|Healthy|Perfectly Healthy|Global Alliance And Treaty Organization|10003|Brown|Expired|6000000|0|0|8/27/2025 8:46:16 PM|Financial Assistance|4989426|
646801|Chaos Gremlin|Chaostopia|Global Alliance And Treaty Organization|10003|Brown|14658|Manis B|Caesura|Global Alliance and Treaty Organization|10003|Brown|Expired|0|100|0|8/27/2025 8:35:34 PM|Financial Assistance|4989425|
405936|Griffy|Rememberence|Global Alliance And Treaty Organization|10003|Brown|429171|Inquisitor Gaunt|Cult Imperialis|Global Alliance And Treaty Organization|10003|Brown|Expired|0|100|0|8/27/2025 8:32:39 PM|Financial Assistance|4989424|
488372|Heinrich I|Das Ostfrankenreich|The Prussian Empire|14204|Green|631432|Elector King|Bohemia Moravia|The Prussian Empire|14204|Green|Expired|9000000|0|0|8/27/2025 8:25:16 PM|$9M/100 Tech Deal|4989423|
488372|Heinrich I|Das Ostfrankenreich|The Prussian Empire|14204|Green|631409|German Made|German Engineering|The Prussian Empire|14204|Green|Expired|9000000|0|0|8/27/2025 8:24:35 PM|$9M/100 Tech Deal|4989422|
357423|claude|Doom House|Doom Squad|16454|Black|624696|Hershicus|DoomsDayShekels|Doom Squad|16454|Black|Expired|0|100|0|8/27/2025 8:23:48 PM|Financial Assistance|4989420|
488372|Heinrich I|Das Ostfrankenreich|The Prussian Empire|14204|Green|646118|King Lavey|Republic of Hamster|The Prussian Empire|14204|Green|Expired|9000000|0|0|8/27/2025 8:23:13 PM|$9M/100 Tech Deal|4989419|
532609|KingJohnny|Nechian Empire|Doom Squad|16454|Black|380007|Supreme Emperor Daeg|Metal|Doom Squad|16454|Black|Expired|0|100|0|8/27/2025 8:18:10 PM|Financial Assistance|4989418|
532609|KingJohnny|Nechian Empire|Doom Squad|16454|Black|392583|Javier360|Tenochtitlan|DOOMBIRD DOOMCAVE|10449|Black|Expired|0|100|0|8/27/2025 8:17:39 PM|Financial Assistance|4989417|
488372|Heinrich I|Das Ostfrankenreich|The Prussian Empire|14204|Green|631838|Gerard Bonaye|Nouvelle Burgundy|The Prussian Empire|14204|Green|Expired|9000000|0|0|8/27/2025 8:16:24 PM|Finance Assistance 10/11|4989416|
488372|Heinrich I|Das Ostfrankenreich|The Prussian Empire|14204|Green|640291|Sith Emperor|HothEmpire|The Prussian Empire|14204|Green|Expired|6000000|0|0|8/27/2025 8:14:47 PM|Nation Development|4989415|
646804|dragonshardz|Cruinneachadh|Doom Squad|16454|Black|506358|lightningjim|Fulmen Ingenium|Doom Squad|16454|Black|Expired|9000000|0|0|8/27/2025 8:09:01 PM|Financial Assistance|4989414|
646804|dragonshardz|Cruinneachadh|Doom Squad|16454|Black|566736|amossio|amossio|Doombrella|17368|Black|Expired|9000000|0|0|8/27/2025 8:07:27 PM|Financial Assistance|4989412|
646804|dragonshardz|Cruinneachadh|Doom Squad|16454|Black|624696|Hershicus|DoomsDayShekels|Doom Squad|16454|Black|Expired|0|100|0|8/27/2025 8:06:38 PM|Financial Assistance|4989411|
535865|Donbo McSlay|Donbo Land|Federation Of Armed Nations|10021|Yellow|63284|Kills with Fire|New Highlands|Federation of Armed Nations|10021|Yellow|Expired|0|100|0|8/27/2025 7:47:19 PM|Financial Assistance|4989410|
327088|spearo|Deep Blue|Non Grata|10097|Maroon|627572|Latexi|Why would I do this|Non Grata|10097|Maroon|Expired|9000000|0|0|8/27/2025 7:23:29 PM|Financial Assistance|4989408|
647026|Garcannon|Tarmintar|Goldenrod Accords|17406|Green|412136|King James II|Michigan II|NATO|10037|Blue|Expired|0|100|0|8/27/2025 6:55:41 PM|Financial Assistance|4989405|
580021|General Kanabis|Imperio Mexica|COBRA|13717|Brown|634448|Stewie|Stewieland III|Non Grata|10097|Maroon|Expired|0|100|0|8/27/2025 6:49:22 PM|Financial Assistance|4989402|
407151|Dre4mwe4ver|Fidensgen|Global Alliance And Treaty Organization|10003|Brown|646327|KittenGosCrazy|Aura Kingdom|Global Alliance And Treaty Organization|10003|Brown|Expired|0|100|0|8/27/2025 6:47:14 PM|TechGosCrazy|4989401|
168237|Ducky is King|Duckys Kingdom|Sparta|10008|Black|143364|Inkblot|Poverty|Sparta|10008|Black|Expired|6000000|0|0|8/27/2025 6:42:42 PM|Tech Deal|4989400|
168237|Ducky is King|Duckys Kingdom|Sparta|10008|Black|644316|Sam Sparks|Mendota|Sparta|10008|Black|Expired|6000000|0|0|8/27/2025 6:41:57 PM|Tech Deal|4989398|
645829|blegth|irting|Nuclear Proliferation League|17228|Aqua|430606|KemMo|Maurinaria|Nuclear Proliferation League|17228|Aqua|Expired|0|100|0|8/27/2025 6:03:15 PM|Financial Assistance|4989397|
536551|Hammta|ILLINI|Swash Plates And Tail Rotors|10126|Pink|260817|MamazlilMistake|Happy Hunting Ground|Non Grata|10097|Maroon|Expired|9000000|0|0|8/27/2025 5:46:35 PM|Financial Assistance|4989396|
536551|Hammta|ILLINI|Swash Plates And Tail Rotors|10126|Pink|265697|Laskar Pelangi|Rainbow Soldier|Kaskus|10104|Brown|Expired|9000000|0|0|8/27/2025 5:46:20 PM|Financial Assistance|4989395|
536551|Hammta|ILLINI|Swash Plates And Tail Rotors|10126|Pink|22121|spartan 84|UNSC Reach|Non Grata|10097|Maroon|Expired|9000000|100|0|8/27/2025 5:46:09 PM|Financial Assistance|4989394|
536551|Hammta|ILLINI|Swash Plates And Tail Rotors|10126|Pink|325202|murtibing|Fluens|Axiom of Regularity|17122|White|Expired|9000000|0|0|8/27/2025 5:45:45 PM|Financial Assistance|4989393|
176740|Apolloyon|Logres|Post Grunge Supergroup|16367|None|326273|Red Rebel|Pi Lambda Phi|Madlads Union|17130|Brown|Expired|0|100|0|8/27/2025 5:44:25 PM|Financial Assistance|4989392|
592036|LordSanix|Citroto|Freehold of The Wolves|15157|White|65430|Lord Bane|Damasca|Freehold of The Wolves|15157|White|Expired|9000000|0|0|8/27/2025 5:01:57 PM|Financial Assistance|4989390|
592036|LordSanix|Citroto|Freehold of The Wolves|15157|White|134794|Tasker74|Thebigharbour|Freehold of The Wolves|15157|White|Expired|9000000|0|0|8/27/2025 4:59:28 PM|Financial Assistance|4989388|
592036|LordSanix|Citroto|Freehold of The Wolves|15157|White|624889|Dogeisagod|Dogelands|Freehold of The Wolves|15157|White|Expired|9000000|0|0|8/27/2025 4:57:39 PM|VEP|4989386|
490921|Roo Blu II|Blue Roo|Non Grata|10097|Maroon|547395|KameraadLenin|Newfoundland SSR|Non Grata|10097|Maroon|Expired|9000000|0|0|8/27/2025 4:27:50 PM|NG Tech deal|4989385|
39705|Bmk812|Eisenherz|Global Alliance And Treaty Organization|10003|Brown|603950|Michael Locke|Baltorussia|Global Alliance And Treaty Organization|10003|Brown|Expired|6000000|0|0|8/27/2025 3:29:50 PM|tech aid|4989381|
522964|Nuclear tech 2|Nuclear tech 2|Nuclear Proliferation League|17228|Black|647188|Ra Zeus|NewEygptianEmpire|Nuclear Proliferation League|17228|White|Expired|6000000|0|0|8/27/2025 3:25:49 PM|Tech deal (for 100 tech)|4989379|
32845|Mackay Warrior|Land-o-Mackay|Federation Of Armed Nations|10021|Yellow|645372|darkestofdans|Alert1|Federation Of Armed Nations|10021|Yellow|Expired|9000000|0|0|8/27/2025 3:22:39 PM|Financial Assistance|4989378|
630254|Venoxis|Anartektica|Post Grunge Supergroup|16367|Brown|643449|Esabbi|Liberation Islands|Post Grunge Supergroup|16367|Brown|Expired|9000000|0|0|8/27/2025 3:05:13 PM|9m/100t TECH DEAL|4989375|
630254|Venoxis|Anartektica|Post Grunge Supergroup|16367|Brown|642140|Venusia|Tenebris|Post Grunge Supergroup|16367|Brown|Expired|9000000|0|0|8/27/2025 3:04:43 PM|9m/100t TECH DEAL|4989374|
529964|Pelzig|Salusa Secundus|Non Grata|10097|Maroon|418916|HeroofTime55|New XGA|Non Grata|10097|Maroon|Expired|0|100|0|8/27/2025 2:52:14 PM|Tek Dealz|4989373|
646832|Greg Gregory Gregers|Udrus|The Phoenix Federation|17385|Black|493173|Damascis|Typhon|CLAWS|15841|Black|Expired|0|100|0|8/27/2025 1:49:27 PM|Tech Deal|4989371|
644785|Optimus881|Wakanda881|Post Grunge Supergroup|16367|Brown|86974|Mad Mike|Mikeville|Global Alliance And Treaty Organization|10003|Brown|Expired|0|100|0|8/27/2025 12:57:06 PM|PSG $9M/100Tech|4989368|
647165|Caucasus212|Caucasus2|Christian Coalition Of Countries|10028|Maroon|647326|MyntHD|Mynton|Christian Coalition Of Countries|10028|Maroon|Expired|0|60|0|8/27/2025 12:44:20 PM|Gift|4989367|
610594|ADude|OceaniaRedux|Doom Squad|16454|Black|392583|Javier360|Tenochtitlan|DOOMBIRD DOOMCAVE|10449|Black|Expired|0|100|0|8/27/2025 12:32:24 PM|Financial Assistance|4989366|
573749|necAnt|Lucky Ants|The Gramlins|17440|Green|141583|jerdge|Gaela|Green Protection Agency|10041|Green|Expired|0|100|0|8/27/2025 12:31:19 PM|TD 2/2|4989365|
627972|GearHead|Rosche|NATO|10037|Blue|647343|Reasor|Follist||0|Red|Expired|6000000|0|0|8/27/2025 11:55:57 AM|Welcome Aid|4989362|
625634|firingline|TheCastle|The Wolves|16660|Black|225241|Admiral Alexander|The CommonWealthCW|The Wolves|16660|Maroon|Expired|9000000|100|0|8/27/2025 11:22:45 AM|Financial Assistance|4989358|
625634|firingline|TheCastle|The Wolves|16660|Black|640324|Rniee|Petro Valley|The Wolves|16660|Maroon|Expired|9000000|100|0|8/27/2025 11:22:37 AM|Financial Assistance|4989357|
646297|Snorkel|Rockies Folk State|Nuclear Proliferation League|17228|Aqua|430606|KemMo|Maurinaria|Nuclear Proliferation League|17228|Aqua|Expired|0|100|0|8/27/2025 11:20:42 AM|Tech Delivery|4989351|
645768|Sitthemdown|Emperor Protects|Doombrella|17368|Black|342957|tayloj7|Rabbitopia|Doombrella|17368|Black|Expired|0|100|0|8/27/2025 10:58:57 AM|Financial Assistance|4989347|
645768|Sitthemdown|Emperor Protects|Doombrella|17368|Black|484851|enderland|Fields of Elysium|Doombrella|17368|Black|Expired|0|100|0|8/27/2025 10:58:37 AM|Financial Assistance|4989346|
645768|Sitthemdown|Emperor Protects|Doombrella|17368|Black|151268|Zerileous|Monkey Time|Doombrella|17368|Black|Expired|0|100|0|8/27/2025 10:58:02 AM|Financial Assistance|4989344|
615969|Al3efix|DaWeasel|The Phoenix Federation|17385|Green|646832|Greg Gregory Gregers|Udrus|The Phoenix Federation|17385|Black|Expired|9000000|0|0|8/27/2025 10:52:42 AM|Death deal|4989343|
586922|WileyXero|Wiley|CLAWS|15841|Black|637264|RiddervanGelre|Nieuw Gelre|CLAWS|15841|Black|Expired|9000000|0|0|8/27/2025 10:31:56 AM|9mil/100tech?|4989340|
404176|Sadero|Saderia|New Polar Order|10006|Blue|564085|moonshiner|whiskey island|New Polar Order|10006|Blue|Expired|0|100|0|8/27/2025 10:21:32 AM|RATS Tech|4989337|
404176|Sadero|Saderia|New Polar Order|10006|Blue|553210|tenbob|Mayoabu|New Polar Order|10006|Blue|Expired|0|100|0|8/27/2025 10:21:03 AM|RATS Tech|4989336|
404176|Sadero|Saderia|New Polar Order|10006|Blue|234369|EaTeMuP|EatemVille|New Polar Order|10006|Blue|Expired|0|100|0|8/27/2025 10:20:51 AM|ICECAP Tech|4989335|
404176|Sadero|Saderia|New Polar Order|10006|Blue|629752|Jamo199599|C1995|New Polar Order|10006|Blue|Expired|0|100|0|8/27/2025 10:20:44 AM|ICECAP Tech|4989334|
19959|Elegarth|NewHeavens|New Pacific Order|10000|Red|647186|Paxywoo|Paxyland|New Pacific Order|10000|Red|Expired|6000000|0|0|8/27/2025 9:33:53 AM|Rising Stars|4989332|
19959|Elegarth|NewHeavens|New Pacific Order|10000|Red|646681|Jokkeh|Andebu Technocracy|New Pacific Order|10000|Red|Expired|9000000|0|0|8/27/2025 9:33:48 AM|Rising Stars|4989331|
19959|Elegarth|NewHeavens|New Pacific Order|10000|Red|646321|equusSuprm|equusSuprm|New Pacific Order|10000|Red|Expired|9000000|0|0|8/27/2025 9:33:42 AM|Cash for DOPE|4989330|
19959|Elegarth|NewHeavens|New Pacific Order|10000|Red|551335|Hakora Kiyanto|Makayan|New Pacific Order|10000|Red|Expired|9000000|0|0|8/27/2025 9:33:35 AM|Bankroll|4989329|
19959|Elegarth|NewHeavens|New Pacific Order|10000|Red|605|Dilber|Dilber|New Pacific Order|10000|Red|Expired|9000000|0|0|8/27/2025 9:33:24 AM|Bankroll|4989327|
418455|Sabcat|Sabcat Island|Libertarian Socialist Federation|10027|Brown|642140|Venusia|Tenebris|Post Grunge Supergroup|16367|Brown|Expired|9000000|0|0|8/27/2025 9:16:23 AM|Tech deal|4989322|
91088|Dragster|winukka|Nordreich|11319|Maroon|645696|ChiefCarr|Gidgeedoo|Nuclear Proliferation League|17228|Aqua|Expired|9000000|0|0|8/27/2025 8:47:09 AM|9m/100t|4989317|
120427|Ashleaa|Pigtopia|Federation of Armed Nations|10021|Yellow|630683|Queen Aurore|Turnopia|Christian Coalition Of Countries|10028|Maroon|Expired|9000000|0|0|8/27/2025 8:41:21 AM|VEP Tech Deal|4989315|
120427|Ashleaa|Pigtopia|Federation of Armed Nations|10021|Yellow|562556|Nicholas Strakhov|Kurkazia|Freehold of The Wolves|15157|White|Expired|9000000|0|0|8/27/2025 8:41:11 AM|VEP Tech Deal|4989314|
120427|Ashleaa|Pigtopia|Federation of Armed Nations|10021|Yellow|231352|Wippeli|Wippelandia|Freehold of The Wolves|15157|White|Expired|9000000|0|0|8/27/2025 8:41:00 AM|VEP Tech Deal|4989313|
120427|Ashleaa|Pigtopia|Federation of Armed Nations|10021|Yellow|202168|Dr Doctor|NATO Armed Forces|NATO|10037|Blue|Expired|9000000|0|0|8/27/2025 8:40:27 AM|VEP Tech Deal|4989312|
584955|Ayiana|Veritable|Independent Republic Of Orange Nations|10004|Orange|87890|Formanj|Norvegs Trøndelag|Independent Republic of Orange Nations|10004|Orange|Expired|0|100|0|8/27/2025 8:40:19 AM|ITF|4989311|
206879|Platinumviper|Bekaa|NATO|10037|Blue|630683|Queen Aurore|Turnopia|Christian Coalition Of Countries|10028|Maroon|Expired|9000000|0|0|8/27/2025 8:36:06 AM|Valyrian Aid|4989309|
129864|Mike the Greatest|Palookastan|Nuclear Proliferation League|17228|Maroon|646892|Kamva|Zaire Republic|Nuclear Proliferation League|17228|Blue|Expired|6000000|0|0|8/27/2025 8:36:06 AM|Tech trade|4989308|
206879|Platinumviper|Bekaa|NATO|10037|Blue|562556|Nicholas Strakhov|Kurkazia|Freehold of The Wolves|15157|White|Expired|9000000|0|0|8/27/2025 8:35:46 AM|Valyrian Aid|4989307|
206879|Platinumviper|Bekaa|NATO|10037|Blue|231352|Wippeli|Wippelandia|Freehold of The Wolves|15157|White|Expired|9000000|0|0|8/27/2025 8:35:26 AM|Valyrian Aid|4989305|
206879|Platinumviper|Bekaa|NATO|10037|Blue|202168|Dr Doctor|NATO Armed Forces|NATO|10037|Blue|Expired|9000000|0|0|8/27/2025 8:35:02 AM|Valyrian Aid|4989304|
646307|Hermes Observer|Radchaai|Doombrella|17368|Black|503436|StevieG|Dinglebay|Doombrella|17368|Black|Expired|0|100|0|8/27/2025 8:33:39 AM|Financial Assistance|4989303|
646307|Hermes Observer|Radchaai|Doombrella|17368|Black|502087|Astryl|Ethereal|Doombrella|17368|Black|Expired|0|100|0|8/27/2025 8:33:28 AM|Financial Assistance|4989302|
646307|Hermes Observer|Radchaai|Doombrella|17368|Black|374321|Clash|Discord|Doombrella|17368|Black|Expired|0|100|0|8/27/2025 8:33:15 AM|Financial Assistance|4989301|
646307|Hermes Observer|Radchaai|Doombrella|17368|Black|151268|Zerileous|Monkey Time|Doombrella|17368|Black|Expired|0|100|0|8/27/2025 8:33:02 AM|Financial Assistance|4989300|
646307|Hermes Observer|Radchaai|Doombrella|17368|Black|342957|tayloj7|Rabbitopia|Doombrella|17368|Black|Expired|0|100|0|8/27/2025 8:32:50 AM|Financial Assistance|4989299|
646307|Hermes Observer|Radchaai|Doombrella|17368|Black|184514|Franz Ferdinand|L252beck|Doombrella|17368|Black|Expired|0|100|0|8/27/2025 8:32:38 AM|Financial Assistance|4989298|
325990|Bleak Outlook|New Dun Likus|Fark|10002|Aqua|291874|Dr Triffid|West By God Virginia|Fark|10002|Aqua|Expired|0|100|0|8/27/2025 8:20:48 AM|MERRY UNBIRTHDAY!|4989297|
325990|Bleak Outlook|New Dun Likus|Fark|10002|Aqua|159130|Decide R Inchief|decided4us|Fark|10002|Aqua|Expired|0|100|0|8/27/2025 8:20:34 AM|MERRY UNBIRTHDAY!|4989296|
538755|zeldafan4ever|Terminus|Orange Defense Network|17435|Orange|298479|Pheren|Lost Atlantis|Orange Defense Network|17435|Orange|Expired|0|100|0|8/27/2025 8:08:40 AM|Tech 3/3|4989294|
134146|Lenadius|Espa&#241;ola|New Pacific Order|10000|Red|646681|Jokkeh|Andebu Technocracy|New Pacific Order|10000|Red|Expired|9000000|0|0|8/27/2025 8:00:38 AM|Rising Stars|4989293|
257875|JGolla|Jaytown|New Pacific Order|10000|Red|580705|Theory|Westermont|New Pacific Order|10000|Red|Expired|9000000|0|0|8/27/2025 7:54:29 AM|Bankroll|4989291|
257875|JGolla|Jaytown|New Pacific Order|10000|Red|646681|Jokkeh|Andebu Technocracy|New Pacific Order|10000|Red|Expired|9000000|0|0|8/27/2025 7:54:20 AM|Rising Stars|4989290|
646787|Hye781|Calilove4ever|Christian Coalition Of Countries|10028|Maroon|647165|Caucasus212|Caucasus2|Christian Coalition Of Countries|10028|Maroon|Expired|6000000|0|4000|8/27/2025 7:48:11 AM|Financial Assistance|4989289|
497000|Democzar|frequathrive|Global Alliance And Treaty Organization|10003|Brown|603950|Michael Locke|Baltorussia|Global Alliance And Treaty Organization|10003|Brown|Expired|6000000|0|0|8/27/2025 7:37:03 AM|Financial Assistance|4989286|
230895|TCTriangle|Taninsania|Non Grata|10097|Maroon|634597|LiaColle|Prynthian|Non Grata|10097|Maroon|Expired|9000000|0|0|8/27/2025 7:23:57 AM|Tech Circle|4989285|
646762|Kevlar|Sasquatch|Global Alliance And Treaty Organization|10003|Brown|147284|Magicninja|Grundy|Global Alliance And Treaty Organization|10003|Brown|Expired|0|100|0|8/27/2025 7:20:18 AM|Sweet squatch tech|4989283|
647334|Healthy|Perfectly Healthy|Global Alliance And Treaty Organization|10003|Brown|576916|Czar Cootie|Zernograd|Global Alliance And Treaty Organization|10003|Brown|Expired|0|100|0|8/27/2025 7:18:29 AM|Financial Assistance|4989282|
416942|Chris Kaos|The Kingdom of Kaos|Global Alliance And Treaty Organization|10003|Brown|647334|Healthy|Perfectly Healthy|Global Alliance And Treaty Organization|10003|Brown|Expired|6000000|0|0|8/27/2025 7:06:33 AM|Financial Assistance|4989279|
447303|Terminator|USSROK|CLAWS|15841|Aqua|647087|Meow22Meow22|Miwso|The Phoenix Federation|17385|Black|Expired|6000000|0|0|8/27/2025 7:04:26 AM|Financial Assistance|4989278|
555535|Presidential|WashingtonDC|Viridian Entente|10010|Green|301014|asawyer|Zabril|Viridian Entente|10010|Green|Expired|0|100|0|8/27/2025 7:00:08 AM|Financial Assistance|4989276|
555535|Presidential|WashingtonDC|Viridian Entente|10010|Green|71592|upchuck|warmarding|Viridian Entente|10010|Green|Expired|0|100|0|8/27/2025 6:59:56 AM|Financial Assistance|4989275|
80845|Aracto Totar|Taprobane|Viridian Entente|10010|Green|241126|cbuzz24|Angle|Viridian Entente|10010|Green|Expired|0|100|0|8/27/2025 6:59:28 AM|Financial Assistance|4989274|
643876|LordInfamous|Swindlerstan|Independent Republic Of Orange Nations|10004|Orange|374610|Captain Crozier|Dime Store Novena|Independent Republic Of Orange Nations|10004|Orange|Expired|0|100|0|8/27/2025 5:06:49 AM|ITF|4989259|
453391|Rokula|Paraiso|New Pacific Order|10000|Red|580705|Theory|Westermont|New Pacific Order|10000|Red|Expired|9000000|0|0|8/27/2025 5:05:46 AM|Bankroll|4989258|
453391|Rokula|Paraiso|New Pacific Order|10000|Red|533942|Saxplayer|Arstoria|New Pacific Order|10000|Red|Expired|9000000|0|0|8/27/2025 5:05:38 AM|Bankroll|4989257|
1037|mona lisa|3 oaks|Old Guard|11296|Blue|341557|Nishiyoshi|Kapon|Mostly Harmless Alliance|14879|Aqua|Expired|9000000|0|0|8/27/2025 5:05:12 AM|Valyrian Aid|4989256|
507771|MtPollux|The Monkey Kingdom|Nuclear Proliferation League|17228|Brown|646839|rickm27|Balmoria|Nuclear Proliferation League|17228|Aqua|Expired|9000000|0|0|8/27/2025 4:49:07 AM|another round|4989250|
507771|MtPollux|The Monkey Kingdom|Nuclear Proliferation League|17228|Brown|645984|keyman|Bonland|Nuclear Proliferation League|17228|Aqua|Expired|9000000|0|0|8/27/2025 4:48:32 AM|tech deal|4989249|
645236|Roq Fanclub Presiden|Roq Fanclub|Doombrella|17368|Black|187132|White Majik|VSOP United|Doombrella|17368|Black|Expired|0|100|0|8/27/2025 4:27:58 AM|Financial Assistance|4989248|
645236|Roq Fanclub Presiden|Roq Fanclub|Doombrella|17368|Black|66883|Crown Prince Mishka|Tygaland|Doombrella|17368|Black|Expired|0|100|0|8/27/2025 4:27:51 AM|Financial Assistance|4989247|
645236|Roq Fanclub Presiden|Roq Fanclub|Doombrella|17368|Black|342957|tayloj7|Rabbitopia|Doombrella|17368|Black|Expired|0|100|0|8/27/2025 4:27:39 AM|Financial Assistance|4989246|
645236|Roq Fanclub Presiden|Roq Fanclub|Doombrella|17368|Black|142120|Commander Thrawn|Csilla|Doombrella|17368|Black|Expired|0|100|0|8/27/2025 4:27:32 AM|Financial Assistance|4989245|
645236|Roq Fanclub Presiden|Roq Fanclub|Doombrella|17368|Black|502087|Astryl|Ethereal|Doombrella|17368|Black|Expired|0|100|0|8/27/2025 4:27:24 AM|Financial Assistance|4989244|
184966|The Upper Bass|Little Basses|The Dark Templar|10056|Black|639897|CaptTchalle|Akutan Island|The Dark Templar|10056|Brown|Expired|9000000|0|0|8/27/2025 3:55:15 AM|Aid|4989240|
4323|Xineoph|Um|The Legion|10020|Purple|197161|Juleandor|Kleptoville|The Legion|10020|Purple|Expired|0|100|0|8/27/2025 2:51:40 AM|Financial Assistance|4989234|
4323|Xineoph|Um|The Legion|10020|Purple|363340|Lord of Coke and Hot Dogs|TOOTLOCAHD|The Legion|10020|Purple|Expired|0|100|0|8/27/2025 2:51:35 AM|Financial Assistance|4989233|
591794|Raden Wijaya|Kerajaan Majapahit|New Polar Order|10006|Green|516493|The dutch Dragonborn|The Dutch Dragonborn|New Polar Order|10006|Blue|Expired|0|100|0|8/27/2025 2:04:44 AM|ICECAP Tech |4989230|
591794|Raden Wijaya|Kerajaan Majapahit|New Polar Order|10006|Green|234369|EaTeMuP|EatemVille|New Polar Order|10006|Blue|Expired|0|100|0|8/27/2025 2:04:36 AM|ICECAP Tech |4989229|
591794|Raden Wijaya|Kerajaan Majapahit|New Polar Order|10006|Green|262358|Johnny123|Johhny|New Polar Order|10006|Blue|Expired|0|100|0|8/27/2025 2:04:24 AM|ICECAP Tech |4989228|
569906|Tradewind|Republic of Bort|Viridian Entente|10010|Green|301014|asawyer|Zabril|Viridian Entente|10010|Green|Expired|0|100|0|8/27/2025 1:38:41 AM|Tech 1 of 2|4989227|
639335|Swamplandia|Horna|NATO|10037|Blue|627972|GearHead|Rosche|NATO|10037|Blue|Expired|0|100|0|8/27/2025 1:33:24 AM|Financial Assistance|4989225|
641765|Chandragupta Maurya|Maurya Dynasty|New Polar Order|10006|Blue|262358|Johnny123|Johhny|New Polar Order|10006|Blue|Expired|0|100|0|8/27/2025 1:19:34 AM|ICECAP Tech|4989224|
641765|Chandragupta Maurya|Maurya Dynasty|New Polar Order|10006|Blue|406305|Ciroton|Sarin|New Polar Order|10006|Blue|Expired|0|100|0|8/27/2025 1:19:02 AM|ICECAP Tech|4989223|
532352|Serberus|The State|Post Grunge Supergroup|16367|Brown|647179|Victon|Francewww5|Post Grunge Supergroup|16367|Brown|Expired|6000000|0|0|8/27/2025 1:18:32 AM|Free Money New Member Aid|4989222|
627592|Lord Xamaeron|Celtic Forest|DOOMBIRD DOOMCAVE|10449|Black|646836|Keyzlt5|Chi Seeds|Doom Squad|16454|Black|Expired|9000000|0|0|8/27/2025 12:58:56 AM|Financial Assistance|4989220|
627592|Lord Xamaeron|Celtic Forest|DOOMBIRD DOOMCAVE|10449|Black|646431|The Cute Twin|Vlasic|Doom Squad|16454|Black|Expired|9000000|0|0|8/27/2025 12:58:22 AM|Financial Assistance|4989219|
395340|Lord Hershey|Palaven|Doom Squad|16454|Black|56391|MexiMoot|Mooxico|DOOMBIRD DOOMCAVE|10449|Black|Expired|9000000|100|0|8/27/2025 12:35:37 AM|Financial Assistance|4989216|
643625|DERVISHchaff|Sudentor|New Polar Order|10006|Blue|430606|KemMo|Maurinaria|Nuclear Proliferation League|17228|Aqua|Expired|0|100|0|8/27/2025 12:35:31 AM|Tech owed|4989215|
395340|Lord Hershey|Palaven|Doom Squad|16454|Black|567720|Cosmic Chocolate|Soaring Eagle|DOOMBIRD DOOMCAVE|10449|Black|Expired|9000000|100|0|8/27/2025 12:34:47 AM|Financial Assistance|4989212|
620210|stonewall14|Queensryche|Knights Of The Round Table|10092|Black|52010|Skaha|Britannia Coast|Knights of the Round Table|10092|Green|Expired|0|100|0|8/27/2025 12:34:38 AM|Excaliber Tech|4989211|
395340|Lord Hershey|Palaven|Doom Squad|16454|Black|627592|Lord Xamaeron|Celtic Forest|DOOMBIRD DOOMCAVE|10449|Black|Expired|0|100|0|8/27/2025 12:34:20 AM|Financial Assistance|4989210|
510139|AnthraxAnderson|Empire of Armageddon|NATO|10037|Blue|440257|lonabis|flying dutchmen|NATO|10037|Blue|Expired|0|100|0|8/27/2025 12:33:57 AM|Valyrian Tech Exchange|4989208|
510139|AnthraxAnderson|Empire of Armageddon|NATO|10037|Blue|340698|Onified|Spork|NATO|10037|Blue|Expired|0|100|0|8/27/2025 12:33:35 AM|Valyrian Tech Exchange|4989206|
510139|AnthraxAnderson|Empire of Armageddon|NATO|10037|Blue|627972|GearHead|Rosche|NATO|10037|Blue|Expired|0|100|0|8/27/2025 12:33:24 AM|Valyrian Tech Exchange|4989204|
624193|The1nonlykk|Biourja|Non Grata|10097|Maroon|469301|Lars Jorgens|Whale of a Time|Non Grata|10097|Maroon|Expired|0|100|0|8/27/2025 12:31:30 AM|Financial Assistance|4989203|
593353|Kitkat16|Sofie|NATO|10037|Blue|641804|jackthebest|Jackastan|NATO|10037|Blue|Expired|9000000|0|0|8/27/2025 12:29:05 AM|Valyrian Aid|4989202|
546488|levothy|mycybernation|Knights Of The Round Table|10092|Green|645160|Quaker91|Gregorian Empire|Knights Of The Round Table|10092|Green|Expired|0|100|0|8/27/2025 12:14:34 AM|Spin 206|4989201|
228721|Hob Dobson|Uustonia|Viridian Entente|10010|Green|277593|falconer360|Gondowan|CLAWS|15841|Purple|Expired|0|100|0|8/27/2025 12:06:31 AM|Tech (1 of  3)|4989200|
228721|Hob Dobson|Uustonia|Viridian Entente|10010|Green|586922|WileyXero|Wiley|CLAWS|15841|Black|Expired|0|100|0|8/27/2025 12:06:15 AM|Tech (1 of  3)|4989199|
634284|mikeymikes|batmanism|Doombrella|17368|Black|202255|onelove|We Are One Love|Doombrella|17368|Black|Expired|9000000|100|4000|8/27/2025 12:03:42 AM|aids|4989198|
627972|GearHead|Rosche|NATO|10037|Blue|647347|RealShrimpShady|Shrimplandia|NATO|10037|Blue|Expired|6000000|0|0|8/26/2025 11:11:17 PM|Welcome to NATO|4989190|
106543|Captain V|Touristan|Fark|10002|Aqua|645525|GodKing Menes|Free Republic of Kem|Nuclear Proliferation League|17228|Aqua|Expired|9000000|0|0|8/26/2025 10:45:09 PM|9/100|4989189|
593353|Kitkat16|Sofie|NATO|10037|Blue|647347|RealShrimpShady|Shrimplandia|NATO|10037|Blue|Expired|6000000|0|0|8/26/2025 10:44:32 PM|Valyrian Aid|4989186|
626161|54vee|Tallinn Compact|CLAWS|15841|Black|281387|Thud III|Thudsylvania|CLAWS|15841|Black|Expired|0|100|0|8/26/2025 10:41:06 PM|Tech 9/100|4989185|
529267|Pastor Jason|Gods Country|Doom Squad|16454|Black|626860|BringMeTheHorizon|Dakotas|Doombrella|17368|Black|Expired|0|100|0|8/26/2025 9:21:24 PM|Jesus loves you|4989172|
529267|Pastor Jason|Gods Country|Doom Squad|16454|Black|139809|John Orris|Commonwealth of John|Doombrella|17368|Black|Expired|0|100|0|8/26/2025 9:20:53 PM|Jesus Christ is Lord |4989171|
529267|Pastor Jason|Gods Country|Doom Squad|16454|Black|567720|Cosmic Chocolate|Soaring Eagle|DOOMBIRD DOOMCAVE|10449|Black|Expired|0|100|0|8/26/2025 9:19:35 PM|Jesus Christ is Lord |4989168|
416695|pmacdaddy|Sanctuary|DOOMBIRD DOOMCAVE|10449|Black|646431|The Cute Twin|Vlasic|Doom Squad|16454|Black|Expired|9000000|0|0|8/26/2025 9:15:41 PM|Doomerce|4989166|
642141|Crusadan|Doimestea|The Dark Templar|10056|Black|308695|Indiomaestro|Jahara|The Dark Templar|10056|Black|Expired|0|100|0|8/26/2025 8:21:34 PM|Financial Assistance|4989161|
294223|ErpichtAuf|Ijogg|Sparta|10008|Black|431619|rotinom|Gideons|Sparta|10008|Black|Expired|9000000|0|0|8/26/2025 8:13:17 PM|Financial Assistance|4989159|
645136|district10VICTOR|Amelo|Global Alliance And Treaty Organization|10003|Brown|348468|Ghan Khalav|Khalavistan|Global Alliance and Treaty Organization|10003|Brown|Expired|0|100|0|8/26/2025 7:11:34 PM|Financial Assistance|4989158|
147284|Magicninja|Grundy|Global Alliance And Treaty Organization|10003|Brown|405936|Griffy|Rememberence|Global Alliance And Treaty Organization|10003|Brown|Expired|9000000|0|0|8/26/2025 7:08:59 PM|Financial Assistance|4989157|
32861|Drachonum|drachonia|Global Alliance and Treaty Organization|10003|Brown|646984|fruitloomps|Loomberg|Global Alliance And Treaty Organization|10003|Brown|Expired|6000000|0|0|8/26/2025 6:06:06 PM|Financial Assistance|4989152|
637646|Anarch Nexus|Aevum Providence|Christian Coalition Of Countries|10028|Maroon|430046|Beowulf88|Arcanium|Christian Coalition of Countries|10028|Maroon|Expired|0|100|0|8/26/2025 6:04:45 PM|VEP|4989150|
637646|Anarch Nexus|Aevum Providence|Christian Coalition Of Countries|10028|Maroon|299962|dev0win|1nfinity Otriad|Christian Coalition Of Countries|10028|Blue|Expired|0|100|0|8/26/2025 6:03:46 PM|VEP|4989149|
637646|Anarch Nexus|Aevum Providence|Christian Coalition Of Countries|10028|Maroon|627972|GearHead|Rosche|NATO|10037|Blue|Expired|0|100|0|8/26/2025 6:02:59 PM|VEP|4989148|
637646|Anarch Nexus|Aevum Providence|Christian Coalition Of Countries|10028|Maroon|576335|Smitty256|HouseStark|Christian Coalition Of Countries|10028|Maroon|Expired|0|100|0|8/26/2025 6:02:34 PM|VEP|4989147|
637646|Anarch Nexus|Aevum Providence|Christian Coalition Of Countries|10028|Maroon|129664|Sammy|Maxland|Freehold of The Wolves|15157|Maroon|Expired|0|100|0|8/26/2025 6:02:03 PM|VEP|4989146|
646145|ScootDootson|UnitedPeoplesOfDoot|Goldenrod Accords|17406|Green|380797|gainesta09|gainesta09|NATO|10037|Blue|Expired|0|100|0|8/26/2025 5:48:38 PM|Financial Assistance|4989145|
155031|joanne1|Tweetypie|Non Grata|10097|Maroon|645844|Dario the Great|Darioland|Non Grata|10097|Maroon|Expired|9000000|0|0|8/26/2025 5:34:59 PM|Ng tech deal|4989144|
155031|joanne1|Tweetypie|Non Grata|10097|Maroon|638747|Medic IV|Deutschland II|Non Grata|10097|Maroon|Expired|9000000|0|0|8/26/2025 5:33:44 PM|Ng tech deal|4989143|
647165|Caucasus212|Caucasus2|Christian Coalition Of Countries|10028|Maroon|412136|King James II|Michigan II|NATO|10037|Blue|Expired|0|100|0|8/26/2025 5:01:41 PM|For aid|4989140|
61657|Umar ibn Abd al-Aziz|Umayyad Caliphate|DOOMBIRD DOOMCAVE|10449|Black|646870|Waffless|Wafflandia|Doombrella|17368|Black|Expired|9000000|0|0|8/26/2025 4:55:28 PM|Financial Assistance|4989138|
61657|Umar ibn Abd al-Aziz|Umayyad Caliphate|DOOMBIRD DOOMCAVE|10449|Black|506358|lightningjim|Fulmen Ingenium|Doom Squad|16454|Black|Expired|9000000|0|0|8/26/2025 4:55:13 PM|Financial Assistance|4989137|
61657|Umar ibn Abd al-Aziz|Umayyad Caliphate|DOOMBIRD DOOMCAVE|10449|Black|566736|amossio|amossio|Doombrella|17368|Black|Expired|9000000|0|0|8/26/2025 4:54:56 PM|Financial Assistance|4989136|
61657|Umar ibn Abd al-Aziz|Umayyad Caliphate|DOOMBIRD DOOMCAVE|10449|Black|635159|xAnri|xRoan|Doombrella|17368|Black|Expired|9000000|0|0|8/26/2025 4:54:40 PM|Financial Assistance|4989135|
441760|jacka|north 40|The Legion|10020|Purple|618779|learjet|Racinante|The Legion|10020|Purple|Expired|0|100|0|8/26/2025 4:37:17 PM|Financial Assistance|4989134|
544732|axel3200|Valta|New Pacific Order|10000|Red|627542|ifesbob|ifesville|New Pacific Order|10000|Red|Expired|0|100|0|8/26/2025 4:27:42 PM|QT Tech|4989133|
544732|axel3200|Valta|New Pacific Order|10000|Red|543701|AlphaDio|Landreth|New Pacific Order|10000|Red|Expired|0|100|0|8/26/2025 4:27:35 PM|QT Tech|4989131|
544732|axel3200|Valta|New Pacific Order|10000|Red|565552|Kayla Frost|Anselion|New Pacific Order|10000|Red|Expired|0|100|0|8/26/2025 4:27:29 PM|QT Tech|4989129|
544732|axel3200|Valta|New Pacific Order|10000|Red|515093|GoldenAura|Communist Crackous|New Pacific Order|10000|Red|Expired|0|100|0|8/26/2025 4:27:26 PM|QT Tech|4989128|
341158|Eumirbago|World Wide Web|Doom Squad|16454|Black|61657|Umar ibn Abd al-Aziz|Umayyad Caliphate|DOOMBIRD DOOMCAVE|10449|Black|Expired|0|100|0|8/26/2025 4:07:36 PM|Financial Assistance|4989127|
341158|Eumirbago|World Wide Web|Doom Squad|16454|Black|364329|Donnie Darko|DarkoLand|Doom Squad|16454|Black|Expired|0|100|0|8/26/2025 4:07:25 PM|Financial Assistance|4989126|
341158|Eumirbago|World Wide Web|Doom Squad|16454|Black|416695|pmacdaddy|Sanctuary|DOOMBIRD DOOMCAVE|10449|Black|Expired|0|100|0|8/26/2025 4:07:15 PM|Financial Assistance|4989125|
341158|Eumirbago|World Wide Web|Doom Squad|16454|Black|96568|Dagny Taggart|Galtian Commune|DOOMBIRD DOOMCAVE|10449|Black|Expired|0|100|0|8/26/2025 4:07:02 PM|Financial Assistance|4989124|
341158|Eumirbago|World Wide Web|Doom Squad|16454|Black|342957|tayloj7|Rabbitopia|Doombrella|17368|Black|Expired|0|100|0|8/26/2025 4:06:50 PM|Financial Assistance|4989123|
507771|MtPollux|The Monkey Kingdom|Nuclear Proliferation League|17228|Brown|646240|WelpLOLoofE|Slavnia|Nuclear Proliferation League|17228|Black|Expired|9000000|0|0|8/26/2025 3:51:53 PM|another round of tech?|4989121|
646950|KarmaBlaster|NoNameIstan|Non Grata|10097|Maroon|40650|kerschbs|indica|Non Grata|10097|Maroon|Expired|0|100|0|8/26/2025 3:21:16 PM|tech|4989118|
560469|draggie|Aporia|Non Grata|10097|Maroon|132232|Justin666|Pain nation 666|Non Grata|10097|Maroon|Expired|0|100|0|8/26/2025 2:56:39 PM|Tech|4989117|
560469|draggie|Aporia|Non Grata|10097|Maroon|469301|Lars Jorgens|Whale of a Time|Non Grata|10097|Maroon|Expired|0|100|0|8/26/2025 2:54:57 PM|Tech|4989115|
560469|draggie|Aporia|Non Grata|10097|Maroon|230895|TCTriangle|Taninsania|Non Grata|10097|Maroon|Expired|0|100|0|8/26/2025 2:54:12 PM|Tech|4989114|
560469|draggie|Aporia|Non Grata|10097|Maroon|2621|James|TIEIXIAIS|Non Grata|10097|Maroon|Expired|0|100|0|8/26/2025 2:53:03 PM|Tech|4989113|
639165|Otto Die Heilige|Holy Roman Reich|The Prussian Empire|14204|Green|646118|King Lavey|Republic of Hamster|The Prussian Empire|14204|Green|Expired|9000000|0|0|8/26/2025 1:48:47 PM|Financial Assistance|4989108|
646839|rickm27|Balmoria|Nuclear Proliferation League|17228|Aqua|107572|oneeightytwo|d&#237;beartach|Fark|10002|Aqua|Expired|0|100|0|8/26/2025 1:27:21 PM|Financial Assistance|4989101|
299962|dev0win|1nfinity Otriad|Christian Coalition Of Countries|10028|Blue|647326|MyntHD|Mynton|Christian Coalition Of Countries|10028|Purple|Expired|6000000|0|4000|8/26/2025 1:18:34 PM|Welcome Aid|4989099|
277593|falconer360|Gondowan|CLAWS|15841|Purple|637264|RiddervanGelre|Nieuw Gelre|CLAWS|15841|Black|Expired|9000000|0|0|8/26/2025 12:59:38 PM|Tech deal 9/100|4989097|
257875|JGolla|Jaytown|New Pacific Order|10000|Red|605|Dilber|Dilber|New Pacific Order|10000|Red|Expired|9000000|0|0|8/26/2025 11:59:45 AM|Bankroll|4989091|
257875|JGolla|Jaytown|New Pacific Order|10000|Red|609716|xander99|Melton|New Pacific Order|10000|Red|Expired|9000000|0|0|8/26/2025 11:59:37 AM|Bankroll|4989090|
257875|JGolla|Jaytown|New Pacific Order|10000|Red|555876|Khandov|Polonia Overlordship|New Pacific Order|10000|Red|Expired|9000000|0|0|8/26/2025 11:59:31 AM|Bankroll|4989089|
257875|JGolla|Jaytown|New Pacific Order|10000|Red|535709|Pressure|Newton|New Pacific Order|10000|Red|Expired|9000000|0|0|8/26/2025 11:59:24 AM|Bankroll|4989088|
418916|HeroofTime55|New XGA|Non Grata|10097|Maroon|638461|Jerby|Simulacra|Non Grata|10097|Maroon|Expired|9000000|0|0|8/26/2025 11:59:23 AM|Financial Assistance|4989087|
418916|HeroofTime55|New XGA|Non Grata|10097|Maroon|626678|slothix|Kevin|Non Grata|10097|Maroon|Expired|9000000|0|0|8/26/2025 11:55:15 AM|Financial Assistance|4989086|
418644|shakespeare|shakespeare|Freehold of The Wolves|15157|White|613652|Peterkin|Quaraguay|Freehold of The Wolves|15157|White|Expired|9000000|0|0|8/26/2025 11:26:54 AM|Wolf Aid|4989084|
636601|Wolfbite|Caffinated Wolves|Independent Republic Of Orange Nations|10004|Orange|550914|reilstrap|reilstrap|Independent Republic Of Orange Nations|10004|Orange|Expired|9000000|0|0|8/26/2025 11:14:12 AM|ITF|4989082|
613432|Talbrys|Keltroy|Non Grata|10097|Maroon|643981|ONXwat|Vanier|Non Grata|10097|Maroon|Expired|9000000|0|0|8/26/2025 11:02:16 AM|9/100|4989079|
578954|Rydin|Vundf|Freehold of The Wolves|15157|White|613652|Peterkin|Quaraguay|Freehold of The Wolves|15157|White|Expired|9000000|0|4000|8/26/2025 11:01:20 AM|FTW|4989078|
578954|Rydin|Vundf|Freehold of The Wolves|15157|White|641804|jackthebest|Jackastan|NATO|10037|Blue|Expired|9000000|0|0|8/26/2025 10:57:52 AM|Valyrian Tech|4989076|
603950|Michael Locke|Baltorussia|Global Alliance And Treaty Organization|10003|Brown|83518|Johnny Apocalypse|Anubia|Global Alliance And Treaty Organization|10003|Brown|Expired|0|100|0|8/26/2025 10:54:06 AM|Financial Assistance|4989075|
132067|Merick|Panamkey|The Templar Knights|10012|Maroon|353933|Chuck|Teutonic Empire|The Templar Knights|10012|Maroon|Expired|0|100|0|8/26/2025 10:42:52 AM|Financial Assistance|4989073|
78680|Balancer|Mesonia|The Templar Knights|10012|Maroon|551356|NuclearGlow|Dawg Nation|The Templar Knights|10012|Maroon|Expired|9000000|0|0|8/26/2025 10:03:20 AM|Financial Assistance|4989070|
646989|LordSciolist|Chaleroux|Non Grata|10097|Maroon|40650|kerschbs|indica|Non Grata|10097|Maroon|Expired|0|100|0|8/26/2025 9:31:33 AM|Financial Assistance|4989066|
203961|porkpotpie|UnitedCanance|CLAWS|15841|Black|613764|Aggressor|Waifu Hunters|CLAWS|15841|Black|Expired|9000000|0|0|8/26/2025 9:25:53 AM|Financial Assistance|4989065|
630683|Queen Aurore|Turnopia|Christian Coalition Of Countries|10028|Maroon|414519|markpalm1|vacous|Freehold of The Wolves|15157|White|Expired|0|100|0|8/26/2025 9:12:48 AM|Financial Assistance|4989064|
630683|Queen Aurore|Turnopia|Christian Coalition Of Countries|10028|Maroon|129664|Sammy|Maxland|Freehold of The Wolves|15157|Maroon|Expired|0|100|0|8/26/2025 9:12:26 AM|Financial Assistance|4989063|
249634|Valandil|Ithilien Empire|NATO|10037|Blue|641804|jackthebest|Jackastan|NATO|10037|Blue|Expired|9000000|0|0|8/26/2025 9:01:28 AM|Valyrian Aid|4989061|
195263|AlbertSpeer|Cyrene|New Pacific Order|10000|Red|646098|Brutus5149|Legio Lupi|New Pacific Order|10000|Red|Expired|9000000|0|0|8/26/2025 8:35:11 AM|Cash for DOPE|4989057|
195263|AlbertSpeer|Cyrene|New Pacific Order|10000|Red|533942|Saxplayer|Arstoria|New Pacific Order|10000|Red|Expired|9000000|0|0|8/26/2025 8:35:06 AM|Bankroll|4989056|
195263|AlbertSpeer|Cyrene|New Pacific Order|10000|Red|535709|Pressure|Newton|New Pacific Order|10000|Red|Expired|9000000|0|0|8/26/2025 8:34:54 AM|Bankroll|4989054|
195263|AlbertSpeer|Cyrene|New Pacific Order|10000|Red|605|Dilber|Dilber|New Pacific Order|10000|Red|Expired|9000000|0|0|8/26/2025 8:34:49 AM|Bankroll|4989053|
195263|AlbertSpeer|Cyrene|New Pacific Order|10000|Red|251551|TSLOLWedgeAntill|TSL KINGDOM|New Pacific Order|10000|Red|Expired|9000000|0|0|8/26/2025 8:34:43 AM|Bankroll|4989052|
63284|Kills with Fire|New Highlands|Federation of Armed Nations|10021|Yellow|641804|jackthebest|Jackastan|NATO|10037|Blue|Expired|9000000|0|0|8/26/2025 8:33:01 AM|Financial Assistance|4989050|
63284|Kills with Fire|New Highlands|Federation of Armed Nations|10021|Yellow|467217|aroswing|Land of Darkness|Freehold of The Wolves|15157|White|Expired|9000000|0|0|8/26/2025 8:32:45 AM|Valyrian|4989049|
646762|Kevlar|Sasquatch|Global Alliance And Treaty Organization|10003|Brown|580044|Sir Kiloist|Tiocfaidh ar la|Global Alliance And Treaty Organization|10003|Brown|Expired|0|100|0|8/26/2025 8:10:57 AM|Sweet squatch tech|4989043|
62721|brass|Banlovit|Federation of Armed Nations|10021|Yellow|388182|lucky6|Direct Impingement|Federation of Armed Nations|10021|Yellow|Expired|9000000|0|0|8/26/2025 8:03:16 AM|Financial Assistance|4989042|
18236|javaswiller|swillerland|Freehold of The Wolves|15157|White|613652|Peterkin|Quaraguay|Freehold of The Wolves|15157|White|Expired|9000000|0|0|8/26/2025 7:44:38 AM|Financial Assistance|4989039|
528882|JSoprano|Darasuum|Post Grunge Supergroup|16367|Brown|643741|Danteeternity|Balan|Post Grunge Supergroup|16367|Brown|Expired|9000000|0|0|8/26/2025 7:19:24 AM|tech dealz!|4989036|
638|mikharr123|Sirrahistan|New Polar Order|10006|Blue|202519|Zombie Glaucon|UTC Labs|New Polar Order|10006|Blue|Expired|0|100|0|8/26/2025 7:15:14 AM|ICECAP Tech|4989034|
638|mikharr123|Sirrahistan|New Polar Order|10006|Blue|629752|Jamo199599|C1995|New Polar Order|10006|Blue|Expired|0|100|0|8/26/2025 7:15:00 AM|ICECAP Tech|4989033|
638|mikharr123|Sirrahistan|New Polar Order|10006|Blue|639953|Mihail the Just|Republic of Onivlac|New Polar Order|10006|Blue|Expired|9000000|0|0|8/26/2025 7:13:36 AM|ICECAP Cash|4989031|
638|mikharr123|Sirrahistan|New Polar Order|10006|Blue|641765|Chandragupta Maurya|Maurya Dynasty|New Polar Order|10006|Blue|Expired|9000000|0|0|8/26/2025 7:13:05 AM|ICECAP Cash|4989030|
325990|Bleak Outlook|New Dun Likus|Fark|10002|Aqua|106780|JeffreyScott|Kingdom of Alaska|Fark|10002|Aqua|Expired|0|100|0|8/26/2025 7:05:19 AM|Free Farkin Tech!|4989029|
325990|Bleak Outlook|New Dun Likus|Fark|10002|Aqua|106543|Captain V|Touristan|Fark|10002|Aqua|Expired|0|100|0|8/26/2025 7:05:04 AM|Free Farkin Tech|4989028|
428260|Warden|Llama Land|NATO|10037|Blue|248201|gegthomas|Lzarja|Freehold of The Wolves|15157|White|Expired|9000000|0|0|8/26/2025 6:37:44 AM|VEP Cash|4989022|
219727|danhawk|sonyevilempire|The Imperial Order|10082|Blue|248201|gegthomas|Lzarja|Freehold of The Wolves|15157|White|Expired|9000000|0|0|8/26/2025 6:31:31 AM|Vep aid r|4989020|
1037|mona lisa|3 oaks|Old Guard|11296|Blue|248201|gegthomas|Lzarja|Freehold of The Wolves|15157|White|Expired|9000000|0|0|8/26/2025 6:07:06 AM|Valyrian Aid|4989018|
645740|ShadowSleeper|Noevgono|Nuclear Proliferation League|17228|Aqua|107572|oneeightytwo|d&#237;beartach|Fark|10002|Aqua|Expired|0|100|0|8/26/2025 5:59:44 AM|Financial Assistance|4989017|
645740|ShadowSleeper|Noevgono|Nuclear Proliferation League|17228|Aqua|280326|Scytale|Tleilax|Fark|10002|Aqua|Expired|0|100|0|8/26/2025 5:59:28 AM|Financial Assistance|4989016|
606786|The Milkmaid|Dun Holm|Knights Of The Round Table|10092|White|479257|Aprentic|MVEMJSUNP|Knights Of The Round Table|10092|Green|Expired|0|100|0|8/26/2025 4:53:29 AM|Tuesday milk delivery|4989006|
633062|SoloRocket|Rocket Republic|Post Grunge Supergroup|16367|Brown|637489|Osirispuprex|Osirispuprex|Post Grunge Supergroup|16367|Brown|Expired|9000000|0|0|8/26/2025 4:33:17 AM|Tech9/100|4989005|
570802|IlDuce|ItaliaSS|CLAWS|15841|Black|632798|KYBALION|HVITIRDREKAR|Knights Of The Round Table|10092|Green|Expired|0|100|0|8/26/2025 4:00:21 AM|Deal|4989002|
645082|TowerQueen|Turrim|New Pacific Order|10000|Red|627542|ifesbob|ifesville|New Pacific Order|10000|Red|Expired|0|100|0|8/26/2025 3:41:08 AM|QT Tech|4989001|
141583|jerdge|Gaela|Green Protection Agency|10041|Green|23377|Pippedy|Lauran|Green Protection Agency|10041|Green|Expired|9000000|0|0|8/26/2025 3:27:42 AM|Forever Aid|4989000|
604287|Hazib|Kingdom of Lemuria|CLAWS|15841|Black|271928|Thebanished|UnitedStatesOfDes|Viridian Entente|10010|Green|Expired|9000000|0|0|8/26/2025 3:07:57 AM|9/200|4988997|
313301|MK4Slowride|MK4Slowride|Global Alliance And Treaty Organization|10003|Brown|643971|Blaze I|Brozil|Global Alliance And Treaty Organization|10003|Brown|Expired|9000000|0|0|8/26/2025 2:49:11 AM|Tech deal|4988995|
300255|Argirioc|Argiriahn|The Legion|10020|Purple|197161|Juleandor|Kleptoville|The Legion|10020|Purple|Expired|0|100|0|8/26/2025 2:47:24 AM|Financial Assistance|4988994|
248357|MrSka|Slartibartfast|NATO|10037|Blue|248201|gegthomas|Lzarja|Freehold of The Wolves|15157|White|Expired|9000000|0|0|8/26/2025 2:43:48 AM|Valyrian Aid|4988990|
516493|The dutch Dragonborn|The Dutch Dragonborn|New Polar Order|10006|Blue|642764|Nerdslayerx|Friheden|New Polar Order|10006|Blue|Expired|9000000|0|0|8/26/2025 2:15:29 AM|ICECAP Cash|4988989|
516493|The dutch Dragonborn|The Dutch Dragonborn|New Polar Order|10006|Blue|639953|Mihail the Just|Republic of Onivlac|New Polar Order|10006|Blue|Expired|9000000|0|0|8/26/2025 2:15:10 AM|ICECAP Cash|4988988|
516493|The dutch Dragonborn|The Dutch Dragonborn|New Polar Order|10006|Blue|641765|Chandragupta Maurya|Maurya Dynasty|New Polar Order|10006|Blue|Expired|9000000|0|0|8/26/2025 2:14:37 AM|ICECAP Cash|4988987|
632798|KYBALION|HVITIRDREKAR|Knights Of The Round Table|10092|Green|647271|Overlord121|Velmorra|Knights Of The Round Table|10092|Green|Expired|6000000|0|0|8/26/2025 1:20:51 AM|New 6M/100T Deal :-)|4988986|
273692|Pope Bubba XIII|Rebel Virginia|Non Grata|10097|Maroon|12258|Commissar Sendoa|Cataduanes|Non Grata|10097|Maroon|Expired|9000000|0|0|8/26/2025 1:13:40 AM|Tech|4988983|
190480|Unruly|Republique de Buja|AGW Overlords|10043|Black|561416|CaptainBBear|Arctic Bearland|AGW Overlords|10043|Black|Expired|9000000|0|0|8/26/2025 12:47:31 AM|Financial Assistance|4988977|
113773|Njero|Njebooro|NATO|10037|Blue|561490|Greatest Mothers|Femocratic Lands|Freehold of The Wolves|15157|White|Expired|0|100|0|8/26/2025 12:39:09 AM|Valyrian Aid|4988975|
643625|DERVISHchaff|Sudentor|New Polar Order|10006|Blue|129864|Mike the Greatest|Palookastan|Nuclear Proliferation League|17228|Maroon|Expired|0|100|0|8/26/2025 12:23:30 AM|Tech owed|4988971|
546488|levothy|mycybernation|Knights Of The Round Table|10092|Green|186805|Grendel|Beowulf|Knights Of The Round Table|10092|Green|Expired|0|100|0|8/26/2025 12:15:54 AM|spin 205|4988969|
372061|Mandystalin|Lutonstan|The Templar Knights|10012|Maroon|551356|NuclearGlow|Dawg Nation|The Templar Knights|10012|Maroon|Expired|9000000|0|0|8/26/2025 12:14:14 AM|Financial Assistance|4988968|
589715|nostalgia|Outer Spira|Orange Defense Network|17435|Orange|538755|zeldafan4ever|Terminus|Orange Defense Network|17435|Orange|Expired|9000000|0|0|8/26/2025 12:13:34 AM|tech deal 9m/300?|4988967|
643887|SilenttShadow27|Temnota|NATO|10037|Blue|206879|Platinumviper|Bekaa|NATO|10037|Blue|Expired|0|100|0|8/26/2025 12:12:32 AM|Cupcakes &amp; techz &lt;3|4988966|
643887|SilenttShadow27|Temnota|NATO|10037|Blue|129664|Sammy|Maxland|Freehold of The Wolves|15157|Maroon|Expired|0|100|0|8/26/2025 12:10:24 AM|Cupcakes &amp; techz &lt;3|4988965|
645526|Khanya The Great|Triangula|Veneris|17356|White|583014|Rothaic|Munrovia|The Wolves|16660|Maroon|Expired|0|100|0|8/25/2025 11:40:00 PM|Financial Assistance|4988958|
631406|The Black Kaiser|Medieval Reich||0|Green|618698|Arminius Cheruski|Germania Magna|The Prussian Empire|14204|Green|Expired|0|100|0|8/25/2025 11:20:25 PM|Financial Assistance|4988956|
620036|Vex L Zher|Lodraland|Nuclear Proliferation League|17228|White|407586|FreezingAssassin|Charr|Fark|10002|Aqua|Expired|0|100|0|8/25/2025 10:02:27 PM|Financial Assistance|4988951|
620036|Vex L Zher|Lodraland|Nuclear Proliferation League|17228|White|170471|Smurthwaite|Smurthwaite|Nuclear Proliferation League|17228|Aqua|Expired|0|100|0|8/25/2025 10:01:23 PM|Tech Deal|4988950|
310672|King Wally|Rep of Queensland|Nuclear Proliferation League|17228|Aqua|522964|Nuclear tech 2|Nuclear tech 2|Nuclear Proliferation League|17228|Black|Expired|0|100|0|8/25/2025 9:57:56 PM|6 million to BlinkShark|4988949|
620036|Vex L Zher|Lodraland|Nuclear Proliferation League|17228|White|522964|Nuclear tech 2|Nuclear tech 2|Nuclear Proliferation League|17228|Black|Expired|0|100|0|8/25/2025 9:52:00 PM|Tech Deal|4988948|
646984|fruitloomps|Loomberg|Global Alliance And Treaty Organization|10003|Brown|561575|DragonsPhyre|Dragon Spire|Global Alliance And Treaty Organization|10003|Brown|Expired|0|100|0|8/25/2025 9:46:25 PM|Financial Assistance|4988947|
568795|Greywall|The Westfold|Global Alliance And Treaty Organization|10003|Brown|147284|Magicninja|Grundy|Global Alliance And Treaty Organization|10003|Brown|Expired|0|100|0|8/25/2025 9:44:19 PM|Financial Assistance|4988946|
541311|King Quincy|Confederate USA|Green Protection Agency|10041|Green|545923|VHongo|Canadian Dominanace|Green Protection Agency|10041|Green|Expired|9000000|0|0|8/25/2025 8:37:45 PM|Financial Assistance|4988935|
646568|Joan De Marquinly|Rallende|Nuclear Proliferation League|17228|Aqua|362361|Gofast2006|Pioneer Village|Nuclear Proliferation League|17228|Aqua|Expired|0|100|0|8/25/2025 7:33:14 PM|Financial Assistance|4988929|
423349|Raiser|Inireland|Orange Defense Network|17435|Orange|322157|Cartmantoria|Cartmantoria|Orange Defense Network|17435|Orange|Expired|0|100|0|8/25/2025 7:24:42 PM|Tech Deal (2/2)|4988928|
423349|Raiser|Inireland|Orange Defense Network|17435|Orange|589715|nostalgia|Outer Spira|Orange Defense Network|17435|Orange|Expired|0|100|0|8/25/2025 7:24:25 PM|Tech Deal (1/2)|4988927|
645652|SpaceGhostCTC|Phantom crusier|Federation Of Armed Nations|10021|Yellow|369840|Astron|Svedala|NATO|10037|Blue|Expired|0|100|0|8/25/2025 6:49:44 PM|Financial Assistance|4988925|
645652|SpaceGhostCTC|Phantom crusier|Federation Of Armed Nations|10021|Yellow|583069|Embowaf|Ilium|Mostly Harmless Alliance|14879|Aqua|Expired|0|100|0|8/25/2025 6:49:12 PM|Financial Assistance|4988924|
645652|SpaceGhostCTC|Phantom crusier|Federation Of Armed Nations|10021|Yellow|62721|brass|Banlovit|Federation of Armed Nations|10021|Yellow|Expired|0|100|0|8/25/2025 6:48:51 PM|Financial Assistance|4988923|
32861|Drachonum|drachonia|Global Alliance and Treaty Organization|10003|Brown|646756|DyneVeilstone|Felis Felicitas|Global Alliance And Treaty Organization|10003|Brown|Expired|6000000|0|0|8/25/2025 6:10:02 PM|Financial Assistance|4988921|
440257|lonabis|flying dutchmen|NATO|10037|Blue|248201|gegthomas|Lzarja|Freehold of The Wolves|15157|White|Expired|9000000|0|0|8/25/2025 6:07:03 PM|Valyrian Cash|4988920|
467217|aroswing|Land of Darkness|Freehold of The Wolves|15157|White|493791|azntrigboi|Symmetry|NATO|10037|Blue|Expired|0|100|0|8/25/2025 6:07:01 PM|Valyrian tech |4988919|
381828|InconspicuousBarrel|Kievan Rus|Global Alliance And Treaty Organization|10003|Brown|647305|Valid|Finnish Commune|Nuclear Proliferation League|17228|Aqua|Expired|6000000|0|0|8/25/2025 6:04:14 PM|Tech Deal|4988917|
580044|Sir Kiloist|Tiocfaidh ar la|Global Alliance And Treaty Organization|10003|Brown|646756|DyneVeilstone|Felis Felicitas|Global Alliance And Treaty Organization|10003|Brown|Expired|6000000|0|0|8/25/2025 5:44:59 PM|Financial Assistance|4988915|
234369|EaTeMuP|EatemVille|New Polar Order|10006|Blue|642764|Nerdslayerx|Friheden|New Polar Order|10006|Blue|Expired|9000000|0|0|8/25/2025 5:26:14 PM|Financial Assistance|4988914|
234369|EaTeMuP|EatemVille|New Polar Order|10006|Blue|639953|Mihail the Just|Republic of Onivlac|New Polar Order|10006|Blue|Expired|9000000|0|0|8/25/2025 5:25:16 PM|Financial Assistance|4988913|
631432|Elector King|Bohemia Moravia|The Prussian Empire|14204|Green|159192|Matt Bowen|Bowenland|Knights Of The Round Table|10092|Green|Expired|0|100|0|8/25/2025 5:11:34 PM|Financial Assistance|4988911|
622221|cobwebbyarc6|Dasein|Doom Squad|16454|Black|646804|dragonshardz|Cruinneachadh|Doom Squad|16454|Black|Expired|9000000|0|0|8/25/2025 5:07:53 PM|Financial Assistance|4988910|
543972|zachart|The Father Land|New Pacific Order|10000|Red|543701|AlphaDio|Landreth|New Pacific Order|10000|Red|Expired|0|100|0|8/25/2025 5:05:33 PM|QT Tech|4988909|
630674|Ghostruler1|Winterfelllllll|New Pacific Order|10000|Red|543701|AlphaDio|Landreth|New Pacific Order|10000|Red|Expired|0|100|0|8/25/2025 5:00:09 PM|QT Tech|4988907|
631302|Gatherum|Vermis|Non Grata|10097|Maroon|407657|Shtanto|Shtanto|Non Grata|10097|Maroon|Expired|0|100|0|8/25/2025 4:18:34 PM|Financial Assistance|4988899|
631302|Gatherum|Vermis|Non Grata|10097|Maroon|490921|Roo Blu II|Blue Roo|Non Grata|10097|Maroon|Expired|0|100|0|8/25/2025 4:18:04 PM|Financial Assistance|4988898|
631302|Gatherum|Vermis|Non Grata|10097|Maroon|528479|paul711|Paulinca|Non Grata|10097|Maroon|Expired|0|100|0|8/25/2025 4:17:50 PM|Financial Assistance|4988897|
642764|Nerdslayerx|Friheden|New Polar Order|10006|Blue|166467|KittyPride207|BlackAngels|New Polar Order|10006|Blue|Expired|0|100|0|8/25/2025 4:17:44 PM|ICECAP Tech|4988896|
642764|Nerdslayerx|Friheden|New Polar Order|10006|Blue|553210|tenbob|Mayoabu|New Polar Order|10006|Blue|Expired|0|100|0|8/25/2025 4:16:59 PM|ICECAP Tech|4988893|
587834|alucardx13|The United Regions|New Pacific Order|10000|Red|588946|AlphaCenturion|Sentosa Republic|New Pacific Order|10000|Red|Expired|0|100|0|8/25/2025 3:26:01 PM|QT Tech|4988888|
587834|alucardx13|The United Regions|New Pacific Order|10000|Red|543701|AlphaDio|Landreth|New Pacific Order|10000|Red|Expired|0|100|0|8/25/2025 3:25:55 PM|QT Tech|4988887|
587834|alucardx13|The United Regions|New Pacific Order|10000|Red|565552|Kayla Frost|Anselion|New Pacific Order|10000|Red|Expired|0|100|0|8/25/2025 3:25:40 PM|QT Tech|4988884|
603950|Michael Locke|Baltorussia|Global Alliance And Treaty Organization|10003|Brown|529189|Combat Pope|Vaticana|Global Alliance And Treaty Organization|10003|Brown|Expired|0|100|0|8/25/2025 3:13:09 PM|Financial Assistance|4988881|
447303|Terminator|USSROK|CLAWS|15841|Aqua|637264|RiddervanGelre|Nieuw Gelre|CLAWS|15841|Black|Expired|9000000|0|0|8/25/2025 2:39:33 PM|Financial Assistance|4988871|
580021|General Kanabis|Imperio Mexica|COBRA|13717|Brown|133051|MikeTheFirst|MikeLand|Non Grata|10097|Maroon|Expired|0|100|0|8/25/2025 1:59:09 PM|Financial Assistance|4988868|
580021|General Kanabis|Imperio Mexica|COBRA|13717|Brown|314185|Rhizoctonia|Rhizoctonia|Non Grata|10097|Maroon|Expired|0|100|0|8/25/2025 1:58:55 PM|Financial Assistance|4988867|
448981|Knight|Alliance of Knights|New Pacific Order|10000|Red|552125|Mouseman490|The Empire of Klein|New Pacific Order|10000|Red|Expired|9000000|0|0|8/25/2025 1:11:06 PM|Bankroll|4988865|
448981|Knight|Alliance of Knights|New Pacific Order|10000|Red|535709|Pressure|Newton|New Pacific Order|10000|Red|Expired|9000000|0|0|8/25/2025 1:10:59 PM|Bankroll|4988864|
448981|Knight|Alliance of Knights|New Pacific Order|10000|Red|605|Dilber|Dilber|New Pacific Order|10000|Red|Expired|9000000|0|0|8/25/2025 1:10:51 PM|Bankroll|4988863|
448981|Knight|Alliance of Knights|New Pacific Order|10000|Red|251551|TSLOLWedgeAntill|TSL KINGDOM|New Pacific Order|10000|Red|Expired|9000000|0|0|8/25/2025 1:10:43 PM|Bankroll|4988862|
326273|Red Rebel|Pi Lambda Phi|Madlads Union|17130|Brown|643449|Esabbi|Liberation Islands|Post Grunge Supergroup|16367|Brown|Expired|9000000|0|0|8/25/2025 1:05:47 PM|Tech Deal 9m/100t|4988861|
643887|SilenttShadow27|Temnota|NATO|10037|Blue|561490|Greatest Mothers|Femocratic Lands|Freehold of The Wolves|15157|White|Expired|0|100|0|8/25/2025 1:04:52 PM|Cupcakes &amp; techz &lt;3|4988860|
643887|SilenttShadow27|Temnota|NATO|10037|Blue|338643|Conundrum|Wallabyville|Federation of Armed Nations|10021|Yellow|Expired|0|100|0|8/25/2025 1:04:11 PM|Cupcakes &amp; techz &lt;3|4988859|
12501|onbekende|Kapellen|Independent Republic of Orange Nations|10004|Orange|87890|Formanj|Norvegs Trøndelag|Independent Republic of Orange Nations|10004|Orange|Expired|0|100|0|8/25/2025 12:32:40 PM|ITF|4988852|
12501|onbekende|Kapellen|Independent Republic of Orange Nations|10004|Orange|374610|Captain Crozier|Dime Store Novena|Independent Republic Of Orange Nations|10004|Orange|Expired|0|100|0|8/25/2025 12:32:20 PM|ITF|4988850|
12501|onbekende|Kapellen|Independent Republic of Orange Nations|10004|Orange|207900|Queltocz|Quelto|Independent Republic Of Orange Nations|10004|Orange|Expired|0|100|0|8/25/2025 12:32:10 PM|ITF|4988849|
12501|onbekende|Kapellen|Independent Republic of Orange Nations|10004|Orange|234325|Ben Gates|TreasureLand|Independent Republic Of Orange Nations|10004|Orange|Expired|0|100|0|8/25/2025 12:30:42 PM|ITF|4988847|
340698|Onified|Spork|NATO|10037|Blue|248201|gegthomas|Lzarja|Freehold of The Wolves|15157|White|Expired|9000000|0|0|8/25/2025 12:21:02 PM|Vep|4988844|
340698|Onified|Spork|NATO|10037|Blue|633463|Mein Kaiser|DasVaterland|Church of the Holy Platypus|17265|Green|Expired|9000000|0|0|8/25/2025 12:20:33 PM|Vep|4988843|
573749|necAnt|Lucky Ants|The Gramlins|17440|Green|380432|dimaradona|Piedra Negra|Green Protection Agency|10041|Green|Expired|0|100|0|8/25/2025 11:58:49 AM|TD 2/2|4988839|
618150|Lyanna Mormont|Bear Island 4 Lyfe|Non Grata|10097|Maroon|155826|weebl2000|Azeer|Non Grata|10097|Maroon|Expired|0|100|0|8/25/2025 11:24:56 AM|Financial Assistance|4988831|
618150|Lyanna Mormont|Bear Island 4 Lyfe|Non Grata|10097|Maroon|634448|Stewie|Stewieland III|Non Grata|10097|Maroon|Expired|0|100|0|8/25/2025 11:24:47 AM|Financial Assistance|4988830|
618150|Lyanna Mormont|Bear Island 4 Lyfe|Non Grata|10097|Maroon|188637|Caustic|Hazardous Materials|Non Grata|10097|Maroon|Expired|0|100|0|8/25/2025 11:24:42 AM|Financial Assistance|4988829|
618150|Lyanna Mormont|Bear Island 4 Lyfe|Non Grata|10097|Maroon|230895|TCTriangle|Taninsania|Non Grata|10097|Maroon|Expired|0|100|0|8/25/2025 11:24:33 AM|Financial Assistance|4988828|
633062|SoloRocket|Rocket Republic|Post Grunge Supergroup|16367|Brown|645467|LiefzDel|Greater Czechia|Post Grunge Supergroup|16367|Brown|Expired|9000000|0|0|8/25/2025 11:20:19 AM|Tech9/100|4988825|
633062|SoloRocket|Rocket Republic|Post Grunge Supergroup|16367|Brown|645688|Queen Victoria Hale|Kingdom of Thalassia|Post Grunge Supergroup|16367|Brown|Expired|6000000|0|0|8/25/2025 11:19:49 AM|Tech6/100|4988824|
155817|MutedFaith|Faithoria|Non Grata|10097|Maroon|634903|ToasterOven|Pancake Republic|Non Grata|10097|Maroon|Expired|9000000|0|0|8/25/2025 11:06:57 AM|Tech|4988820|
474413|The R00STER|Republic of Ibonn|The Dark Templar|10056|Black|640620|Frioz|Lusitania Portugalia|Post Grunge Supergroup|16367|Brown|Expired|9000000|0|0|8/25/2025 10:56:30 AM|Tech deal|4988818|
643549|KingDutchison|KingDutchison|The Legion|10020|Purple|129686|HK Boris|USEAR|The Legion|10020|Purple|Expired|0|100|0|8/25/2025 10:51:09 AM|Financial Assistance|4988816|
541983|CVO|Kush|NATO|10037|Blue|633463|Mein Kaiser|DasVaterland|Church of the Holy Platypus|17265|Green|Expired|9000000|0|0|8/25/2025 10:47:37 AM|Valyrian Aid|4988815|
289177|Blaskowicz|Doomsland|New Pacific Order|10000|Red|571763|JohelleTapper|StoneSour|New Pacific Order|10000|Red|Expired|9000000|0|0|8/25/2025 10:46:47 AM|Bankroll|4988814|
289177|Blaskowicz|Doomsland|New Pacific Order|10000|Red|552125|Mouseman490|The Empire of Klein|New Pacific Order|10000|Red|Expired|9000000|0|0|8/25/2025 10:46:42 AM|Bankroll|4988813|
289177|Blaskowicz|Doomsland|New Pacific Order|10000|Red|535709|Pressure|Newton|New Pacific Order|10000|Red|Expired|9000000|0|0|8/25/2025 10:46:38 AM|Bankroll|4988812|
289177|Blaskowicz|Doomsland|New Pacific Order|10000|Red|605|Dilber|Dilber|New Pacific Order|10000|Red|Expired|9000000|0|0|8/25/2025 10:46:34 AM|Bankroll|4988811|
289177|Blaskowicz|Doomsland|New Pacific Order|10000|Red|609716|xander99|Melton|New Pacific Order|10000|Red|Expired|9000000|0|0|8/25/2025 10:46:30 AM|Bankroll|4988810|
289177|Blaskowicz|Doomsland|New Pacific Order|10000|Red|251551|TSLOLWedgeAntill|TSL KINGDOM|New Pacific Order|10000|Red|Expired|9000000|0|0|8/25/2025 10:46:24 AM|Bankroll|4988809|
541983|CVO|Kush|NATO|10037|Blue|645124|stugots|Trumpopolis|NATO|10037|Blue|Expired|9000000|0|0|8/25/2025 10:44:38 AM|Valyrian Aid|4988808|
254879|tnnnn|Turtle Empire|Global Alliance and Treaty Organization|10003|Brown|646813|SaberClawd|Nyxus|Global Alliance And Treaty Organization|10003|Brown|Expired|9000000|0|0|8/25/2025 10:43:20 AM|Generic message #4838284|4988807|
254879|tnnnn|Turtle Empire|Global Alliance and Treaty Organization|10003|Brown|646764|Reverend Edo|Outopostan|Global Alliance And Treaty Organization|10003|Brown|Expired|9000000|0|0|8/25/2025 10:42:51 AM|Cat asked me...|4988806|
254879|tnnnn|Turtle Empire|Global Alliance and Treaty Organization|10003|Brown|405936|Griffy|Rememberence|Global Alliance And Treaty Organization|10003|Brown|Expired|9000000|0|0|8/25/2025 10:42:20 AM|Very Good Reason|4988805|
254879|tnnnn|Turtle Empire|Global Alliance and Treaty Organization|10003|Brown|588353|FieryVixen|Craptonia|Global Alliance And Treaty Organization|10003|Brown|Expired|9000000|0|0|8/25/2025 10:41:21 AM|Financial Assistance|4988804|
254879|tnnnn|Turtle Empire|Global Alliance and Treaty Organization|10003|Brown|646800|Brotherlouie27|Louimerica II|Global Alliance And Treaty Organization|10003|Brown|Expired|9000000|0|0|8/25/2025 10:41:04 AM|Financial Assistance|4988803|
83962|Victor_Delta|VaultTec|Federation of Armed Nations|10021|Yellow|645372|darkestofdans|Alert1|Federation Of Armed Nations|10021|Yellow|Expired|9000000|0|0|8/25/2025 10:27:03 AM|Financial Assistance|4988802|
78691|konkrage1|konkrage1|The Legion|10020|Purple|129686|HK Boris|USEAR|The Legion|10020|Purple|Expired|0|100|0|8/25/2025 10:07:48 AM|Financial Assistance|4988798|
642148|Exod IV|Ummah AlMuwahhidah|Doom Squad|16454|Black|199494|Bomber66|Baxter|Doombrella|17368|Black|Expired|0|100|0|8/25/2025 10:05:34 AM|Financial Assistance|4988795|
642148|Exod IV|Ummah AlMuwahhidah|Doom Squad|16454|Black|634169|Cadlore|OId Lore|CLAWS|15841|Black|Expired|0|100|0|8/25/2025 10:05:20 AM|Financial Assistance|4988794|
642148|Exod IV|Ummah AlMuwahhidah|Doom Squad|16454|Black|410812|Berbers|Kingdom of AlRezana|The Wolves|16660|Black|Expired|0|100|0|8/25/2025 10:05:09 AM|Financial Assistance|4988793|
262358|Johnny123|Johhny|New Polar Order|10006|Blue|602798|Tharu|Thunnalai|New Polar Order|10006|Blue|Expired|9000000|0|0|8/25/2025 10:00:03 AM|icecap cash|4988792|
273254|unstpblpimp|unstpblpimp|Global Alliance and Treaty Organization|10003|Brown|646756|DyneVeilstone|Felis Felicitas|Global Alliance And Treaty Organization|10003|Brown|Expired|6000000|0|0|8/25/2025 9:59:05 AM|Financial Assistance|4988789|
535865|Donbo McSlay|Donbo Land|Federation Of Armed Nations|10021|Yellow|88398|thepunk|thepunk|Federation Of Armed Nations|10021|Yellow|Expired|0|100|0|8/25/2025 9:55:44 AM|Financial Assistance|4988788|
75992|weaverc|Weaver|Global Alliance and Treaty Organization|10003|Brown|647027|HorseElectrolytes|Greater Mustangistan|Global Alliance And Treaty Organization|10003|Brown|Expired|6000000|0|0|8/25/2025 9:30:55 AM|Financial Assistance|4988782|
644711|CatDog|NicholasJoseph|Catholic Reich|17311|Black|646383|Son Of Him|Land of Forever|aNiMaLz|17433|Black|Expired|0|100|0|8/25/2025 9:29:07 AM|Financial Assistance|4988779|
113773|Njero|Njebooro|NATO|10037|Blue|468549|shadowstriker|shadow world|NATO|10037|Blue|Expired|0|100|0|8/25/2025 9:28:20 AM|Valyrian Aid|4988777|
113773|Njero|Njebooro|NATO|10037|Blue|338643|Conundrum|Wallabyville|Federation of Armed Nations|10021|Yellow|Expired|0|100|0|8/25/2025 9:28:08 AM|Valyrian Aid|4988776|
113773|Njero|Njebooro|NATO|10037|Blue|493791|azntrigboi|Symmetry|NATO|10037|Blue|Expired|0|100|0|8/25/2025 9:28:01 AM|Valyrian Aid|4988775|
646764|Reverend Edo|Outopostan|Global Alliance And Treaty Organization|10003|Brown|394625|Empress Elizabeth|DeWitt|Global Alliance And Treaty Organization|10003|Brown|Expired|0|100|0|8/25/2025 9:03:07 AM|Financial Assistance|4988771|
641804|jackthebest|Jackastan|NATO|10037|Blue|468549|shadowstriker|shadow world|NATO|10037|Blue|Expired|0|100|0|8/25/2025 8:57:47 AM|Financial Assistance|4988768|
63284|Kills with Fire|New Highlands|Federation of Armed Nations|10021|Yellow|645124|stugots|Trumpopolis|NATO|10037|Blue|Expired|9000000|0|0|8/25/2025 8:54:35 AM|Valyrian|4988767|
280326|Scytale|Tleilax|Fark|10002|Aqua|647305|Valid|Finnish Commune|Nuclear Proliferation League|17228|Aqua|Expired|6000000|0|0|8/25/2025 8:41:45 AM|tech|4988760|
190480|Unruly|Republique de Buja|AGW Overlords|10043|Black|647002|Akshar|Federation of Deli|CLAWS|15841|Black|Expired|6000000|0|0|8/25/2025 8:33:38 AM|Financial Assistance|4988758|
532788|end666|A New India|New Pacific Order|10000|Red|646098|Brutus5149|Legio Lupi|New Pacific Order|10000|Red|Expired|9000000|0|0|8/25/2025 8:19:54 AM|Cash for DOPE|4988755|
532788|end666|A New India|New Pacific Order|10000|Red|645269|1991s1|Policia|New Pacific Order|10000|Red|Expired|9000000|0|0|8/25/2025 8:19:44 AM|Cash for DOPE|4988754|
532788|end666|A New India|New Pacific Order|10000|Red|571763|JohelleTapper|StoneSour|New Pacific Order|10000|Red|Expired|9000000|0|0|8/25/2025 8:19:36 AM|Bankroll|4988753|
532788|end666|A New India|New Pacific Order|10000|Red|553651|Stanley Steemer|Erwin Township|New Pacific Order|10000|Red|Expired|9000000|0|0|8/25/2025 8:19:30 AM|Bankroll|4988752|
532788|end666|A New India|New Pacific Order|10000|Red|552125|Mouseman490|The Empire of Klein|New Pacific Order|10000|Red|Expired|9000000|0|0|8/25/2025 8:19:15 AM|Bankroll|4988750|
481103|AzureShadow|Coobie|Doombrella|17368|Black|503436|StevieG|Dinglebay|Doombrella|17368|Black|Expired|0|100|0|8/25/2025 8:11:04 AM|Financial Assistance|4988748|
556822|Emwem|MUA land|New Pacific Order|10000|Red|636711|Praetor Cuddles|Romulan Star Empire|New Pacific Order|10000|Red|Expired|0|100|0|8/25/2025 8:03:25 AM|QT Tech|4988744|
556822|Emwem|MUA land|New Pacific Order|10000|Red|543701|AlphaDio|Landreth|New Pacific Order|10000|Red|Expired|0|100|0|8/25/2025 8:03:17 AM|QT Tech|4988742|
556822|Emwem|MUA land|New Pacific Order|10000|Red|588946|AlphaCenturion|Sentosa Republic|New Pacific Order|10000|Red|Expired|0|100|0|8/25/2025 8:03:12 AM|QT Tech|4988741|
556822|Emwem|MUA land|New Pacific Order|10000|Red|21424|John Edward|Ardenchestia|New Pacific Order|10000|Red|Expired|0|100|0|8/25/2025 8:03:07 AM|Vallum Aelium|4988740|
626980|Aspire|AspireFerty|Non Grata|10097|Maroon|626678|slothix|Kevin|Non Grata|10097|Maroon|Expired|9000000|0|0|8/25/2025 7:47:15 AM|Aid|4988726|
626980|Aspire|AspireFerty|Non Grata|10097|Maroon|457345|Taiki11|Taiki Land|Non Grata|10097|Maroon|Expired|9000000|0|0|8/25/2025 7:46:08 AM|Tech Deal|4988724|
308695|Indiomaestro|Jahara|The Dark Templar|10056|Black|646383|Son Of Him|Land of Forever|aNiMaLz|17433|Black|Expired|9000000|0|0|8/25/2025 7:36:50 AM|Tech Deal|4988723|
144157|Sarkin|My Hero Party|The Dark Templar|10056|Black|644785|Optimus881|Wakanda881|Post Grunge Supergroup|16367|Brown|Expired|9000000|0|0|8/25/2025 7:21:15 AM|Tech deal|4988715|
406305|Ciroton|Sarin|New Polar Order|10006|Blue|481947|Morgaine|Cruithne|New Polar Order|10006|Blue|Expired|9000000|0|0|8/25/2025 7:12:35 AM|ICECAP Cash|4988712|
542501|King Georges III|Georgiostan|Sparta|10008|Black|404438|Herzog|Black Amber|Sparta|10008|Black|Expired|9000000|0|0|8/25/2025 7:07:06 AM|9mil/100tech|4988709|
542501|King Georges III|Georgiostan|Sparta|10008|Black|644316|Sam Sparks|Mendota|Sparta|10008|Black|Expired|6000000|0|0|8/25/2025 7:06:20 AM|6mil/100tech|4988708|
604873|Iorek|Crusader States|New Pacific Order|10000|Red|646098|Brutus5149|Legio Lupi|New Pacific Order|10000|Red|Expired|9000000|0|0|8/25/2025 6:55:56 AM|Rising Stars|4988706|
604873|Iorek|Crusader States|New Pacific Order|10000|Red|626040|Rewan Demontay|Panagouge|New Pacific Order|10000|Red|Expired|9000000|0|0|8/25/2025 6:55:51 AM|Bankroll|4988705|
604873|Iorek|Crusader States|New Pacific Order|10000|Red|587834|alucardx13|The United Regions|New Pacific Order|10000|Red|Expired|9000000|0|0|8/25/2025 6:55:48 AM|QT Pay|4988704|
604873|Iorek|Crusader States|New Pacific Order|10000|Red|645269|1991s1|Policia|New Pacific Order|10000|Red|Expired|9000000|0|0|8/25/2025 6:55:44 AM|Cash for DOPE|4988703|
588353|FieryVixen|Craptonia|Global Alliance And Treaty Organization|10003|Brown|206001|Mallardius|Dominion of the Duck|Global Alliance And Treaty Organization|10003|Brown|Expired|0|100|0|8/25/2025 6:41:47 AM|Financial Assistance|4988700|
327088|spearo|Deep Blue|Non Grata|10097|Maroon|643981|ONXwat|Vanier|Non Grata|10097|Maroon|Expired|9000000|0|0|8/25/2025 6:41:39 AM|Financial Assistance|4988699|
590806|vocalese|Vocalese|The Imperial Entente|16809|Maroon|327088|spearo|Deep Blue|Non Grata|10097|Maroon|Expired|0|100|0|8/25/2025 6:26:30 AM|Financial Assistance|4988698|
309853|Tasuki|Oniwabanshu|New Pacific Order|10000|Red|627542|ifesbob|ifesville|New Pacific Order|10000|Red|Expired|0|100|0|8/25/2025 6:23:03 AM|QT Tech|4988697|
309853|Tasuki|Oniwabanshu|New Pacific Order|10000|Red|21424|John Edward|Ardenchestia|New Pacific Order|10000|Red|Expired|0|100|0|8/25/2025 6:22:58 AM|Vallum Aelium|4988696|
437823|zyberzpyder|Zyberia|Non Grata|10097|Maroon|643981|ONXwat|Vanier|Non Grata|10097|Maroon|Expired|9000000|0|0|8/25/2025 5:57:53 AM|Tech|4988691|
264926|Ken T Kent|Codopia|Fark|10002|Aqua|106268|cable77|Tau ri|Fark|10002|Aqua|Expired|0|100|0|8/25/2025 5:29:29 AM|Financial Assistance|4988688|
433854|Auctor|Wyrdgar|Doombrella|17368|Black|484851|enderland|Fields of Elysium|Doombrella|17368|Black|Expired|0|100|0|8/25/2025 5:18:04 AM|Financial Assistance|4988685|
404176|Sadero|Saderia|New Polar Order|10006|Blue|584263|Beefbone|Beefy|New Polar Order|10006|Blue|Expired|0|100|0|8/25/2025 5:08:56 AM|ICECAP Tech|4988684|
484657|Augustus Caesar|South Holland|Non Grata|10097|Maroon|584157|Sheekyz|Kingdom Of Xe|Non Grata|10097|Maroon|Expired|9000000|0|0|8/25/2025 5:06:56 AM|still poor?|4988683|
484657|Augustus Caesar|South Holland|Non Grata|10097|Maroon|630971|Jeremiah|CERAVA|Non Grata|10097|Maroon|Expired|9000000|0|0|8/25/2025 5:05:53 AM|techdeal|4988682|
453391|Rokula|Paraiso|New Pacific Order|10000|Red|645804|La Mismidad|Libertaris|New Pacific Order|10000|Red|Expired|9000000|0|0|8/25/2025 4:24:09 AM|Rising Stars|4988676|
453391|Rokula|Paraiso|New Pacific Order|10000|Red|646681|Jokkeh|Andebu Technocracy|New Pacific Order|10000|Red|Expired|9000000|0|0|8/25/2025 4:24:01 AM|Rising Stars|4988675|
631706|Silver Witch|Virtual Empire|The Legion|10020|Purple|638569|Ozark|Blue Cat Nation|The Legion|10020|Purple|Expired|0|100|0|8/25/2025 3:56:06 AM|Caesar|4988671|
635667|Steves|Steveland|Fark|10002|Aqua|407586|FreezingAssassin|Charr|Fark|10002|Aqua|Expired|0|100|0|8/25/2025 3:47:50 AM|Financial Assistance|4988668|
635667|Steves|Steveland|Fark|10002|Aqua|106268|cable77|Tau ri|Fark|10002|Aqua|Expired|0|100|0|8/25/2025 3:47:11 AM|Financial Assistance|4988666|
579649|Dale Flanderlion|Flanderlion|New Pacific Order|10000|Red|627542|ifesbob|ifesville|New Pacific Order|10000|Red|Expired|0|100|0|8/25/2025 2:23:01 AM|QT Tech|4988653|
579649|Dale Flanderlion|Flanderlion|New Pacific Order|10000|Red|21424|John Edward|Ardenchestia|New Pacific Order|10000|Red|Expired|0|100|0|8/25/2025 2:22:53 AM|Vallum Aelium|4988651|
579649|Dale Flanderlion|Flanderlion|New Pacific Order|10000|Red|522260|kalev60|Hiiumaa|New Pacific Order|10000|Red|Expired|0|100|0|8/25/2025 2:22:48 AM|QT Tech|4988650|
579649|Dale Flanderlion|Flanderlion|New Pacific Order|10000|Red|366247|Polgas|Novasea|New Pacific Order|10000|Red|Expired|0|100|0|8/25/2025 2:22:44 AM|QT Tech|4988649|
579649|Dale Flanderlion|Flanderlion|New Pacific Order|10000|Red|588946|AlphaCenturion|Sentosa Republic|New Pacific Order|10000|Red|Expired|0|100|0|8/25/2025 2:22:39 AM|QT Tech|4988648|
94305|Brettward|Truckerland|Nordreich|11319|Maroon|49522|Croix|Edjaal|Random Insanity Alliance|10038|Maroon|Expired|9000000|0|0|8/25/2025 2:05:19 AM|Tech deal|4988646|
133051|MikeTheFirst|MikeLand|Non Grata|10097|Maroon|643981|ONXwat|Vanier|Non Grata|10097|Maroon|Expired|9000000|0|0|8/25/2025 2:04:39 AM|Tech circle|4988645|
639282|Agaton Sax|Asmodean|COBRA|13717|Brown|170471|Smurthwaite|Smurthwaite|Nuclear Proliferation League|17228|Aqua|Expired|0|100|0|8/25/2025 1:31:41 AM|Financial Assistance|4988643|
630971|Jeremiah|CERAVA|Non Grata|10097|Maroon|584157|Sheekyz|Kingdom Of Xe|Non Grata|10097|Maroon|Expired|0|100|0|8/25/2025 1:16:33 AM|Tech Delivery|4988641|
630971|Jeremiah|CERAVA|Non Grata|10097|Maroon|40650|kerschbs|indica|Non Grata|10097|Maroon|Expired|0|100|0|8/25/2025 1:16:18 AM|Tech Delivery|4988640|
471972|Monkzaon|Ecliptonia|United Equestria|10101|Pink|137097|htmlmaster|Technopolis|Argent|10063|Pink|Expired|0|100|0|8/25/2025 1:07:03 AM|Tech|4988639|
471972|Monkzaon|Ecliptonia|United Equestria|10101|Pink|380255|Vaslov|UFPNS|Argent|10063|Pink|Expired|0|100|0|8/25/2025 1:06:52 AM|Tech|4988638|
268021|Mandarijn|Mandarijni|Independent Republic of Orange Nations|10004|Orange|568614|joe44|Berlin Republik|Independent Republic Of Orange Nations|10004|Orange|Expired|9000000|100|0|8/25/2025 1:03:11 AM|Financial Assistance|4988637|
268021|Mandarijn|Mandarijni|Independent Republic of Orange Nations|10004|Orange|605023|JuggernautMD|Framework|Independent Republic Of Orange Nations|10004|Orange|Expired|9000000|100|0|8/25/2025 1:02:12 AM|Financial Assistance|4988635|
268021|Mandarijn|Mandarijni|Independent Republic of Orange Nations|10004|Orange|515270|Chrismathews|Empire81|Independent Republic Of Orange Nations|10004|Orange|Expired|9000000|100|0|8/25/2025 1:01:50 AM|Financial Assistance|4988634|
268021|Mandarijn|Mandarijni|Independent Republic of Orange Nations|10004|Orange|616887|Dontavian|Karnax|Independent Republic Of Orange Nations|10004|Orange|Expired|9000000|100|0|8/25/2025 1:01:29 AM|Financial Assistance|4988633|
53781|Algolei|Manitobah|CLAWS|15841|Black|485812|Amyante|Zargathia|Shangri La|13799|White|Expired|9000000|0|0|8/25/2025 12:59:48 AM|9/100 tech deal?|4988632|
53781|Algolei|Manitobah|CLAWS|15841|Black|621876|thebigkas|kekistan69|COBRA|13717|Brown|Expired|9000000|0|0|8/25/2025 12:59:29 AM|9/100 tech deal?|4988630|
262614|aml520|Hantou|New Polar Order|10006|Blue|202519|Zombie Glaucon|UTC Labs|New Polar Order|10006|Blue|Expired|0|100|0|8/25/2025 12:25:26 AM|ICECAP Tech|4988625|
88398|thepunk|thepunk|Federation Of Armed Nations|10021|Yellow|645652|SpaceGhostCTC|Phantom crusier|Federation Of Armed Nations|10021|Yellow|Expired|9000000|0|4000|8/24/2025 9:57:18 PM|Financial Assistance|4988616|
134146|Lenadius|Espa&#241;ola|New Pacific Order|10000|Red|553651|Stanley Steemer|Erwin Township|New Pacific Order|10000|Red|Expired|9000000|0|0|8/24/2025 9:40:07 PM|Bankroll|4988613|
134146|Lenadius|Espa&#241;ola|New Pacific Order|10000|Red|645269|1991s1|Policia|New Pacific Order|10000|Red|Expired|9000000|0|0|8/24/2025 9:40:03 PM|Cash for DOPE|4988612|
134146|Lenadius|Espa&#241;ola|New Pacific Order|10000|Red|580705|Theory|Westermont|New Pacific Order|10000|Red|Expired|9000000|0|0|8/24/2025 9:39:56 PM|Bankroll|4988611|
610914|Impossible|Ropadope|Disciples of Duckroll|17024|Black|596807|AmeerMuib|SiegeTank|Disciples of Duckroll|17024|Black|Expired|9000000|0|0|8/24/2025 9:12:07 PM|Financial Assistance|4988608|
610914|Impossible|Ropadope|Disciples of Duckroll|17024|Black|402492|NikolaP|Wiggles|Disciples of Duckroll|17024|Black|Expired|0|100|0|8/24/2025 9:11:57 PM|Financial Assistance|4988607|
610914|Impossible|Ropadope|Disciples of Duckroll|17024|Black|541774|Das Blitzkrieger|Leistungsstarke|Disciples of Duckroll|17024|Black|Expired|9000000|100|0|8/24/2025 9:11:46 PM|Financial Assistance|4988606|
610914|Impossible|Ropadope|Disciples of Duckroll|17024|Black|585631|Srivatsan|MAHANADU|Disciples of Duckroll|17024|Black|Expired|0|100|0|8/24/2025 9:11:37 PM|Financial Assistance|4988605|
610914|Impossible|Ropadope|Disciples of Duckroll|17024|Black|334182|st6mm|Northern Reich|Disciples of Duckroll|17024|Black|Expired|0|100|0|8/24/2025 9:11:26 PM|Financial Assistance|4988604|
610914|Impossible|Ropadope|Disciples of Duckroll|17024|Black|230799|Raymond Jaeger|New Alabama|Disciples of Duckroll|17024|Black|Expired|9000000|100|0|8/24/2025 9:11:19 PM|Financial Assistance|4988603|
225241|Admiral Alexander|The CommonWealthCW|The Wolves|16660|Maroon|570802|IlDuce|ItaliaSS|CLAWS|15841|Black|Expired|9000000|0|0|8/24/2025 9:06:12 PM|Tech Deal 9/100|4988601|
633463|Mein Kaiser|DasVaterland|Church of the Holy Platypus|17265|Green|583069|Embowaf|Ilium|Mostly Harmless Alliance|14879|Aqua|Expired|0|100|0|8/24/2025 8:37:35 PM|Financial Assistance|4988596|
633463|Mein Kaiser|DasVaterland|Church of the Holy Platypus|17265|Green|63284|Kills with Fire|New Highlands|Federation of Armed Nations|10021|Yellow|Expired|0|100|0|8/24/2025 8:36:52 PM|Financial Assistance|4988594|
633463|Mein Kaiser|DasVaterland|Church of the Holy Platypus|17265|Green|229836|apemax|smugglers and mercs|The Imperial Order|10082|Blue|Expired|0|100|0|8/24/2025 8:36:39 PM|Financial Assistance|4988593|
633463|Mein Kaiser|DasVaterland|Church of the Holy Platypus|17265|Green|8515|Turetel|Turetel|Freehold of The Wolves|15157|White|Expired|0|100|0|8/24/2025 8:36:25 PM|Financial Assistance|4988592|
481103|AzureShadow|Coobie|Doombrella|17368|Black|144708|Matthew PK|Commonwealth of LoL|Doombrella|17368|Black|Expired|0|100|0|8/24/2025 8:28:28 PM|Financial Assistance|4988591|
481103|AzureShadow|Coobie|Doombrella|17368|Black|66883|Crown Prince Mishka|Tygaland|Doombrella|17368|Black|Expired|0|100|0|8/24/2025 8:28:23 PM|Financial Assistance|4988590|
481103|AzureShadow|Coobie|Doombrella|17368|Black|484851|enderland|Fields of Elysium|Doombrella|17368|Black|Expired|0|100|0|8/24/2025 8:28:16 PM|Financial Assistance|4988589|
288430|jrsyboy|toqueville|Non Grata|10097|Maroon|627572|Latexi|Why would I do this|Non Grata|10097|Maroon|Expired|9000000|0|0|8/24/2025 7:57:39 PM|Financial Assistance|4988585|
288430|jrsyboy|toqueville|Non Grata|10097|Maroon|624193|The1nonlykk|Biourja|Non Grata|10097|Maroon|Expired|9000000|0|0|8/24/2025 7:57:22 PM|Financial Assistance|4988584|
39705|Bmk812|Eisenherz|Global Alliance And Treaty Organization|10003|Brown|646813|SaberClawd|Nyxus|Global Alliance And Treaty Organization|10003|Brown|Expired|9000000|0|0|8/24/2025 7:10:41 PM|Tech aid|4988579|
446109|VVhite Majik|VS0P United|Doombrella|17368|Black|66883|Crown Prince Mishka|Tygaland|Doombrella|17368|Black|Expired|0|100|0|8/24/2025 6:43:38 PM|Financial Assistance|4988578|
446109|VVhite Majik|VS0P United|Doombrella|17368|Black|202255|onelove|We Are One Love|Doombrella|17368|Black|Expired|9000000|100|0|8/24/2025 6:43:30 PM|Financial Assistance|4988577|
625051|Troopers|Colonist|CLAWS|15841|Black|410290|bdrocks|Knights of Honour|CLAWS|15841|Black|Expired|0|100|0|8/24/2025 6:38:23 PM|Financial Assistance|4988575|
637646|Anarch Nexus|Aevum Providence|Christian Coalition Of Countries|10028|Maroon|482099|Sir Gunz|Talent|Christian Coalition Of Countries|10028|Maroon|Expired|0|100|0|8/24/2025 6:23:12 PM|VEP|4988573|
634448|Stewie|Stewieland III|Non Grata|10097|Maroon|624193|The1nonlykk|Biourja|Non Grata|10097|Maroon|Expired|9000000|0|0|8/24/2025 6:17:50 PM|Financial Assistance|4988571|
429171|Inquisitor Gaunt|Cult Imperialis|Global Alliance And Treaty Organization|10003|Brown|646249|Pretondapredator|Prestonland|Global Alliance And Treaty Organization|10003|Brown|Expired|6000000|0|0|8/24/2025 6:11:59 PM|Financial Assistance|4988570|
32861|Drachonum|drachonia|Global Alliance and Treaty Organization|10003|Brown|588353|FieryVixen|Craptonia|Global Alliance And Treaty Organization|10003|Brown|Expired|9000000|0|0|8/24/2025 6:04:37 PM|Financial Assistance|4988568|
634597|LiaColle|Prynthian|Non Grata|10097|Maroon|469301|Lars Jorgens|Whale of a Time|Non Grata|10097|Maroon|Expired|0|100|0|8/24/2025 5:56:28 PM|Financial Assistance|4988564|
647037|Pachacan Federation|Pachacan Federation|Independent Republic Of Orange Nations|10004|Orange|636601|Wolfbite|Caffinated Wolves|Independent Republic Of Orange Nations|10004|Orange|Expired|0|100|0|8/24/2025 5:54:35 PM|ITF|4988563|
639953|Mihail the Just|Republic of Onivlac|New Polar Order|10006|Blue|629752|Jamo199599|C1995|New Polar Order|10006|Blue|Expired|0|100|0|8/24/2025 5:48:09 PM|ICECAP Tech|4988555|
639953|Mihail the Just|Republic of Onivlac|New Polar Order|10006|Blue|431565|Dark Zone Elite|Dark Zone Elite|New Polar Order|10006|Blue|Expired|0|100|0|8/24/2025 5:47:47 PM|ICECAP Tech|4988554|
639953|Mihail the Just|Republic of Onivlac|New Polar Order|10006|Blue|584263|Beefbone|Beefy|New Polar Order|10006|Blue|Expired|0|100|0|8/24/2025 5:47:27 PM|ICECAP Tech|4988553|
185755|jonah spark|pffoo|Independent Republic of Orange Nations|10004|Orange|647037|Pachacan Federation|Pachacan Federation|Independent Republic Of Orange Nations|10004|Orange|Expired|6000000|0|0|8/24/2025 3:23:52 PM|Graduation Bonus|4988545|
482099|Sir Gunz|Talent|Christian Coalition Of Countries|10028|Maroon|646556|DarkFae|FaeRealm|Christian Coalition Of Countries|10028|Maroon|Expired|6000000|0|0|8/24/2025 3:08:45 PM|Valyrian Aid|4988543|
482099|Sir Gunz|Talent|Christian Coalition Of Countries|10028|Maroon|627906|AironthFlamewing|The Crown Dominion|Christian Coalition Of Countries|10028|Maroon|Expired|9000000|0|0|8/24/2025 3:05:11 PM|Valyrian Aid|4988542|
482099|Sir Gunz|Talent|Christian Coalition Of Countries|10028|Maroon|646787|Hye781|Calilove4ever|Christian Coalition Of Countries|10028|Maroon|Expired|6000000|0|0|8/24/2025 3:02:19 PM|Valyrian Aid|4988541|
626566|Peacy McPeaceface|New Olde Switzerland|Christian Coalition Of Countries|10028|Maroon|647057|Yuri Markovitch|Volgravia|Christian Coalition Of Countries|10028|Maroon|Expired|6000000|0|4000|8/24/2025 2:58:50 PM|Welcome|4988539|
645124|stugots|Trumpopolis|NATO|10037|Blue|39465|King Tom|king Tom|NATO|10037|Blue|Expired|0|100|0|8/24/2025 2:49:03 PM|Financial Assistance|4988538|
641537|Probably Mochi|Kap Land|Doom Squad|16454|Black|622221|cobwebbyarc6|Dasein|Doom Squad|16454|Black|Expired|0|100|0|8/24/2025 2:21:47 PM|Financial Assistance|4988535|
641537|Probably Mochi|Kap Land|Doom Squad|16454|Black|410812|Berbers|Kingdom of AlRezana|The Wolves|16660|Black|Expired|0|100|0|8/24/2025 2:21:15 PM|Financial Assistance|4988533|
634243|KhanterWinters|Utrennyaya Zvezda|Doom Squad|16454|Black|392583|Javier360|Tenochtitlan|DOOMBIRD DOOMCAVE|10449|Black|Expired|0|100|0|8/24/2025 2:15:16 PM|Tech Assistance|4988532|
634243|KhanterWinters|Utrennyaya Zvezda|Doom Squad|16454|Black|622221|cobwebbyarc6|Dasein|Doom Squad|16454|Black|Expired|0|100|0|8/24/2025 2:14:38 PM|Tech Assistance|4988531|
634243|KhanterWinters|Utrennyaya Zvezda|Doom Squad|16454|Black|199494|Bomber66|Baxter|Doombrella|17368|Black|Expired|0|100|0|8/24/2025 2:13:35 PM|Tech Assistance|4988528|
634243|KhanterWinters|Utrennyaya Zvezda|Doom Squad|16454|Black|139809|John Orris|Commonwealth of John|Doombrella|17368|Black|Expired|0|100|0|8/24/2025 2:12:40 PM|Tech Assistance|4988527|
447303|Terminator|USSROK|CLAWS|15841|Aqua|634521|Kapleo|Kapleo|The Phoenix Federation|17385|Black|Expired|9000000|0|0|8/24/2025 1:58:43 PM|Financial Assistance|4988526|
144157|Sarkin|My Hero Party|The Dark Templar|10056|Black|639897|CaptTchalle|Akutan Island|The Dark Templar|10056|Brown|Expired|9000000|0|0|8/24/2025 1:36:12 PM|Financial Assistance|4988524|
637489|Osirispuprex|Osirispuprex|Post Grunge Supergroup|16367|Brown|630254|Venoxis|Anartektica|Post Grunge Supergroup|16367|Brown|Expired|0|100|0|8/24/2025 1:12:57 PM|Financial Assistance|4988523|
187132|White Majik|VSOP United|Doombrella|17368|Black|635159|xAnri|xRoan|Doombrella|17368|Black|Expired|9000000|0|0|8/24/2025 1:11:10 PM|Financial Assistance|4988522|
618472|Leftie|Brotherhood|Madlads Union|17130|Brown|644785|Optimus881|Wakanda881|Post Grunge Supergroup|16367|Brown|Expired|9000000|0|0|8/24/2025 12:42:40 PM|9M = 100T?|4988521|
301419|SirTwist|Twistland|The Grand Lodge Of Freemasons|10029|Orange|606462|Iamjust0ne|Senstown|Doom Squad|16454|Black|Expired|0|100|0|8/24/2025 11:22:56 AM|Tech|4988513|
230895|TCTriangle|Taninsania|Non Grata|10097|Maroon|624193|The1nonlykk|Biourja|Non Grata|10097|Maroon|Expired|9000000|0|0|8/24/2025 10:36:36 AM|Tech Circle|4988501|
271928|Thebanished|UnitedStatesOfDes|Viridian Entente|10010|Green|162795|sterbean|Bean Union|Viridian Entente|10010|Green|Expired|0|100|0|8/24/2025 10:32:30 AM|1 of 2 Tech Deal|4988500|
271928|Thebanished|UnitedStatesOfDes|Viridian Entente|10010|Green|348070|Chopin|Republic of Poland|Avalanche|10078|Blue|Expired|0|100|0|8/24/2025 10:32:00 AM|1 of 2 Tech Deal|4988498|
646353|tuomas|temple of perversion|The Legion|10020|Purple|529402|Firkinvald|Firkinland|The Legion|10020|Purple|Expired|0|100|0|8/24/2025 10:25:11 AM|Financial Assistance|4988497|
116324|Wayne World|Wayne World|The Grand Lodge of Freemasons|10029|Orange|644951|Landric|Republic of Ursus|The Grand Lodge Of Freemasons|10029|Orange|Expired|6000000|0|0|8/24/2025 10:19:48 AM|tech plz|4988496|
116324|Wayne World|Wayne World|The Grand Lodge of Freemasons|10029|Orange|301419|SirTwist|Twistland|The Grand Lodge Of Freemasons|10029|Orange|Expired|9000000|0|0|8/24/2025 10:19:26 AM|tech plz|4988495|
186805|Grendel|Beowulf|Knights Of The Round Table|10092|Green|636950|Sir Percival|Galles|Knights Of The Round Table|10092|Green|Expired|9000000|0|0|8/24/2025 10:00:09 AM|$9M/100T|4988488|
645768|Sitthemdown|Emperor Protects|Doombrella|17368|Black|187132|White Majik|VSOP United|Doombrella|17368|Black|Expired|0|100|0|8/24/2025 9:49:18 AM|Financial Assistance|4988487|
645768|Sitthemdown|Emperor Protects|Doombrella|17368|Black|502087|Astryl|Ethereal|Doombrella|17368|Black|Expired|0|100|0|8/24/2025 9:48:15 AM|Financial Assistance|4988486|
273254|unstpblpimp|unstpblpimp|Global Alliance and Treaty Organization|10003|Brown|647063|geneclar|Kandam|Global Alliance And Treaty Organization|10003|Brown|Expired|6000000|0|0|8/24/2025 9:24:48 AM|Financial Assistance|4988483|
634903|ToasterOven|Pancake Republic|Non Grata|10097|Maroon|634448|Stewie|Stewieland III|Non Grata|10097|Maroon|Expired|0|100|0|8/24/2025 9:20:02 AM|Financial Assistance|4988482|
168105|Bobogoobo|Bobogoobo|New Pacific Order|10000|Red|580705|Theory|Westermont|New Pacific Order|10000|Red|Expired|9000000|0|0|8/24/2025 9:09:40 AM|Bankroll|4988480|
256901|GurneyHalleck|Mountaineer|New Pacific Order|10000|Red|580705|Theory|Westermont|New Pacific Order|10000|Red|Expired|9000000|0|0|8/24/2025 9:06:17 AM|Bankroll|4988479|
256901|GurneyHalleck|Mountaineer|New Pacific Order|10000|Red|646321|equusSuprm|equusSuprm|New Pacific Order|10000|Red|Expired|9000000|0|0|8/24/2025 9:06:03 AM|Cash for DOPE|4988478|
256901|GurneyHalleck|Mountaineer|New Pacific Order|10000|Red|646098|Brutus5149|Legio Lupi|New Pacific Order|10000|Red|Expired|9000000|0|0|8/24/2025 9:05:55 AM|Rising Stars|4988477|
256901|GurneyHalleck|Mountaineer|New Pacific Order|10000|Red|645269|1991s1|Policia|New Pacific Order|10000|Red|Expired|9000000|0|0|8/24/2025 9:05:47 AM|Cash for DOPE|4988476|
256901|GurneyHalleck|Mountaineer|New Pacific Order|10000|Red|551335|Hakora Kiyanto|Makayan|New Pacific Order|10000|Red|Expired|9000000|0|0|8/24/2025 9:05:37 AM|Bankroll|4988475|
638157|Karifire|Hogsmead|Doom Squad|16454|Black|139809|John Orris|Commonwealth of John|Doombrella|17368|Black|Expired|0|100|0|8/24/2025 8:54:47 AM|Financial Assistance|4988472|
638157|Karifire|Hogsmead|Doom Squad|16454|Black|634169|Cadlore|OId Lore|CLAWS|15841|Black|Expired|0|100|0|8/24/2025 8:54:18 AM|Financial Assistance|4988470|
638157|Karifire|Hogsmead|Doom Squad|16454|Black|615966|tehol|Lether|Doom Squad|16454|Black|Expired|0|100|0|8/24/2025 8:54:03 AM|Financial Assistance|4988469|
638157|Karifire|Hogsmead|Doom Squad|16454|Black|410812|Berbers|Kingdom of AlRezana|The Wolves|16660|Black|Expired|0|100|0|8/24/2025 8:53:21 AM|Financial Assistance|4988467|
647063|geneclar|Kandam|Global Alliance And Treaty Organization|10003|Brown|455413|Duke Nukem|NukemLand|Global Alliance And Treaty Organization|10003|Brown|Expired|0|100|0|8/24/2025 8:45:00 AM|Financial Assistance|4988464|
132439|Magus Rules|Magusland|New Pacific Order|10000|Red|580705|Theory|Westermont|New Pacific Order|10000|Red|Expired|9000000|0|0|8/24/2025 8:44:34 AM|Bankroll|4988463|
132439|Magus Rules|Magusland|New Pacific Order|10000|Red|551335|Hakora Kiyanto|Makayan|New Pacific Order|10000|Red|Expired|9000000|0|0|8/24/2025 8:44:27 AM|Bankroll|4988462|
132439|Magus Rules|Magusland|New Pacific Order|10000|Red|646098|Brutus5149|Legio Lupi|New Pacific Order|10000|Red|Expired|9000000|0|0|8/24/2025 8:44:20 AM|Rising Stars|4988461|
132439|Magus Rules|Magusland|New Pacific Order|10000|Red|616294|Japanese Schoolgirls|Japanese Schoolgirls|New Pacific Order|10000|Red|Expired|9000000|0|0|8/24/2025 8:44:09 AM|Bankroll|4988460|
132439|Magus Rules|Magusland|New Pacific Order|10000|Red|646465|Panglima Burung|Kalimantan Baru|New Pacific Order|10000|Red|Expired|9000000|0|0|8/24/2025 8:44:01 AM|Cash for DOPE|4988459|
132439|Magus Rules|Magusland|New Pacific Order|10000|Red|646321|equusSuprm|equusSuprm|New Pacific Order|10000|Red|Expired|9000000|0|0|8/24/2025 8:43:52 AM|Cash for DOPE|4988458|
197161|Juleandor|Kleptoville|The Legion|10020|Purple|646824|AlphaB|Blue Ribbon|The Legion|10020|Purple|Expired|9000000|0|0|8/24/2025 8:38:04 AM|Legion Trade|4988457|
314219|Captain Stage|Maritime|Global Alliance And Treaty Organization|10003|Brown|646813|SaberClawd|Nyxus|Global Alliance And Treaty Organization|10003|Brown|Expired|9000000|0|0|8/24/2025 8:21:10 AM|Financial Assistance|4988456|
529402|Firkinvald|Firkinland|The Legion|10020|Purple|646824|AlphaB|Blue Ribbon|The Legion|10020|Purple|Expired|9000000|0|0|8/24/2025 8:20:43 AM|Financial Assistance|4988455|
646762|Kevlar|Sasquatch|Global Alliance And Treaty Organization|10003|Brown|39705|Bmk812|Eisenherz|Global Alliance And Treaty Organization|10003|Brown|Expired|0|100|0|8/24/2025 8:13:59 AM|Sweet squatch tech|4988454|
638567|Cobert|Brightwood|Non Grata|10097|Maroon|437823|zyberzpyder|Zyberia|Non Grata|10097|Maroon|Expired|0|100|0|8/24/2025 8:12:34 AM|Tech|4988453|
184966|The Upper Bass|Little Basses|The Dark Templar|10056|Black|639937|The Evilest Eye|NeoNeftyaniki|The Dark Templar|10056|Black|Expired|9000000|0|0|8/24/2025 8:02:59 AM|tech|4988452|
618779|learjet|Racinante|The Legion|10020|Purple|646824|AlphaB|Blue Ribbon|The Legion|10020|Purple|Expired|9000000|0|0|8/24/2025 7:33:04 AM|Financial Assistance|4988449|
623987|MasterBadey|mastabadeia|Global Alliance And Treaty Organization|10003|Brown|206001|Mallardius|Dominion of the Duck|Global Alliance And Treaty Organization|10003|Brown|Expired|0|100|0|8/24/2025 7:23:27 AM|free bread|4988448|
307792|Jordan Lindeman|Arkalay|Global Alliance And Treaty Organization|10003|Brown|646240|WelpLOLoofE|Slavnia|Nuclear Proliferation League|17228|Black|Expired|9000000|0|0|8/24/2025 6:59:27 AM|Financial Assistance|4988446|
139990|BacTalan|NorseTurks|Global Alliance And Treaty Organization|10003|Brown|646815|godtoh1|hotdogal|Global Alliance And Treaty Organization|10003|Brown|Expired|9000000|0|0|8/24/2025 6:08:38 AM|Financial Assistance|4988438|
257166|Yggdrazil|Ginginugap|Independent Republic Of Orange Nations|10004|Orange|636601|Wolfbite|Caffinated Wolves|Independent Republic Of Orange Nations|10004|Orange|Expired|0|100|0|8/24/2025 6:07:07 AM|itf|4988437|
416942|Chris Kaos|The Kingdom of Kaos|Global Alliance And Treaty Organization|10003|Brown|647063|geneclar|Kandam|Global Alliance And Treaty Organization|10003|Brown|Expired|6000000|0|0|8/24/2025 6:03:32 AM|Financial Assistance|4988436|
416942|Chris Kaos|The Kingdom of Kaos|Global Alliance And Treaty Organization|10003|Brown|646762|Kevlar|Sasquatch|Global Alliance And Treaty Organization|10003|Brown|Expired|9000000|0|0|8/24/2025 6:03:21 AM|Financial Assistance|4988435|
79371|xkirra|Mordlandia|Global Alliance And Treaty Organization|10003|Brown|646764|Reverend Edo|Outopostan|Global Alliance And Treaty Organization|10003|Brown|Expired|9000000|0|0|8/24/2025 6:01:55 AM|Financial Assistance|4988434|
624651|Elma Heckler|Blancbourg Committee|New Pacific Order|10000|Red|629229|HopeFun|LimaPT|New Pacific Order|10000|Red|Expired|0|100|0|8/24/2025 5:13:07 AM|QT Tech|4988422|
624651|Elma Heckler|Blancbourg Committee|New Pacific Order|10000|Red|568748|Llednar Twem|Eurica|New Pacific Order|10000|Red|Expired|0|100|0|8/24/2025 5:13:04 AM|QT Tech|4988421|
624651|Elma Heckler|Blancbourg Committee|New Pacific Order|10000|Red|522260|kalev60|Hiiumaa|New Pacific Order|10000|Red|Expired|0|100|0|8/24/2025 5:13:01 AM|QT Tech|4988420|
624651|Elma Heckler|Blancbourg Committee|New Pacific Order|10000|Red|75117|rnegafan|Rnegfania|New Pacific Order|10000|Red|Expired|0|100|0|8/24/2025 5:12:56 AM|QT Tech|4988419|
624651|Elma Heckler|Blancbourg Committee|New Pacific Order|10000|Red|588946|AlphaCenturion|Sentosa Republic|New Pacific Order|10000|Red|Expired|0|100|0|8/24/2025 5:12:50 AM|QT Tech|4988418|
631406|The Black Kaiser|Medieval Reich||0|Green|630575|Sven Herrman|Germanus|The Prussian Empire|14204|Green|Expired|0|100|0|8/24/2025 5:07:50 AM|Financial Assistance|4988417|
646950|KarmaBlaster|NoNameIstan|Non Grata|10097|Maroon|418916|HeroofTime55|New XGA|Non Grata|10097|Maroon|Expired|0|100|0|8/24/2025 4:09:27 AM|techdeal|4988415|
545724|Matmal|Matmalia|Post Grunge Supergroup|16367|Brown|381828|InconspicuousBarrel|Kievan Rus|Global Alliance And Treaty Organization|10003|Brown|Expired|0|100|0|8/24/2025 4:08:28 AM|Financial Assistance|4988414|
629180|filgod|Sicara|The Legion|10020|Purple|646824|AlphaB|Blue Ribbon|The Legion|10020|Purple|Expired|9000000|0|0|8/24/2025 1:46:02 AM|Financial Assistance|4988408|
500125|Soxirella|Jusmania|Non Grata|10097|Maroon|638567|Cobert|Brightwood|Non Grata|10097|Maroon|Expired|9000000|0|0|8/24/2025 1:43:33 AM|Financial Assistance|4988405|
500125|Soxirella|Jusmania|Non Grata|10097|Maroon|627572|Latexi|Why would I do this|Non Grata|10097|Maroon|Expired|9000000|0|0|8/24/2025 1:43:26 AM|Financial Assistance|4988404|
500125|Soxirella|Jusmania|Non Grata|10097|Maroon|638461|Jerby|Simulacra|Non Grata|10097|Maroon|Expired|9000000|0|0|8/24/2025 1:43:18 AM|Financial Assistance|4988403|
87890|Formanj|Norvegs Trøndelag|Independent Republic of Orange Nations|10004|Orange|643876|LordInfamous|Swindlerstan|Independent Republic Of Orange Nations|10004|Orange|Expired|9000000|0|0|8/24/2025 1:14:53 AM|ITF|4988400|
262614|aml520|Hantou|New Polar Order|10006|Blue|166467|KittyPride207|BlackAngels|New Polar Order|10006|Blue|Expired|0|100|0|8/24/2025 12:34:59 AM|ICECAP Tech|4988395|
546488|levothy|mycybernation|Knights Of The Round Table|10092|Green|632798|KYBALION|HVITIRDREKAR|Knights Of The Round Table|10092|Green|Expired|0|100|0|8/24/2025 12:19:07 AM|Tech from RT|4988392|
642148|Exod IV|Ummah AlMuwahhidah|Doom Squad|16454|Black|646870|Waffless|Wafflandia|Doombrella|17368|Black|Expired|9000000|0|0|8/24/2025 12:15:20 AM|Financial Assistance|4988391|
642148|Exod IV|Ummah AlMuwahhidah|Doom Squad|16454|Black|646975|Thomassh|HighGateHaven|Doombrella|17368|Black|Expired|9000000|0|0|8/24/2025 12:14:43 AM|Financial Assistance|4988390|
645427|Clank|Clank|Doombrella|17368|Black|503436|StevieG|Dinglebay|Doombrella|17368|Black|Expired|0|100|0|8/23/2025 11:36:50 PM|Financial Assistance|4988386|
503436|StevieG|Dinglebay|Doombrella|17368|Black|635159|xAnri|xRoan|Doombrella|17368|Black|Expired|9000000|0|0|8/23/2025 11:35:34 PM|Financial Assistance|4988385|
503436|StevieG|Dinglebay|Doombrella|17368|Black|646975|Thomassh|HighGateHaven|Doombrella|17368|Black|Expired|9000000|0|0|8/23/2025 11:35:11 PM|Financial Assistance|4988384|
645768|Sitthemdown|Emperor Protects|Doombrella|17368|Black|184514|Franz Ferdinand|L252beck|Doombrella|17368|Black|Expired|0|100|0|8/23/2025 11:31:49 PM|Financial Assistance|4988383|
645427|Clank|Clank|Doombrella|17368|Black|342957|tayloj7|Rabbitopia|Doombrella|17368|Black|Expired|0|100|0|8/23/2025 11:14:33 PM|Financial Assistance|4988381|
374321|Clash|Discord|Doombrella|17368|Black|646870|Waffless|Wafflandia|Doombrella|17368|Black|Expired|9000000|0|4000|8/23/2025 11:12:31 PM|Cash n Causalities |4988380|
645427|Clank|Clank|Doombrella|17368|Black|374321|Clash|Discord|Doombrella|17368|Black|Expired|0|100|0|8/23/2025 11:12:27 PM|Financial Assistance|4988379|
374321|Clash|Discord|Doombrella|17368|Black|566736|amossio|amossio|Doombrella|17368|Black|Expired|9000000|0|4000|8/23/2025 11:11:37 PM|Cash n Causalities |4988377|
58119|Laserwolf|Ellisonia|Global Alliance and Treaty Organization|10003|Brown|588353|FieryVixen|Craptonia|Global Alliance And Treaty Organization|10003|Brown|Expired|9000000|0|0|8/23/2025 11:10:38 PM|Financial Assistance|4988376|
58119|Laserwolf|Ellisonia|Global Alliance and Treaty Organization|10003|Brown|646801|Chaos Gremlin|Chaostopia|Global Alliance And Treaty Organization|10003|Brown|Expired|6000000|0|0|8/23/2025 11:10:25 PM|Financial Assistance|4988375|
645696|ChiefCarr|Gidgeedoo|Nuclear Proliferation League|17228|Aqua|242836|BozDaBoz|CoastalBendatia|Fark|10002|Aqua|Expired|0|100|0|8/23/2025 11:10:05 PM|Financial Assistance|4988374|
626161|54vee|Tallinn Compact|CLAWS|15841|Black|410290|bdrocks|Knights of Honour|CLAWS|15841|Black|Expired|0|100|0|8/23/2025 11:07:47 PM|Tech 9/100|4988371|
10578|Frawley|stangerites|New Pacific Order|10000|Red|522260|kalev60|Hiiumaa|New Pacific Order|10000|Red|Expired|0|100|0|8/23/2025 10:23:39 PM|QT Tech|4988368|
10578|Frawley|stangerites|New Pacific Order|10000|Red|75117|rnegafan|Rnegfania|New Pacific Order|10000|Red|Expired|0|100|0|8/23/2025 10:23:30 PM|QT Tech|4988367|
10578|Frawley|stangerites|New Pacific Order|10000|Red|568748|Llednar Twem|Eurica|New Pacific Order|10000|Red|Expired|0|100|0|8/23/2025 10:23:21 PM|QT Tech|4988366|
10578|Frawley|stangerites|New Pacific Order|10000|Red|523247|Umbrae Noctem|Gronland|New Pacific Order|10000|Red|Expired|0|100|0|8/23/2025 10:23:14 PM|QT Tech|4988365|
10578|Frawley|stangerites|New Pacific Order|10000|Red|629229|HopeFun|LimaPT|New Pacific Order|10000|Red|Expired|0|100|0|8/23/2025 10:23:06 PM|QT Tech|4988364|
10578|Frawley|stangerites|New Pacific Order|10000|Red|273843|Northern Empire|Northern Empire|Independent Republic Of Orange Nations|10004|Orange|Expired|0|100|0|8/23/2025 10:22:58 PM|QT Tech|4988363|
348468|Ghan Khalav|Khalavistan|Global Alliance and Treaty Organization|10003|Brown|646800|Brotherlouie27|Louimerica II|Global Alliance And Treaty Organization|10003|Brown|Expired|9000000|0|0|8/23/2025 9:18:29 PM|Tech|4988361|
348468|Ghan Khalav|Khalavistan|Global Alliance and Treaty Organization|10003|Brown|646813|SaberClawd|Nyxus|Global Alliance And Treaty Organization|10003|Brown|Expired|9000000|0|0|8/23/2025 9:18:11 PM|Tech|4988360|
613432|Talbrys|Keltroy|Non Grata|10097|Maroon|645946|LiFeng|Qwertyiop|Non Grata|10097|Maroon|Expired|9000000|0|0|8/23/2025 8:44:15 PM|9/100|4988359|
613432|Talbrys|Keltroy|Non Grata|10097|Maroon|12258|Commissar Sendoa|Cataduanes|Non Grata|10097|Maroon|Expired|9000000|0|0|8/23/2025 8:43:57 PM|9/100|4988358|
613432|Talbrys|Keltroy|Non Grata|10097|Maroon|626678|slothix|Kevin|Non Grata|10097|Maroon|Expired|9000000|0|0|8/23/2025 8:43:46 PM|9/100|4988357|
630674|Ghostruler1|Winterfelllllll|New Pacific Order|10000|Red|600178|tejuguasu|tejuguasu|New Pacific Order|10000|Red|Expired|0|100|0|8/23/2025 8:32:14 PM|QT Tech|4988356|
630674|Ghostruler1|Winterfelllllll|New Pacific Order|10000|Red|273843|Northern Empire|Northern Empire|Independent Republic Of Orange Nations|10004|Orange|Expired|0|100|0|8/23/2025 8:32:09 PM|QT Tech|4988355|
249700|Fafafoooey|YourBad|New Pacific Order|10000|Red|646465|Panglima Burung|Kalimantan Baru|New Pacific Order|10000|Red|Expired|9000000|0|0|8/23/2025 8:21:39 PM|Cash for DOPE|4988354|
249700|Fafafoooey|YourBad|New Pacific Order|10000|Red|639451|ArcWolf3181|Barks Nivvlla|New Pacific Order|10000|Red|Expired|9000000|0|0|8/23/2025 8:21:34 PM|Cash for DOPE|4988353|
249700|Fafafoooey|YourBad|New Pacific Order|10000|Red|626040|Rewan Demontay|Panagouge|New Pacific Order|10000|Red|Expired|9000000|0|0|8/23/2025 8:21:28 PM|Bankroll|4988352|
249700|Fafafoooey|YourBad|New Pacific Order|10000|Red|645269|1991s1|Policia|New Pacific Order|10000|Red|Expired|9000000|0|0|8/23/2025 8:21:22 PM|Cash for DOPE|4988351|
249700|Fafafoooey|YourBad|New Pacific Order|10000|Red|645082|TowerQueen|Turrim|New Pacific Order|10000|Red|Expired|9000000|0|0|8/23/2025 8:21:16 PM|QT Pay|4988350|
559862|majestic ruler|pedro penduko|Argent|10063|Pink|635294|King Afonso|Porto Novo|Wurst Alliance|16919|Green|Expired|9000000|0|0|8/23/2025 8:12:35 PM|Tech deal|4988348|
109489|blackpony|the Mad Ninja|Freehold of The Wolves|15157|White|645105|Trench Foast|TrenchFoastia|Christian Coalition Of Countries|10028|Maroon|Expired|9000000|0|0|8/23/2025 7:35:42 PM|Vep cash |4988347|
109489|blackpony|the Mad Ninja|Freehold of The Wolves|15157|White|510139|AnthraxAnderson|Empire of Armageddon|NATO|10037|Blue|Expired|9000000|0|0|8/23/2025 7:35:22 PM|Vep cash |4988346|
109489|blackpony|the Mad Ninja|Freehold of The Wolves|15157|White|373428|Brian|The Looking Glass|Christian Coalition Of Countries|10028|Maroon|Expired|9000000|0|0|8/23/2025 7:35:02 PM|Vep cash|4988345|
576335|Smitty256|HouseStark|Christian Coalition Of Countries|10028|Maroon|373428|Brian|The Looking Glass|Christian Coalition Of Countries|10028|Maroon|Expired|9000000|0|0|8/23/2025 7:33:45 PM|Valyrian Cash|4988344|
388182|lucky6|Direct Impingement|Federation of Armed Nations|10021|Yellow|338643|Conundrum|Wallabyville|Federation of Armed Nations|10021|Yellow|Expired|0|100|0|8/23/2025 6:59:32 PM|Financial Assistance|4988340|
645136|district10VICTOR|Amelo|Global Alliance And Treaty Organization|10003|Brown|38760|Daedalus27|Daedalistan|Global Alliance and Treaty Organization|10003|Brown|Expired|0|100|0|8/23/2025 5:53:18 PM|Financial Assistance|4988335|
170124|WackyDan|Wackytopia|Nordreich|11319|Maroon|49522|Croix|Edjaal|Random Insanity Alliance|10038|Maroon|Expired|9000000|0|0|8/23/2025 5:39:22 PM|9M/100t|4988333|
437779|Clayton Lilleby|Lilleby|Nordreich|11319|Maroon|360411|Judson|Opportunity|Nordreich|11319|Maroon|Expired|0|100|0|8/23/2025 5:26:46 PM|Financial Assistance|4988332|
437779|Clayton Lilleby|Lilleby|Nordreich|11319|Maroon|240196|Seagram|Siperia|Nordreich|11319|Maroon|Expired|0|100|0|8/23/2025 5:26:24 PM|Financial Assistance|4988331|
437779|Clayton Lilleby|Lilleby|Nordreich|11319|Maroon|290230|UnLimited|Aurora Borealis|Nordreich|11319|Maroon|Expired|0|100|0|8/23/2025 5:26:15 PM|Financial Assistance|4988330|
437779|Clayton Lilleby|Lilleby|Nordreich|11319|Maroon|274261|Ub3rdude|Uberlandia|Nordreich|11319|Maroon|Expired|0|100|0|8/23/2025 5:26:07 PM|Financial Assistance|4988329|
437779|Clayton Lilleby|Lilleby|Nordreich|11319|Maroon|87922|Baron Zemo|Nordenstrom|Nordreich|11319|Maroon|Expired|9000000|100|0|8/23/2025 5:25:51 PM|Financial Assistance|4988327|
101765|KevinH|Establishmentism|Independent Republic of Orange Nations|10004|Orange|391465|Lysistrata|Alamo|Independent Republic Of Orange Nations|10004|Orange|Expired|9000000|100|4000|8/23/2025 4:38:04 PM|Redistricting|4988324|
168105|Bobogoobo|Bobogoobo|New Pacific Order|10000|Red|626040|Rewan Demontay|Panagouge|New Pacific Order|10000|Red|Expired|9000000|0|0|8/23/2025 3:27:21 PM|Bankroll|4988322|
168105|Bobogoobo|Bobogoobo|New Pacific Order|10000|Red|639451|ArcWolf3181|Barks Nivvlla|New Pacific Order|10000|Red|Expired|9000000|0|0|8/23/2025 3:27:12 PM|Cash for DOPE|4988321|
633267|OkapiBlue|Rymnia|Doom Squad|16454|Black|342957|tayloj7|Rabbitopia|Doombrella|17368|Black|Expired|0|100|0|8/23/2025 3:15:08 PM|Financial Assistance|4988320|
188637|Caustic|Hazardous Materials|Non Grata|10097|Maroon|626678|slothix|Kevin|Non Grata|10097|Maroon|Expired|9000000|0|0|8/23/2025 3:12:49 PM|Financial Assistance|4988318|
633267|OkapiBlue|Rymnia|Doom Squad|16454|Black|144708|Matthew PK|Commonwealth of LoL|Doombrella|17368|Black|Expired|0|100|0|8/23/2025 3:11:32 PM|Financial Assistance|4988316|
633267|OkapiBlue|Rymnia|Doom Squad|16454|Black|380007|Supreme Emperor Daeg|Metal|Doom Squad|16454|Black|Expired|0|100|0|8/23/2025 3:11:26 PM|Financial Assistance|4988315|
362361|Gofast2006|Pioneer Village|Nuclear Proliferation League|17228|Aqua|647305|Valid|Finnish Commune|Nuclear Proliferation League|17228|None|Expired|6000000|0|0|8/23/2025 2:57:25 PM|Wallace sends his regards|4988313|
404438|Herzog|Black Amber|Sparta|10008|Black|319444|Deej200|Rocca|Sparta|10008|Black|Expired|0|100|0|8/23/2025 1:56:55 PM|Financial Assistance|4988311|
404438|Herzog|Black Amber|Sparta|10008|Black|111387|riffers|Vagumachland|Sparta|10008|Black|Expired|0|100|0|8/23/2025 1:56:30 PM|Financial Assistance|4988310|
606440|UnitedBishop|UnitedBishops|Doom Squad|16454|Black|184514|Franz Ferdinand|L252beck|Doombrella|17368|Black|Expired|0|100|0|8/23/2025 1:32:49 PM|Financial Assistance|4988307|
606440|UnitedBishop|UnitedBishops|Doom Squad|16454|Black|626860|BringMeTheHorizon|Dakotas|Doombrella|17368|Black|Expired|0|100|0|8/23/2025 1:32:28 PM|Financial Assistance|4988306|
606440|UnitedBishop|UnitedBishops|Doom Squad|16454|Black|622221|cobwebbyarc6|Dasein|Doom Squad|16454|Black|Expired|0|100|0|8/23/2025 1:32:06 PM|Financial Assistance|4988304|
606440|UnitedBishop|UnitedBishops|Doom Squad|16454|Black|627592|Lord Xamaeron|Celtic Forest|DOOMBIRD DOOMCAVE|10449|Black|Expired|0|100|0|8/23/2025 1:31:47 PM|Financial Assistance|4988302|
237759|Maelstrom Vortex|Dragonisia|New Pacific Order|10000|Red|626040|Rewan Demontay|Panagouge|New Pacific Order|10000|Red|Expired|9000000|0|0|8/23/2025 1:24:54 PM|Bankroll|4988300|
237759|Maelstrom Vortex|Dragonisia|New Pacific Order|10000|Red|646321|equusSuprm|equusSuprm|New Pacific Order|10000|Red|Expired|9000000|0|0|8/23/2025 1:24:39 PM|Cash for DOPE|4988299|
237759|Maelstrom Vortex|Dragonisia|New Pacific Order|10000|Red|594363|Greatkitteh|Guahan|New Pacific Order|10000|Red|Expired|9000000|0|0|8/23/2025 1:24:29 PM|Cash for DOPE|4988298|
237759|Maelstrom Vortex|Dragonisia|New Pacific Order|10000|Red|618189|Curiosity|Illusion|New Pacific Order|10000|Red|Expired|9000000|0|0|8/23/2025 1:24:20 PM|Bankroll|4988297|
237759|Maelstrom Vortex|Dragonisia|New Pacific Order|10000|Red|679|Gateborg|Gateborg|New Pacific Order|10000|Red|Expired|9000000|0|0|8/23/2025 1:24:01 PM|Bankroll|4988296|
237759|Maelstrom Vortex|Dragonisia|New Pacific Order|10000|Red|639451|ArcWolf3181|Barks Nivvlla|New Pacific Order|10000|Red|Expired|9000000|0|0|8/23/2025 1:23:55 PM|Cash for DOPE|4988295|
357423|claude|Doom House|Doom Squad|16454|Black|626860|BringMeTheHorizon|Dakotas|Doombrella|17368|Black|Expired|0|100|0|8/23/2025 1:21:43 PM|Financial Assistance|4988294|
357423|claude|Doom House|Doom Squad|16454|Black|199494|Bomber66|Baxter|Doombrella|17368|Black|Expired|0|100|0|8/23/2025 1:21:23 PM|Financial Assistance|4988293|
357423|claude|Doom House|Doom Squad|16454|Black|567720|Cosmic Chocolate|Soaring Eagle|DOOMBIRD DOOMCAVE|10449|Black|Expired|0|100|0|8/23/2025 1:20:34 PM|Financial Assistance|4988292|
283424|Dropo7777|DelOrto|NATO|10037|Blue|373428|Brian|The Looking Glass|Christian Coalition Of Countries|10028|Maroon|Expired|9000000|0|0|8/23/2025 11:14:35 AM|Valyrian Aid|4988281|
283424|Dropo7777|DelOrto|NATO|10037|Blue|510139|AnthraxAnderson|Empire of Armageddon|NATO|10037|Blue|Expired|9000000|0|0|8/23/2025 11:14:21 AM|Valyrian Aid|4988280|
283424|Dropo7777|DelOrto|NATO|10037|Blue|645105|Trench Foast|TrenchFoastia|Christian Coalition Of Countries|10028|Maroon|Expired|9000000|0|0|8/23/2025 11:14:05 AM|Valyrian Aid|4988279|
348556|Overlord Wes|wussys|Global Alliance and Treaty Organization|10003|Brown|313301|MK4Slowride|MK4Slowride|Global Alliance And Treaty Organization|10003|Brown|Expired|9000000|100|0|8/23/2025 11:10:20 AM|Financial Assistance|4988277|
414337|Shadowfury|Illyria|Freehold of The Wolves|15157|Black|373428|Brian|The Looking Glass|Christian Coalition Of Countries|10028|Maroon|Expired|9000000|0|0|8/23/2025 10:53:09 AM|VEP|4988275|
132715|DFA MrFox|DFA MrFox|Freehold of The Wolves|15157|White|592036|LordSanix|Citroto|Freehold of The Wolves|15157|White|Expired|0|100|0|8/23/2025 10:17:53 AM|Valyrian Aid|4988270|
78691|konkrage1|konkrage1|The Legion|10020|Purple|618779|learjet|Racinante|The Legion|10020|Purple|Expired|0|100|0|8/23/2025 10:13:08 AM|Financial Assistance|4988269|
633077|DarkStar1348|Aoxomoxoa|The Legion|10020|Purple|634140|FabricatorGeneral|Metalocolypse|The Legion|10020|Purple|Expired|9000000|0|0|8/23/2025 10:01:11 AM|Financial Assistance|4988263|
353933|Chuck|Teutonic Empire|The Templar Knights|10012|Maroon|301419|SirTwist|Twistland|The Grand Lodge Of Freemasons|10029|Orange|Expired|9000000|0|0|8/23/2025 9:37:03 AM|Tech Deal|4988261|
308695|Indiomaestro|Jahara|The Dark Templar|10056|Black|628662|Theletas|The Toastian Republi|Madlads Union|17130|Brown|Expired|9000000|0|0|8/23/2025 9:14:02 AM|Tech Deal|4988259|
631706|Silver Witch|Virtual Empire|The Legion|10020|Purple|603270|NekosRule|NekosNation|The Legion|10020|Purple|Expired|0|100|0|8/23/2025 9:11:56 AM|Caesar|4988258|
603270|NekosRule|NekosNation|The Legion|10020|Purple|634140|FabricatorGeneral|Metalocolypse|The Legion|10020|Purple|Expired|9000000|0|0|8/23/2025 9:03:52 AM|Financial Assistance|4988255|
57033|Slywolfe|Slywolfe|New Pacific Order|10000|Red|572011|Nijil1|Polinasia|New Pacific Order|10000|Red|Expired|9000000|0|0|8/23/2025 9:03:29 AM|Rising Stars|4988254|
369840|Astron|Svedala|NATO|10037|Blue|373428|Brian|The Looking Glass|Christian Coalition Of Countries|10028|Maroon|Expired|9000000|0|0|8/23/2025 8:51:58 AM|Valyrian Aid|4988253|
538755|zeldafan4ever|Terminus|Orange Defense Network|17435|Orange|87249|Infallible|Mulletville|Orange Defense Network|17435|Orange|Expired|0|100|0|8/23/2025 8:40:48 AM|Tech 1/3|4988250|
285433|Lord of Darkness|Relm of Darkness|New Pacific Order|10000|Red|618189|Curiosity|Illusion|New Pacific Order|10000|Red|Expired|9000000|0|0|8/23/2025 8:12:28 AM|Bankroll|4988243|
285433|Lord of Darkness|Relm of Darkness|New Pacific Order|10000|Red|594363|Greatkitteh|Guahan|New Pacific Order|10000|Red|Expired|9000000|0|0|8/23/2025 8:12:22 AM|Cash for DOPE|4988242|
285433|Lord of Darkness|Relm of Darkness|New Pacific Order|10000|Red|646321|equusSuprm|equusSuprm|New Pacific Order|10000|Red|Expired|9000000|0|0|8/23/2025 8:12:16 AM|Cash for DOPE|4988241|
285433|Lord of Darkness|Relm of Darkness|New Pacific Order|10000|Red|572011|Nijil1|Polinasia|New Pacific Order|10000|Red|Expired|9000000|0|0|8/23/2025 8:11:37 AM|Rising Stars|4988240|
285433|Lord of Darkness|Relm of Darkness|New Pacific Order|10000|Red|679|Gateborg|Gateborg|New Pacific Order|10000|Red|Expired|9000000|0|0|8/23/2025 8:11:31 AM|Bankroll|4988239|
285433|Lord of Darkness|Relm of Darkness|New Pacific Order|10000|Red|639451|ArcWolf3181|Barks Nivvlla|New Pacific Order|10000|Red|Expired|9000000|0|0|8/23/2025 8:11:18 AM|Cash for DOPE|4988238|
631706|Silver Witch|Virtual Empire|The Legion|10020|Purple|618779|learjet|Racinante|The Legion|10020|Purple|Expired|0|100|0|8/23/2025 8:02:42 AM|Caesar|4988237|
559191|Darksight1|ChineseEmpire|New Pacific Order|10000|Red|273843|Northern Empire|Northern Empire|Independent Republic Of Orange Nations|10004|Orange|Expired|0|100|0|8/23/2025 7:10:57 AM|QT Tech|4988234|
559191|Darksight1|ChineseEmpire|New Pacific Order|10000|Red|442731|Madd|Modra|New Pacific Order|10000|Red|Expired|0|100|0|8/23/2025 7:10:53 AM|QT Tech|4988233|
559191|Darksight1|ChineseEmpire|New Pacific Order|10000|Red|600178|tejuguasu|tejuguasu|New Pacific Order|10000|Red|Expired|0|100|0|8/23/2025 7:10:48 AM|QT Tech|4988232|
310672|King Wally|Rep of Queensland|Nuclear Proliferation League|17228|Aqua|261397|Rampage3|United Liberocracy|Nuclear Proliferation League|17228|Aqua|Expired|0|100|0|8/23/2025 6:42:50 AM|Take 2|4988230|
433854|Auctor|Wyrdgar|Doombrella|17368|Black|187132|White Majik|VSOP United|Doombrella|17368|Black|Expired|0|100|0|8/23/2025 6:32:55 AM|Financial Assistance|4988229|
623987|MasterBadey|mastabadeia|Global Alliance And Treaty Organization|10003|Brown|455413|Duke Nukem|NukemLand|Global Alliance And Treaty Organization|10003|Brown|Expired|0|100|0|8/23/2025 6:21:23 AM|free bubblegum|4988228|
106268|cable77|Tau ri|Fark|10002|Aqua|535865|Donbo McSlay|Donbo Land|Federation Of Armed Nations|10021|Yellow|Expired|9000000|0|0|8/23/2025 5:48:39 AM|VEP|4988226|
106268|cable77|Tau ri|Fark|10002|Aqua|209648|neonthefox|waltoria|NATO|10037|Blue|Expired|9000000|0|0|8/23/2025 5:48:27 AM|VEP|4988225|
528479|paul711|Paulinca|Non Grata|10097|Maroon|645844|Dario the Great|Darioland|Non Grata|10097|Maroon|Expired|9000000|0|0|8/23/2025 3:50:39 AM|Financial Assistance|4988218|
207900|Queltocz|Quelto|Independent Republic Of Orange Nations|10004|Orange|645053|Geezy VIII|SOS Empire|Independent Republic Of Orange Nations|10004|Orange|Expired|9000000|0|0|8/23/2025 3:29:21 AM|ITF|4988217|
207900|Queltocz|Quelto|Independent Republic Of Orange Nations|10004|Orange|257166|Yggdrazil|Ginginugap|Independent Republic Of Orange Nations|10004|Orange|Expired|9000000|0|0|8/23/2025 3:28:33 AM|ITF|4988216|
582941|Cydonian Knight|Strodemia|Non Grata|10097|Maroon|638567|Cobert|Brightwood|Non Grata|10097|Maroon|Expired|9000000|0|0|8/23/2025 2:58:19 AM|Tech Deal|4988215|
457345|Taiki11|Taiki Land|Non Grata|10097|Maroon|418916|HeroofTime55|New XGA|Non Grata|10097|Maroon|Expired|0|100|0|8/23/2025 2:21:45 AM|Financial Assistance|4988211|
311344|asapilu|Persianiran|NATO|10037|Blue|209648|neonthefox|waltoria|NATO|10037|Blue|Expired|9000000|0|0|8/23/2025 1:51:44 AM|Valyrian aid|4988207|
138858|Haart|Barbarica|The Templar Knights|10012|Maroon|301419|SirTwist|Twistland|The Grand Lodge Of Freemasons|10029|Orange|Expired|9000000|0|0|8/23/2025 1:34:07 AM|Tech Deal, 9 M - 100 tech|4988205|
627572|Latexi|Why would I do this|Non Grata|10097|Maroon|469301|Lars Jorgens|Whale of a Time|Non Grata|10097|Maroon|Expired|0|100|0|8/23/2025 1:03:32 AM|Financial Assistance|4988199|
546488|levothy|mycybernation|Knights Of The Round Table|10092|Green|362524|Cent Sov|Antarktiqa||0|Green|Expired|0|100|0|8/23/2025 12:59:39 AM|A shrubbery|4988198|
643162|DarkDefiance|United Defiance|New Pacific Order|10000|Red|273843|Northern Empire|Northern Empire|Independent Republic Of Orange Nations|10004|Orange|Expired|0|100|0|8/23/2025 12:47:10 AM|QT Tech|4988195|
603422|gonpapa|Dirang Dzong|Independent Republic Of Orange Nations|10004|Orange|635734|Monyulking|Bomdi La|Independent Republic Of Orange Nations|10004|Orange|Expired|6000000|0|0|8/23/2025 12:34:18 AM|Tech deal|4988194|
634284|mikeymikes|batmanism|Doombrella|17368|Black|484851|enderland|Fields of Elysium|Doombrella|17368|Black|Expired|9000000|100|4000|8/23/2025 12:11:25 AM|aids |4988189|
634284|mikeymikes|batmanism|Doombrella|17368|Black|626860|BringMeTheHorizon|Dakotas|Doombrella|17368|Black|Expired|9000000|100|4000|8/23/2025 12:10:13 AM|aids |4988188|
199347|Caliph|Caliphate|Doom Squad|16454|Black|567720|Cosmic Chocolate|Soaring Eagle|DOOMBIRD DOOMCAVE|10449|Black|Expired|0|100|0|8/23/2025 12:02:37 AM|Financial Assistance|4988185|
199347|Caliph|Caliphate|Doom Squad|16454|Black|410812|Berbers|Kingdom of AlRezana|The Wolves|16660|Black|Expired|0|100|0|8/23/2025 12:02:06 AM|Financial Assistance|4988183|
199347|Caliph|Caliphate|Doom Squad|16454|Black|624696|Hershicus|DoomsDayShekels|Doom Squad|16454|Black|Expired|0|100|0|8/23/2025 12:01:42 AM|Financial Assistance|4988182|
80845|Aracto Totar|Taprobane|Viridian Entente|10010|Green|162795|sterbean|Bean Union|Viridian Entente|10010|Green|Expired|0|100|0|8/22/2025 10:14:53 PM|Financial Assistance|4988176|
513467|master hakai|Afro Pick|Post Grunge Supergroup|16367|Brown|542485|RedQueen|Myotistan|Post Grunge Supergroup|16367|Brown|Expired|9000000|0|0|8/22/2025 7:40:45 PM|Money for drugs|4988164|
513467|master hakai|Afro Pick|Post Grunge Supergroup|16367|Brown|528882|JSoprano|Darasuum|Post Grunge Supergroup|16367|Brown|Expired|9000000|100|0|8/22/2025 7:39:56 PM|Money for drugs|4988161|
418644|shakespeare|shakespeare|Freehold of The Wolves|15157|White|65430|Lord Bane|Damasca|Freehold of The Wolves|15157|White|Expired|9000000|0|0|8/22/2025 7:24:47 PM|Wolf Aid|4988159|
418644|shakespeare|shakespeare|Freehold of The Wolves|15157|White|608652|King of Clu|Kingdom of Clu|Freehold of The Wolves|15157|White|Expired|9000000|0|0|8/22/2025 7:24:34 PM|Wolf Aid|4988158|
418644|shakespeare|shakespeare|Freehold of The Wolves|15157|White|604148|US Chrisderica|US of Chrisderica|Freehold of The Wolves|15157|White|Expired|9000000|0|0|8/22/2025 7:24:10 PM|Wolf Aid|4988156|
647083|NightShadeZee|ArcticConglomerate|Nuclear Proliferation League|17228|Brown|529189|Combat Pope|Vaticana|Global Alliance And Treaty Organization|10003|Brown|Expired|0|100|0|8/22/2025 7:03:00 PM|Financial Assistance|4988154|
72766|Gofastleft|Racesteria|Non Grata|10097|Maroon|638461|Jerby|Simulacra|Non Grata|10097|Maroon|Expired|9000000|0|0|8/22/2025 6:17:05 PM|Tech|4988153|
644316|Sam Sparks|Mendota|Sparta|10008|Black|280709|Supersub68|Subway|Sparta|10008|Black|Expired|0|100|0|8/22/2025 5:55:32 PM|Tech Deal|4988149|
326273|Red Rebel|Pi Lambda Phi|Madlads Union|17130|Brown|646439|Sagetheml|Santa Marco|Madlads Union|17130|Brown|Expired|6000000|0|0|8/22/2025 5:39:15 PM|Tech Deal 6m/100t|4988148|
326273|Red Rebel|Pi Lambda Phi|Madlads Union|17130|Brown|76627|shwampy|Barryteroria|Libertarian Socialist Federation|10027|White|Expired|6000000|0|0|8/22/2025 5:38:54 PM|Tech Deal 6m/100t|4988147|
646118|King Lavey|Republic of Hamster|The Prussian Empire|14204|Green|255997|archduke jack|vittatorio|New Polar Order|10006|Blue|Expired|0|100|0|8/22/2025 5:32:06 PM|Tech Deal|4988146|
646090|big daddy 69|Underwater Rapture|The Prussian Empire|14204|Green|255997|archduke jack|vittatorio|New Polar Order|10006|Blue|Expired|0|100|0|8/22/2025 5:30:27 PM|tech|4988145|
645994|Emperor Hintz|Hintztopia|The Prussian Empire|14204|Green|255997|archduke jack|vittatorio|New Polar Order|10006|Blue|Expired|0|100|0|8/22/2025 5:25:03 PM|Financial Assistance|4988143|
645994|Emperor Hintz|Hintztopia|The Prussian Empire|14204|Green|630575|Sven Herrman|Germanus|The Prussian Empire|14204|Green|Expired|0|100|0|8/22/2025 5:24:31 PM|Financial Assistance|4988142|
645994|Emperor Hintz|Hintztopia|The Prussian Empire|14204|Green|618698|Arminius Cheruski|Germania Magna|The Prussian Empire|14204|Green|Expired|0|100|0|8/22/2025 5:23:01 PM|tech deal|4988141|
646230|Canuck|Oh Canada|Knights Of The Round Table|10092|Green|255997|archduke jack|vittatorio|New Polar Order|10006|Blue|Expired|0|100|0|8/22/2025 5:19:47 PM|Financial Assistance|4988140|
71592|upchuck|warmarding|Viridian Entente|10010|Green|406081|Valhalla|Ukropa|Viridian Entente|10010|Green|Expired|9000000|0|0|8/22/2025 5:11:42 PM|tech deal 9m/200t|4988138|
630575|Sven Herrman|Germanus|The Prussian Empire|14204|Green|646090|big daddy 69|Underwater Rapture|The Prussian Empire|14204|Green|Expired|9000000|0|0|8/22/2025 4:57:13 PM|Financial Assistance|4988136|
509784|Lord Emperor Clot|Clotvania|Christian Coalition Of Countries|10028|Maroon|604148|US Chrisderica|US of Chrisderica|Freehold of The Wolves|15157|White|Expired|9000000|0|0|8/22/2025 4:53:11 PM|VEP money|4988134|
543972|zachart|The Father Land|New Pacific Order|10000|Red|523247|Umbrae Noctem|Gronland|New Pacific Order|10000|Red|Expired|0|100|0|8/22/2025 3:04:31 PM|QT Tech|4988129|
543972|zachart|The Father Land|New Pacific Order|10000|Red|522260|kalev60|Hiiumaa|New Pacific Order|10000|Red|Expired|0|100|0|8/22/2025 3:04:24 PM|QT Tech|4988128|
645467|LiefzDel|Greater Czechia|Post Grunge Supergroup|16367|Brown|604287|Hazib|Kingdom of Lemuria|CLAWS|15841|Black|Expired|0|100|0|8/22/2025 3:01:30 PM|9/100 Payback|4988127|
440257|lonabis|flying dutchmen|NATO|10037|Blue|209648|neonthefox|waltoria|NATO|10037|Blue|Expired|9000000|0|0|8/22/2025 2:27:08 PM|Valyrian Cash|4988125|
274261|Ub3rdude|Uberlandia|Nordreich|11319|Maroon|91872|PuliSher|Kerj&#228;l&#228;|Non Grata|10097|Maroon|Expired|9000000|0|0|8/22/2025 1:39:03 PM|Financial Assistance|4988118|
645347|Randomnameguy|New England INC|Post Grunge Supergroup|16367|Brown|636336|Stelth|White Mountain|Union Of Communist Republics|10060|Brown|Expired|0|100|0|8/22/2025 12:53:59 PM|Tech Payment|4988113|
348556|Overlord Wes|wussys|Global Alliance and Treaty Organization|10003|Brown|561575|DragonsPhyre|Dragon Spire|Global Alliance And Treaty Organization|10003|Brown|Expired|9000000|100|0|8/22/2025 12:37:58 PM|Financial Assistance|4988112|
610594|ADude|OceaniaRedux|Doom Squad|16454|Black|615966|tehol|Lether|Doom Squad|16454|Black|Expired|0|100|0|8/22/2025 11:56:51 AM|Financial Assistance|4988105|
610594|ADude|OceaniaRedux|Doom Squad|16454|Black|622221|cobwebbyarc6|Dasein|Doom Squad|16454|Black|Expired|0|100|0|8/22/2025 11:56:44 AM|Financial Assistance|4988104|
623176|Britishdude|Lucosnia VIII|Christian Coalition Of Countries|10028|Maroon|604148|US Chrisderica|US of Chrisderica|Freehold of The Wolves|15157|White|Expired|9000000|0|0|8/22/2025 11:49:09 AM|VEP|4988102|
623176|Britishdude|Lucosnia VIII|Christian Coalition Of Countries|10028|Maroon|535865|Donbo McSlay|Donbo Land|Federation Of Armed Nations|10021|Yellow|Expired|9000000|0|0|8/22/2025 11:48:58 AM|VEP|4988101|
623176|Britishdude|Lucosnia VIII|Christian Coalition Of Countries|10028|Maroon|209648|neonthefox|waltoria|NATO|10037|Blue|Expired|9000000|0|0|8/22/2025 11:48:44 AM|VEP|4988100|
76627|shwampy|Barryteroria|Libertarian Socialist Federation|10027|White|618472|Leftie|Brotherhood|Madlads Union|17130|Brown|Expired|0|100|0|8/22/2025 11:35:06 AM|Another quality trade :)|4988099|
355527|MP2012|TerRep|WWF|14310|Green|326030|Laughing Turtle|Turtlopolis|WWF|14310|Green|Expired|0|100|0|8/22/2025 11:29:53 AM|Financial Assistance|4988097|
355527|MP2012|TerRep|WWF|14310|Green|342332|Hellhound|MythDranor|WWF|14310|Green|Expired|0|100|0|8/22/2025 11:29:40 AM|Financial Assistance|4988096|
355527|MP2012|TerRep|WWF|14310|Green|557199|Adama44|Capricaa|WWF|14310|Green|Expired|0|100|0|8/22/2025 11:29:15 AM|Financial Assistance|4988095|
646540|brasitolandia|brasitolandia2|The Phoenix Federation|17385|Black|632798|KYBALION|HVITIRDREKAR|Knights Of The Round Table|10092|Green|Expired|0|100|0|8/22/2025 10:27:55 AM|Financial Assistance|4988090|
646540|brasitolandia|brasitolandia2|The Phoenix Federation|17385|Black|604459|Hugh Dick|Perineum|Independent Republic Of Orange Nations|10004|Orange|Expired|0|100|0|8/22/2025 10:27:32 AM|Financial Assistance|4988089|
261397|Rampage3|United Liberocracy|Nuclear Proliferation League|17228|Aqua|645985|CaboMabo|CaboMabo|Nuclear Proliferation League|17228|Aqua|Expired|9000000|0|0|8/22/2025 10:24:58 AM|The Man Himself!!! |4988087|
133051|MikeTheFirst|MikeLand|Non Grata|10097|Maroon|624193|The1nonlykk|Biourja|Non Grata|10097|Maroon|Expired|9000000|0|0|8/22/2025 9:53:05 AM|Tech circle|4988084|
57033|Slywolfe|Slywolfe|New Pacific Order|10000|Red|679|Gateborg|Gateborg|New Pacific Order|10000|Red|Expired|9000000|0|0|8/22/2025 9:46:23 AM|Bankroll|4988083|
646800|Brotherlouie27|Louimerica II|Global Alliance And Treaty Organization|10003|Brown|394625|Empress Elizabeth|DeWitt|Global Alliance And Treaty Organization|10003|Brown|Expired|0|100|0|8/22/2025 9:20:36 AM|Financial Assistance|4988082|
528479|paul711|Paulinca|Non Grata|10097|Maroon|238472|Xerxes|New Persia|Non Grata|10097|Maroon|Expired|9000000|0|0|8/22/2025 8:38:12 AM|Financial Assistance|4988077|
555346|TacticalAldiko|TacticalAldiko|Viridian Entente|10010|Green|406081|Valhalla|Ukropa|Viridian Entente|10010|Green|Expired|9000000|0|0|8/22/2025 8:15:39 AM|9m/200|4988074|
437823|zyberzpyder|Zyberia|Non Grata|10097|Maroon|624193|The1nonlykk|Biourja|Non Grata|10097|Maroon|Expired|9000000|0|0|8/22/2025 8:12:27 AM|Tech|4988073|
88398|thepunk|thepunk|Federation Of Armed Nations|10021|Yellow|645372|darkestofdans|Alert1|Federation Of Armed Nations|10021|Yellow|Expired|9000000|0|4000|8/22/2025 8:09:06 AM|Financial Assistance|4988072|
588353|FieryVixen|Craptonia|Global Alliance And Treaty Organization|10003|Brown|394625|Empress Elizabeth|DeWitt|Global Alliance And Treaty Organization|10003|Brown|Expired|0|100|0|8/22/2025 7:50:22 AM|Financial Assistance|4988071|
273254|unstpblpimp|unstpblpimp|Global Alliance and Treaty Organization|10003|Brown|647083|NightShadeZee|ArcticConglomerate|Nuclear Proliferation League|17228|Brown|Expired|6000000|0|0|8/22/2025 7:48:03 AM|Financial Assistance|4988070|
170124|WackyDan|Wackytopia|Nordreich|11319|Maroon|91872|PuliSher|Kerj&#228;l&#228;|Non Grata|10097|Maroon|Expired|9000000|0|0|8/22/2025 7:37:15 AM|9M/100t|4988067|
643971|Blaze I|Brozil|Global Alliance And Treaty Organization|10003|Brown|381828|InconspicuousBarrel|Kievan Rus|Global Alliance And Treaty Organization|10003|Brown|Expired|0|100|0|8/22/2025 7:33:36 AM|Financial Assistance|4988066|
630674|Ghostruler1|Winterfelllllll|New Pacific Order|10000|Red|568748|Llednar Twem|Eurica|New Pacific Order|10000|Red|Expired|0|100|0|8/22/2025 6:49:34 AM|QT Tech|4988060|
630674|Ghostruler1|Winterfelllllll|New Pacific Order|10000|Red|523247|Umbrae Noctem|Gronland|New Pacific Order|10000|Red|Expired|0|100|0|8/22/2025 6:49:30 AM|QT Tech|4988059|
555535|Presidential|WashingtonDC|Viridian Entente|10010|Green|89354|dougal4chaos|dougal4chaos|Viridian Entente|10010|Green|Expired|0|100|0|8/22/2025 6:38:54 AM|Financial Assistance|4988058|
555535|Presidential|WashingtonDC|Viridian Entente|10010|Green|453991|Lieutenant Yenroh|Baguettador III|Viridian Entente|10010|Green|Expired|0|100|0|8/22/2025 6:38:48 AM|Financial Assistance|4988057|
555535|Presidential|WashingtonDC|Viridian Entente|10010|Green|491885|Chuck Jongil|Soylent Greenland|Viridian Entente|10010|Green|Expired|0|100|0|8/22/2025 6:38:43 AM|Financial Assistance|4988056|
490921|Roo Blu II|Blue Roo|Non Grata|10097|Maroon|238472|Xerxes|New Persia|Non Grata|10097|Maroon|Expired|9000000|0|0|8/22/2025 6:31:33 AM|NG Tech Deal|4988054|
600178|tejuguasu|tejuguasu|New Pacific Order|10000|Red|679|Gateborg|Gateborg|New Pacific Order|10000|Red|Expired|9000000|0|0|8/22/2025 6:19:17 AM|Bankroll|4988052|
600178|tejuguasu|tejuguasu|New Pacific Order|10000|Red|533942|Saxplayer|Arstoria|New Pacific Order|10000|Red|Expired|9000000|0|0|8/22/2025 6:19:11 AM|Bankroll|4988051|
443221|Mistral|Nicholas|Post Grunge Supergroup|16367|Brown|644785|Optimus881|Wakanda881|Post Grunge Supergroup|16367|Brown|Expired|9000000|0|0|8/22/2025 6:01:08 AM|9m/100t|4988049|
553210|tenbob|Mayoabu|New Polar Order|10006|Blue|602798|Tharu|Thunnalai|New Polar Order|10006|Blue|Expired|9000000|0|0|8/22/2025 4:55:19 AM|Icecap Cash|4988044|
207900|Queltocz|Quelto|Independent Republic Of Orange Nations|10004|Orange|550914|reilstrap|reilstrap|Independent Republic Of Orange Nations|10004|Orange|Expired|9000000|0|0|8/22/2025 4:02:31 AM|ITF|4988034|
645525|GodKing Menes|Free Republic of Kem|Nuclear Proliferation League|17228|Aqua|362361|Gofast2006|Pioneer Village|Nuclear Proliferation League|17228|Aqua|Expired|0|100|0|8/22/2025 3:36:52 AM|Tech Deal|4988032|
645525|GodKing Menes|Free Republic of Kem|Nuclear Proliferation League|17228|Aqua|242836|BozDaBoz|CoastalBendatia|Fark|10002|Aqua|Expired|0|100|0|8/22/2025 3:36:39 AM|Tech Deal|4988031|
645082|TowerQueen|Turrim|New Pacific Order|10000|Red|629229|HopeFun|LimaPT|New Pacific Order|10000|Red|Expired|0|100|0|8/22/2025 3:33:39 AM|QT Tech|4988030|
645082|TowerQueen|Turrim|New Pacific Order|10000|Red|600178|tejuguasu|tejuguasu|New Pacific Order|10000|Red|Expired|0|100|0|8/22/2025 3:33:34 AM|QT Tech|4988029|
645082|TowerQueen|Turrim|New Pacific Order|10000|Red|523247|Umbrae Noctem|Gronland|New Pacific Order|10000|Red|Expired|0|100|0|8/22/2025 3:33:29 AM|QT Tech|4988028|
645082|TowerQueen|Turrim|New Pacific Order|10000|Red|75117|rnegafan|Rnegfania|New Pacific Order|10000|Red|Expired|0|100|0|8/22/2025 3:33:23 AM|QT Tech|4988027|
418455|Sabcat|Sabcat Island|Libertarian Socialist Federation|10027|Brown|76627|shwampy|Barryteroria|Libertarian Socialist Federation|10027|White|Expired|6000000|0|0|8/22/2025 2:49:06 AM|Tech deal|4988021|
638457|AlQsar|Imbratoria|New Polar Order|10006|Blue|596771|Pentix|Mars Colony|New Polar Order|10006|Blue|Expired|0|100|0|8/22/2025 12:56:04 AM|Technology|4988010|
348468|Ghan Khalav|Khalavistan|Global Alliance and Treaty Organization|10003|Brown|647099|Esau of Isaac|Lanluz|Global Alliance And Treaty Organization|10003|Brown|Expired|6000000|0|0|8/22/2025 12:35:03 AM|Tech|4988003|
531590|Ledon|Ledonia|Knights of the Round Table|10092|Green|640027|Rdjzozet|Tryzovits|CLAWS|15841|Black|Expired|9000000|0|0|8/22/2025 12:27:02 AM|Tech Deal|4988001|
202519|Zombie Glaucon|UTC Labs|New Polar Order|10006|Blue|643625|DERVISHchaff|Sudentor|New Polar Order|10006|Blue|Expired|6000000|0|0|8/21/2025 11:57:42 PM|ICECAP Cash|4987995|
202519|Zombie Glaucon|UTC Labs|New Polar Order|10006|Blue|481947|Morgaine|Cruithne|New Polar Order|10006|Blue|Expired|9000000|0|0|8/21/2025 11:57:09 PM|ICECAP Cash|4987994|
41333|srboslav|Srboslavija|New Polar Order|10006|Blue|100705|Linden16|Kiljarit|New Polar Order|10006|Blue|Expired|0|100|0|8/21/2025 11:05:53 PM|ICECAP Tech|4987989|
645053|Geezy VIII|SOS Empire|Independent Republic Of Orange Nations|10004|Orange|605023|JuggernautMD|Framework|Independent Republic Of Orange Nations|10004|Orange|Expired|0|100|0|8/21/2025 10:54:23 PM|ITF|4987987|
645053|Geezy VIII|SOS Empire|Independent Republic Of Orange Nations|10004|Orange|260342|abcdefg|Alphabets|Independent Republic Of Orange Nations|10004|Aqua|Expired|0|100|0|8/21/2025 10:54:06 PM|ITF|4987986|
539696|God Almighty|Kingdom of God|New Pacific Order|10000|Red|618189|Curiosity|Illusion|New Pacific Order|10000|Red|Expired|9000000|0|0|8/21/2025 10:41:44 PM|Bankroll|4987985|
491885|Chuck Jongil|Soylent Greenland|Viridian Entente|10010|Green|569906|Tradewind|Republic of Bort|Viridian Entente|10010|Green|Expired|9000000|0|0|8/21/2025 9:12:55 PM|9mill/200tech|4987983|
645124|stugots|Trumpopolis|NATO|10037|Blue|493791|azntrigboi|Symmetry|NATO|10037|Blue|Expired|0|100|0|8/21/2025 8:13:43 PM|Financial Assistance|4987975|
645124|stugots|Trumpopolis|NATO|10037|Blue|468549|shadowstriker|shadow world|NATO|10037|Blue|Expired|0|100|0|8/21/2025 8:13:26 PM|Financial Assistance|4987974|
645124|stugots|Trumpopolis|NATO|10037|Blue|283424|Dropo7777|DelOrto|NATO|10037|Blue|Expired|0|100|0|8/21/2025 8:13:15 PM|Financial Assistance|4987973|
645696|ChiefCarr|Gidgeedoo|Nuclear Proliferation League|17228|Aqua|507771|MtPollux|The Monkey Kingdom|Nuclear Proliferation League|17228|Brown|Expired|0|100|0|8/21/2025 7:30:23 PM|Financial Assistance|4987972|
474413|The R00STER|Republic of Ibonn|The Dark Templar|10056|Black|645347|Randomnameguy|New England INC|Post Grunge Supergroup|16367|Brown|Expired|9000000|0|0|8/21/2025 6:03:16 PM|Financial Assistance|4987968|
87249|Infallible|Mulletville|Orange Defense Network|17435|Orange|423349|Raiser|Inireland|Orange Defense Network|17435|Orange|Expired|6000000|0|0|8/21/2025 5:58:16 PM|6/200|4987967|
616876|Lady Hawk|Isle of Mann|New Pacific Order|10000|Red|646681|Jokkeh|Andebu Technocracy|New Pacific Order|10000|Red|Expired|9000000|0|0|8/21/2025 5:06:09 PM|Rising Stars|4987964|
616876|Lady Hawk|Isle of Mann|New Pacific Order|10000|Red|616294|Japanese Schoolgirls|Japanese Schoolgirls|New Pacific Order|10000|Red|Expired|9000000|0|0|8/21/2025 5:06:03 PM|Bankroll|4987963|
616876|Lady Hawk|Isle of Mann|New Pacific Order|10000|Red|572011|Nijil1|Polinasia|New Pacific Order|10000|Red|Expired|9000000|0|0|8/21/2025 5:05:57 PM|Rising Stars|4987962|
616876|Lady Hawk|Isle of Mann|New Pacific Order|10000|Red|626040|Rewan Demontay|Panagouge|New Pacific Order|10000|Red|Expired|9000000|0|0|8/21/2025 5:05:43 PM|Bankroll|4987961|
616876|Lady Hawk|Isle of Mann|New Pacific Order|10000|Red|618189|Curiosity|Illusion|New Pacific Order|10000|Red|Expired|9000000|0|0|8/21/2025 5:05:33 PM|Bankroll|4987960|
616876|Lady Hawk|Isle of Mann|New Pacific Order|10000|Red|594363|Greatkitteh|Guahan|New Pacific Order|10000|Red|Expired|9000000|0|0|8/21/2025 5:05:23 PM|Cash for DOPE|4987959|
544925|Jacksonians|Barataria|Global Alliance And Treaty Organization|10003|Brown|64687|Wootmeister|Wootrovia|Global Alliance And Treaty Organization|10003|Brown|Expired|0|100|0|8/21/2025 4:49:51 PM|Yarrr|4987958|
168105|Bobogoobo|Bobogoobo|New Pacific Order|10000|Red|533942|Saxplayer|Arstoria|New Pacific Order|10000|Red|Expired|9000000|0|0|8/21/2025 4:39:56 PM|Bankroll|4987954|
168105|Bobogoobo|Bobogoobo|New Pacific Order|10000|Red|646681|Jokkeh|Andebu Technocracy|New Pacific Order|10000|Red|Expired|9000000|0|0|8/21/2025 4:39:49 PM|Rising Stars|4987953|
348070|Chopin|Republic of Poland|Avalanche|10078|Blue|632534|valves|valves2|Avalanche|10078|Blue|Expired|6000000|0|0|8/21/2025 4:12:51 PM|Td|4987950|
647124|Pocky|Pocky Two|Global Alliance And Treaty Organization|10003|Brown|455413|Duke Nukem|NukemLand|Global Alliance And Treaty Organization|10003|Brown|Expired|0|100|0|8/21/2025 3:43:48 PM|Financial Assistance|4987946|
647124|Pocky|Pocky Two|Global Alliance And Treaty Organization|10003|Brown|529189|Combat Pope|Vaticana|Global Alliance And Treaty Organization|10003|Brown|Expired|0|100|0|8/21/2025 3:43:34 PM|Financial Assistance|4987945|
155826|weebl2000|Azeer|Non Grata|10097|Maroon|627572|Latexi|Why would I do this|Non Grata|10097|Maroon|Expired|9000000|0|0|8/21/2025 3:36:33 PM|Financial Assistance|4987943|
616860|Rifazul|FDWState|Knights Of The Round Table|10092|Green|646212|Immai|Steampower|Knights Of The Round Table|10092|Green|Expired|6000000|0|0|8/21/2025 3:36:32 PM|Financial Assistance|4987942|
437823|zyberzpyder|Zyberia|Non Grata|10097|Maroon|627572|Latexi|Why would I do this|Non Grata|10097|Maroon|Expired|9000000|0|0|8/21/2025 3:15:48 PM|Tech|4987939|
551982|Jason Cyberius|Cyberium|Global Alliance And Treaty Organization|10003|Brown|117823|LittleVlad|Morte|Global Alliance and Treaty Organization|10003|Brown|Expired|0|100|0|8/21/2025 3:10:07 PM|Financial Assistance|4987938|
636336|Stelth|White Mountain|Union Of Communist Republics|10060|Brown|643607|Aspen|Silus|Union Of Communist Republics|10060|Brown|Expired|9000000|0|0|8/21/2025 2:29:30 PM|Tech Deal|4987937|
578787|Caspase|Amino Acids|Post Grunge Supergroup|16367|Brown|647179|Victon|Francewww5|Post Grunge Supergroup|16367|Brown|Expired|6000000|0|0|8/21/2025 2:07:45 PM|Starting pack|4987935|
483058|Dubh Caireallain|Roisin Dubh|New Polar Order|10006|Blue|100705|Linden16|Kiljarit|New Polar Order|10006|Blue|Expired|0|100|0|8/21/2025 2:06:17 PM|ICECAP Tech|4987929|
483058|Dubh Caireallain|Roisin Dubh|New Polar Order|10006|Blue|598596|XxWatchmanxX|Northern America|New Polar Order|10006|Blue|Expired|0|100|0|8/21/2025 2:05:53 PM|Aid Fall|4987928|
645467|LiefzDel|Greater Czechia|Post Grunge Supergroup|16367|Brown|64687|Wootmeister|Wootrovia|Global Alliance And Treaty Organization|10003|Brown|Expired|0|100|0|8/21/2025 1:27:00 PM|9/100 Payback|4987922|
645467|LiefzDel|Greater Czechia|Post Grunge Supergroup|16367|Brown|636336|Stelth|White Mountain|Union Of Communist Republics|10060|Brown|Expired|0|100|0|8/21/2025 1:26:30 PM|9/100 Payback|4987921|
277690|brentaar|Barstonia|New Pacific Order|10000|Red|636711|Praetor Cuddles|Romulan Star Empire|New Pacific Order|10000|Red|Expired|0|100|0|8/21/2025 1:00:44 PM|QT Tech|4987920|
277690|brentaar|Barstonia|New Pacific Order|10000|Red|565552|Kayla Frost|Anselion|New Pacific Order|10000|Red|Expired|0|100|0|8/21/2025 1:00:31 PM|QT Tech|4987918|
277690|brentaar|Barstonia|New Pacific Order|10000|Red|515093|GoldenAura|Communist Crackous|New Pacific Order|10000|Red|Expired|0|100|0|8/21/2025 1:00:26 PM|QT Tech|4987917|
277690|brentaar|Barstonia|New Pacific Order|10000|Red|167235|ORCACommander|Hiigaran Federation|New Pacific Order|10000|Red|Expired|0|100|0|8/21/2025 1:00:21 PM|QT Tech|4987916|
277690|brentaar|Barstonia|New Pacific Order|10000|Red|17202|Cybolt|Time and Space|New Pacific Order|10000|Red|Expired|0|100|0|8/21/2025 1:00:16 PM|QT Tech|4987915|
338643|Conundrum|Wallabyville|Federation of Armed Nations|10021|Yellow|645372|darkestofdans|Alert1|Federation Of Armed Nations|10021|Yellow|Expired|9000000|0|0|8/21/2025 12:32:13 PM|Financial Assistance|4987912|
301419|SirTwist|Twistland|The Grand Lodge Of Freemasons|10029|Orange|376391|Dave the Dominator|Taulvia|The Templar Knights|10012|Maroon|Expired|0|100|0|8/21/2025 12:27:40 PM|Tech|4987911|
341362|Erwin Schrodinger|Bermuda Islands|Non Grata|10097|Maroon|528479|paul711|Paulinca|Non Grata|10097|Maroon|Expired|0|100|0|8/21/2025 11:45:02 AM|Financial Assistance|4987908|
341362|Erwin Schrodinger|Bermuda Islands|Non Grata|10097|Maroon|314185|Rhizoctonia|Rhizoctonia|Non Grata|10097|Maroon|Expired|0|100|0|8/21/2025 11:44:50 AM|Financial Assistance|4987907|
341362|Erwin Schrodinger|Bermuda Islands|Non Grata|10097|Maroon|582941|Cydonian Knight|Strodemia|Non Grata|10097|Maroon|Expired|0|100|0|8/21/2025 11:44:37 AM|Financial Assistance|4987906|
341362|Erwin Schrodinger|Bermuda Islands|Non Grata|10097|Maroon|188637|Caustic|Hazardous Materials|Non Grata|10097|Maroon|Expired|0|100|0|8/21/2025 11:44:07 AM|Financial Assistance|4987905|
341362|Erwin Schrodinger|Bermuda Islands|Non Grata|10097|Maroon|133051|MikeTheFirst|MikeLand|Non Grata|10097|Maroon|Expired|0|100|0|8/21/2025 11:42:55 AM|Financial Assistance|4987903|
620328|Albasti|Kayi Tribe|New Pacific Order|10000|Red|608015|elputojack|villa feliz|New Pacific Order|10000|Red|Expired|0|100|0|8/21/2025 11:38:41 AM|QT Tech|4987902|
644785|Optimus881|Wakanda881|Post Grunge Supergroup|16367|Brown|474413|The R00STER|Republic of Ibonn|The Dark Templar|10056|Black|Expired|0|100|0|8/21/2025 11:38:27 AM|Financial Assistance|4987901|
258455|Magical Muslim|Alibaba Land|CLAWS|15841|Black|621876|thebigkas|kekistan69|COBRA|13717|Brown|Expired|9000000|0|0|8/21/2025 11:19:08 AM|9/100 tech deal|4987898|
349838|Kaiser Nichols|Holstria|United Purple Nations|10025|Purple|333873|AlforFun|Altheman|United Purple Nations|10025|Purple|Expired|0|100|0|8/21/2025 11:18:00 AM|Tech owed|4987897|
348556|Overlord Wes|wussys|Global Alliance and Treaty Organization|10003|Brown|83518|Johnny Apocalypse|Anubia|Global Alliance And Treaty Organization|10003|Brown|Expired|9000000|100|0|8/21/2025 10:47:53 AM|Financial Assistance|4987893|
348556|Overlord Wes|wussys|Global Alliance and Treaty Organization|10003|Brown|429171|Inquisitor Gaunt|Cult Imperialis|Global Alliance And Treaty Organization|10003|Brown|Expired|9000000|100|0|8/21/2025 10:47:28 AM|Financial Assistance|4987891|
604148|US Chrisderica|US of Chrisderica|Freehold of The Wolves|15157|White|219727|danhawk|sonyevilempire|The Imperial Order|10082|Blue|Expired|0|100|0|8/21/2025 10:20:38 AM|Valyrian Aid|4987890|
314219|Captain Stage|Maritime|Global Alliance And Treaty Organization|10003|Brown|579231|Greg23|Chronictopia|Global Alliance And Treaty Organization|10003|Brown|Expired|9000000|0|0|8/21/2025 10:01:58 AM|Financial Assistance|4987887|
120427|Ashleaa|Pigtopia|Federation of Armed Nations|10021|Yellow|467217|aroswing|Land of Darkness|Freehold of The Wolves|15157|White|Expired|9000000|0|0|8/21/2025 9:53:16 AM|VEP Tech Deal|4987886|
646892|Kamva|Zaire Republic|Nuclear Proliferation League|17228|Blue|32861|Drachonum|drachonia|Global Alliance and Treaty Organization|10003|Brown|Expired|0|100|0|8/21/2025 9:24:57 AM|Financial Assistance|4987883|
631385|Kingdom of Denmark|Jutland Germany|The Prussian Empire|14204|Green|488372|Heinrich I|Das Ostfrankenreich|The Prussian Empire|14204|Green|Expired|0|100|0|8/21/2025 9:13:07 AM|Financial Assistance|4987882|
541983|CVO|Kush|NATO|10037|Blue|467217|aroswing|Land of Darkness|Freehold of The Wolves|15157|White|Expired|9000000|0|0|8/21/2025 9:10:03 AM|Valyrian Aid|4987881|
407657|Shtanto|Shtanto|Non Grata|10097|Maroon|567239|GrumpyOldFool|Sugarstan|Fark|10002|Aqua|Expired|9000000|0|0|8/21/2025 8:59:55 AM|Financial Assistance|4987878|
576916|Czar Cootie|Zernograd|Global Alliance And Treaty Organization|10003|Brown|206001|Mallardius|Dominion of the Duck|Global Alliance And Treaty Organization|10003|Brown|Expired|0|100|0|8/21/2025 8:55:41 AM|Financial Assistance|4987877|
576916|Czar Cootie|Zernograd|Global Alliance And Treaty Organization|10003|Brown|455413|Duke Nukem|NukemLand|Global Alliance And Treaty Organization|10003|Brown|Expired|0|100|0|8/21/2025 8:55:13 AM|Financial Assistance|4987876|
538755|zeldafan4ever|Terminus|Orange Defense Network|17435|Orange|322157|Cartmantoria|Cartmantoria|Orange Defense Network|17435|Orange|Expired|0|100|0|8/21/2025 8:52:58 AM|Tech 3/3|4987875|
487838|Lord von Manteuffel|Kampfgruppe Panzer|Swash Plates And Tail Rotors|10126|None|260817|MamazlilMistake|Happy Hunting Ground|Non Grata|10097|Maroon|Expired|9000000|0|0|8/21/2025 8:52:04 AM|Financial Assistance|4987872|
487838|Lord von Manteuffel|Kampfgruppe Panzer|Swash Plates And Tail Rotors|10126|None|325202|murtibing|Fluens|Axiom of Regularity|17122|Blue|Expired|9000000|0|0|8/21/2025 8:51:48 AM|Financial Assistance|4987871|
487838|Lord von Manteuffel|Kampfgruppe Panzer|Swash Plates And Tail Rotors|10126|None|265697|Laskar Pelangi|Rainbow Soldier|Kaskus|10104|Brown|Expired|9000000|0|0|8/21/2025 8:51:38 AM|Financial Assistance|4987870|
635806|MikeCat|Renastasia|New Pacific Order|10000|Red|608015|elputojack|villa feliz|New Pacific Order|10000|Red|Expired|0|100|0|8/21/2025 8:42:33 AM|QT Tech|4987868|
635806|MikeCat|Renastasia|New Pacific Order|10000|Red|511698|hailkirk10|Kirklan|New Pacific Order|10000|Red|Expired|0|100|0|8/21/2025 8:42:30 AM|QT Tech|4987866|
625051|Troopers|Colonist|CLAWS|15841|Black|275547|BigKif|KifLand|CLAWS|15841|Black|Expired|0|100|0|8/21/2025 8:41:15 AM|Financial Assistance|4987865|
39705|Bmk812|Eisenherz|Global Alliance And Treaty Organization|10003|Brown|531189|Peroman200|Petrolandija|Global Alliance And Treaty Organization|10003|Brown|Expired|9000000|0|0|8/21/2025 8:10:58 AM|Tech Aid|4987860|
446109|VVhite Majik|VS0P United|Doombrella|17368|Black|151268|Zerileous|Monkey Time|Doombrella|17368|Black|Expired|0|100|0|8/21/2025 7:55:49 AM|Financial Assistance|4987856|
446109|VVhite Majik|VS0P United|Doombrella|17368|Black|484851|enderland|Fields of Elysium|Doombrella|17368|Black|Expired|0|100|0|8/21/2025 7:55:39 AM|Financial Assistance|4987855|
446109|VVhite Majik|VS0P United|Doombrella|17368|Black|646975|Thomassh|HighGateHaven|Doombrella|17368|Black|Expired|9000000|0|0|8/21/2025 7:55:09 AM|Financial Assistance|4987854|
446109|VVhite Majik|VS0P United|Doombrella|17368|Black|646870|Waffless|Wafflandia|Doombrella|17368|Black|Expired|9000000|0|0|8/21/2025 7:54:56 AM|Financial Assistance|4987853|
645804|La Mismidad|Libertaris|New Pacific Order|10000|Red|17202|Cybolt|Time and Space|New Pacific Order|10000|Red|Expired|0|100|0|8/21/2025 7:51:55 AM|QT Tech|4987851|
645804|La Mismidad|Libertaris|New Pacific Order|10000|Red|629229|HopeFun|LimaPT|New Pacific Order|10000|Red|Expired|0|100|0|8/21/2025 7:51:46 AM|QT Tech|4987850|
645804|La Mismidad|Libertaris|New Pacific Order|10000|Red|608015|elputojack|villa feliz|New Pacific Order|10000|Red|Expired|0|100|0|8/21/2025 7:51:37 AM|QT Tech|4987849|
634903|ToasterOven|Pancake Republic|Non Grata|10097|Maroon|72766|Gofastleft|Racesteria|Non Grata|10097|Maroon|Expired|0|100|0|8/21/2025 7:34:17 AM|Financial Assistance|4987846|
447303|Terminator|USSROK|CLAWS|15841|Aqua|643607|Aspen|Silus|Union Of Communist Republics|10060|Brown|Expired|9000000|0|0|8/21/2025 6:52:31 AM|Financial Assistance|4987839|
643784|Cypher Link|Cyphristria|Post Grunge Supergroup|16367|Brown|647179|Victon|Francewww5|Post Grunge Supergroup|16367|Brown|Expired|6000000|0|0|8/21/2025 6:41:16 AM|free m,oney|4987837|
429171|Inquisitor Gaunt|Cult Imperialis|Global Alliance And Treaty Organization|10003|Brown|646984|fruitloomps|Loomberg|Global Alliance And Treaty Organization|10003|Brown|Expired|6000000|0|0|8/21/2025 6:25:42 AM|Financial Assistance|4987834|
254879|tnnnn|Turtle Empire|Global Alliance and Treaty Organization|10003|Brown|576916|Czar Cootie|Zernograd|Global Alliance And Treaty Organization|10003|Brown|Expired|9000000|0|0|8/21/2025 6:07:43 AM|Financial Assistance|4987831|
623987|MasterBadey|mastabadeia|Global Alliance And Treaty Organization|10003|Brown|314219|Captain Stage|Maritime|Global Alliance And Treaty Organization|10003|Brown|Expired|0|100|0|8/21/2025 6:02:10 AM|eat moar tech|4987827|
197161|Juleandor|Kleptoville|The Legion|10020|Purple|643549|KingDutchison|KingDutchison|The Legion|10020|Purple|Expired|9000000|0|0|8/21/2025 5:51:38 AM|Legion Trade|4987826|
644951|Landric|Republic of Ursus|The Grand Lodge Of Freemasons|10029|Orange|256722|MDH962|Claysburgh|The Grand Lodge of Freemasons|10029|Orange|Expired|0|100|0|8/21/2025 5:49:11 AM|Financial Assistance|4987825|
129664|Sammy|Maxland|Freehold of The Wolves|15157|Maroon|467779|The decimator|My new new nation|Random Insanity Alliance|10038|Maroon|Expired|0|100|0|8/21/2025 5:47:20 AM|Financial Assistance|4987824|
602798|Tharu|Thunnalai|New Polar Order|10006|Blue|497470|Skaros Thunderbane|Shimazu Conglomerate|New Polar Order|10006|Blue|Expired|0|100|0|8/21/2025 5:24:11 AM|Aid Fall|4987814|
602798|Tharu|Thunnalai|New Polar Order|10006|Blue|249837|Andrew III|Dendarii Federation|New Polar Order|10006|Blue|Expired|0|100|0|8/21/2025 5:23:42 AM|Aid Fall|4987813|
256722|MDH962|Claysburgh|The Grand Lodge of Freemasons|10029|Orange|644967|Mushrat|Ormarr Land|The Grand Lodge Of Freemasons|10029|Orange|Expired|9000000|0|0|8/21/2025 5:07:14 AM|Tech|4987807|
626566|Peacy McPeaceface|New Olde Switzerland|Christian Coalition Of Countries|10028|Maroon|202168|Dr Doctor|NATO Armed Forces|NATO|10037|Blue|Expired|9000000|0|0|8/21/2025 4:35:21 AM|Valyrian Aid|4987804|
545724|Matmal|Matmalia|Post Grunge Supergroup|16367|Brown|621029|Le Trout|Lambo Lambo Lambo|Post Grunge Supergroup|16367|Brown|Expired|0|100|0|8/21/2025 4:10:25 AM|Financial Assistance|4987803|
404176|Sadero|Saderia|New Polar Order|10006|Blue|117871|Kamil|Nowa Polska|New Polar Order|10006|Blue|Expired|0|100|0|8/21/2025 3:54:12 AM|Aid Fall|4987799|
238151|devnull|Republic of Unix|CLAWS|15841|Black|631191|Magnus IV|Kingdom of Ars Magna|CLAWS|15841|Black|Expired|9000000|0|0|8/21/2025 2:45:14 AM|Tech deal 9m 100|4987795|
631406|The Black Kaiser|Medieval Reich||0|Green|639165|Otto Die Heilige|Holy Roman Reich|The Prussian Empire|14204|Green|Expired|0|100|0|8/21/2025 2:29:04 AM|Financial Assistance|4987794|
413336|Tevron|Devion|CLAWS|15841|Black|646540|brasitolandia|brasitolandia2|The Phoenix Federation|17385|Black|Expired|6000000|0|0|8/21/2025 2:26:58 AM|Financial Assistance|4987793|
443221|Mistral|Nicholas|Post Grunge Supergroup|16367|Brown|646297|Snorkel|Rockies Folk State|Nuclear Proliferation League|17228|Aqua|Expired|9000000|0|0|8/21/2025 2:14:50 AM|9m/100t|4987792|
604229|St Mungo|Glasgow|Knights Of The Round Table|10092|Green|384577|wayoik|SunOase|Knights Of The Round Table|10092|Green|Expired|0|100|0|8/21/2025 2:03:15 AM|Your Tech Thanks|4987790|
516493|The dutch Dragonborn|The Dutch Dragonborn|New Polar Order|10006|Blue|647277|yesyesnono|Rostovan|Nuclear Proliferation League|17228|Aqua|Expired|6000000|0|0|8/21/2025 1:38:22 AM|NPL Celebration|4987788|
187132|White Majik|VSOP United|Doombrella|17368|Black|646870|Waffless|Wafflandia|Doombrella|17368|Black|Expired|9000000|0|0|8/21/2025 12:58:54 AM|Financial Assistance|4987782|
639335|Swamplandia|Horna|NATO|10037|Blue|311344|asapilu|Persianiran|NATO|10037|Blue|Expired|0|100|0|8/21/2025 12:50:16 AM|Financial Assistance|4987779|
646635|supremeruler|Astros|Post Grunge Supergroup|16367|Yellow|633062|SoloRocket|Rocket Republic|Post Grunge Supergroup|16367|Brown|Expired|0|100|0|8/21/2025 12:37:02 AM|tech express milord|4987777|
144708|Matthew PK|Commonwealth of LoL|Doombrella|17368|Black|566736|amossio|amossio|Doombrella|17368|Black|Expired|9000000|0|0|8/21/2025 12:34:12 AM|Financial Assistance|4987776|
41333|srboslav|Srboslavija|New Polar Order|10006|Blue|249837|Andrew III|Dendarii Federation|New Polar Order|10006|Blue|Expired|0|100|0|8/21/2025 12:24:51 AM|Aid Fall|4987775|
41333|srboslav|Srboslavija|New Polar Order|10006|Blue|497470|Skaros Thunderbane|Shimazu Conglomerate|New Polar Order|10006|Blue|Expired|0|100|0|8/21/2025 12:24:31 AM|Aid Fall|4987774|
41333|srboslav|Srboslavija|New Polar Order|10006|Blue|598596|XxWatchmanxX|Northern America|New Polar Order|10006|Blue|Expired|0|100|0|8/21/2025 12:24:22 AM|Aid Fall|4987773|
41333|srboslav|Srboslavija|New Polar Order|10006|Blue|117871|Kamil|Nowa Polska|New Polar Order|10006|Blue|Expired|0|100|0|8/21/2025 12:24:12 AM|Aid Fall|4987772|
643162|DarkDefiance|United Defiance|New Pacific Order|10000|Red|442731|Madd|Modra|New Pacific Order|10000|Red|Expired|0|100|0|8/21/2025 12:23:05 AM|QT Tech|4987770|
635734|Monyulking|Bomdi La|Independent Republic Of Orange Nations|10004|Orange|605023|JuggernautMD|Framework|Independent Republic Of Orange Nations|10004|Orange|Expired|0|100|0|8/21/2025 12:09:26 AM|ITF|4987769|
262614|aml520|Hantou|New Polar Order|10006|Blue|497470|Skaros Thunderbane|Shimazu Conglomerate|New Polar Order|10006|Blue|Expired|0|100|0|8/21/2025 12:04:48 AM|ICECAP Tech|4987758|
643625|DERVISHchaff|Sudentor|New Polar Order|10006|Blue|406305|Ciroton|Sarin|New Polar Order|10006|Blue|Expired|0|100|0|8/20/2025 11:57:14 PM|ICECAP Tech|4987751|
645525|GodKing Menes|Free Republic of Kem|Nuclear Proliferation League|17228|Aqua|124781|im317|im317|Random Insanity Alliance|10038|Maroon|Expired|0|100|0|8/20/2025 11:56:04 PM|Tech Deal|4987750|
388308|Lord Zymeth|USSR of Belleviastan|New Pacific Order|10000|Red|646371|EmpressMei|Luxmortem|New Pacific Order|10000|Red|Expired|9000000|0|0|8/20/2025 11:10:04 PM|Rising Stars|4987749|
388308|Lord Zymeth|USSR of Belleviastan|New Pacific Order|10000|Red|552125|Mouseman490|The Empire of Klein|New Pacific Order|10000|Red|Expired|9000000|0|0|8/20/2025 11:09:34 PM|Bankroll|4987745|
188637|Caustic|Hazardous Materials|Non Grata|10097|Maroon|580021|General Kanabis|Imperio Mexica|COBRA|13717|Brown|Expired|9000000|0|0|8/20/2025 9:28:26 PM|Financial Assistance|4987744|
646779|RedMetal|Soviet Canuckitstan|Doom Squad|16454|Black|199494|Bomber66|Baxter|Doombrella|17368|Black|Expired|0|100|0|8/20/2025 8:50:29 PM|Financial Assistance|4987741|
634306|Lalaa|Lalaa|Doom Squad|16454|Black|392583|Javier360|Tenochtitlan|DOOMBIRD DOOMCAVE|10449|Black|Expired|0|100|0|8/20/2025 8:00:23 PM|Financial Assistance|4987739|
634306|Lalaa|Lalaa|Doom Squad|16454|Black|416695|pmacdaddy|Sanctuary|DOOMBIRD DOOMCAVE|10449|Black|Expired|0|100|0|8/20/2025 8:00:16 PM|Financial Assistance|4987738|
634306|Lalaa|Lalaa|Doom Squad|16454|Black|364329|Donnie Darko|DarkoLand|Doom Squad|16454|Black|Expired|0|100|0|8/20/2025 8:00:09 PM|Financial Assistance|4987737|
634306|Lalaa|Lalaa|Doom Squad|16454|Black|622221|cobwebbyarc6|Dasein|Doom Squad|16454|Black|Expired|0|100|0|8/20/2025 8:00:00 PM|Financial Assistance|4987736|
159192|Matt Bowen|Bowenland|Knights Of The Round Table|10092|Green|640027|Rdjzozet|Tryzovits|CLAWS|15841|Black|Expired|9000000|0|1|8/20/2025 7:26:23 PM|Tech Deal $9M/100 Tech|4987733|
159192|Matt Bowen|Bowenland|Knights Of The Round Table|10092|Green|526750|Christopher Sedgwick|Wickillian Highlands|Knights Of The Round Table|10092|Green|Expired|6000000|0|1|8/20/2025 7:25:34 PM|Nation Building $|4987732|
467217|aroswing|Land of Darkness|Freehold of The Wolves|15157|White|32845|Mackay Warrior|Land-o-Mackay|Federation Of Armed Nations|10021|Yellow|Expired|0|100|0|8/20/2025 6:54:10 PM|Valyrian tech |4987724|
645984|keyman|Bonland|Nuclear Proliferation League|17228|Aqua|452727|Avakael|Klaus Devestatorie|Nuclear Proliferation League|17228|Brown|Expired|0|100|0|8/20/2025 6:49:08 PM|Financial Assistance|4987723|
647099|Esau of Isaac|Lanluz|Global Alliance And Treaty Organization|10003|Brown|646327|KittenGosCrazy|Aura Kingdom|Global Alliance And Treaty Organization|10003|Brown|Expired|0|100|0|8/20/2025 6:35:08 PM|GATITO go PRRRRR|4987718|
79371|xkirra|Mordlandia|Global Alliance And Treaty Organization|10003|Brown|643971|Blaze I|Brozil|Global Alliance And Treaty Organization|10003|Brown|Expired|9000000|0|0|8/20/2025 6:04:45 PM|Financial Assistance|4987716|
79371|xkirra|Mordlandia|Global Alliance And Treaty Organization|10003|Brown|647099|Esau of Isaac|Lanluz|Global Alliance And Treaty Organization|10003|Brown|Expired|6000000|0|0|8/20/2025 6:04:37 PM|Financial Assistance|4987715|
79371|xkirra|Mordlandia|Global Alliance And Treaty Organization|10003|Brown|544925|Jacksonians|Barataria|Global Alliance And Treaty Organization|10003|Brown|Expired|9000000|0|0|8/20/2025 6:04:27 PM|Financial Assistance|4987714|
407151|Dre4mwe4ver|Fidensgen|Global Alliance And Treaty Organization|10003|Brown|83518|Johnny Apocalypse|Anubia|Global Alliance And Treaty Organization|10003|Brown|Expired|0|100|0|8/20/2025 6:02:31 PM|Tech for Nukes|4987713|
407151|Dre4mwe4ver|Fidensgen|Global Alliance And Treaty Organization|10003|Brown|455413|Duke Nukem|NukemLand|Global Alliance And Treaty Organization|10003|Brown|Expired|0|100|0|8/20/2025 6:02:12 PM|Tech for Nukes|4987712|
264926|Ken T Kent|Codopia|Fark|10002|Aqua|254501|gijoe|atlantis awakens|Fark|10002|Aqua|Expired|0|100|0|8/20/2025 5:58:05 PM|Financial Assistance|4987711|
264926|Ken T Kent|Codopia|Fark|10002|Aqua|428668|EViL0nE|Hivestonia|Fark|10002|Aqua|Expired|0|100|0|8/20/2025 5:57:57 PM|Financial Assistance|4987710|
543972|zachart|The Father Land|New Pacific Order|10000|Red|636711|Praetor Cuddles|Romulan Star Empire|New Pacific Order|10000|Red|Expired|0|100|0|8/20/2025 5:51:06 PM|QT Tech|4987706|
543972|zachart|The Father Land|New Pacific Order|10000|Red|388308|Lord Zymeth|USSR of Belleviastan|New Pacific Order|10000|Red|Expired|0|100|0|8/20/2025 5:50:59 PM|QT Tech|4987705|
402492|NikolaP|Wiggles|Disciples of Duckroll|17024|Black|596807|AmeerMuib|SiegeTank|Disciples of Duckroll|17024|Black|Expired|9000000|0|0|8/20/2025 5:44:01 PM|Financial Assistance|4987704|
78691|konkrage1|konkrage1|The Legion|10020|Purple|623795|Aristarchus of Samos|baklava|The Legion|10020|Purple|Expired|0|100|0|8/20/2025 5:35:42 PM|Financial Assistance|4987703|
449862|Marneus Calgar|Macragge|New Pacific Order|10000|Red|646371|EmpressMei|Luxmortem|New Pacific Order|10000|Red|Expired|9000000|0|0|8/20/2025 5:14:19 PM|Rising Stars|4987700|
449862|Marneus Calgar|Macragge|New Pacific Order|10000|Red|552125|Mouseman490|The Empire of Klein|New Pacific Order|10000|Red|Expired|9000000|0|0|8/20/2025 5:12:50 PM|Bankroll|4987695|
441760|jacka|north 40|The Legion|10020|Purple|629180|filgod|Sicara|The Legion|10020|Purple|Expired|0|100|0|8/20/2025 4:37:10 PM|Financial Assistance|4987694|
441760|jacka|north 40|The Legion|10020|Purple|623795|Aristarchus of Samos|baklava|The Legion|10020|Purple|Expired|0|100|0|8/20/2025 4:37:02 PM|Financial Assistance|4987693|
407948|avatar3619|Shendu|New Pacific Order|10000|Red|646371|EmpressMei|Luxmortem|New Pacific Order|10000|Red|Expired|9000000|0|0|8/20/2025 3:19:19 PM|Rising Stars|4987688|
551982|Jason Cyberius|Cyberium|Global Alliance And Treaty Organization|10003|Brown|32861|Drachonum|drachonia|Global Alliance and Treaty Organization|10003|Brown|Expired|0|100|0|8/20/2025 2:04:33 PM|Financial Assistance|4987681|
645347|Randomnameguy|New England INC|Post Grunge Supergroup|16367|Brown|639322|Kaenver|PDR Muog|Madlads Union|17130|Brown|Expired|0|100|0|8/20/2025 1:47:48 PM|Tech Payment|4987679|
604873|Iorek|Crusader States|New Pacific Order|10000|Red|646371|EmpressMei|Luxmortem|New Pacific Order|10000|Red|Expired|9000000|0|0|8/20/2025 1:38:52 PM|Rising Stars|4987677|
516493|The dutch Dragonborn|The Dutch Dragonborn|New Polar Order|10006|Blue|647083|NightShadeZee|ArcticConglomerate|Nuclear Proliferation League|17228|Brown|Expired|6000000|0|0|8/20/2025 1:33:22 PM|NPL Celebration|4987673|
283424|Dropo7777|DelOrto|NATO|10037|Blue|626587|Iogaro12|Iberia del Norte|Freehold of The Wolves|15157|White|Expired|9000000|0|0|8/20/2025 12:09:20 PM|Valyrian Aid|4987664|
573749|necAnt|Lucky Ants||0|Green|541311|King Quincy|Confederate USA|Green Protection Agency|10041|Green|Expired|0|100|0|8/20/2025 12:00:59 PM|TD 2/2|4987663|
229836|apemax|smugglers and mercs|The Imperial Order|10082|Blue|626587|Iogaro12|Iberia del Norte|Freehold of The Wolves|15157|White|Expired|9000000|0|0|8/20/2025 11:11:44 AM|VEP Tech Deal|4987661|
604148|US Chrisderica|US of Chrisderica|Freehold of The Wolves|15157|White|561490|Greatest Mothers|Femocratic Lands|Freehold of The Wolves|15157|White|Expired|0|100|0|8/20/2025 11:06:49 AM|Valyrian Aid|4987660|
647027|HorseElectrolytes|Greater Mustangistan|Global Alliance And Treaty Organization|10003|Brown|455413|Duke Nukem|NukemLand|Global Alliance And Treaty Organization|10003|Brown|Expired|0|100|0|8/20/2025 11:03:23 AM|Financial Assistance|4987656|
635806|MikeCat|Renastasia|New Pacific Order|10000|Red|636711|Praetor Cuddles|Romulan Star Empire|New Pacific Order|10000|Red|Expired|0|100|0|8/20/2025 11:02:05 AM|QT Tech|4987655|
558202|Doug Henning|Magic Land|Nuclear Proliferation League|17228|Aqua|124781|im317|im317|Random Insanity Alliance|10038|Maroon|Expired|0|100|0|8/20/2025 10:46:38 AM|Tech Deal 9/100|4987652|
129864|Mike the Greatest|Palookastan|Nuclear Proliferation League|17228|Maroon|645829|blegth|irting|Nuclear Proliferation League|17228|Aqua|Expired|9000000|0|0|8/20/2025 10:43:17 AM|Tech trade|4987651|
638567|Cobert|Brightwood|Non Grata|10097|Maroon|634448|Stewie|Stewieland III|Non Grata|10097|Maroon|Expired|0|100|0|8/20/2025 10:06:36 AM|Tech|4987650|
184966|The Upper Bass|Little Basses|The Dark Templar|10056|Black|646025|Hiten21|HAPUD|The Dark Templar|10056|Black|Expired|9000000|0|0|8/20/2025 9:51:59 AM|Aid|4987645|
643549|KingDutchison|KingDutchison|The Legion|10020|Purple|623795|Aristarchus of Samos|baklava|The Legion|10020|Purple|Expired|0|100|0|8/20/2025 9:48:38 AM|Financial Assistance|4987644|
643549|KingDutchison|KingDutchison|The Legion|10020|Purple|529402|Firkinvald|Firkinland|The Legion|10020|Purple|Expired|0|100|0|8/20/2025 9:48:21 AM|Financial Assistance|4987643|
643876|LordInfamous|Swindlerstan|Independent Republic Of Orange Nations|10004|Orange|605023|JuggernautMD|Framework|Independent Republic Of Orange Nations|10004|Orange|Expired|0|100|0|8/20/2025 9:23:46 AM|ITF|4987642|
643876|LordInfamous|Swindlerstan|Independent Republic Of Orange Nations|10004|Orange|234325|Ben Gates|TreasureLand|Independent Republic Of Orange Nations|10004|Orange|Expired|0|100|0|8/20/2025 9:22:47 AM|ITF|4987641|
623795|Aristarchus of Samos|baklava|The Legion|10020|Purple|616289|Kingzing|Glister|The Legion|10020|Purple|Expired|9000000|0|0|8/20/2025 9:01:24 AM|Financial Assistance|4987638|
616289|Kingzing|Glister|The Legion|10020|Purple|529402|Firkinvald|Firkinland|The Legion|10020|Purple|Expired|0|100|0|8/20/2025 8:34:53 AM|Financial Assistance|4987631|
616289|Kingzing|Glister|The Legion|10020|Purple|116618|Thrash|Machas|The Legion|10020|Purple|Expired|0|100|0|8/20/2025 8:34:46 AM|Financial Assistance|4987630|
645829|blegth|irting|Nuclear Proliferation League|17228|Aqua|452727|Avakael|Klaus Devestatorie|Nuclear Proliferation League|17228|Brown|Expired|0|100|0|8/20/2025 8:25:07 AM|Financial Assistance|4987626|
501403|Trebs|Trebs|Nordreich|11319|Maroon|91872|PuliSher|Kerj&#228;l&#228;|Non Grata|10097|Maroon|Expired|9000000|0|0|8/20/2025 8:22:06 AM|Financial Assistance|4987624|
538755|zeldafan4ever|Terminus|Orange Defense Network|17435|Orange|360567|jjfx4|Millasville|Orange Defense Network|17435|Orange|Expired|0|100|0|8/20/2025 8:20:21 AM|Tech 3/3|4987623|
240196|Seagram|Siperia|Nordreich|11319|Maroon|638457|AlQsar|Imbratoria|New Polar Order|10006|Blue|Expired|9000000|0|0|8/20/2025 8:15:33 AM|Tech deal|4987622|
240196|Seagram|Siperia|Nordreich|11319|Maroon|49522|Croix|Edjaal|Random Insanity Alliance|10038|Maroon|Expired|9000000|0|0|8/20/2025 8:14:52 AM|Tech deal|4987621|
100705|Linden16|Kiljarit|New Polar Order|10006|Blue|591794|Raden Wijaya|Kerajaan Majapahit|New Polar Order|10006|Green|Expired|9000000|0|0|8/20/2025 8:11:58 AM|Financial Assistance|4987620|
100705|Linden16|Kiljarit|New Polar Order|10006|Blue|641765|Chandragupta Maurya|Maurya Dynasty|New Polar Order|10006|Blue|Expired|9000000|0|0|8/20/2025 8:11:45 AM|Financial Assistance|4987619|
237395|Spook|SPOGLO|Random Insanity Alliance|10038|Maroon|549690|Leonardothered|Casterly Rock|Random Insanity Alliance|10038|Maroon|Expired|6000000|0|0|8/20/2025 8:10:47 AM|tech 6/100|4987618|
273254|unstpblpimp|unstpblpimp|Global Alliance and Treaty Organization|10003|Brown|647124|Pocky|Pocky Two|Global Alliance And Treaty Organization|10003|Brown|Expired|6000000|0|0|8/20/2025 7:57:09 AM|Financial Assistance|4987614|
584263|Beefbone|Beefy|New Polar Order|10006|Blue|644690|kylelandia|Kylelandia|Nuclear Proliferation League|17228|Aqua|Expired|9000000|0|0|8/20/2025 7:47:00 AM|NPL Celebration|4987612|
340698|Onified|Spork|NATO|10037|Blue|580046|Body Jryant|Conservative South|Christian Coalition Of Countries|10028|Maroon|Expired|9000000|0|0|8/20/2025 7:33:36 AM|Vep|4987609|
646815|godtoh1|hotdogal|Global Alliance And Treaty Organization|10003|Brown|163031|MasterChief777|The New Empire|Global Alliance And Treaty Organization|10003|Brown|Expired|0|100|0|8/20/2025 7:25:26 AM|Financial Assistance|4987605|
86974|Mad Mike|Mikeville|Global Alliance And Treaty Organization|10003|Brown|647099|Esau of Isaac|Lanluz|Global Alliance And Treaty Organization|10003|Brown|Expired|6000000|0|0|8/20/2025 7:12:11 AM|GATITO SAYS SO:|4987604|
474413|The R00STER|Republic of Ibonn|The Dark Templar|10056|Black|639937|The Evilest Eye|NeoNeftyaniki|The Dark Templar|10056|Black|Expired|9000000|0|0|8/20/2025 6:57:02 AM|Financial Assistance|4987602|
139990|BacTalan|NorseTurks|Global Alliance And Treaty Organization|10003|Brown|646984|fruitloomps|Loomberg|Global Alliance And Treaty Organization|10003|Brown|Expired|6000000|0|0|8/20/2025 6:38:46 AM|Financial Assistance|4987600|
139990|BacTalan|NorseTurks|Global Alliance And Treaty Organization|10003|Brown|646249|Pretondapredator|Prestonland|Global Alliance And Treaty Organization|10003|Brown|Expired|6000000|0|0|8/20/2025 6:38:40 AM|Financial Assistance|4987599|
629752|Jamo199599|C1995|New Polar Order|10006|Blue|641765|Chandragupta Maurya|Maurya Dynasty|New Polar Order|10006|Blue|Expired|9000000|0|0|8/20/2025 6:13:40 AM|ICECAP Cash|4987597|
484240|j3rdegree|United Tadpoles|Global Alliance And Treaty Organization|10003|Brown|348468|Ghan Khalav|Khalavistan|Global Alliance and Treaty Organization|10003|Brown|Expired|0|100|0|8/20/2025 6:07:10 AM|Tech go brrrr|4987595|
647063|geneclar|Kandam|Global Alliance And Treaty Organization|10003|Brown|86974|Mad Mike|Mikeville|Global Alliance And Treaty Organization|10003|Brown|Expired|0|100|0|8/20/2025 6:02:11 AM|Financial Assistance|4987593|
623987|MasterBadey|mastabadeia|Global Alliance And Treaty Organization|10003|Brown|64687|Wootmeister|Wootrovia|Global Alliance And Treaty Organization|10003|Brown|Expired|0|100|0|8/20/2025 5:49:12 AM|eat moar bird feed|4987592|
623987|MasterBadey|mastabadeia|Global Alliance And Treaty Organization|10003|Brown|152876|Hankidan|Parkview 12|Global Alliance And Treaty Organization|10003|Brown|Expired|0|100|0|8/20/2025 5:48:43 AM|eat moar tech|4987591|
623987|MasterBadey|mastabadeia|Global Alliance And Treaty Organization|10003|Brown|14658|Manis B|Caesura|Global Alliance and Treaty Organization|10003|Brown|Expired|0|100|0|8/20/2025 5:48:03 AM|eat moar tech|4987590|
646771|King Chocolate|Chocolate Cookie|Nuclear Proliferation League|17228|Aqua|452727|Avakael|Klaus Devestatorie|Nuclear Proliferation League|17228|Brown|Expired|0|100|0|8/20/2025 5:35:26 AM|Financial Assistance|4987589|
646771|King Chocolate|Chocolate Cookie|Nuclear Proliferation League|17228|Aqua|507771|MtPollux|The Monkey Kingdom|Nuclear Proliferation League|17228|Brown|Expired|0|100|0|8/20/2025 5:34:57 AM|Financial Assistance|4987588|
645105|Trench Foast|TrenchFoastia|Christian Coalition Of Countries|10028|Maroon|509784|Lord Emperor Clot|Clotvania|Christian Coalition Of Countries|10028|Maroon|Expired|0|100|0|8/20/2025 5:02:50 AM|Vep|4987586|
212835|Minuq|Butan|New Pacific Order|10000|Red|646371|EmpressMei|Luxmortem|New Pacific Order|10000|Red|Expired|9000000|0|0|8/20/2025 4:49:44 AM|Rising Stars|4987585|
212835|Minuq|Butan|New Pacific Order|10000|Red|552125|Mouseman490|The Empire of Klein|New Pacific Order|10000|Red|Expired|9000000|0|0|8/20/2025 4:49:22 AM|Bankroll|4987580|
643971|Blaze I|Brozil|Global Alliance And Treaty Organization|10003|Brown|646327|KittenGosCrazy|Aura Kingdom|Global Alliance And Treaty Organization|10003|Brown|Expired|0|100|0|8/20/2025 4:36:59 AM|Financial Assistance|4987577|
643971|Blaze I|Brozil|Global Alliance And Treaty Organization|10003|Brown|147284|Magicninja|Grundy|Global Alliance And Treaty Organization|10003|Brown|Expired|0|100|0|8/20/2025 4:34:05 AM|Financial Assistance|4987576|
490921|Roo Blu II|Blue Roo|Non Grata|10097|Maroon|645844|Dario the Great|Darioland|Non Grata|10097|Maroon|Expired|9000000|0|0|8/20/2025 4:18:10 AM|Financial Assistance 2|4987573|
625646|muji111|muji111|Random Insanity Alliance|10038|Maroon|94305|Brettward|Truckerland|Nordreich|11319|Maroon|Expired|0|100|0|8/20/2025 4:05:15 AM|Financial Assistance|4987570|
64343|TrilobyteMan|Trilobyte Land|New Pacific Order|10000|Red|448981|Knight|Alliance of Knights|New Pacific Order|10000|Red|Expired|0|100|0|8/20/2025 4:04:47 AM|QT Tech|4987569|
64343|TrilobyteMan|Trilobyte Land|New Pacific Order|10000|Red|608015|elputojack|villa feliz|New Pacific Order|10000|Red|Expired|0|100|0|8/20/2025 4:04:35 AM|QT Tech|4987568|
64343|TrilobyteMan|Trilobyte Land|New Pacific Order|10000|Red|511698|hailkirk10|Kirklan|New Pacific Order|10000|Red|Expired|9000000|100|0|8/20/2025 4:04:06 AM|QT Tech|4987567|
64343|TrilobyteMan|Trilobyte Land|New Pacific Order|10000|Red|305440|Daimos|Micon|New Pacific Order|10000|Red|Expired|0|100|0|8/20/2025 4:03:47 AM|QT Tech|4987566|
500125|Soxirella|Jusmania|Non Grata|10097|Maroon|626678|slothix|Kevin|Non Grata|10097|Maroon|Expired|9000000|0|0|8/20/2025 2:49:36 AM|Financial Assistance|4987554|
202519|Zombie Glaucon|UTC Labs|New Polar Order|10006|Blue|591794|Raden Wijaya|Kerajaan Majapahit|New Polar Order|10006|Green|Expired|9000000|0|0|8/20/2025 2:32:05 AM|ICECAP Cash|4987553|
642338|Kauppinen|Savruotland|The Dark Templar|10056|Black|402037|Soviet Mudkip|In Soviet Russia|The Dark Templar|10056|Black|Expired|0|100|0|8/20/2025 2:29:26 AM|Financial Assistance|4987552|
626587|Iogaro12|Iberia del Norte|Freehold of The Wolves|15157|White|414337|Shadowfury|Illyria|Freehold of The Wolves|15157|Black|Expired|0|100|0|8/20/2025 2:23:17 AM|Valyrian Aid|4987547|
639335|Swamplandia|Horna|NATO|10037|Blue|39465|King Tom|king Tom|NATO|10037|Blue|Expired|0|100|0|8/20/2025 2:12:21 AM|Financial Assistance|4987546|
443221|Mistral|Nicholas|Post Grunge Supergroup|16367|Brown|645347|Randomnameguy|New England INC|Post Grunge Supergroup|16367|Brown|Expired|9000000|0|0|8/20/2025 2:05:55 AM|9m/100t|4987544|
508630|notkintoot|particle|Nuclear Proliferation League|17228|Aqua|507771|MtPollux|The Monkey Kingdom|Nuclear Proliferation League|17228|Brown|Expired|0|100|0|8/20/2025 1:30:04 AM|9/100 tech|4987541|
586822|Pauls|Pauls nation|The Templar Knights|10012|Maroon|132067|Merick|Panamkey|The Templar Knights|10012|Maroon|Expired|9000000|0|0|8/20/2025 1:09:30 AM|Financial Assistance|4987536|
639843|TheChickenRun|Costco Wholesale|The Dark Templar|10056|Black|184966|The Upper Bass|Little Basses|The Dark Templar|10056|Black|Expired|0|100|0|8/20/2025 1:08:53 AM|Free Tech|4987535|
639843|TheChickenRun|Costco Wholesale|The Dark Templar|10056|Black|262199|Bob|Beta Site|The Dark Templar|10056|Black|Expired|0|100|0|8/20/2025 1:08:31 AM|Free Tech|4987534|
132067|Merick|Panamkey|The Templar Knights|10012|Maroon|372061|Mandystalin|Lutonstan|The Templar Knights|10012|Maroon|Expired|0|100|0|8/20/2025 12:28:03 AM|Financial Assistance|4987532|
132067|Merick|Panamkey|The Templar Knights|10012|Maroon|376391|Dave the Dominator|Taulvia|The Templar Knights|10012|Maroon|Expired|0|100|0|8/20/2025 12:27:47 AM|Financial Assistance|4987530|
643741|Danteeternity|Balan|Post Grunge Supergroup|16367|Brown|443221|Mistral|Nicholas|Post Grunge Supergroup|16367|Brown|Expired|0|100|0|8/20/2025 12:20:01 AM|Tech Deal|4987528|
645688|Queen Victoria Hale|Kingdom of Thalassia|Post Grunge Supergroup|16367|Brown|266131|RA2Leader|Soviet USA|Madlads Union|17130|Brown|Expired|0|100|0|8/20/2025 12:00:56 AM|Financial Assistance|4987525|
231352|Wippeli|Wippelandia|Freehold of The Wolves|15157|White|414337|Shadowfury|Illyria|Freehold of The Wolves|15157|Black|Expired|0|100|0|8/19/2025 11:53:49 PM|VEP|4987524|
635734|Monyulking|Bomdi La|Independent Republic Of Orange Nations|10004|Orange|636601|Wolfbite|Caffinated Wolves|Independent Republic Of Orange Nations|10004|Orange|Expired|0|100|0|8/19/2025 11:53:10 PM|ITF|4987521|
635734|Monyulking|Bomdi La|Independent Republic Of Orange Nations|10004|Orange|234325|Ben Gates|TreasureLand|Independent Republic Of Orange Nations|10004|Orange|Expired|0|100|0|8/19/2025 11:52:53 PM|ITF|4987520|
532609|KingJohnny|Nechian Empire|Doom Squad|16454|Black|626860|BringMeTheHorizon|Dakotas|Doombrella|17368|Black|Expired|0|100|0|8/19/2025 11:19:10 PM|Financial Assistance|4987519|
532609|KingJohnny|Nechian Empire|Doom Squad|16454|Black|199494|Bomber66|Baxter|Doombrella|17368|Black|Expired|0|100|0|8/19/2025 11:18:27 PM|Financial Assistance|4987518|
532609|KingJohnny|Nechian Empire|Doom Squad|16454|Black|615966|tehol|Lether|Doom Squad|16454|Black|Expired|0|100|0|8/19/2025 11:13:57 PM|Financial Assistance|4987517|
646801|Chaos Gremlin|Chaostopia|Global Alliance And Treaty Organization|10003|Brown|416942|Chris Kaos|The Kingdom of Kaos|Global Alliance And Treaty Organization|10003|Brown|Expired|0|100|0|8/19/2025 9:24:14 PM|Financial Assistance|4987513|
405936|Griffy|Rememberence|Global Alliance And Treaty Organization|10003|Brown|86974|Mad Mike|Mikeville|Global Alliance And Treaty Organization|10003|Brown|Expired|0|100|0|8/19/2025 9:22:12 PM|Financial Assistance|4987512|
405936|Griffy|Rememberence|Global Alliance And Treaty Organization|10003|Brown|561575|DragonsPhyre|Dragon Spire|Global Alliance And Treaty Organization|10003|Brown|Expired|0|100|0|8/19/2025 9:21:47 PM|Financial Assistance|4987511|
130031|Matto|Epointe|Federation of Armed Nations|10021|Yellow|645261|kinmckhatch|dudeydudeworld|Federation Of Armed Nations|10021|Yellow|Expired|9000000|0|4000|8/19/2025 9:09:02 PM|Financial Assistance|4987510|
261397|Rampage3|United Liberocracy|Nuclear Proliferation League|17228|Aqua|647277|yesyesnono|Rostovan|Nuclear Proliferation League|17228|Aqua|Expired|6000000|0|0|8/19/2025 8:50:15 PM|Wally said to|4987507|
578787|Caspase|Amino Acids|Post Grunge Supergroup|16367|Brown|545724|Matmal|Matmalia|Post Grunge Supergroup|16367|Brown|Expired|6000000|0|0|8/19/2025 8:38:02 PM|tech deal cont|4987503|
578787|Caspase|Amino Acids|Post Grunge Supergroup|16367|Brown|621876|thebigkas|kekistan69|COBRA|13717|Brown|Expired|9000000|0|0|8/19/2025 8:37:46 PM|tech deal cont|4987502|
596771|Pentix|Mars Colony|New Polar Order|10006|Blue|645829|blegth|irting|Nuclear Proliferation League|17228|Aqua|Expired|9000000|0|0|8/19/2025 8:20:51 PM|Financial Assistance|4987501|
206853|Tsayka|Trisaram|NATO|10037|Blue|340698|Onified|Spork|NATO|10037|Blue|Expired|0|100|0|8/19/2025 8:15:40 PM|Financial Assistance|4987500|
206853|Tsayka|Trisaram|NATO|10037|Blue|593353|Kitkat16|Sofie|NATO|10037|Blue|Expired|0|100|0|8/19/2025 8:15:28 PM|Financial Assistance|4987499|
645525|GodKing Menes|Free Republic of Kem|Nuclear Proliferation League|17228|Aqua|645985|CaboMabo|CaboMabo|Nuclear Proliferation League|17228|Aqua|Expired|9000000|100|0|8/19/2025 8:08:24 PM|Repayment 9 of 15|4987498|
388182|lucky6|Direct Impingement|Federation of Armed Nations|10021|Yellow|412136|King James II|Michigan II|NATO|10037|Blue|Expired|0|100|0|8/19/2025 7:49:08 PM|Financial Assistance|4987497|
388182|lucky6|Direct Impingement|Federation of Armed Nations|10021|Yellow|493791|azntrigboi|Symmetry|NATO|10037|Blue|Expired|0|100|0|8/19/2025 7:48:46 PM|Financial Assistance|4987496|
388182|lucky6|Direct Impingement|Federation of Armed Nations|10021|Yellow|32845|Mackay Warrior|Land-o-Mackay|Federation Of Armed Nations|10021|Yellow|Expired|0|100|0|8/19/2025 7:48:28 PM|Financial Assistance|4987495|
380797|gainesta09|gainesta09|NATO|10037|Blue|646038|OT Dominic|borneo kenyalang|Christian Coalition Of Countries|10028|Maroon|Expired|9000000|0|0|8/19/2025 7:44:40 PM|Valyrian Aid|4987494|
593353|Kitkat16|Sofie|NATO|10037|Blue|580046|Body Jryant|Conservative South|Christian Coalition Of Countries|10028|Maroon|Expired|9000000|0|0|8/19/2025 7:28:03 PM|Valyrian Aid|4987492|
338643|Conundrum|Wallabyville|Federation of Armed Nations|10021|Yellow|645652|SpaceGhostCTC|Phantom crusier|Federation Of Armed Nations|10021|Yellow|Expired|9000000|0|0|8/19/2025 7:03:28 PM|Financial Assistance|4987489|
85056|Pbaff|RuntMutLend|The Dark Templar|10056|Black|639897|CaptTchalle|Akutan Island|The Dark Templar|10056|Brown|Expired|9000000|0|0|8/19/2025 6:49:31 PM|Financial Assistance|4987488|
85056|Pbaff|RuntMutLend|The Dark Templar|10056|Black|642141|Crusadan|Doimestea|The Dark Templar|10056|Black|Expired|9000000|0|0|8/19/2025 6:49:26 PM|Financial Assistance|4987487|
85056|Pbaff|RuntMutLend|The Dark Templar|10056|Black|646025|Hiten21|HAPUD|The Dark Templar|10056|Black|Expired|9000000|0|0|8/19/2025 6:49:21 PM|Financial Assistance|4987486|
85056|Pbaff|RuntMutLend|The Dark Templar|10056|Black|639937|The Evilest Eye|NeoNeftyaniki|The Dark Templar|10056|Black|Expired|9000000|0|0|8/19/2025 6:49:15 PM|Financial Assistance|4987485|
590806|vocalese|Vocalese|The Imperial Entente|16809|Maroon|273692|Pope Bubba XIII|Rebel Virginia|Non Grata|10097|Maroon|Expired|0|100|0|8/19/2025 6:39:36 PM|Financial Assistance|4987484|
590806|vocalese|Vocalese|The Imperial Entente|16809|Maroon|138858|Haart|Barbarica|The Templar Knights|10012|Maroon|Expired|0|100|0|8/19/2025 6:39:27 PM|Financial Assistance|4987483|
645829|blegth|irting|Nuclear Proliferation League|17228|Aqua|645985|CaboMabo|CaboMabo|Nuclear Proliferation League|17228|Aqua|Expired|9000000|100|0|8/19/2025 6:31:23 PM|Repayment|4987481|
556496|rheebrosinc|SwagJuice|Christian Coalition Of Countries|10028|Maroon|311344|asapilu|Persianiran|NATO|10037|Blue|Expired|0|100|0|8/19/2025 6:03:00 PM|valyrian tech|4987479|
556496|rheebrosinc|SwagJuice|Christian Coalition Of Countries|10028|Maroon|248357|MrSka|Slartibartfast|NATO|10037|Blue|Expired|0|100|0|8/19/2025 6:02:50 PM|valyrian tech|4987478|
556496|rheebrosinc|SwagJuice|Christian Coalition Of Countries|10028|Maroon|576335|Smitty256|HouseStark|Christian Coalition Of Countries|10028|Maroon|Expired|0|100|0|8/19/2025 6:02:34 PM|valyrian tech|4987477|
556496|rheebrosinc|SwagJuice|Christian Coalition Of Countries|10028|Maroon|482099|Sir Gunz|Talent|Christian Coalition Of Countries|10028|Maroon|Expired|0|100|0|8/19/2025 6:02:15 PM|valyrian tech|4987475|
556496|rheebrosinc|SwagJuice|Christian Coalition Of Countries|10028|Maroon|229836|apemax|smugglers and mercs|The Imperial Order|10082|Blue|Expired|0|100|0|8/19/2025 6:02:07 PM|valyrian tech|4987474|
527097|Galerion|blighty|Freehold of The Wolves|15157|White|646038|OT Dominic|borneo kenyalang|Christian Coalition Of Countries|10028|Maroon|Expired|9000000|0|0|8/19/2025 5:59:43 PM|Valyrian Aid|4987472|
527097|Galerion|blighty|Freehold of The Wolves|15157|White|580046|Body Jryant|Conservative South|Christian Coalition Of Countries|10028|Maroon|Expired|9000000|0|0|8/19/2025 5:59:27 PM|Valyrian Aid|4987471|
407948|avatar3619|Shendu|New Pacific Order|10000|Red|586608|SolSal|Solaryx|New Pacific Order|10000|Red|Expired|9000000|0|0|8/19/2025 5:20:52 PM|Bankroll|4987468|
468549|shadowstriker|shadow world|NATO|10037|Blue|646038|OT Dominic|borneo kenyalang|Christian Coalition Of Countries|10028|Maroon|Expired|9000000|0|0|8/19/2025 5:08:38 PM|Valyrian Aid|4987466|
468549|shadowstriker|shadow world|NATO|10037|Blue|580046|Body Jryant|Conservative South|Christian Coalition Of Countries|10028|Maroon|Expired|9000000|0|0|8/19/2025 5:08:14 PM|Valyrian Aid|4987465|
646815|godtoh1|hotdogal|Global Alliance And Treaty Organization|10003|Brown|561575|DragonsPhyre|Dragon Spire|Global Alliance And Treaty Organization|10003|Brown|Expired|0|100|0|8/19/2025 4:43:54 PM|Financial Assistance|4987463|
280709|Supersub68|Subway|Sparta|10008|Black|431619|rotinom|Gideons|Sparta|10008|Black|Expired|9000000|0|0|8/19/2025 4:07:44 PM|Financial Assistance|4987458|
39465|King Tom|king Tom|NATO|10037|Blue|580046|Body Jryant|Conservative South|Christian Coalition Of Countries|10028|Maroon|Expired|9000000|0|0|8/19/2025 3:50:11 PM|vep|4987455|
433547|WhitEarendur|Tol Eressea|New Polar Order|10006|Blue|646771|King Chocolate|Chocolate Cookie|Nuclear Proliferation League|17228|Aqua|Expired|9000000|0|0|8/19/2025 2:36:00 PM|9/100|4987451|
645427|Clank|Clank|Doombrella|17368|Black|541774|Das Blitzkrieger|Leistungsstarke|Disciples of Duckroll|17024|Black|Expired|0|100|0|8/19/2025 2:18:08 PM|Financial Assistance|4987450|
645427|Clank|Clank|Doombrella|17368|Black|334182|st6mm|Northern Reich|Disciples of Duckroll|17024|Black|Expired|0|100|0|8/19/2025 2:17:44 PM|Financial Assistance|4987449|
141583|jerdge|Gaela|Green Protection Agency|10041|Green|545923|VHongo|Canadian Dominanace|Green Protection Agency|10041|Green|Expired|9000000|0|0|8/19/2025 2:17:32 PM|There we go again. :-)|4987448|
551982|Jason Cyberius|Cyberium|Global Alliance And Treaty Organization|10003|Brown|83518|Johnny Apocalypse|Anubia|Global Alliance And Treaty Organization|10003|Brown|Expired|0|100|0|8/19/2025 2:17:13 PM|Financial Assistance|4987445|
646779|RedMetal|Soviet Canuckitstan|Doom Squad|16454|Black|615966|tehol|Lether|Doom Squad|16454|Black|Expired|0|100|0|8/19/2025 2:16:42 PM|Financial Assistance|4987443|
646145|ScootDootson|UnitedPeoplesOfDoot|Goldenrod Accords|17406|Green|170471|Smurthwaite|Smurthwaite|Nuclear Proliferation League|17228|Aqua|Expired|0|100|0|8/19/2025 2:09:31 PM|Financial Assistance|4987442|
414519|markpalm1|vacous|Freehold of The Wolves|15157|White|646038|OT Dominic|borneo kenyalang|Christian Coalition Of Countries|10028|Maroon|Expired|9000000|0|0|8/19/2025 1:28:24 PM|Valyrian Cash|4987435|
551677|Edward I|Seleucia|New Pacific Order|10000|Red|478715|New Persia|New Pars|New Pacific Order|10000|Red|Expired|0|100|0|8/19/2025 12:33:51 PM|QT Tech|4987431|
551677|Edward I|Seleucia|New Pacific Order|10000|Red|454283|Waterana|Chrystalen|New Pacific Order|10000|Red|Expired|0|100|0|8/19/2025 12:33:47 PM|QT Tech|4987430|
404438|Herzog|Black Amber|Sparta|10008|Black|6600|poonertang|PR of pooner|Sparta|10008|Black|Expired|0|100|0|8/19/2025 12:08:19 PM|Financial Assistance|4987425|
404438|Herzog|Black Amber|Sparta|10008|Black|283366|Ronpau17|libertylando|Sparta|10008|Black|Expired|0|100|0|8/19/2025 12:07:57 PM|Financial Assistance|4987424|
547395|KameraadLenin|Newfoundland SSR|Non Grata|10097|Maroon|528479|paul711|Paulinca|Non Grata|10097|Maroon|Expired|0|100|0|8/19/2025 12:04:48 PM|Financial Assistance|4987423|
621876|thebigkas|kekistan69|COBRA|13717|Brown|586922|WileyXero|Wiley|CLAWS|15841|Black|Expired|0|100|0|8/19/2025 12:03:45 PM|Financial Assistance|4987421|
454283|Waterana|Chrystalen|New Pacific Order|10000|Red|586608|SolSal|Solaryx|New Pacific Order|10000|Red|Expired|9000000|0|0|8/19/2025 11:38:15 AM|Bankroll|4987417|
454283|Waterana|Chrystalen|New Pacific Order|10000|Red|646465|Panglima Burung|Kalimantan Baru|New Pacific Order|10000|Red|Expired|9000000|0|0|8/19/2025 11:38:03 AM|Cash for DOPE|4987416|
454283|Waterana|Chrystalen|New Pacific Order|10000|Red|571763|JohelleTapper|StoneSour|New Pacific Order|10000|Red|Expired|9000000|0|0|8/19/2025 11:37:50 AM|Bankroll|4987415|
635806|MikeCat|Renastasia|New Pacific Order|10000|Red|542117|Killerbankz|HellOnEarth|New Pacific Order|10000|Red|Expired|0|100|0|8/19/2025 11:37:50 AM|QT Tech|4987414|
635806|MikeCat|Renastasia|New Pacific Order|10000|Red|478715|New Persia|New Pars|New Pacific Order|10000|Red|Expired|0|100|0|8/19/2025 11:37:35 AM|QT Tech|4987413|
635806|MikeCat|Renastasia|New Pacific Order|10000|Red|454283|Waterana|Chrystalen|New Pacific Order|10000|Red|Expired|0|100|0|8/19/2025 11:37:31 AM|QT Tech|4987412|
454283|Waterana|Chrystalen|New Pacific Order|10000|Red|251551|TSLOLWedgeAntill|TSL KINGDOM|New Pacific Order|10000|Red|Expired|9000000|0|0|8/19/2025 11:37:30 AM|Bankroll|4987411|
484240|j3rdegree|United Tadpoles|Global Alliance And Treaty Organization|10003|Brown|64687|Wootmeister|Wootrovia|Global Alliance And Treaty Organization|10003|Brown|Expired|0|100|0|8/19/2025 11:15:00 AM|Tech go brrrr|4987407|
484240|j3rdegree|United Tadpoles|Global Alliance And Treaty Organization|10003|Brown|479490|King Cyan|The Cyan Kingdom|Global Alliance And Treaty Organization|10003|Brown|Expired|0|100|0|8/19/2025 11:14:45 AM|T|4987406|
484240|j3rdegree|United Tadpoles|Global Alliance And Treaty Organization|10003|Brown|561575|DragonsPhyre|Dragon Spire|Global Alliance And Treaty Organization|10003|Brown|Expired|0|100|0|8/19/2025 11:14:30 AM|Tech go brrrr|4987405|
485812|Amyante|Zargathia|Shangri La|13799|White|107572|oneeightytwo|d&#237;beartach|Fark|10002|Aqua|Expired|0|100|0|8/19/2025 9:49:52 AM|Tech deal: 100/100|4987394|
485812|Amyante|Zargathia|Shangri La|13799|White|479490|King Cyan|The Cyan Kingdom|Global Alliance And Treaty Organization|10003|Brown|Expired|0|100|0|8/19/2025 9:49:45 AM|Tech deal: 100/100|4987392|
485812|Amyante|Zargathia|Shangri La|13799|White|567361|GradyTheGreat|Secundo Tonku|CLAWS|15841|Black|Expired|0|100|0|8/19/2025 9:49:36 AM|Tech deal: 100/100|4987391|
485812|Amyante|Zargathia|Shangri La|13799|White|613743|Tacotopia|Bobs Your Uncle|CLAWS|15841|Black|Expired|0|100|0|8/19/2025 9:49:29 AM|Tech deal: 100/100|4987389|
376391|Dave the Dominator|Taulvia|The Templar Knights|10012|Maroon|551356|NuclearGlow|Dawg Nation|The Templar Knights|10012|Maroon|Expired|9000000|0|0|8/19/2025 9:46:05 AM|Financial Assistance|4987388|
326273|Red Rebel|Pi Lambda Phi|Madlads Union|17130|Brown|640620|Frioz|Lusitania Portugalia|Post Grunge Supergroup|16367|Brown|Expired|9000000|0|0|8/19/2025 9:10:14 AM|Tech Deal 9m/100t|4987384|
630683|Queen Aurore|Turnopia|Christian Coalition Of Countries|10028|Maroon|229836|apemax|smugglers and mercs|The Imperial Order|10082|Blue|Expired|0|100|0|8/19/2025 9:04:54 AM|Financial Assistance|4987381|
630683|Queen Aurore|Turnopia|Christian Coalition Of Countries|10028|Maroon|1037|mona lisa|3 oaks|Old Guard|11296|Blue|Expired|0|100|0|8/19/2025 9:04:37 AM|Financial Assistance|4987380|
625574|torquewench|Solo Donne|Doom Squad|16454|Black|634169|Cadlore|OId Lore|CLAWS|15841|Black|Expired|0|100|0|8/19/2025 8:47:50 AM|Financial Assistance|4987376|
625574|torquewench|Solo Donne|Doom Squad|16454|Black|615966|tehol|Lether|Doom Squad|16454|Black|Expired|0|100|0|8/19/2025 8:47:27 AM|Financial Assistance|4987375|
625574|torquewench|Solo Donne|Doom Squad|16454|Black|410812|Berbers|Kingdom of AlRezana|The Wolves|16660|Black|Expired|0|100|0|8/19/2025 8:46:53 AM|Financial Assistance|4987374|
625574|torquewench|Solo Donne|Doom Squad|16454|Black|645382|Kharmandril|PETA nudes|Doom Squad|16454|Black|Expired|0|100|0|8/19/2025 8:46:23 AM|Financial Assistance|4987373|
625574|torquewench|Solo Donne|Doom Squad|16454|Black|624696|Hershicus|DoomsDayShekels|Doom Squad|16454|Black|Expired|0|100|0|8/19/2025 8:45:54 AM|Financial Assistance|4987372|
14658|Manis B|Caesura|Global Alliance and Treaty Organization|10003|Brown|544925|Jacksonians|Barataria|Global Alliance And Treaty Organization|10003|Brown|Expired|9000000|0|0|8/19/2025 8:37:35 AM|Financial Assistance|4987369|
584263|Beefbone|Beefy|New Polar Order|10006|Blue|579146|Hazzara|Hazarrium|Nuclear Proliferation League|17228|Aqua|Expired|6000000|0|0|8/19/2025 8:35:58 AM|NPL Celebration|4987368|
273254|unstpblpimp|unstpblpimp|Global Alliance and Treaty Organization|10003|Brown|646249|Pretondapredator|Prestonland|Global Alliance And Treaty Organization|10003|Brown|Expired|6000000|0|0|8/19/2025 8:25:53 AM|Financial Assistance|4987367|
631432|Elector King|Bohemia Moravia|The Prussian Empire|14204|Green|618698|Arminius Cheruski|Germania Magna|The Prussian Empire|14204|Green|Expired|0|100|0|8/19/2025 8:11:49 AM|Financial Assistance|4987365|
71592|upchuck|warmarding|Viridian Entente|10010|Green|640557|CrixKringle|Paragonia|Viridian Entente|10010|Green|Expired|9000000|0|0|8/19/2025 8:10:47 AM|tech deal 9m/200t|4987364|
612177|DannyVee|Cvetko|New Pacific Order|10000|Red|568748|Llednar Twem|Eurica|New Pacific Order|10000|Red|Expired|0|100|0|8/19/2025 7:59:27 AM|QT Tech|4987363|
612177|DannyVee|Cvetko|New Pacific Order|10000|Red|305440|Daimos|Micon|New Pacific Order|10000|Red|Expired|0|100|0|8/19/2025 7:59:23 AM|QT Tech|4987362|
612177|DannyVee|Cvetko|New Pacific Order|10000|Red|542117|Killerbankz|HellOnEarth|New Pacific Order|10000|Red|Expired|0|100|0|8/19/2025 7:59:18 AM|QT Tech|4987361|
612177|DannyVee|Cvetko|New Pacific Order|10000|Red|407948|avatar3619|Shendu|New Pacific Order|10000|Red|Expired|0|100|0|8/19/2025 7:59:13 AM|QT Tech|4987360|
612177|DannyVee|Cvetko|New Pacific Order|10000|Red|26771|proud american|Duorp  Nacirema|New Pacific Order|10000|Red|Expired|0|100|0|8/19/2025 7:59:09 AM|Vallum Aelium|4987359|
497000|Democzar|frequathrive|Global Alliance And Treaty Organization|10003|Brown|645136|district10VICTOR|Amelo|Global Alliance And Treaty Organization|10003|Brown|Expired|6000000|0|0|8/19/2025 7:57:19 AM|Financial Assistance|4987357|
120237|Ice Princess|Tundra Mountain|The Grand Lodge of Freemasons|10029|Orange|644951|Landric|Republic of Ursus|The Grand Lodge Of Freemasons|10029|Orange|Expired|6000000|0|0|8/19/2025 7:47:44 AM|tech plz|4987356|
250431|riser|Goodwill|CLAWS|15841|Black|570802|IlDuce|ItaliaSS|CLAWS|15841|Black|Expired|9000000|0|0|8/19/2025 7:42:21 AM|9m/100 tech deal|4987354|
646249|Pretondapredator|Prestonland|Global Alliance And Treaty Organization|10003|Brown|529189|Combat Pope|Vaticana|Global Alliance And Treaty Organization|10003|Brown|Expired|0|100|0|8/19/2025 7:35:07 AM|Financial Assistance|4987353|
152876|Hankidan|Parkview 12|Global Alliance And Treaty Organization|10003|Brown|544925|Jacksonians|Barataria|Global Alliance And Treaty Organization|10003|Brown|Expired|9000000|0|0|8/19/2025 7:19:50 AM|Financial Assistance|4987351|
646353|tuomas|temple of perversion|The Legion|10020|Purple|618779|learjet|Racinante|The Legion|10020|Purple|Expired|0|100|0|8/19/2025 7:05:48 AM|Financial Assistance|4987350|
231352|Wippeli|Wippelandia|Freehold of The Wolves|15157|White|414519|markpalm1|vacous|Freehold of The Wolves|15157|White|Expired|0|100|0|8/19/2025 7:03:15 AM|VEP|4987349|
647063|geneclar|Kandam|Global Alliance And Treaty Organization|10003|Brown|313301|MK4Slowride|MK4Slowride|Global Alliance And Treaty Organization|10003|Brown|Expired|0|100|0|8/19/2025 6:59:49 AM|Financial Assistance|4987348|
206001|Mallardius|Dominion of the Duck|Global Alliance And Treaty Organization|10003|Brown|646762|Kevlar|Sasquatch|Global Alliance And Treaty Organization|10003|Brown|Expired|6000000|0|0|8/19/2025 6:58:41 AM|Financial Assistance|4987347|
234325|Ben Gates|TreasureLand|Independent Republic Of Orange Nations|10004|Orange|647037|Pachacan Federation|Pachacan Federation|Independent Republic Of Orange Nations|10004|Orange|Expired|6000000|0|0|8/19/2025 6:52:28 AM|ITF|4987344|
646892|Kamva|Zaire Republic|Nuclear Proliferation League|17228|Blue|479490|King Cyan|The Cyan Kingdom|Global Alliance And Treaty Organization|10003|Brown|Expired|0|100|0|8/19/2025 6:42:51 AM|Financial Assistance|4987337|
237395|Spook|SPOGLO|Random Insanity Alliance|10038|Maroon|625646|muji111|muji111|Random Insanity Alliance|10038|Maroon|Expired|9000000|0|0|8/19/2025 6:36:39 AM|tech 9/100|4987336|
629752|Jamo199599|C1995|New Polar Order|10006|Blue|591794|Raden Wijaya|Kerajaan Majapahit|New Polar Order|10006|Green|Expired|9000000|0|0|8/19/2025 6:03:45 AM|ICECAP Cash|4987328|
433854|Auctor|Wyrdgar|Doombrella|17368|Black|202255|onelove|We Are One Love|Doombrella|17368|Black|Expired|9000000|100|0|8/19/2025 5:51:20 AM|Financial Assistance|4987323|
433854|Auctor|Wyrdgar|Doombrella|17368|Black|101493|ak47don|sicily mafia|Doombrella|17368|Black|Expired|9000000|100|0|8/19/2025 5:51:07 AM|Financial Assistance|4987322|
433854|Auctor|Wyrdgar|Doombrella|17368|Black|502087|Astryl|Ethereal|Doombrella|17368|Black|Expired|9000000|100|0|8/19/2025 5:50:52 AM|Financial Assistance|4987321|
433854|Auctor|Wyrdgar|Doombrella|17368|Black|151268|Zerileous|Monkey Time|Doombrella|17368|Black|Expired|9000000|100|0|8/19/2025 5:50:37 AM|Financial Assistance|4987320|
437548|Dutchmaster|Feardare|Coalition of Royal Allied Powers|10051|Maroon|631385|Kingdom of Denmark|Jutland Germany|The Prussian Empire|14204|Green|Expired|9000000|0|0|8/19/2025 5:47:41 AM|9 million for 100 tech|4987317|
437548|Dutchmaster|Feardare|Coalition of Royal Allied Powers|10051|Maroon|625646|muji111|muji111|Random Insanity Alliance|10038|Maroon|Expired|9000000|0|0|8/19/2025 5:47:16 AM|9 million for 100 tech|4987316|
646465|Panglima Burung|Kalimantan Baru|New Pacific Order|10000|Red|442731|Madd|Modra|New Pacific Order|10000|Red|Expired|0|100|0|8/19/2025 5:39:07 AM|QT Tech|4987313|
646465|Panglima Burung|Kalimantan Baru|New Pacific Order|10000|Red|234918|LordOfTheLand|APIGP|New Pacific Order|10000|Red|Expired|0|100|0|8/19/2025 5:38:56 AM|QT Tech|4987312|
635568|ReForce|Axors|The Dark Templar|10056|Black|402037|Soviet Mudkip|In Soviet Russia|The Dark Templar|10056|Black|Expired|0|100|0|8/19/2025 5:37:21 AM|Tech Shipping Out|4987310|
635568|ReForce|Axors|The Dark Templar|10056|Black|262199|Bob|Beta Site|The Dark Templar|10056|Black|Expired|0|100|0|8/19/2025 5:36:01 AM|Tech Shipping Out|4987306|
380255|Vaslov|UFPNS|Argent|10063|Pink|640620|Frioz|Lusitania Portugalia|Post Grunge Supergroup|16367|Brown|Expired|9000000|0|0|8/19/2025 4:00:36 AM|Tech deal|4987300|
311344|asapilu|Persianiran|NATO|10037|Blue|645105|Trench Foast|TrenchFoastia|Christian Coalition Of Countries|10028|Maroon|Expired|9000000|0|0|8/19/2025 2:54:44 AM|Valyrian aid|4987294|
262614|aml520|Hantou|New Polar Order|10006|Blue|584263|Beefbone|Beefy|New Polar Order|10006|Blue|Expired|0|100|0|8/19/2025 2:29:37 AM|ICECAP Tech|4987292|
568130|Bucky Carson|Santa Pecos|Knights Of The Round Table|10092|Green|646827|WarandPece|Warhammer101|Knights Of The Round Table|10092|Green|Expired|6000000|0|0|8/19/2025 2:09:51 AM|Tech round up|4987289|
453391|Rokula|Paraiso|New Pacific Order|10000|Red|586608|SolSal|Solaryx|New Pacific Order|10000|Red|Expired|9000000|0|0|8/19/2025 1:59:25 AM|Bankroll|4987288|
634284|mikeymikes|batmanism|Doombrella|17368|Black|101493|ak47don|sicily mafia|Doombrella|17368|Black|Expired|9000000|100|4000|8/19/2025 1:47:32 AM|aids |4987286|
634284|mikeymikes|batmanism|Doombrella|17368|Black|502087|Astryl|Ethereal|Doombrella|17368|Black|Expired|9000000|100|4000|8/19/2025 1:46:40 AM|aids|4987285|
634284|mikeymikes|batmanism|Doombrella|17368|Black|151268|Zerileous|Monkey Time|Doombrella|17368|Black|Expired|9000000|100|4000|8/19/2025 1:46:03 AM|aids |4987284|
38760|Daedalus27|Daedalistan|Global Alliance and Treaty Organization|10003|Brown|544925|Jacksonians|Barataria|Global Alliance And Treaty Organization|10003|Brown|Expired|9000000|0|0|8/19/2025 1:33:01 AM|Tech Deal|4987283|
639550|Burger|Neo Assyria|Doom Squad|16454|Black|626860|BringMeTheHorizon|Dakotas|Doombrella|17368|Black|Expired|0|100|0|8/19/2025 1:27:26 AM|Financial Assistance|4987280|
639550|Burger|Neo Assyria|Doom Squad|16454|Black|199494|Bomber66|Baxter|Doombrella|17368|Black|Expired|0|100|0|8/19/2025 1:27:13 AM|Financial Assistance|4987279|
639550|Burger|Neo Assyria|Doom Squad|16454|Black|139809|John Orris|Commonwealth of John|Doombrella|17368|Black|Expired|0|100|0|8/19/2025 1:26:30 AM|Financial Assistance|4987277|
639550|Burger|Neo Assyria|Doom Squad|16454|Black|634169|Cadlore|OId Lore|CLAWS|15841|Black|Expired|0|100|0|8/19/2025 1:26:18 AM|Financial Assistance|4987276|
646353|tuomas|temple of perversion|The Legion|10020|Purple|638569|Ozark|Blue Cat Nation|The Legion|10020|Purple|Expired|0|100|0|8/19/2025 1:15:53 AM|Financial Assistance|4987275|
646135|Sokar|Delmak|Global Alliance And Treaty Organization|10003|Brown|163031|MasterChief777|The New Empire|Global Alliance And Treaty Organization|10003|Brown|Expired|0|100|0|8/19/2025 1:15:33 AM|Financial Assistance|4987274|
646135|Sokar|Delmak|Global Alliance And Treaty Organization|10003|Brown|529189|Combat Pope|Vaticana|Global Alliance And Treaty Organization|10003|Brown|Expired|0|100|0|8/19/2025 1:15:15 AM|Financial Assistance|4987273|
257166|Yggdrazil|Ginginugap|Independent Republic Of Orange Nations|10004|Orange|374610|Captain Crozier|Dime Store Novena|Independent Republic Of Orange Nations|10004|Orange|Expired|0|100|0|8/19/2025 1:15:04 AM|itf|4987272|
646135|Sokar|Delmak|Global Alliance And Treaty Organization|10003|Brown|313301|MK4Slowride|MK4Slowride|Global Alliance And Treaty Organization|10003|Brown|Expired|0|100|0|8/19/2025 1:11:34 AM|Financial Assistance|4987271|
374610|Captain Crozier|Dime Store Novena|Independent Republic Of Orange Nations|10004|Orange|647037|Pachacan Federation|Pachacan Federation|Independent Republic Of Orange Nations|10004|Orange|Expired|6000000|0|0|8/19/2025 1:09:48 AM|Graduation Bonus|4987269|
238151|devnull|Republic of Unix|CLAWS|15841|Black|637264|RiddervanGelre|Nieuw Gelre|CLAWS|15841|Black|Expired|9000000|0|0|8/19/2025 1:01:23 AM|Tech deal 9m 100|4987267|
382141|janro|Nuts Land|New Pacific Order|10000|Red|616294|Japanese Schoolgirls|Japanese Schoolgirls|New Pacific Order|10000|Red|Expired|9000000|0|0|8/19/2025 12:42:49 AM|Bankroll|4987266|
382141|janro|Nuts Land|New Pacific Order|10000|Red|586608|SolSal|Solaryx|New Pacific Order|10000|Red|Expired|9000000|0|0|8/19/2025 12:42:44 AM|Bankroll|4987265|
382141|janro|Nuts Land|New Pacific Order|10000|Red|679|Gateborg|Gateborg|New Pacific Order|10000|Red|Expired|9000000|0|0|8/19/2025 12:42:39 AM|Bankroll|4987264|
382141|janro|Nuts Land|New Pacific Order|10000|Red|594363|Greatkitteh|Guahan|New Pacific Order|10000|Red|Expired|9000000|0|0|8/19/2025 12:42:25 AM|Cash for DOPE|4987262|
382141|janro|Nuts Land|New Pacific Order|10000|Red|571763|JohelleTapper|StoneSour|New Pacific Order|10000|Red|Expired|9000000|0|0|8/19/2025 12:42:19 AM|Bankroll|4987261|
492431|Lollerobot|Tigerblue|Knights Of The Round Table|10092|Green|635907|Yuan Tsui|Saulteran|The Prussian Empire|14204|Green|Expired|9000000|0|0|8/19/2025 12:41:43 AM|Penguin Aid|4987260|
645053|Geezy VIII|SOS Empire|Independent Republic Of Orange Nations|10004|Orange|374610|Captain Crozier|Dime Store Novena|Independent Republic Of Orange Nations|10004|Orange|Expired|0|100|0|8/19/2025 12:26:24 AM|ITF|4987255|
310672|King Wally|Rep of Queensland|Nuclear Proliferation League|17228|Aqua|647277|yesyesnono|Rostovan|Nuclear Proliferation League|17228|Aqua|Expired|6000000|100|0|8/19/2025 12:17:14 AM|Welcome to the NPL!|4987254|
310672|King Wally|Rep of Queensland|Nuclear Proliferation League|17228|Aqua|645985|CaboMabo|CaboMabo|Nuclear Proliferation League|17228|Aqua|Expired|9000000|100|0|8/19/2025 12:16:52 AM|Wally 4/5|4987253|
646635|supremeruler|Astros|Post Grunge Supergroup|16367|Yellow|163031|MasterChief777|The New Empire|Global Alliance And Treaty Organization|10003|Brown|Expired|0|100|0|8/19/2025 12:02:40 AM|tech express|4987248|
620328|Albasti|Kayi Tribe|New Pacific Order|10000|Red|234918|LordOfTheLand|APIGP|New Pacific Order|10000|Red|Expired|0|100|0|8/18/2025 10:29:15 PM|QT Tech|4987247|
620328|Albasti|Kayi Tribe|New Pacific Order|10000|Red|542117|Killerbankz|HellOnEarth|New Pacific Order|10000|Red|Expired|0|100|0|8/18/2025 10:28:53 PM|QT Tech|4987246|
620328|Albasti|Kayi Tribe|New Pacific Order|10000|Red|511698|hailkirk10|Kirklan|New Pacific Order|10000|Red|Expired|0|100|0|8/18/2025 10:28:24 PM|QT Tech|4987245|
620328|Albasti|Kayi Tribe|New Pacific Order|10000|Red|588946|AlphaCenturion|Sentosa Republic|New Pacific Order|10000|Red|Expired|0|100|0|8/18/2025 10:27:56 PM|QT Tech|4987244|
620328|Albasti|Kayi Tribe|New Pacific Order|10000|Red|522260|kalev60|Hiiumaa|New Pacific Order|10000|Red|Expired|0|100|0|8/18/2025 10:27:33 PM|QT Tech|4987243|
634597|LiaColle|Prynthian|Non Grata|10097|Maroon|2621|James|TIEIXIAIS|Non Grata|10097|Maroon|Expired|0|100|0|8/18/2025 9:48:22 PM|Financial Assistance|4987242|
627592|Lord Xamaeron|Celtic Forest|DOOMBIRD DOOMCAVE|10449|Black|646799|Salt Meat|Ghost Sea|Doom Squad|16454|Black|Expired|9000000|0|0|8/18/2025 9:47:15 PM|Financial Assistance|4987241|
631191|Magnus IV|Kingdom of Ars Magna|CLAWS|15841|Black|190480|Unruly|Republique de Buja|AGW Overlords|10043|Black|Expired|0|100|0|8/18/2025 9:41:44 PM|Tech deal done!|4987239|
2621|James|TIEIXIAIS|Non Grata|10097|Maroon|584157|Sheekyz|Kingdom Of Xe|Non Grata|10097|Maroon|Expired|9000000|0|0|8/18/2025 9:38:23 PM|Financial Assistance|4987238|
2621|James|TIEIXIAIS|Non Grata|10097|Maroon|12258|Commissar Sendoa|Cataduanes|Non Grata|10097|Maroon|Expired|9000000|0|0|8/18/2025 9:38:13 PM|Financial Assistance|4987237|
584955|Ayiana|Veritable|Independent Republic Of Orange Nations|10004|Orange|636601|Wolfbite|Caffinated Wolves|Independent Republic Of Orange Nations|10004|Orange|Expired|0|100|0|8/18/2025 9:16:11 PM|ITF|4987236|
117823|LittleVlad|Morte|Global Alliance and Treaty Organization|10003|Brown|647027|HorseElectrolytes|Greater Mustangistan|Global Alliance And Treaty Organization|10003|Brown|Expired|6000000|0|0|8/18/2025 8:30:12 PM|Financial Assistance|4987235|
117823|LittleVlad|Morte|Global Alliance and Treaty Organization|10003|Brown|576916|Czar Cootie|Zernograd|Global Alliance And Treaty Organization|10003|Brown|Expired|9000000|0|0|8/18/2025 8:30:01 PM|Financial Assistance|4987234|
646212|Immai|Steampower|Knights Of The Round Table|10092|Green|531590|Ledon|Ledonia|Knights of the Round Table|10092|Green|Expired|0|100|0|8/18/2025 8:27:37 PM|Financial Assistance|4987233|
646827|WarandPece|Warhammer101|Knights Of The Round Table|10092|Green|578874|Dunge|Strathalbyn|Knights Of The Round Table|10092|Green|Expired|0|100|0|8/18/2025 8:23:25 PM|Financial Assistance|4987232|
645274|GRATHGFRT|zUTIA|Knights Of The Round Table|10092|Green|159192|Matt Bowen|Bowenland|Knights Of The Round Table|10092|Green|Expired|0|100|0|8/18/2025 8:21:03 PM|Financial Assistance|4987231|
645274|GRATHGFRT|zUTIA|Knights Of The Round Table|10092|Green|635357|Stephen Michael I|Yanceysylvania|Knights Of The Round Table|10092|Green|Expired|0|100|0|8/18/2025 8:18:16 PM|Financial Assistance|4987229|
384577|wayoik|SunOase|Knights Of The Round Table|10092|Green|632937|informator|Ukrainians|Knights Of The Round Table|10092|Green|Expired|9000000|0|0|8/18/2025 8:10:49 PM|Tech trade?|4987227|
645265|kaalle|KALLLAND|Post Grunge Supergroup|16367|Brown|587594|Jason8|Waldo|Post Grunge Supergroup|16367|Brown|Expired|0|100|0|8/18/2025 8:04:35 PM|Financial Assistance|4987226|
645265|kaalle|KALLLAND|Post Grunge Supergroup|16367|Brown|532352|Serberus|The State|Post Grunge Supergroup|16367|Brown|Expired|0|100|0|8/18/2025 8:04:00 PM|Financial Assistance|4987225|
558202|Doug Henning|Magic Land|Nuclear Proliferation League|17228|Aqua|261397|Rampage3|United Liberocracy|Nuclear Proliferation League|17228|Aqua|Expired|0|100|0|8/18/2025 7:48:40 PM|* Must get stronger |4987223|
410290|bdrocks|Knights of Honour|CLAWS|15841|Black|631191|Magnus IV|Kingdom of Ars Magna|CLAWS|15841|Black|Expired|9000000|0|0|8/18/2025 7:43:09 PM|Tech deal|4987222|
348468|Ghan Khalav|Khalavistan|Global Alliance and Treaty Organization|10003|Brown|531189|Peroman200|Petrolandija|Global Alliance And Treaty Organization|10003|Brown|Expired|9000000|0|0|8/18/2025 7:33:31 PM|Tech|4987221|
540880|Goosinater|United Mexico States|New Pacific Order|10000|Red|234918|LordOfTheLand|APIGP|New Pacific Order|10000|Red|Expired|0|100|0|8/18/2025 7:29:21 PM|QT Tech|4987220|
540880|Goosinater|United Mexico States|New Pacific Order|10000|Red|75117|rnegafan|Rnegfania|New Pacific Order|10000|Red|Expired|0|100|0|8/18/2025 7:29:17 PM|QT Tech|4987219|
84729|D.A.D.1|IGP Warriors|The Dark Templar|10056|Black|642141|Crusadan|Doimestea|The Dark Templar|10056|Black|Expired|9000000|0|0|8/18/2025 7:10:12 PM|Tech Deal|4987216|
301601|Farrin Xies|Farrin Free States|New Pacific Order|10000|Red|305440|Daimos|Micon|New Pacific Order|10000|Red|Expired|0|100|0|8/18/2025 6:45:29 PM|QT Tech|4987214|
301601|Farrin Xies|Farrin Free States|New Pacific Order|10000|Red|234918|LordOfTheLand|APIGP|New Pacific Order|10000|Red|Expired|0|100|0|8/18/2025 6:45:22 PM|QT Tech|4987213|
301601|Farrin Xies|Farrin Free States|New Pacific Order|10000|Red|629229|HopeFun|LimaPT|New Pacific Order|10000|Red|Expired|0|100|0|8/18/2025 6:45:17 PM|QT Tech|4987212|
301601|Farrin Xies|Farrin Free States|New Pacific Order|10000|Red|75117|rnegafan|Rnegfania|New Pacific Order|10000|Red|Expired|0|100|0|8/18/2025 6:45:13 PM|QT Tech|4987211|
301601|Farrin Xies|Farrin Free States|New Pacific Order|10000|Red|568748|Llednar Twem|Eurica|New Pacific Order|10000|Red|Expired|0|100|0|8/18/2025 6:45:07 PM|QT Tech|4987210|
301601|Farrin Xies|Farrin Free States|New Pacific Order|10000|Red|511698|hailkirk10|Kirklan|New Pacific Order|10000|Red|Expired|0|100|0|8/18/2025 6:45:03 PM|QT Tech|4987209|
324406|Thomas214|Peepville|Freehold of The Wolves|15157|White|8515|Turetel|Turetel|Freehold of The Wolves|15157|White|Expired|9000000|100|0|8/18/2025 6:32:49 PM|Financial Assistance|4987208|
147284|Magicninja|Grundy|Global Alliance And Treaty Organization|10003|Brown|551982|Jason Cyberius|Cyberium|Global Alliance And Treaty Organization|10003|Brown|Expired|9000000|0|0|8/18/2025 6:22:30 PM|Financial Assistance|4987206|
147284|Magicninja|Grundy|Global Alliance And Treaty Organization|10003|Brown|579231|Greg23|Chronictopia|Global Alliance And Treaty Organization|10003|Brown|Expired|9000000|0|0|8/18/2025 6:22:17 PM|Financial Assistance|4987205|
248357|MrSka|Slartibartfast|NATO|10037|Blue|646787|Hye781|Calilove4ever|Christian Coalition Of Countries|10028|Maroon|Expired|6000000|0|0|8/18/2025 6:21:12 PM|Valyrian Aid|4987204|
602563|AntiChoice|SuperNaturale|Sparta|10008|Black|644316|Sam Sparks|Mendota|Sparta|10008|Black|Expired|6000000|0|0|8/18/2025 5:53:55 PM|Tech deal|4987198|
602563|AntiChoice|SuperNaturale|Sparta|10008|Black|431619|rotinom|Gideons|Sparta|10008|Black|Expired|9000000|0|0|8/18/2025 5:53:46 PM|Tech Deal|4987197|
116618|Thrash|Machas|The Legion|10020|Purple|634140|FabricatorGeneral|Metalocolypse|The Legion|10020|Purple|Expired|9000000|0|0|8/18/2025 5:35:09 PM|Free aid|4987191|
116618|Thrash|Machas|The Legion|10020|Purple|632766|Legne|WINSS|The Legion|10020|Purple|Expired|6000000|0|0|8/18/2025 5:33:26 PM|Free aid|4987190|
634903|ToasterOven|Pancake Republic|Non Grata|10097|Maroon|314185|Rhizoctonia|Rhizoctonia|Non Grata|10097|Maroon|Expired|0|100|0|8/18/2025 5:00:29 PM|Financial Assistance|4987188|
497470|Skaros Thunderbane|Shimazu Conglomerate|New Polar Order|10006|Blue|483058|Dubh Caireallain|Roisin Dubh|New Polar Order|10006|Blue|Expired|9000000|0|0|8/18/2025 4:52:13 PM|Icecap Cash|4987186|
