Nation ID|Ruler Name|Nation Name|Alliance|Alliance ID|Alliance Date|Alliance Status|Government Type|Religion|Team|Created|Technology|Infrastructure|Base Land|War Status|Resource 1|Resource 2|Votes|Strength|DEFCON|Base Soldiers|Tanks|Cruise|Nukes|Activity|Connected Resource 1|Connected Resource 2|Connected Resource 3|Connected Resource 4|Connected Resource 5|Connected Resource 6|Connected Resource 7|Connected Resource 8|Connected Resource 9|Connected Resource 10|Attacking Casualties|Defensive Casualties|
326267|Steeldor|Jerel|DOOMBIRD DOOMCAVE|10449|12/18/2019 12:00:14 AM|Member|Totalitarian State|Shinto|Black|5/5/2009 5:39:22 PM|300,637.72|29,999.92|1,173,711.489|War Mode|Fish|Pigs|0|1,000,000.000|1|694,830|0|0|20|Active In The Last 3 Days|Aluminum|Marble|Gold|Coal|Iron|Lumber|Lead|Uranium|Oil|Rubber|26797638|46226246|
392583|Javier360|Tenochtitlan|DOOMBIRD DOOMCAVE|10449|3/8/2025 1:26:46 PM|Member|Federal Government|Christianity|Black|3/14/2010 9:44:55 PM|136,362.23|19,793.02|205,056.319|War Mode|Fish|Pigs|14|1,000,000.000|1|480,778|0|0|25|Active In The Last 3 Days|Coal|Gold|Iron|Lumber|Water|Uranium|Wheat|Cattle|||10121532|17479768|
134830|Jesse End|Devon|New Pacific Order|10000|9/12/2007 10:17:25 PM|Manager|Democracy|Mixed|Red|5/11/2007 4:19:22 PM|202,812.36|19,999.99|95,458.130|War Mode|Wheat|Pigs|80|1,000,000.000|5|69,780|0|0|25|Active In The Last 3 Days|Coal|Gold|Fish|Cattle|Furs|Wine|Gems|Silver|Sugar|Spices|4863211|7854557|
285433|Lord of Darkness|Relm of Darkness|New Pacific Order|10000|1/7/2009 2:37:56 PM|Manager|Totalitarian State|Christianity|Red|12/7/2008 4:38:28 PM|186,333.88|26,000.00|77,442.953|War Mode|Coal|Gold|81|1,000,000.000|5|68,867|0|0|25|Active In The Last 3 Days|Fish|Cattle|Furs|Wine|Gems|Silver|Sugar|Spices|Wheat|Pigs|2227062|3508605|
237759|Maelstrom Vortex|Dragonisia|New Pacific Order|10000|6/22/2008 8:24:51 PM|Member|Capitalist|Mixed|Red|6/15/2008 11:41:38 PM|173,018.61|14,999.99|62,839.728|War Mode|Sugar|Spices|0|1,000,000.000|5|43,047|0|0|25|Active Last Week|Coal|Gold|Fish|Cattle|Furs|Wine|Gems|Silver|Wheat|Pigs|2424092|3842697|
234325|Ben Gates|TreasureLand|Independent Republic Of Orange Nations|10004|6/5/2008 12:37:36 PM|Member|Transitional|Mixed|Orange|6/4/2008 7:23:57 PM|170,256.54|35,995.18|23,124.234|War Mode|Aluminum|Lumber|0|1,000,000.000|5|106,823|9,804|0|25|Active In The Last 3 Days|Coal|Gold|Iron|Fish|Marble|Wheat|Oil|Lead|Pigs|Uranium|541804|1499114|
84186|Seti Cruncher|SetiCrunchers|New Pacific Order|10000|12/1/2007 10:25:30 AM|Member|Federal Government|Baha'i Faith|Red|12/24/2006 12:51:43 AM|169,950.24|33,500.00|21,500.000|War Mode|Wheat|Pigs|4|1,000,000.000|1|150,000|0|0|25|Active In The Last 3 Days|Aluminum|Marble|Fish|Cattle|Lead|Oil|Lumber|Iron|Uranium|Coal|6300712|9016589|
132439|Magus Rules|Magusland|New Pacific Order|10000|5/5/2007 7:02:32 AM|Member|Transitional|None|Red|5/5/2007 7:02:32 AM|179,732.60|23,000.00|11,919.125|War Mode|Sugar|Spices|0|1,000,000.000|1|80,000|0|0|25|Active In The Last 3 Days|Coal|Gold|Fish|Cattle|Furs|Wine|Pigs|Wheat|Silver|Gems|4249573|5964018|
3673|Zepher|Largonia|New Pacific Order|10000|3/7/2006 11:28:44 PM|Member|Monarchy|Judaism|Red|3/7/2006 11:28:44 PM|184,601.69|15,999.00|6,400.000|War Mode|Pigs|Wheat|0|1,000,000.000|5|46,907|14,335|0|25|Active In The Last 3 Days|Coal|Gold|Fish|Cattle|Furs|Wine|Silver|Gems|Sugar|Spices|1427573|2829909|
374610|Captain Crozier|Dime Store Novena|Independent Republic Of Orange Nations|10004|8/15/2014 12:20:33 AM|Member|Totalitarian State|Christianity|Orange|12/15/2009 11:37:55 PM|152,638.25|37,999.99|34,500.000|War Mode|Aluminum|Lead|0|944,247.427|1|108,811|0|0|23|Active In The Last 3 Days|Coal|Gold|Iron|Rubber|Lumber|Marble|Oil|Water|Uranium|Wheat|2593504|4873187|
113984|ChileRelleno|Land O Chile|New Pacific Order|10000|2/28/2007 11:36:26 PM|Member|Transitional|Mixed|Red|2/28/2007 11:36:26 PM|159,775.90|32,000.00|10,500.144|War Mode|Coal|Gold|0|930,844.710|5|73,000|0|0|25|Active In The Last 3 Days|Fish|Cattle|Furs|Wine|Pigs|Wheat|Silver|Gems|Sugar|Spices|3659343|5147974|
232667|JerBear|Ursus Magnus|Independent Republic Of Orange Nations|10004|9/1/2008 4:54:40 PM|Member|Capitalist|Christianity|Orange|5/29/2008 12:11:58 PM|149,149.76|19,999.99|29,862.908|War Mode|Spices|Sugar|0|871,625.117|5|63,888|12,396|0|25|Active This Week|Aluminum|Lumber|Cattle|Water|Fish|Wheat|Iron|Marble|Pigs|Uranium|1496317|2663363|
87890|Formanj|Norvegs Trøndelag|Independent Republic of Orange Nations|10004|1/3/2007 8:58:05 PM|Member|Totalitarian State|None|Orange|1/3/2007 8:58:05 PM|149,235.57|23,999.99|14,400.000|War Mode|Wheat|Aluminum|0|859,593.798|5|109,139|1,541|0|25|Active In The Last 3 Days|Cattle|Spices|Fish|Water|Iron|Marble|Sugar|Pigs|Uranium|Lumber|1641830|2712541|
391465|Lysistrata|Alamo|Independent Republic Of Orange Nations|10004|9/21/2013 10:08:51 PM|Member|Totalitarian State|Mixed|Orange|3/9/2010 2:17:39 AM|139,140.39|27,999.99|25,804.494|War Mode|Lead|Fish|0|819,939.446|5|76,538|0|0|0|Active In The Last 3 Days|Coal|Gold|Lumber|Iron|Marble|Cattle|Oil|Rubber|Uranium|Aluminum|725849|998933|
132119|ALEXit|ROMA CAPUT MUNDI|New Pacific Order|10000|11/21/2008 1:59:06 AM|Member|Revolutionary Government|None|Red|5/4/2007 12:33:52 PM|138,300.49|29,999.99|13,305.767|War Mode|Fish|Cattle|0|819,086.089|5|90,000|0|0|25|Active In The Last 3 Days|Gold|Coal|Pigs|Wheat|Silver|Gems|Spices|Sugar|Wine|Furs|1977776|5430010|
123111|Shiite|Mahdi|New Pacific Order|10000|2/5/2008 10:23:27 PM|Member|Monarchy|Mixed|Red|4/16/2007 9:54:38 PM|135,346.70|13,999.99|40,380.000|War Mode|Wheat|Pigs|0|796,828.485|5|50,000|0|0|25|Active More Than Three Weeks Ago|Coal|Gold|Fish|Cattle|Furs|Wine|Lumber|Iron|Oil|Lead|5376549|9882774|
345809|Makalaure|Cirith Ungol|New Pacific Order|10000|7/25/2009 2:26:56 AM|Member|Federal Government|None|Red|7/25/2009 2:26:03 AM|130,234.09|24,999.99|18,728.411|War Mode|Furs|Wine|0|773,748.049|5|81,500|0|0|25|Active In The Last 3 Days|Coal|Gold|Fish|Cattle|Gems|Silver|Sugar|Spices|Wheat|Pigs|1466806|3195485|
286761|Nemphesis|Evility|New Pacific Order|10000|3/5/2010 5:25:10 AM|Member|Totalitarian State|Hinduism|Red|12/13/2008 5:50:10 AM|131,314.77|14,999.99|39,831.234|War Mode|Coal|Gold|82|773,497.922|5|53,362|0|0|25|Active In The Last 3 Days|Aluminum|Marble|Fish|Cattle|Lead|Oil|Lumber|Iron|Wheat|Pigs|3194128|6480511|
230799|Raymond Jaeger|New Alabama|Doombrella|17368|9/6/2025 4:42:26 PM|Member|Democracy|Norse|Black|5/24/2008 7:33:28 AM|120,087.43|32,299.99|18,375.256|War Mode|Coal|Gold|0|744,586.177|1|113,808|0|0|24|Active This Week|Aluminum|Marble|Cattle|Wheat|Fish|Pigs|Iron|Lumber|||1546705|3962252|
183802|nikko|Knossos|Independent Republic Of Orange Nations|10004|3/1/2016 4:05:31 AM|Member|Republic|None|Orange|11/22/2007 1:22:16 PM|126,807.06|21,999.99|5,141.034|War Mode|Uranium|Wheat|0|728,423.820|1|180,100|0|0|25|Active In The Last 3 Days|Aluminum|Marble|Fish|Lumber|Iron|Water|Pigs|Cattle|Spices|Sugar|2113168|3545888|
322157|Cartmantoria|Cartmantoria|Orange Defense Network|17435|8/20/2025 2:03:30 AM|Member|Totalitarian State|Christianity|Orange|4/21/2009 8:57:19 PM|115,492.25|33,166.54|10,624.552|War Mode|Oil|Marble|50|718,260.541|5|279,893|25,000|0|25|Active In The Last 3 Days|Aluminum|Uranium|Coal|Water|Gold|Lead|Iron|Wheat|Rubber|Lumber|1173607|2227592|
237462|trs4ece|Toushiro|Independent Republic Of Orange Nations|10004|11/10/2012 4:21:54 PM|Member|Democracy|Christianity|Orange|6/15/2008 8:11:17 AM|123,810.00|29,999.99|5,000.000|War Mode|Coal|Gold|0|718,209.961|5|83,000|0|0|0|Active In The Last 3 Days|Aluminum|Lead|Iron|Rubber|Lumber|Marble|Oil|Water|Uranium|Wheat|1643652|3085992|
71592|upchuck|warmarding|Viridian Entente|10010|9/16/2007 8:38:16 PM|Member|Transitional|Hinduism|Green|11/28/2006 9:40:31 PM|122,044.81|23,999.99|2,400.000|War Mode|Marble|Aluminum|0|703,625.335|5|52,797|10,602|11|25|Active In The Last 3 Days|Cattle|Sugar|Iron|Lumber|Pigs|Spices|Uranium|Fish|Water|Wheat|1265384|2826761|
168105|Bobogoobo|Bobogoobo|New Pacific Order|10000|7/10/2011 4:45:50 PM|Member|Capitalist|None|Red|9/26/2007 5:16:31 PM|122,635.46|20,000.00|6,000.000|War Mode|Gems|Silver|0|701,592.272|5|60,000|5,000|0|25|Active In The Last 3 Days|Coal|Gold|Fish|Cattle|Furs|Wine|Sugar|Spices|Wheat|Pigs|3109643|5502550|
257875|JGolla|Jaytown|New Pacific Order|10000|9/4/2008 7:23:50 PM|Member|Monarchy|Christianity|Red|8/25/2008 9:30:08 AM|116,688.62|19,999.99|500.000|War Mode|Fish|Cattle|80|660,728.063|5|50,000|0|0|25|Active In The Last 3 Days|Coal|Gold|Furs|Wine|Gems|Silver|Sugar|Spices|Wheat|Pigs|801550|1609192|
474454|Imran Ehsan|Empire of Imran|Independent Republic Of Orange Nations|10004|9/15/2011 2:31:56 AM|Manager|Totalitarian State|Islam|Orange|9/13/2011 11:59:36 PM|111,627.06|25,000.00|5,001.061|War Mode|Cattle|Water|33|659,771.884|5|96,000|0|0|25|Active In The Last 3 Days|Aluminum|Lumber|Fish|Wheat|Iron|Marble|Pigs|Uranium|Spices|Sugar|2879061|4419625|
99344|lunar146|Dreadnaught|Doom Squad|16454|8/10/2023 8:44:03 PM|Member|Capitalist|Buddhism|Black|1/27/2007 6:57:07 AM|62,624.20|67,233.31|76,333.212|War Mode|Iron|Lumber|0|654,401.950|5|255,561|0|0|25|Active In The Last 3 Days|Aluminum|Marble|Fish|Pigs|Gold|Coal|Lead|Uranium|Oil|Rubber|10254227|21794755|
449862|Marneus Calgar|Macragge|New Pacific Order|10000|11/12/2018 8:30:26 AM|Member|Totalitarian State|None|Red|2/28/2011 8:57:49 AM|96,835.23|28,412.67|29,663.067|War Mode|Cattle|Fish|0|634,723.752|1|80,000|0|0|25|Active In The Last 3 Days|Aluminum|Marble|Iron|Lumber|Oil|Lead|Water|Uranium|Wheat|Pigs|747098|1160782|
360567|jjfx4|Millasville|Orange Defense Network|17435|8/16/2025 5:46:15 PM|Member|Democracy|Christianity|Orange|9/29/2009 10:37:48 PM|95,948.53|36,999.99|13,000.000|War Mode|Pigs|Iron|0|629,187.615|5|104,000|0|0|25|Active In The Last 3 Days|Furs|Cattle|Lumber|Water|Marble|Fish|Spices|Sugar|Uranium|Wheat|1495998|2750490|
307792|Jordan Lindeman|Arkalay|Global Alliance And Treaty Organization|10003|1/5/2017 1:46:35 PM|Member|Monarchy|Mixed|Brown|3/2/2009 7:02:58 PM|46,700.39|58,999.99|120,831.869|War Mode|Spices|Sugar|0|619,754.709|5|200,000|0|50|25|Active In The Last 3 Days|Cattle|Fish|Iron|Wheat|Lumber|Pigs|Marble|Aluminum|Uranium|Water|613792|1607729|
170200|Horatio Longworth|Psamdaclan-Torachea|New Pacific Order|10000|2/4/2008 4:36:10 PM|Member|Capitalist|Mixed|Red|10/2/2007 6:26:12 PM|103,951.66|16,999.99|15,988.325|War Mode|Silver|Gems|0|615,442.449|5|33,484|15,185|0|25|Active In The Last 3 Days|Coal|Gold|Fish|Cattle|Furs|Wine|Pigs|Wheat|Sugar|Spices|2039649|4162851|
256346|Emperor SVB|Empire Of SVB|New Pacific Order|10000|8/20/2008 11:27:10 AM|Member|Totalitarian State|Norse|Red|8/20/2008 11:08:40 AM|105,549.64|20,000.00|3,473.999|War Mode|Aluminum|Marble|0|611,335.005|5|60,000|4|0|25|Active In The Last 3 Days|Coal|Gold|Fish|Cattle|Lead|Oil|Lumber|Iron|Wheat|Pigs|1862138|3069703|
329142|Donada|Hobis|Argent|10063|4/26/2012 8:03:15 AM|Member|Revolutionary Government|Christianity|Pink|5/17/2009 4:16:22 PM|101,000.26|19,999.99|12,605.378|War Mode|Wheat|Lumber|12|608,244.337|1|170,000|15,000|0|25|Active In The Last 3 Days|Aluminum|Fish|Coal|Marble|Lead|Gold|Oil|Rubber|Uranium|Iron|896308|2091056|
387694|Dan100|c123po|New Pacific Order|10000|2/21/2010 2:51:33 AM|Member|Transitional|Mixed|Red|2/19/2010 2:35:04 AM|103,960.23|20,000.01|2,000.000|War Mode|Water|Uranium|8|594,945.390|5|55,210|0|0|25|Active In The Last 3 Days|Aluminum|Marble|Cattle|Fish|Iron|Lumber|Oil|Lead|Wheat|Pigs|1696006|3075767|
38398|RadonaTor|San Fiera|New Pacific Order|10000|10/1/2016 5:53:51 AM|Member|Communist|Mixed|Red|8/20/2006 11:36:11 AM|96,663.96|20,099.99|3,177.457|War Mode|Wheat|Pigs|0|567,400.941|1|65,000|0|50|25|Active In The Last 3 Days|Aluminum|Marble|Coal|Gold|Fish|Cattle|Lead|Oil|Lumber|Iron|1118667|2190638|
87249|Infallible|Mulletville|Orange Defense Network|17435|8/21/2025 5:57:41 PM|Member|Communist|Voodoo|Orange|1/2/2007 9:59:49 PM|92,200.30|20,000.01|13,000.000|War Mode|Coal|Water|0|560,301.521|5|100,000|10,000|20|25|Active Last Week|Aluminum|Uranium|Gold|Lead|Iron|Wheat|Oil|Marble|Rubber|Lumber|376314|969688|
466941|Komplex|Despair|DOOMBIRD DOOMCAVE|10449|12/23/2022 7:06:55 PM|Member|Totalitarian State|Christianity|Black|7/9/2011 3:17:47 PM|73,030.29|29,900.99|56,063.424|War Mode|Iron|Lumber|0|555,718.966|5|105,472|0|0|23|Active In The Last 3 Days|Coal|Gold|Fish|Pigs|Water|Uranium|Wheat|Cattle|||4600112|6624515|
250431|riser|Goodwill|CLAWS|15841|7/6/2018 8:24:12 PM|Member|Democracy|Judaism|Black|7/30/2008 8:24:24 PM|88,208.41|24,999.99|10,087.250|War Mode|Marble|Oil|0|554,500.876|5|292,149|0|0|25|Active In The Last 3 Days|Aluminum|Iron|Coal|Gold|Lead|Lumber|Uranium|Rubber|Wheat|Fish|1900137|4533306|
86943|DenverDan|Greater Basin|CLAWS|15841|7/5/2018 6:42:34 PM|Member|Transitional|Mixed|Black|1/2/2007 11:56:18 AM|92,310.35|14,999.99|15,516.836|War Mode|Marble|Fish|0|551,161.905|1|109,998|10,000|0|25|Active In The Last 3 Days|Coal|Gold|Iron|Lumber|Lead|Oil|Uranium|Rubber|Wheat|Aluminum|3250825|5049870|
334182|st6mm|Northern Reich|Doombrella|17368|9/11/2025 1:47:47 AM|Member|Communist|Norse|Black|6/9/2009 12:35:24 PM|91,284.22|19,999.99|1,998.815|Peace Mode|Fish|Pigs|0|544,929.873|1|226,548|20,573|0|25|Active In The Last 3 Days|Aluminum|Marble|Cattle|Wheat|Coal|Gold|Iron|Lumber|Lead|Uranium|1146229|2234445|
131079|losinglife|SlaveII|CLAWS|15841|7/24/2018 12:05:38 PM|Member|Totalitarian State|Norse|Black|5/1/2007 10:54:41 PM|75,032.81|35,000.00|12,017.939|War Mode|Cattle|Fish|0|512,880.891|5|105,996|0|0|25|Active In The Last 3 Days|Iron|Aluminum|Lumber|Uranium|Marble|Wheat|Pigs|Water|Spices|Sugar|2489492|7871927|
190480|Unruly|Republique de Buja|AGW Overlords|10043|3/20/2008 12:20:56 AM|Manager|Monarchy|Norse|Black|12/18/2007 1:09:17 AM|66,237.93|35,199.99|20,802.554|War Mode|Coal|Marble|0|501,016.198|1|367,848|30,004|3|25|Active In The Last 3 Days|Iron|Aluminum|Oil|Rubber|Uranium|Wheat|Water|Lumber|||1657340|4603768|
424757|Round Table|Knights of the Grail|Knights of the Round Table|10092|11/8/2010 8:59:18 AM|Manager|Republic|Christianity|Green|9/22/2010 1:51:20 PM|81,000.32|20,000.00|12,000.000|Peace Mode|Lead|Uranium|0|500,786.596|5|51,000|0|0|25|Active In The Last 3 Days|Aluminum|Marble|Gold|Iron|Oil|Water|Rubber|Lumber|Wheat|Coal|149583|751534|
254470|Samus|Kanden|Independent Republic Of Orange Nations|10004|8/25/2008 12:57:36 PM|Member|Totalitarian State|Christianity|Orange|8/14/2008 7:34:28 AM|82,213.32|19,999.99|8,016.958|War Mode|Sugar|Spices|0|499,812.842|1|65,541|0|0|23|Active This Week|Aluminum|Cattle|Fish|Uranium|Iron|Pigs|Lumber|Water|Wheat|Marble|1673283|4047846|
195216|Alexandros o Megas|Hellas|New Pacific Order|10000|8/18/2021 5:06:05 AM|Member|Transitional|Christianity|Red|1/7/2008 2:01:26 PM|60,185.23|38,784.36|30,491.654|War Mode|Fish|Cattle|0|499,541.686|1|380,000|38,000|0|25|Active In The Last 3 Days|Coal|Gold|Furs|Wine|Pigs|Wheat|Silver|Gems|Sugar|Spices|3636210|12590997|
185755|jonah spark|pffoo|Independent Republic of Orange Nations|10004|2/8/2008 10:05:21 PM|Member|Republic|Sikhism|Orange|11/30/2007 4:08:02 AM|74,913.65|31,981.61|3,040.138|War Mode|Marble|Uranium|0|495,178.538|1|100,513|0|0|25|Active In The Last 3 Days|Aluminum|Iron|Lumber|Fish|Pigs|Sugar|Spices|Water|Wheat|Cattle|2592751|4796450|
134146|Lenadius|Espa&#241;ola|New Pacific Order|10000|5/9/2007 7:39:02 PM|Member|Totalitarian State|Christianity|Red|5/9/2007 7:39:02 PM|69,981.57|39,999.99|9,540.100|War Mode|Lumber|Iron|0|492,618.588|1|107,530|0|0|25|Active In The Last 3 Days|Aluminum|Marble|Coal|Uranium|Fish|Cattle|Oil|Lead|Wheat|Pigs|237929|318989|
19959|Elegarth|NewHeavens|New Pacific Order|10000|5/25/2017 1:26:55 PM|Member|Federal Government|None|Red|6/6/2006 7:23:59 PM|85,320.68|12,999.99|3,689.766|War Mode|Lead|Oil|82|490,183.018|5|40,000|11,000|0|25|Active In The Last 3 Days|Aluminum|Marble|Coal|Gold|Fish|Cattle|Lumber|Iron|Wheat|Pigs|2616971|4385962|
141164|LiquidMercury|FallenSeraphim|Doombrella|17368|9/25/2025 6:51:14 PM|Member|Anarchy|Christianity|Black|6/1/2007 10:36:24 PM|72,435.74|26,732.89|14,111.045|War Mode|Cattle|Wheat|0|488,082.153|1|284,925|25,698|8|17|Active In The Last 3 Days|Coal|Gold|Fish|Pigs|Lumber|Iron|Marble|Aluminum|Uranium|Lead|2726888|4449568|
575517|asrdragon|freudesch|Independent Republic Of Orange Nations|10004|5/10/2015 12:52:31 AM|Member|Communist|Mixed|Orange|5/10/2015 12:48:54 AM|68,500.23|38,000.00|7,000.000|War Mode|Coal|Gold|0|484,331.174|1|100,000|0|0|25|Active In The Last 3 Days|Aluminum|Lumber|Iron|Uranium|Lead|Marble|Rubber|Oil|Water|Wheat|198822|415467|
215271|DarkFox|Oblivions Gate|Independent Republic Of Orange Nations|10004|1/15/2013 10:35:32 AM|Manager|Totalitarian State|Norse|Orange|3/25/2008 10:06:30 PM|77,024.87|19,999.99|12,718.164|War Mode|Coal|Gold|31|483,206.577|5|55,000|0|0|25|Active In The Last 3 Days|Aluminum|Lumber|Iron|Fish|Marble|Wheat|Oil|Lead|Pigs|Uranium|3597384|5391551|
10287|Moriarty|Formosa|Knights Of The Round Table|10092|7/4/2015 4:00:46 AM|Member|Totalitarian State|Norse|Green|4/15/2006 6:24:07 PM|74,029.14|24,000.00|13,500.000|Peace Mode|Wheat|Fish|0|481,710.721|5|77,000|0|0|25|Active In The Last 3 Days|Aluminum|Marble|Lumber|Iron|Pigs|Uranium|Sugar|Spices|Water|Cattle|2460570|5403820|
436358|mordred|Lothian and Orcanie|Knights of the Round Table|10092|5/8/2011 4:54:47 PM|Manager|Republic|Norse|Green|12/13/2010 6:06:46 AM|77,000.18|20,000.00|12,000.000|Peace Mode|Coal|Lead|0|481,105.920|5|52,000|0|0|25|Active In The Last 3 Days|Gold|Wheat|Lumber|Water|Marble|Aluminum|Oil|Rubber|Uranium|Iron|46295|268164|
156811|DeathMerchant|Verichstein|Independent Republic Of Orange Nations|10004|4/25/2012 7:43:52 AM|Member|Revolutionary Government|Christianity|Orange|7/25/2007 1:40:39 PM|73,040.43|32,322.82|4,345.095|War Mode|Pigs|Uranium|0|480,300.263|5|88,101|0|0|25|Active This Week|Aluminum|Lumber|Coal|Gold|Iron|Fish|Marble|Wheat|Oil|Lead|884267|2210104|
586516|W1Ck3d|Aberdonia|Independent Republic Of Orange Nations|10004|1/13/2016 10:27:54 PM|Member|Capitalist|None|Orange|1/13/2016 10:10:14 PM|67,505.38|36,999.99|6,205.126|War Mode|Wheat|Fish|0|479,999.562|5|110,000|0|0|25|Active This Week|Aluminum|Iron|Lead|Rubber|Lumber|Marble|Oil|Gold|Uranium|Coal|770948|1015520|
511886|The Sentinel|Ruscino|Knights of the Round Table|10092|11/7/2012 6:58:48 PM|Member|Republic|None|Green|11/7/2012 6:53:36 PM|76,900.46|20,000.00|9,000.000|War Mode|Iron|Uranium|0|478,917.313|1|185,000|0|0|25|Active In The Last 3 Days|Aluminum|Lead|Gold|Marble|Lumber|Wheat|Oil|Rubber|Water|Coal|130897|329874|
90642|Arcades057|Delray Beach|New Pacific Order|10000|10/31/2007 12:22:34 PM|Member|Capitalist|Judaism|Red|1/10/2007 11:31:40 AM|78,016.46|20,000.00|4,865.494|War Mode|Iron|Lumber|0|475,073.171|5|70,380|0|0|25|Active In The Last 3 Days|Aluminum|Marble|Coal|Uranium|Fish|Cattle|Spices|Sugar|Wheat|Pigs|7040566|7716800|
182598|Phrog|Phrogville|CLAWS|15841|7/5/2018 3:17:55 PM|Member|Monarchy|None|Black|11/17/2007 11:14:36 PM|75,979.71|13,704.23|15,601.558|War Mode|Lead|Lumber|0|467,492.634|1|168,093|13,655|0|25|Active In The Last 3 Days|Aluminum|Iron|Coal|Gold|Marble|Oil|Uranium|Rubber|Wheat|Fish|3147142|5850362|
425240|Aqua Archon|Aquamark|Knights Of The Round Table|10092|4/10/2021 1:27:33 PM|Member|Republic|Christianity|Aqua|9/25/2010 12:15:55 PM|72,600.24|20,000.00|12,000.000|Peace Mode|Uranium|Fish|19|458,826.209|5|53,000|0|0|25|Active In The Last 3 Days|Cattle|Iron|Lumber|Water|Oil|Lead|Rubber|Wheat|||958|489816|
125086|wasso|wasso|The Dark Templar|10056|5/30/2016 4:36:35 PM|Member|Communist|Mixed|Black|4/19/2007 10:24:54 AM|66,343.84|31,249.99|8,799.278|War Mode|Wheat|Cattle|0|458,703.418|5|59,015|0|0|25|Active In The Last 3 Days|Coal|Gold|Fish|Pigs|Iron|Lumber|Water|Uranium|||2321883|3697661|
419811|Duke Mark|Old Missouri|Knights Of The Round Table|10092|3/28/2021 3:11:08 PM|Member|Republic|Christianity|Green|8/14/2010 5:06:06 PM|72,600.28|20,000.00|10,000.000|Peace Mode|Coal|Lead|0|456,021.425|5|50,000|0|0|25|Active In The Last 3 Days|Gold|Marble|Lumber|Water|Oil|Rubber|Uranium|Aluminum|Wheat|Iron|425|224619|
137097|htmlmaster|Technopolis|Argent|10063|2/7/2014 7:12:51 PM|Member|Monarchy|Mixed|Pink|5/17/2007 3:38:14 PM|73,309.33|19,999.99|4,039.090|War Mode|Lead|Gold|0|451,133.583|5|160,416|0|0|25|Active In The Last 3 Days|Aluminum|Fish|Coal|Marble|Oil|Rubber|Uranium|Iron|Wheat|Lumber|1450058|3109431|
149038|Kenfolk GTS|Shogoland|The Chaos Brotherhood|10364|7/13/2013 4:07:37 PM|Manager|Totalitarian State|None|Green|12/11/2006 10:13:29 PM|71,341.88|25,999.99|0.000|War Mode|Uranium|Marble|4|449,204.341|5|0|0|0|25|Active In The Last 3 Days|Aluminum|Pigs|Lumber|Iron|Spices|Fish|Water|Cattle|Wheat|Sugar|931299|2311907|
139667|sponge623|Roman Followers|Independent Republic of Orange Nations|10004|5/29/2007 8:29:18 AM|Member|Capitalist|Christianity|Orange|5/29/2007 8:29:18 AM|68,168.93|24,999.99|5,000.000|War Mode|Aluminum|Uranium|0|447,701.629|5|150,000|17,510|0|25|Active In The Last 3 Days|Coal|Water|Gold|Lead|Iron|Wheat|Oil|Marble|Rubber|Lumber|1063868|1523632|
96568|Dagny Taggart|Galtian Commune|DOOMBIRD DOOMCAVE|10449|4/10/2019 1:25:00 AM|Manager|Communist|Norse|Black|1/21/2007 4:45:46 PM|74,558.51|6,789.15|25,578.106|War Mode|Uranium|Lead|0|447,672.110|1|32,763|964|0|23|Active This Week|Coal|Gold|Fish|Pigs|Iron|Lumber|Marble|Aluminum|Oil|Wheat|6530866|12670078|
449283|Sir Benevale|Orangewall|Knights of the Round Table|10092|3/23/2011 11:35:42 PM|Member|Republic|Christianity|Green|3/4/2011 7:17:28 PM|69,700.04|20,000.00|11,000.000|War Mode|Gold|Uranium|0|445,805.187|1|187,000|0|0|25|Active In The Last 3 Days|Aluminum|Iron|Coal|Wheat|Lead|Rubber|Lumber|Marble|Oil|Water|142477|456788|
470323|plaw44|infinite desire|Doombrella|17368|2/21/2025 6:06:30 PM|Member|Communist|Mixed|Black|8/8/2011 9:27:37 AM|64,806.84|19,999.99|22,795.391|War Mode|Water|Uranium|0|445,375.039|1|245,229|24,491|0|25|Active In The Last 3 Days|Aluminum|Marble|Cattle|Wheat|Coal|Gold|Fish|Pigs|Iron|Lumber|2973690|7122791|
22277|DeathSky|White Wolf Clan|New Pacific Order|10000|6/20/2006 10:40:51 PM|Member|Totalitarian State|Christianity|Red|6/20/2006 10:40:51 PM|72,554.30|20,099.99|0.000|Peace Mode|Wheat|Pigs|0|439,864.573|5|34,405|0|0|25|Active In The Last 3 Days|Aluminum|Marble|Cattle|Fish|Iron|Lumber|Oil|Lead|Water|Uranium|2033523|4069311|
201332|dawg66|Grand Americana|Knights Of The Round Table|10092|2/15/2021 8:14:56 PM|Member|Communist|Christianity|Green|1/29/2008 9:50:56 PM|60,200.93|29,999.99|12,500.000|War Mode|Aluminum|Coal|0|438,915.650|1|252,961|25,234|0|25|Active In The Last 3 Days|Gold|Marble|Iron|Rubber|Lumber|Lead|Uranium|Oil|Water|Wheat|692660|2660545|
141583|jerdge|Gaela|Green Protection Agency|10041|4/11/2010 11:52:40 AM|Manager|Capitalist|None|Green|6/3/2007 6:27:08 AM|70,801.94|20,000.00|5,188.869|War Mode|Fish|Wheat|0|438,557.989|1|0|0|0|25|Active In The Last 3 Days|Aluminum|Sugar|Cattle|Uranium|Iron|Lead|Lumber|Water|Spices|Pigs|700816|1229258|
425377|Commander Ferraday|Ice Station Zebra|CLAWS|15841|7/25/2018 2:25:39 AM|Member|Republic|Christianity|Black|9/26/2010 3:09:55 AM|68,260.37|20,000.00|9,500.000|War Mode|Fish|Water|0|437,007.867|1|221,800|0|0|25|Active In The Last 3 Days|Aluminum|Marble|Coal|Rubber|Gold|Oil|Lumber|Iron|Wheat|Uranium|1541731|2013055|
395835|ejb030|Armitron|Independent Republic Of Orange Nations|10004|4/1/2010 9:53:32 AM|Member|Totalitarian State|Mixed|Orange|4/1/2010 1:28:52 AM|56,446.86|36,573.89|16,628.192|War Mode|Lumber|Uranium|0|435,718.227|5|150,000|0|0|25|Active In The Last 3 Days|Aluminum|Gold|Fish|Wheat|Iron|Lead|Marble|Coal|Oil|Rubber|987918|1593889|
518469|Combmartin Mining Co|Combe Martin|Knights of the Round Table|10092|1/21/2013 1:46:59 PM|Member|Republic|Christianity|Green|1/21/2013 7:03:06 AM|67,900.36|20,000.00|9,000.000|War Mode|Lead|Uranium|0|433,648.821|1|183,600|0|0|25|Active In The Last 3 Days|Aluminum|Marble|Coal|Rubber|Iron|Oil|Lumber|Wheat|Water|Gold|116442|215978|
230519|Silent Jeune|Les Silent Jeunes|New Pacific Order|10000|6/1/2008 8:45:52 PM|Member|Capitalist|Sikhism|Red|5/22/2008 10:12:23 PM|76,255.80|13,999.99|2,212.509|War Mode|Furs|Wine|0|433,614.419|5|38,335|0|0|25|Active In The Last 3 Days|Coal|Gold|Fish|Cattle|Pigs|Wheat|Silver|Gems|Sugar|Spices|977449|1766545|
257186|Southern Comfort|Wild Wild West|Knights Of The Round Table|10092|2/13/2022 7:57:15 PM|Member|Republic|Christianity|Green|8/23/2008 1:20:53 AM|55,850.81|34,499.99|12,116.522|War Mode|Gold|Coal|0|430,727.625|1|209,931|31,226|0|25|Active In The Last 3 Days|Aluminum|Lumber|Iron|Marble|Oil|Rubber|Uranium|Lead|Wheat|Water|5036553|9803894|
256901|GurneyHalleck|Mountaineer|New Pacific Order|10000|8/23/2008 11:16:26 AM|Member|Republic|Mixed|Red|8/22/2008 12:59:16 AM|64,934.08|20,282.82|16,711.773|Peace Mode|Fish|Cattle|0|430,135.393|5|68,692|0|0|25|Active In The Last 3 Days|Aluminum|Marble|Coal|Gold|Lead|Oil|Lumber|Iron|Wheat|Pigs|3899598|7356454|
42086|bones_wizard|_snap_crackle_pop_|AGW Overlords|10043|3/30/2009 5:07:53 PM|Member|Transitional|None|Black|9/3/2006 5:04:55 PM|61,300.64|22,999.99|19,472.343|War Mode|Uranium|Wheat|0|429,848.707|1|226,322|18,028|0|25|Active In The Last 3 Days|Coal|Marble|Iron|Aluminum|Oil|Rubber|Water|Lumber|||688440|2314666|
152779|Crazyguy945|United Nick|Coalition of Royal Allied Powers|10051|5/12/2010 8:33:02 PM|Member|Monarchy|Christianity|Maroon|7/9/2007 10:08:03 AM|65,514.51|23,999.99|4,703.148|War Mode|Aluminum|Coal|0|426,692.226|1|125,000|0|0|25|Active In The Last 3 Days|Gold|Iron|Lead|Lumber|Oil|Rubber|Water|Uranium|Wheat|Marble|1060645|2419289|
364329|Donnie Darko|DarkoLand|Doom Squad|16454|9/17/2024 6:37:13 PM|Member|Totalitarian State|Mixed|Black|10/20/2009 10:01:38 AM|69,531.08|14,000.00|9,495.438|War Mode|Lead|Uranium|0|421,963.582|1|50,000|0|0|25|Active In The Last 3 Days|Aluminum|Marble|Fish|Pigs|Gold|Coal|Iron|Lumber|Oil|Rubber|2900674|8427066|
52010|Skaha|Britannia Coast|Knights of the Round Table|10092|1/9/2012 9:25:27 PM|Member|Republic|None|Green|10/11/2006 12:08:52 PM|65,520.28|22,200.00|16,865.747|Peace Mode|Water|Coal|64|420,900.000|5|70,000|0|0|0|Active In The Last 3 Days|Aluminum|Lead|Gold|Marble|Iron|Uranium|Lumber|Wheat|Oil|Rubber|295865|2246597|
169031|Hime Themis|Dulra|The Order of the Black Rose|10045|11/5/2009 8:05:56 PM|Member|Communist|Baha'i Faith|Black|9/28/2007 10:02:20 PM|42,279.29|22,999.45|81,700.000|Peace Mode|Coal|Fish|0|412,449.990|5|162,759|0|0|25|Active Last Week|Iron|Lead|Oil|Wheat|Pigs|Gold|Water|Uranium|||1967514|11490757|
520160|Niels|Isla Vista|Independent Republic Of Orange Nations|10004|2/11/2013 7:48:21 PM|Member|Democracy|None|Orange|2/10/2013 1:36:33 AM|60,357.94|29,999.99|7,000.000|War Mode|Fish|Lumber|0|412,085.650|5|86,000|530|0|22|Active In The Last 3 Days|Aluminum|Marble|Iron|Water|Pigs|Cattle|Spices|Sugar|Uranium|Wheat|617396|1365597|
61657|Umar ibn Abd al-Aziz|Umayyad Caliphate|DOOMBIRD DOOMCAVE|10449|1/11/2015 7:35:42 PM|Member|Communist|Islam|Black|11/11/2006 4:57:57 PM|61,373.37|14,000.00|25,915.145|War Mode|Water|Uranium|0|410,394.569|1|140,000|14,000|0|25|Active In The Last 3 Days|Coal|Gold|Fish|Pigs|Iron|Lumber|Wheat|Cattle|||7654990|12592515|
380255|Vaslov|UFPNS|Argent|10063|2/15/2020 6:47:16 AM|Member|Capitalist|Christianity|Pink|1/16/2010 6:30:19 AM|68,232.10|10,111.99|15,939.779|War Mode|Aluminum|Marble|0|404,384.556|5|25,420|500|1|12|Active In The Last 3 Days|Coal|Gold|Fish|Wheat|Lead|Uranium|Lumber|Iron|Oil|Pigs|377319|1315044|
585631|Srivatsan|MAHANADU|Doombrella|17368|9/8/2025 8:57:12 PM|Member|Democracy|Hinduism|Black|12/16/2015 3:30:19 AM|56,099.07|25,999.99|12,999.999|War Mode|Lead|Uranium|0|402,354.646|1|315,215|0|0|25|Active In The Last 3 Days|Aluminum|Marble|Cattle|Wheat|Fish|Pigs|Iron|Lumber|||146150|550460|
273843|Northern Empire|Northern Empire|Independent Republic Of Orange Nations|10004|8/5/2023 10:18:30 PM|Member|Republic|Christianity|Orange|10/23/2008 1:09:50 PM|52,600.16|29,999.99|21,882.760|War Mode|Uranium|Water|14|399,899.909|5|80,000|0|0|25|Active In The Last 3 Days|Aluminum|Iron|Coal|Lead|Gold|Marble|Lumber|Wheat|Oil|Rubber|6970201|12512878|
553512|Marcin|Karpowicze|Knights Of The Round Table|10092|6/4/2014 10:23:06 AM|Member|Republic|Christianity|Green|5/18/2014 5:59:02 PM|59,200.29|20,000.00|12,000.000|War Mode|Cattle|Wheat|0|395,033.429|1|213,600|0|0|25|Active In The Last 3 Days|Aluminum|Water|Iron|Lumber|Marble|Uranium|Pigs|Fish|Sugar|Spices|233519|258502|
151420|Zwildm30|Dragonztail|Independent Republic of Orange Nations|10004|7/4/2007 2:20:37 PM|Member|Capitalist|None|Orange|7/4/2007 2:20:37 PM|60,137.62|21,324.83|7,300.904|War Mode|Uranium|Wheat|0|394,364.959|5|48,000|30|0|25|Active In The Last 3 Days|Aluminum|Lead|Coal|Gold|Iron|Rubber|Lumber|Marble|Oil|Water|3561120|5861919|
541774|Das Blitzkrieger|Leistungsstarke|Doombrella|17368|9/3/2025 6:33:58 AM|Member|Communist|Baha'i Faith|Black|12/3/2013 6:19:21 PM|58,178.45|20,999.99|11,199.999|War Mode|Cattle|Wheat|0|389,793.140|1|271,195|110|0|25|Active In The Last 3 Days|Aluminum|Marble|Coal|Gold|Fish|Pigs|Iron|Lumber|Lead|Uranium|1023879|2703961|
3782|Letum|Canton|New Pacific Order|10000|3/9/2006 11:41:35 AM|Member|Communist|Judaism|Red|3/9/2006 11:41:35 AM|59,650.24|20,099.99|6,310.236|War Mode|Wheat|Pigs|0|389,184.834|5|77,174|15,774|0|25|Active Last Week|Aluminum|Marble|Coal|Uranium|Fish|Cattle|Lead|Oil|Lumber|Iron|3073719|5609236|
260342|abcdefg|Alphabets|Independent Republic Of Orange Nations|10004|10/12/2008 9:38:35 AM|Member|Federal Government|Mixed|Aqua|9/2/2008 1:15:54 PM|47,900.30|29,800.00|20,000.000|War Mode|Fish|Wheat|0|387,756.498|5|225,000|25,000|50|25|Active In The Last 3 Days|Lead|Aluminum|Lumber|Iron|Marble|Rubber|Oil|Iron|Uranium|Gold|1102785|1825663|
284951|chpsnick|The Commonwealth|Independent Republic Of Orange Nations|10004|7/13/2013 9:13:36 PM|Member|Democracy|Christianity|Orange|12/5/2008 9:26:57 PM|35,071.28|48,000.86|42,712.250|War Mode|Iron|Uranium|0|386,227.359|5|140,000|0|0|0|Active In The Last 3 Days|Aluminum|Lumber|Coal|Gold|Lead|Marble|Rubber|Oil|Water|Wheat|289104|325730|
138858|Haart|Barbarica|The Templar Knights|10012|1/8/2020 6:31:07 AM|Member|Revolutionary Government|None|Maroon|5/22/2007 11:46:23 AM|64,312.60|15,000.00|3,538.664|War Mode|Aluminum|Iron|0|384,150.982|1|45,000|0|0|25|Active In The Last 3 Days|Cattle|Water|Fish|Uranium|Lumber|Sugar|Pigs|Spices|Wheat|Marble|5886800|11770548|
29528|Captain8Track|8Trackistan|Independent Republic of Orange Nations|10004|11/12/2007 11:19:51 PM|Member|Monarchy|Mixed|Orange|7/23/2006 3:50:59 PM|54,361.69|29,999.99|1,900.000|War Mode|Iron|Lumber|2|383,552.556|5|16,956|0|0|25|Active This Week|Aluminum|Coal|Gold|Lead|Marble|Wheat|Oil|Uranium|Rubber|Water|2018748|3244818|
416695|pmacdaddy|Sanctuary|DOOMBIRD DOOMCAVE|10449|10/25/2020 12:42:00 AM|Member|Communist|Christianity|Black|7/23/2010 6:46:07 PM|59,713.06|18,999.99|1,751.364|War Mode|Coal|Gold|0|382,239.517|1|183,080|18,103|0|25|Active In The Last 3 Days|Fish|Pigs|Iron|Lumber|Water|Uranium|Wheat|Cattle|||1178904|4946048|
479751|Aenir|Tarsonis|Independent Republic Of Orange Nations|10004|11/11/2011 3:44:53 PM|Member|Capitalist|Shinto|Orange|11/5/2011 12:09:33 AM|64,270.54|13,275.78|1,853.251|War Mode|Pigs|Uranium|0|380,304.905|5|18,000|0|0|25|Active In The Last 3 Days|Aluminum|Lumber|Cattle|Water|Fish|Wheat|Iron|Marble|Spices|Sugar|1775051|2645415|
38931|yohon|Nevindia|New Pacific Order|10000|8/22/2006 1:10:54 PM|Member|Monarchy|Confucianism|Red|8/22/2006 1:10:54 PM|50,250.00|25,769.99|20,999.999|Peace Mode|Fish|Cattle|0|379,261.257|5|89,314|0|2|25|Active In The Last 3 Days|Coal|Gold|Furs|Wine|Lumber|Iron|Oil|Lead|Wheat|Pigs|1287158|3242909|
189204|Sol Invictus|Kingdom of Hellas|Green Protection Agency|10041|12/13/2007 2:26:25 PM|Member|Totalitarian State|None|Green|12/13/2007 11:40:31 AM|60,850.42|20,000.00|8,258.317|Peace Mode|Lumber|Water|1|377,855.115|5|60,778|0|0|0|Active In The Last 3 Days|Cattle|Pigs|Fish|Aluminum|Spices|Marble|Wheat|Sugar|||10103|211039|
491885|Chuck Jongil|Soylent Greenland|Viridian Entente|10010|7/18/2018 1:10:18 AM|Member|Republic|Voodoo|Green|2/29/2012 8:12:40 PM|47,933.70|30,999.99|15,999.999|War Mode|Aluminum|Fish|0|376,524.125|1|286,284|0|0|25|Active In The Last 3 Days|Cattle|Water|Lumber|Iron|Marble|Uranium|Pigs|Wheat|Sugar|Spices|3768347|6161393|
604287|Hazib|Kingdom of Lemuria|CLAWS|15841|12/29/2022 11:48:16 PM|Member|Monarchy|Mixed|Black|5/23/2017 5:57:52 AM|55,100.35|19,972.95|9,200.000|War Mode|Fish|Wheat|0|376,441.502|1|237,595|23,020|0|25|Active In The Last 3 Days|Aluminum|Marble|Cattle|Pigs|Iron|Lumber|Sugar|Spices|Uranium|Lead|2357025|2769221|
80679|apfdaman|APFDAMAN|Independent Republic of Orange Nations|10004|12/17/2006 2:27:53 AM|Member|Revolutionary Government|None|Orange|12/17/2006 2:27:53 AM|45,300.31|35,800.00|5,773.867|War Mode|Oil|Rubber|0|371,295.163|5|181,000|26,789|50|25|Active In The Last 3 Days|Aluminum|Gold|Fish|Wheat|Iron|Lead|Lumber|Uranium|Marble|Coal|618813|718952|
353933|Chuck|Teutonic Empire|The Templar Knights|10012|4/5/2014 9:02:13 PM|Member|Transitional|Mixed|Maroon|8/28/2009 9:17:43 PM|31,547.19|45,350.00|31,599.293|War Mode|Gold|Iron|0|370,329.897|1|405,000|0|0|25|Active In The Last 3 Days|Aluminum|Coal|Lead|Lumber|Oil|Rubber|Water|Uranium|Wheat|Marble|5563240|9627346|
32349|Bobboman|LUEnited States|Independent Republic Of Orange Nations|10004|8/23/2009 3:59:42 PM|Member|Democracy|Christianity|Orange|7/31/2006 11:47:58 AM|47,588.79|33,200.00|3,217.186|War Mode|Iron|Rubber|0|364,384.751|5|180,000|0|0|25|Active In The Last 3 Days|Aluminum|Lead|Coal|Gold|Lumber|Marble|Oil|Water|Uranium|Wheat|1313940|2475522|
101765|KevinH|Establishmentism|Independent Republic of Orange Nations|10004|1/31/2007 9:45:50 PM|Member|Capitalist|Christianity|Orange|1/31/2007 9:45:50 PM|56,563.36|21,999.99|3,662.471|War Mode|Oil|Rubber|0|363,365.482|1|55,000|0|0|12|Active In The Last 3 Days|Coal|Gold|Lead|Fish|Lumber|Iron|Marble|Cattle|Uranium|Aluminum|3833942|5260190|
504045|Agravain Cardif|Dures Mains|Knights Of The Round Table|10092|3/31/2021 5:54:46 AM|Member|Republic|Norse|Green|7/25/2012 4:09:48 PM|53,500.18|20,000.00|10,000.000|War Mode|Iron|Lumber|0|362,634.909|1|193,200|0|0|25|Active In The Last 3 Days|Aluminum|Marble|Fish|Wheat|Gold|Rubber|Uranium|Lead|Water|Uranium|172629|141833|
121315|SammyKhalifa|Largeblackdot.|The Dark Templar|10056|7/9/2012 8:07:12 AM|Member|Democracy|Norse|Black|3/20/2007 7:42:48 PM|60,827.96|14,999.99|0.000|War Mode|Cattle|Wheat|0|362,472.448|5|31,573|1,308|0|25|Active In The Last 3 Days|Fish|Pigs|Lead|Gold|Lumber|Gems|Spices|Sugar|Uranium|Water|2245075|4906217|
484444|Platinum|Soviet Domain|New Pacific Order|10000|11/27/2013 12:28:00 AM|Member|Republic|Christianity|Red|12/19/2011 4:58:57 PM|48,800.17|16,999.99|27,667.613|Peace Mode|Fish|Cattle|0|360,869.257|5|196,000|18,060|0|25|Active In The Last 3 Days|Aluminum|Marble|Coal|Uranium|Iron|Lumber|Lead|Oil|Wheat|Pigs|2486015|3669809|
249700|Fafafoooey|YourBad|New Pacific Order|10000|2/27/2018 12:56:42 PM|Member|Totalitarian State|Mixed|Red|7/28/2008 3:39:12 PM|48,269.18|23,000.00|16,000.000|Peace Mode|Cattle|Fish|0|358,720.917|5|125,000|20,000|0|25|Active In The Last 3 Days|Coal|Uranium|Furs|Wine|Gems|Silver|Oil|Lead|Wheat|Pigs|435436|1004688|
588563|Kasper|Skora Horda|Knights Of The Round Table|10092|3/11/2016 5:09:51 PM|Member|Republic|Mixed|Green|3/8/2016 10:01:09 AM|51,500.46|20,000.00|12,000.000|War Mode|Cattle|Pigs|0|356,807.326|1|212,000|0|0|25|Active In The Last 3 Days|Aluminum|Wheat|Fish|Uranium|Lumber|Marble|Spices|Sugar|Water|Iron|201873|194230|
93757|Irons82|Zero-One|DOOMBIRD DOOMCAVE|10449|9/6/2023 1:15:18 PM|Member|Capitalist|Christianity|Black|1/16/2007 1:07:30 AM|58,834.07|14,999.99|0.000|War Mode|Uranium|Water|0|356,198.188|5|44,643|0|2|25|Active This Week|Cattle|Wheat|Fish|Pigs|Lead|Gold|Lumber|Gems|Spices|Sugar|6595941|12289715|
162795|sterbean|Bean Union|Viridian Entente|10010|2/7/2009 9:19:11 PM|Member|Transitional|Buddhism|Green|9/1/2007 3:27:19 AM|32,304.61|41,071.66|27,182.299|War Mode|Lumber|Iron|0|348,855.416|5|108,946|0|50|25|Active In The Last 3 Days|Aluminum|Fish|Cattle|Water|Gems|Wine|Marble|Uranium|Pigs|Wheat|1329638|2575129|
374321|Clash|Discord|Doombrella|17368|3/5/2025 11:44:02 PM|Member|Totalitarian State|Mixed|Black|12/14/2009 12:01:55 PM|41,276.38|24,499.99|25,829.175|War Mode|Pigs|Fish|0|348,095.586|1|291,061|26,820|8|25|Active In The Last 3 Days|Aluminum|Marble|Cattle|Wheat|Iron|Lumber|Lead|Uranium|Sugar|Spices|4213906|8652899|
541311|King Quincy|Confederate USA|Green Protection Agency|10041|11/26/2013 9:01:26 PM|Member|Monarchy|Christianity|Green|11/26/2013 8:40:18 PM|43,478.70|34,999.99|2,658.786|War Mode|Wheat|Water|0|347,736.666|1|100,000|0|0|25|Active In The Last 3 Days|Aluminum|Lumber|Gold|Coal|Iron|Marble|Oil|Rubber|Uranium|Lead|228421|544000|
514492|xxLENZxx|Star Command|The Legion|10020|12/13/2012 12:50:32 AM|Member|Communist|None|Purple|12/9/2012 6:21:11 AM|44,953.45|30,000.30|3,300.000|Peace Mode|Coal|Gold|0|345,737.663|5|71,076|28,915|0|25|Active In The Last 3 Days|Fish|Pigs|Lead|Oil|Lumber|Aluminum|Marble|Iron|Uranium|Wheat|3103655|5133925|
5500|mojo882|kolsara|The Legion|10020|1/25/2014 12:22:38 AM|Member|Monarchy|Christianity|Maroon|3/20/2006 10:25:54 AM|39,399.78|34,999.99|7,945.309|Peace Mode|Uranium|Aluminum|0|345,023.147|1|298,265|29,580|0|25|Active In The Last 3 Days|Coal|Marble|Lumber|Lead|Oil|Iron|Water|Gold|Wheat|Rubber|9836592|19617742|
52717|sanpedrodave|San Pedro|Green Protection Agency|10041|10/13/2006 11:03:43 PM|Member|Monarchy|Hinduism|Green|10/13/2006 11:03:43 PM|39,689.49|28,000.00|27,508.316|War Mode|Spices|Marble|0|344,484.926|1|96,000|0|0|25|Active In The Last 3 Days|Aluminum|Water|Cattle|Pigs|Fish|Aluminum|Lumber|Water|Wheat|Sugar|650470|1787493|
85720|themadstork|Virus|Argent|10063|12/16/2020 7:24:47 PM|Member|Monarchy|Christianity|Pink|12/29/2006 11:39:52 AM|49,286.72|15,999.99|14,975.103|War Mode|Fish|Marble|0|337,487.333|5|154,805|3,000|0|25|Active In The Last 3 Days|Aluminum|Lead|Gold|Oil|Iron|Lumber|Rubber|Coal|Uranium|Wheat|4036262|5385824|
207900|Queltocz|Quelto|Independent Republic Of Orange Nations|10004|12/17/2009 2:10:50 AM|Member|Monarchy|Buddhism|Orange|2/24/2008 4:40:17 AM|41,400.48|25,999.99|17,692.260|War Mode|Oil|Water|0|336,378.394|5|200,000|17,113|0|25|Active In The Last 3 Days|Aluminum|Lead|Coal|Gold|Iron|Rubber|Lumber|Marble|Uranium|Wheat|1757344|2928538|
376391|Dave the Dominator|Taulvia|The Templar Knights|10012|3/17/2010 5:26:11 PM|Member|Revolutionary Government|Christianity|Maroon|12/25/2009 6:39:13 PM|47,441.45|21,499.99|4,000.000|War Mode|Wheat|Uranium|0|333,533.116|1|213,254|21,029|0|25|Active In The Last 3 Days|Cattle|Marble|Fish|Water|Iron|Aluminum|Lumber|Sugar|Pigs|Spices|1480174|4147339|
33116|+Zeke+|Iron Heart|The Dark Templar|10056|10/31/2011 9:33:06 PM|Member|Communist|Mixed|Black|8/2/2006 3:24:50 PM|45,200.95|19,999.99|15,979.215|War Mode|Wheat|Coal|0|333,123.768|1|160,000|18,168|0|25|Active In The Last 3 Days|Aluminum|Marble|Gold|Water|Iron|Lumber|Lead|Uranium|Rubber|Oil|2055619|5035905|
3059|Comrade Gabriel|Bakunin's Dream|New Pacific Order|10000|2/25/2006 11:18:28 PM|Member|Totalitarian State|None|Red|2/25/2006 11:18:28 PM|53,230.69|14,999.99|0.000|Peace Mode|Gems|Silver|0|330,218.494|5|45,139|8,495|0|25|Active In The Last 3 Days|Fish|Cattle|Lumber|Iron|Pigs|Wheat|Spices|Sugar|Uranium|Water|6064782|7106907|
586922|WileyXero|Wiley|CLAWS|15841|11/11/2024 5:32:31 PM|Member|Communist|Voodoo|Black|1/25/2016 5:06:13 PM|41,560.42|25,999.99|10,499.999|War Mode|Cattle|Wheat|0|330,127.054|1|266,000|26,000|0|25|Active In The Last 3 Days|Aluminum|Marble|Fish|Pigs|Spices|Sugar|Uranium|Iron|Water|Lumber|0|46672|
273509|Enrage|TheEmpire|WWF|14310|12/17/2015 10:05:29 PM|Manager|Totalitarian State|Confucianism|Green|10/22/2008 4:51:14 AM|48,494.83|18,099.99|10,026.756|War Mode|Iron|Lumber|18|329,989.268|5|50,000|0|0|25|Active In The Last 3 Days|Cattle|Wheat|Coal|Gold|Lead|Aluminum|Marble|Uranium|Pigs|Fish|4219744|5157541|
437548|Dutchmaster|Feardare|Coalition of Royal Allied Powers|10051|12/21/2010 9:31:00 PM|Member|Transitional|None|Maroon|12/21/2010 8:54:32 PM|39,700.34|30,999.99|5,219.801|War Mode|Aluminum|Marble|0|328,186.364|5|200,000|30,000|0|25|Active In The Last 3 Days|Fish|Uranium|Iron|Lumber|Pigs|Cattle|Sugar|Spices|Water|Wheat|581472|1205822|
25379|Stylesjl|Pontbridge|Coalition of Royal Allied Powers|10051|9/11/2011 1:01:42 AM|Member|Monarchy|None|Maroon|7/9/2006 7:51:28 AM|42,712.84|31,022.55|3,462.690|War Mode|Iron|Aluminum|0|327,781.293|5|79,770|0|0|25|Active In The Last 3 Days|Gold|Water|Lumber|Marble|Rubber|Coal|Uranium|Lead|Wheat|Oil|6947235|10603081|
40973|Blade 619|Antropomorphica|Independent Republic of Orange Nations|10004|8/30/2006 5:05:33 PM|Manager|Capitalist|Christianity|Orange|8/30/2006 5:05:33 PM|44,358.60|28,999.99|4,777.816|War Mode|Aluminum|Iron|37|327,139.704|5|70,000|0|0|15|Active This Week|Marble|Uranium|Pigs|Sugar|Spices|Water|Wheat|Cattle|||3383547|4342213|
514897|Phocas|Lighthouse Island|The Prussian Empire|14204|8/12/2020 4:58:22 AM|Manager|Republic|Christianity|Green|12/14/2012 12:14:37 PM|45,300.42|20,000.00|11,000.000|War Mode|Water|Wheat|0|323,647.098|5|194,000|0|0|25|Active In The Last 3 Days|Cattle|Pigs|Gold|Oil|Iron|Lumber|Spices|Marble|Uranium|Aluminum|233905|120666|
35558|Reaxt|Holy Reaxian Empire|New Pacific Order|10000|7/8/2015 1:32:37 AM|Member|Totalitarian State|Mixed|Red|8/10/2006 9:37:58 PM|40,484.23|26,999.99|7,999.999|Peace Mode|Uranium|Coal|0|318,992.305|1|68,309|25,650|0|25|Active In The Last 3 Days|Aluminum|Marble|Fish|Cattle|Gems|Silver|Oil|Lead|Wheat|Pigs|1218112|2950333|
187838|morrisons|scollotto|CLAWS|15841|6/25/2020 4:45:24 PM|Member|Totalitarian State|Mixed|Black|12/8/2007 9:44:00 AM|37,100.11|32,999.99|11,500.000|War Mode|Wheat|Fish|0|313,600.504|5|100,000|0|0|25|Active In The Last 3 Days|Coal|Gold|Iron|Lumber|Marble|Aluminum|Oil|Rubber|Uranium|Lead|1043472|1886887|
96942|Willie The Pimp|Theoria|Orange Defense Network|17435|8/18/2025 7:30:26 AM|Member|Anarchy|Christianity|Orange|1/22/2007 12:44:15 PM|41,829.79|24,364.65|7,796.062|War Mode|Wheat|Uranium|0|310,797.115|5|9,755|0|0|25|Active Last Week|Fish|Pigs|Furs|Cattle|||||||3415922|4260593|
144708|Matthew PK|Commonwealth of LoL|Doombrella|17368|2/21/2025 2:27:11 PM|Member|Communist|Norse|Black|6/11/2007 10:49:03 PM|32,444.19|25,999.99|26,437.710|War Mode|Oil|Wheat|0|310,491.553|1|315,295|31,266|0|25|Active In The Last 3 Days|Aluminum|Marble|Fish|Pigs|Gold|Coal|Iron|Lumber|Uranium|Lead|4582542|8604329|
427592|prawncracker|marfoir|The Dark Templar|10056|11/25/2017 4:31:28 AM|Member|Republic|Jainism|Black|10/11/2010 8:46:52 AM|46,392.84|14,999.99|11,527.299|War Mode|Aluminum|Marble|0|307,136.272|5|63,557|0|0|25|Active In The Last 3 Days|Cattle|Wheat|Fish|Pigs|Spices|Sugar|Uranium|Iron|Water|Lumber|2474510|4457394|
625142|Britbong|Imperium Britannicum|The Legion|10020|11/9/2020 9:27:23 AM|Member|Totalitarian State|None|Purple|11/8/2020 11:25:57 AM|28,700.18|36,499.99|18,855.970|Peace Mode|Aluminum|Lumber|0|303,709.829|5|100,000|1,000|0|25|Active In The Last 3 Days|Coal|Gold|Fish|Wheat|Iron|Marble|Oil|Pigs|Uranium|Lead|131561|785420|
453391|Rokula|Paraiso|New Pacific Order|10000|7/26/2017 9:24:30 PM|Member|Revolutionary Government|Voodoo|Red|3/29/2011 9:40:46 PM|41,258.23|21,999.99|14,200.000|War Mode|Wheat|Pigs|0|303,671.111|5|64,000|500|0|25|Active In The Last 3 Days|Aluminum|Marble|Coal|Uranium|Fish|Cattle|Iron|Lumber|Oil|Lead|153956|997298|
176282|Freakertje|Nation of the Freaks|The Last Remnants|10098|6/21/2011 2:53:49 PM|Member|Capitalist|Buddhism|Maroon|10/26/2007 1:45:51 PM|36,023.23|34,900.00|5,900.000|War Mode|Pigs|Spices|0|302,516.154|5|130,000|0|0|25|Active Three Weeks Ago|Cattle|Marble|Fish|Sugar|Iron|Aluminum|Uranium|Lumber|Wheat|Water|2616178|3818310|
621012|Cookingyanks|Abercrombie|The Legion|10020|1/6/2020 9:23:00 PM|Member|Federal Government|None|Purple|1/2/2020 7:45:00 PM|40,403.74|24,999.99|3,000.000|Peace Mode|Iron|Marble|0|300,773.665|5|70,000|0|0|25|Active In The Last 3 Days|Aluminum|Lumber|Fish|Wheat|Gold|Coal|Oil|Pigs|Uranium|Lead|722463|1260142|
576411|happy5214|Manitae|The Legion|10020|5/31/2015 10:01:12 AM|Manager|Totalitarian State|None|Purple|5/26/2015 3:40:28 AM|45,131.64|20,000.00|999.999|Peace Mode|Oil|Pigs|31|300,568.195|5|52,000|0|0|25|Active In The Last 3 Days|Aluminum|Lumber|Coal|Gold|Fish|Wheat|Iron|Marble|Uranium|Lead|1196269|2303812|
602649|Sultan Adly|Wadi El Bezaz|The Legion|10020|6/20/2020 7:08:05 PM|Member|Monarchy|Mixed|Purple|3/30/2017 6:12:36 AM|41,600.10|20,000.00|8,949.291|War Mode|Gold|Coal|0|299,999.429|1|68,000|0|0|25|Active In The Last 3 Days|Aluminum|Lumber|Iron|Marble|Oil|Pigs|Uranium|Lead|Wheat|Fish|468901|580702|
162726|Ivanku|Nova Ukrayina|The Legion|10020|2/19/2024 6:14:47 PM|Member|Capitalist|Christianity|Purple|8/31/2007 9:59:13 PM|47,367.24|14,999.99|900.008|Peace Mode|Coal|Gold|0|299,729.536|5|44,418|0|0|25|Active In The Last 3 Days|Aluminum|Lumber|Fish|Wheat|Iron|Marble|Oil|Pigs|Uranium|Sugar|3583033|6237681|
394310|dexteoh|Spartans|The Dark Templar|10056|6/2/2016 1:53:16 AM|Member|Republic|Buddhism|Black|3/23/2010 10:48:23 PM|48,742.75|14,999.99|2,300.000|War Mode|Lead|Gold|0|299,463.269|5|52,477|0|0|25|Active In The Last 3 Days|Cattle|Wheat|Fish|Pigs|Lumber|Gems|Spices|Sugar|Uranium|Water|59082|730680|
363340|Lord of Coke and Hot Dogs|TOOTLOCAHD|The Legion|10020|2/8/2019 1:00:24 AM|Member|Monarchy|Judaism|Purple|10/14/2009 4:56:54 PM|32,602.07|26,899.90|26,001.241|Peace Mode|Uranium|Lead|0|298,373.280|5|67,567|0|0|25|Active In The Last 3 Days|Aluminum|Lumber|Fish|Wheat|Gold|Coal|Iron|Marble|Oil|Pigs|1930737|3286470|
62721|brass|Banlovit|Federation of Armed Nations|10021|11/13/2006 11:30:59 PM|Manager|Monarchy|Christianity|Yellow|11/13/2006 11:30:59 PM|40,799.45|23,999.99|3,751.853|Peace Mode|Wheat|Marble|18|297,695.458|5|127,632|15,839|50|25|Active In The Last 3 Days|Aluminum|Gold|Iron|Coal|Lumber|Uranium|Oil|Lead|Water|Rubber|385748|1147986|
298479|Pheren|Lost Atlantis|Orange Defense Network|17435|8/18/2025 12:48:03 AM|Member|Capitalist|Islam|Orange|2/1/2009 4:11:42 AM|35,117.74|25,999.99|17,748.438|War Mode|Uranium|Wheat|0|297,223.232|5|100,095|10,000|0|25|Active This Week|Aluminum|Cattle|Lumber|Water|Spices|Sugar|||||1096548|1679938|
500383|Tsar Kalashnikov|Soviet Arctic States|New Pacific Order|10000|6/11/2012 4:11:42 PM|Member|Totalitarian State|Shinto|Red|6/8/2012 12:12:51 PM|40,991.83|20,000.00|6,994.085|Peace Mode|Lumber|Iron|0|296,930.374|5|213,255|0|0|25|Active In The Last 3 Days|Aluminum|Marble|Cattle|Fish|Coal|Uranium|Lead|Oil|Pigs|Wheat|931114|2376629|
380432|dimaradona|Piedra Negra|Green Protection Agency|10041|9/26/2011 9:14:49 AM|Member|Monarchy|Norse|Green|1/16/2010 10:47:08 PM|43,225.56|21,499.99|783.449|War Mode|Water|Cattle|0|295,232.916|5|40,000|0|0|25|Active In The Last 3 Days|Aluminum|Pigs|Lumber|Iron|Spices|Fish|Uranium|Marble|Wheat|Sugar|696133|1561368|
184491|Planet Earth|MiniSwiss II|The Order of the Paradox|10016|11/29/2007 9:58:41 AM|Member|Monarchy|Confucianism|Pink|11/25/2007 4:02:19 AM|42,303.51|19,999.99|3,000.000|Peace Mode|Gold|Oil|2|293,924.128|5|65,079|0|0|25|Active Last Week|Aluminum|Lead|Fish|Marble|Iron|Lumber|Rubber|Coal|Uranium|Wheat|3129230|5922495|
373827|VLs Revenge|Revengia|The Legion|10020|7/23/2010 5:39:30 AM|Member|Totalitarian State|None|Purple|12/11/2009 8:48:48 PM|33,499.59|27,999.99|7,400.001|Peace Mode|Fish|Pigs|0|290,813.348|1|260,010|25,951|0|25|Active In The Last 3 Days|Coal|Gold|Lead|Oil|Lumber|Aluminum|Marble|Iron|Uranium|Wheat|2060102|5317662|
38659|Rikhard II|Lunzania|Orange Defense Network|17435|8/16/2025 8:28:18 PM|Member|Communist|None|Orange|8/21/2006 12:10:30 PM|39,400.39|24,000.00|5,565.565|War Mode|Fish|Pigs|0|290,782.197|5|49,095|0|0|25|Active In The Last 3 Days|Gems|Lumber|Gold|Gems|Iron|Marble|Uranium|Sugar|Wheat|Uranium|2289199|5258737|
367343|whiskerz|arfcom|The Grand Lodge Of Freemasons|10029|10/1/2014 10:39:33 AM|Member|Transitional|Voodoo|Orange|11/5/2009 8:03:45 PM|32,900.76|30,199.99|10,000.055|War Mode|Marble|Iron|0|290,347.548|5|69,434|0|0|25|Active In The Last 3 Days|Coal|Gold|Lead|Rubber|Lumber|Wheat|Oil|Aluminum|Uranium|Water|1638747|4436433|
190647|Kapsyl I|Kapsylonia|AGW Overlords|10043|2/19/2008 9:07:56 AM|Member|Democracy|Norse|Black|12/18/2007 5:16:06 PM|37,960.23|28,000.00|3,017.921|War Mode|Uranium|Spices|0|289,890.979|1|85,648|0|0|25|Active In The Last 3 Days|Aluminum|Coal|Gold|Oil|Iron|Lead|Lumber|Water|Marble|Rubber|147843|1146468|
44402|Sepp Dietrich|PANZER|New Pacific Order|10000|2/25/2015 5:42:50 PM|Member|Democracy|Christianity|Red|9/12/2006 10:47:04 PM|33,976.05|26,153.00|9,041.175|War Mode|Spices|Sugar|0|287,579.415|5|200,000|21,167|0|25|Active This Week|Water|Wheat|||||||||716091|2616312|
127226|LJ Scott|Republic of Jutland|DOOMBIRD DOOMCAVE|10449|5/29/2025 6:17:44 AM|Member|Monarchy|Islam|Black|4/23/2007 11:45:51 AM|48,517.58|9,999.99|0.000|War Mode|Fish|Pigs|0|286,719.788|5|36,227|4,062|0|25|Active In The Last 3 Days|Aluminum|Marble|Coal|Gold|Iron|Lumber|Oil|Wheat|Uranium|Lead|6819235|10815988|
618779|learjet|Racinante|The Legion|10020|6/21/2019 8:05:18 AM|Member|Communist|Taoism|Purple|6/16/2019 12:44:43 PM|38,413.72|23,999.99|2,400.004|Peace Mode|Aluminum|Lumber|0|281,808.576|1|65,000|0|0|25|Active In The Last 3 Days|Gold|Coal|Iron|Marble|Oil|Pigs|Uranium|Lead|Wheat|Fish|676262|1267845|
168160|Anhur|Esgaron|Old Guard|11296|5/5/2014 12:28:35 AM|Manager|Monarchy|Christianity|Blue|9/26/2007 7:57:36 PM|34,700.39|24,950.00|7,000.000|War Mode|Aluminum|Marble|0|281,496.956|1|150,000|10,000|10|25|Active In The Last 3 Days|Gold|Coal|Iron|Lumber|Lead|Oil|Pigs|Rubber|Uranium|Fish|1180503|3505312|
559862|majestic ruler|pedro penduko|Argent|10063|7/21/2021 5:21:54 AM|Member|Monarchy|Shinto|Pink|8/19/2014 12:25:24 PM|39,071.43|22,999.99|2,026.538|War Mode|Rubber|Coal|0|281,397.852|5|42,547|0|0|25|Active In The Last 3 Days|Fish|Wheat|Gold|Oil|Iron|Aluminum|Lead|Uranium|Marble|Lumber|2592424|3743125|
69978|Garbunkel|Gravillia|CLAWS|15841|7/19/2018 9:06:55 AM|Member|Capitalist|Christianity|Black|11/27/2006 9:37:56 AM|45,089.96|15,093.44|1,730.000|War Mode|Aluminum|Marble|0|281,103.864|5|76,437|0|0|25|Active In The Last 3 Days|Coal|Gold|Fish|Wheat|Iron|Lumber|Rubber|Oil|Uranium|Lead|69853|1153569|
605023|JuggernautMD|Framework|Independent Republic Of Orange Nations|10004|6/16/2017 2:00:45 PM|Member|Capitalist|Buddhism|Orange|6/16/2017 7:22:26 AM|34,500.23|23,999.99|6,847.062|War Mode|Gold|Lead|0|279,771.010|5|200,524|16,419|50|25|Active In The Last 3 Days|Aluminum|Coal|Iron|Lumber|Marble|Wheat|Oil|Uranium|Rubber|Water|1021255|2063843|
202255|onelove|We Are One Love|Doombrella|17368|2/21/2025 5:44:51 PM|Member|Communist|None|Black|2/2/2008 1:22:18 AM|46,103.00|8,999.99|2,000.000|Peace Mode|Aluminum|Marble|0|279,305.366|5|99,929|9,984|0|24|Active In The Last 3 Days|Cattle|Wheat|Coal|Gold|Fish|Pigs|Iron|Lumber|Water|Uranium|2945516|4886616|
95966|Totem|Ciumideii|The Legion|10020|1/20/2007 1:50:59 PM|Member|Communist|Norse|Purple|1/20/2007 1:50:59 PM|43,400.10|13,999.99|1,000.000|Peace Mode|Oil|Pigs|0|277,485.485|1|50,000|0|0|25|Active In The Last 3 Days|Aluminum|Lumber|Coal|Gold|Fish|Wheat|Iron|Marble|Uranium|Sugar|4075013|9785474|
529402|Firkinvald|Firkinland|The Legion|10020|6/15/2013 6:54:54 PM|Member|Anarchy|Christianity|Purple|6/6/2013 8:47:33 AM|36,925.36|22,772.19|0.000|War Mode|Iron|Marble|0|277,241.916|1|208,461|20,831|0|23|Active In The Last 3 Days|Aluminum|Lumber|Coal|Gold|Fish|Wheat|Lead|Oil|Uranium|Pigs|1843794|4532248|
197161|Juleandor|Kleptoville|The Legion|10020|7/22/2011 7:22:43 AM|Member|Capitalist|Christianity|Purple|1/14/2008 8:26:46 PM|40,408.07|20,005.99|600.000|Peace Mode|Oil|Lead|0|275,966.996|5|50,434|0|0|24|Active In The Last 3 Days|Aluminum|Lumber|Coal|Gold|Marble|Iron|Pigs|Uranium|Wheat|Fish|3562386|6510879|
57033|Slywolfe|Slywolfe|New Pacific Order|10000|11/30/2007 3:01:18 PM|Member|Capitalist|Mixed|Red|10/30/2006 1:53:04 AM|43,006.92|12,999.99|2,621.968|Peace Mode|Wheat|Pigs|0|275,441.380|5|40,943|0|0|25|Active In The Last 3 Days|Aluminum|Marble|Fish|Cattle|Gems|Silver|Oil|Lead|Uranium|Coal|1612414|4605323|
331904|Templar007|The Underground|New Pacific Order|10000|7/23/2017 10:29:26 AM|Member|Monarchy|Islam|Red|5/29/2009 10:33:17 AM|34,002.89|24,999.99|5,252.812|War Mode|Wheat|Pigs|0|275,348.084|5|53,282|15,169|50|25|Active This Week|Aluminum|Marble|Fish|Cattle|Lumber|Iron|Spices|Sugar|Water|Uranium|115257|455562|
488372|Heinrich I|Das Ostfrankenreich|The Prussian Empire|14204|6/20/2020 12:34:03 AM|Manager|Monarchy|Christianity|Green|1/26/2012 9:44:47 PM|37,221.16|20,000.00|6,200.000|War Mode|Rubber|Coal|57|273,960.052|5|66,963|0|0|25|Active In The Last 3 Days|Aluminum|Oil|Iron|Marble|Lead|Uranium|Lumber|Gold|Wheat|Water|250468|590582|
503436|StevieG|Dinglebay|Doombrella|17368|7/8/2025 4:29:27 AM|Member|Communist|Hinduism|Black|7/17/2012 2:46:35 AM|36,966.17|19,999.99|1,599.992|War Mode|Coal|Gold|0|273,888.077|1|254,614|23,500|0|25|Active This Week|Aluminum|Marble|Cattle|Wheat|Iron|Lumber|Pigs|Fish|Spices|Sugar|2144397|3103288|
76183|Ben Key|Delmarva|Green Protection Agency|10041|12/7/2006 12:06:59 PM|Member|Capitalist|Mixed|Green|12/7/2006 12:06:59 PM|35,850.48|21,995.00|14,000.000|War Mode|Marble|Lumber|0|273,117.388|5|0|0|0|25|Active In The Last 3 Days|Aluminum|Water|Iron|Uranium|Oil|Rubber|Sugar|Gold|Wine|Furs|812172|1748427|
477051|Coltaine|Malazen|The Dark Templar|10056|11/26/2017 2:54:00 PM|Member|Capitalist|Mixed|Black|10/8/2011 11:11:03 AM|41,181.11|14,999.99|6,225.282|War Mode|Lead|Uranium|0|271,640.119|5|39,834|0|0|23|Active In The Last 3 Days|Aluminum|Marble|Cattle|Wheat|Fish|Pigs|Iron|Lumber|Spices|Sugar|2916856|6255062|
297707|madalchemist|Wyvren|The Legion|10020|11/24/2011 12:22:46 AM|Member|Democracy|Norse|Purple|1/30/2009 12:43:26 PM|35,003.73|24,969.46|1,500.000|War Mode|Gold|Coal|0|271,291.350|5|127,466|0|0|25|Active Last Week|Aluminum|Lumber|Fish|Wheat|Iron|Marble|Oil|Pigs|Uranium|Lead|3434788|5023938|
3203|MeiLi|Brinalee|Viridian Entente|10010|6/4/2015 8:38:49 AM|Member|Totalitarian State|Confucianism|Green|2/28/2006 4:01:35 PM|33,531.27|22,000.00|9,531.826|War Mode|Wheat|Aluminum|0|268,369.082|5|150,000|0|2|25|Active In The Last 3 Days|Cattle|Spices|Iron|Water|Lumber|Marble|Pigs|Fish|Uranium|Sugar|525008|1199975|
520285|Banned|Lacedaemon|Doombrella|17368|9/19/2025 4:46:21 PM|Member|Anarchy|None|Black|2/11/2013 4:19:57 PM|40,191.67|11,613.91|10,875.962|War Mode|Coal|Gold|0|267,638.996|1|0|0|0|25|Active In The Last 3 Days|Aluminum|Marble|Fish|Pigs|Iron|Lumber|Oil|Wheat|Uranium|Lead|10577370|21830007|
608458|Johnny Cutlass|Claw Key|Knights Of The Round Table|10092|11/16/2017 11:01:59 AM|Member|Republic|Christianity|Aqua|11/2/2017 8:14:45 PM|34,300.14|20,000.00|10,000.000|War Mode|Spices|Sugar|0|267,486.732|1|220,800|0|0|25|Active In The Last 3 Days|Fish|Cattle|Iron|Lead|Lumber|Wheat|Pigs|Marble|Uranium|Aluminum|530774|1206230|
638569|Ozark|Blue Cat Nation|The Legion|10020|4/11/2023 4:05:36 PM|Member|Anarchy|Judaism|Purple|4/10/2023 7:48:10 PM|32,210.57|17,368.30|18,880.649|War Mode|Fish|Wheat|0|265,904.840|1|186,976|18,458|0|25|Active In The Last 3 Days|Aluminum|Lumber|Gold|Coal|Iron|Marble|Oil|Pigs|Uranium|Lead|10134|283957|
123143|Colin Myrhh|Wychwood|The Legion|10020|6/27/2010 11:00:45 PM|Member|Federal Government|Mixed|Purple|4/16/2007 10:25:24 PM|34,299.91|22,000.00|6,000.000|War Mode|Coal|Gold|0|265,458.842|5|62,715|0|0|25|Active In The Last 3 Days|Aluminum|Lumber|Marble|Iron|Oil|Lead|Pigs|Uranium|Wheat|Fish|3045521|7228728|
193481|Radovan Mladic|Republika Srpska|Coalition of Royal Allied Powers|10051|8/6/2012 1:30:55 AM|Member|Republic|Christianity|Maroon|12/31/2007 12:23:27 AM|31,509.67|26,683.53|3,500.000|War Mode|Marble|Coal|0|265,071.087|5|158,358|0|20|25|Active This Week|Aluminum|Oil|Gold|Uranium|Iron|Lead|Lumber|Water|Rubber|Wheat|1367249|2151460|
567451|Valcanar|Alyssar|New Pacific Order|10000|2/12/2016 11:17:02 AM|Member|Totalitarian State|Christianity|Red|12/21/2014 11:13:40 PM|37,224.91|20,000.00|2,866.554|War Mode|Water|Uranium|0|263,819.997|5|45,281|0|0|25|Active Last Week|Fish|Cattle|Lumber|Iron|Pigs|Wheat|Silver|Gems|Sugar|Spices|3945346|7852658|
505179|amyameretta|Finlandia|New Pacific Order|10000|10/5/2012 10:41:43 PM|Member|Totalitarian State|Christianity|Red|8/8/2012 11:51:28 PM|36,924.34|20,099.99|718.048|Peace Mode|Oil|Lead|0|262,019.827|5|59,554|0|0|25|Active In The Last 3 Days|Coal|Gold|Fish|Cattle|Furs|Wine|Lumber|Iron|Wheat|Pigs|902031|2223794|
607213|Ernak son of Attila|The Huns|The Prussian Empire|14204|9/14/2017 5:53:19 PM|Member|Republic|Shinto|Green|9/13/2017 8:31:41 PM|37,000.19|14,000.00|10,000.000|War Mode|Cattle|Spices|0|260,835.970|1|136,000|0|0|25|Active In The Last 3 Days|Aluminum|Iron|Coal|Pigs|Lumber|Water|Uranium|Sugar|Wheat|Oil|357005|542043|
47400|Snow Dan|Siberius|Green Protection Agency|10041|9/22/2006 10:09:16 AM|Member|Anarchy|Buddhism|Green|9/22/2006 10:09:16 AM|12,577.94|49,914.65|15,984.385|War Mode|Aluminum|Sugar|0|258,615.199|1|0|0|0|25|Active In The Last 3 Days|Cattle|Uranium|Fish|Wheat|Iron|Lead|Lumber|Water|Spices|Pigs|1415002|3445132|
110270|zeppelin87|New Berlin|Green Protection Agency|10041|8/3/2010 8:41:45 PM|Member|Republic|Norse|Green|2/20/2007 3:00:09 PM|31,002.20|22,599.99|11,032.039|War Mode|Cattle|Uranium|0|257,614.029|5|45,000|0|0|25|Active More Than Three Weeks Ago|||||||||||25091|206595|
51153|chiles|The UFOC|CLAWS|15841|7/11/2018 2:29:34 PM|Member|Totalitarian State|None|Black|10/8/2006 12:15:56 AM|36,473.27|14,000.34|7,500.000|War Mode|Aluminum|Iron|0|256,930.194|1|60,000|16,589|0|25|Active In The Last 3 Days|Coal|Gold|Lead|Lumber|Marble|Oil|Uranium|Rubber|Wheat|Fish|5062606|7464606|
187132|White Majik|VSOP United|Doombrella|17368|2/21/2025 2:12:41 PM|Manager|Anarchy|Buddhism|Black|12/5/2007 3:58:25 PM|36,140.94|11,611.95|15,856.569|War Mode|Uranium|Lead|90|255,076.120|1|142,527|1|0|25|Active In The Last 3 Days|Aluminum|Marble|Fish|Pigs|Gold|Coal|Iron|Lumber|Oil|Wheat|11570527|17971718|
156693|Magnate|Republic of China|The Legion|10020|7/25/2007 8:13:09 AM|Member|Republic|Buddhism|Purple|7/25/2007 8:13:09 AM|39,204.03|15,300.00|791.598|Peace Mode|Lead|Oil|0|255,049.570|5|15,100|0|0|25|Active In The Last 3 Days|Coal|Gold|Fish|Pigs|Lumber|Aluminum|Marble|Iron|Uranium|Wheat|1205573|2893098|
137646|Otto Stolz|Midgaard|The Legion|10020|2/20/2024 12:35:48 AM|Member|Revolutionary Government|Norse|Purple|5/19/2007 2:33:00 AM|34,219.44|19,999.99|385.031|Peace Mode|Fish|Wheat|0|253,889.639|5|124,297|14,520|0|25|Active In The Last 3 Days|Aluminum|Lumber|Gold|Coal|Iron|Marble|Oil|Pigs|Uranium|Lead|1096284|2501754|
3766|Temujin Khan|Mongol Empire|The Legion|10020|2/19/2024 9:13:53 PM|Member|Monarchy|None|Maroon|3/9/2006 4:18:41 AM|24,204.37|32,701.91|3,889.751|War Mode|Lumber|Water|2|253,747.100|5|238,904|23,759|0|25|Active In The Last 3 Days|Aluminum|Oil|Gold|Uranium|Iron|Lead|Marble|Coal|Rubber|Wheat|942686|2469918|
189732|JimmyD|Jimland|Orange Defense Network|17435|8/18/2025 8:34:07 AM|Member|Anarchy|Christianity|Orange|12/15/2007 10:47:29 AM|27,012.09|28,199.20|4,208.828|War Mode|Cattle|Wheat|0|252,260.596|5|239,216|23,200|0|25|Active In The Last 3 Days|Iron|Marble|Lumber|Aluminum|||||||2175825|4123068|
484851|enderland|Fields of Elysium|Doombrella|17368|4/10/2025 9:13:09 PM|Member|Totalitarian State|Christianity|Black|12/22/2011 8:54:27 PM|28,289.31|21,453.70|14,469.073|Peace Mode|Pigs|Fish|0|250,056.221|5|71,338|21,066|0|25|Active In The Last 3 Days|Aluminum|Marble|Coal|Gold|Iron|Lumber|Oil|Wheat|Uranium|Lead|2747090|4004130|
612774|Oleg the Disfigured|Slag Vrch|Knights Of The Round Table|10092|5/24/2018 7:34:13 PM|Member|Republic|Norse|Green|5/23/2018 11:19:30 PM|29,700.24|20,000.00|12,000.000|War Mode|Iron|Marble|0|248,104.199|1|219,400|0|0|25|Active In The Last 3 Days|Cattle|Pigs|Fish|Aluminum|Lumber|Water|Spices|Sugar|Uranium|Wheat|922969|1634970|
142120|Commander Thrawn|Csilla|Doombrella|17368|5/27/2025 10:22:56 PM|Member|Communist|Norse|Black|6/4/2007 5:50:25 PM|34,988.65|14,999.99|2,000.000|War Mode|Coal|Gold|0|246,492.114|1|174,325|17,387|0|25|Active In The Last 3 Days|Aluminum|Marble|Iron|Lumber|Oil|Wheat|Pigs|Fish|Uranium|Lead|7182432|8398947|
111159|MOOFER|Dragon of Cymru|NATO|10037|10/22/2021 4:09:53 PM|Member|Monarchy|Norse|Blue|2/22/2007 1:40:38 PM|28,137.25|23,900.00|10,001.778|War Mode|Aluminum|Marble|0|246,476.118|5|75,110|0|2|25|Active Three Weeks Ago|Coal|Gold|Fish|Uranium|Iron|Lumber|Pigs|Rubber|||139404|1404560|
386694|Jericthegreat|Atherian|Green Protection Agency|10041|2/14/2010 5:42:51 PM|Manager|Federal Government|None|Green|2/14/2010 10:16:19 AM|25,599.85|26,999.99|5,553.713|War Mode|Sugar|Gold|42|244,865.202|5|200,000|24,702|50|25|Active Last Week|Aluminum|Water|Fish|Aluminum|Marble|Lumber|Oil|Rubber|||1074312|1626682|
629180|filgod|Sicara|The Legion|10020|7/26/2021 4:27:05 AM|Member|Federal Government|None|Purple|7/25/2021 1:01:02 PM|32,700.06|18,999.99|3,001.699|Peace Mode|Fish|Wheat|0|242,651.499|5|44,183|0|0|25|Active In The Last 3 Days|Aluminum|Lumber|Coal|Gold|Iron|Marble|Oil|Pigs|Uranium|Lead|389895|540090|
177522|Gekko the Batosai|Nirvash|Global Alliance And Treaty Organization|10003|5/5/2017 11:34:01 PM|Member|Capitalist|Buddhism|Green|10/30/2007 9:32:04 PM|30,190.88|23,000.00|5,800.000|War Mode|Coal|Cattle|0|242,456.549|5|70,608|0|50|25|Active In The Last 3 Days|Furs|Wine|Gems|Fish|Gold|Pigs|Uranium|Silver|Wheat|Sugar|119422|928140|
265172|Anaxphone|Anaxphonia|Independent Republic of Orange Nations|10004|11/24/2010 4:08:33 PM|Member|Democracy|Mixed|Orange|9/19/2008 4:46:48 AM|27,830.42|24,999.99|5,141.760|War Mode|Iron|Wheat|0|241,974.153|1|88,722|0|0|25|Active In The Last 3 Days|Aluminum|Uranium|Coal|Water|Gold|Lead|Oil|Marble|Rubber|Lumber|2624937|4792036|
21368|Melos|Melos|Nordreich|11319|1/26/2024 12:01:04 PM|Member|Monarchy|Mixed|Maroon|6/15/2006 2:58:11 PM|23,650.16|24,000.00|22,000.000|War Mode|Water|Wheat|0|241,805.814|5|60,000|0|0|25|Active In The Last 3 Days|Aluminum|Gold|Lead|Oil|Lumber|Iron|Marble|Rubber|Uranium|Coal|9856814|16298998|
539696|God Almighty|Kingdom of God|New Pacific Order|10000|11/9/2013 6:30:12 AM|Member|Monarchy|Shinto|Red|11/5/2013 9:20:44 AM|32,782.92|20,000.99|2,358.168|Peace Mode|Lumber|Iron|0|241,146.383|5|50,309|2,027|0|25|Active In The Last 3 Days|Coal|Gold|Fish|Cattle|Furs|Wine|Oil|Lead|Wheat|Pigs|3023660|5887808|
525223|Zorrr|Deep Zither|Knights of the Round Table|10092|4/15/2013 7:45:37 AM|Member|Republic|Voodoo|Purple|4/13/2013 11:13:07 PM|29,000.44|20,000.00|11,000.000|Peace Mode|Iron|Uranium|0|239,817.189|5|55,000|0|0|25|Active In The Last 3 Days|Cattle|Pigs|Marble|Lumber|Rubber|Lead|Spices|Fish|Wheat|Sugar|987765|1048670|
188484|Power|Thunder|Argent|10063|12/20/2020 10:25:56 AM|Member|Totalitarian State|Voodoo|Pink|12/10/2007 7:51:43 PM|23,500.85|27,999.99|11,002.577|War Mode|Lumber|Iron|0|239,462.648|5|156,479|0|0|25|Active Last Week|Aluminum|Marble|Coal|Lead|Gold|Fish|Oil|Rubber|Wheat|Uranium|1679552|2702147|
74164|Zechs19|Neo Chinese Empire|The Templar Knights|10012|6/14/2011 7:33:10 PM|Member|Communist|Christianity|Maroon|12/3/2006 10:39:08 AM|23,250.18|28,199.99|9,382.197|War Mode|Iron|Aluminum|0|237,335.524|1|157,817|3,500|0|25|Active In The Last 3 Days|Cattle|Marble|Fish|Water|Lumber|Sugar|Pigs|Spices|Wheat|Uranium|1285811|3049643|
119121|mahmah|Banglia|The Grand Lodge of Freemasons|10029|12/15/2012 7:03:04 AM|Manager|Monarchy|Christianity|Orange|3/14/2007 2:52:22 PM|28,762.53|20,000.00|10,000.000|War Mode|Lumber|Wheat|30|237,229.919|5|62,115|0|0|25|Active In The Last 3 Days|Coal|Gold|Lead|Rubber|Marble|Iron|Oil|Aluminum|Uranium|Water|3442228|10294717|
522400|Lyev I|Lyevland|Independent Republic Of Orange Nations|10004|2/17/2020 12:25:24 PM|Member|Monarchy|Christianity|Orange|3/9/2013 5:28:24 AM|25,298.19|28,999.99|2,929.236|War Mode|Lumber|Wheat|0|237,144.780|5|63,000|0|0|25|Active In The Last 3 Days|Aluminum|Iron|Coal|Lead|Gold|Marble|Oil|Rubber|Uranium|Water|1842889|4699615|
279|Fine Arts|Fine Arts|Old Guard|11296|11/26/2013 5:44:59 AM|Manager|Transitional|Confucianism|Blue|1/16/2006|29,709.74|19,999.99|6,036.749|Peace Mode|Iron|Lumber|0|236,099.798|5|55,550|0|4|25|Active In The Last 3 Days|Aluminum|Marble|Coal|Gold|Fish|Uranium|Lead|Oil|Pigs|Rubber|65665|381220|
281387|Thud III|Thudsylvania|CLAWS|15841|7/6/2018 9:03:48 AM|Member|Transitional|Norse|Black|11/22/2008 9:11:15 PM|27,064.14|23,099.99|8,000.000|War Mode|Iron|Lumber|0|235,988.050|1|69,159|1,346|0|25|Active In The Last 3 Days|Lead|Uranium|Marble|Aluminum|Oil|Rubber|Uranium|Lead|Wheat|Marble|2862149|7534650|
75992|weaverc|Weaver|Global Alliance and Treaty Organization|10003|12/6/2006 8:21:59 PM|Member|Democracy|None|Brown|12/6/2006 8:21:59 PM|30,382.68|22,923.54|1,886.798|War Mode|Marble|Aluminum|0|234,974.061|2|99,703|9,329|0|20|Active In The Last 3 Days|Fish|Cattle|Iron|Wheat|Pigs|Lumber|Sugar|Spices|Water|Uranium|1248393|2204756|
273493|Iceknave|Armed Federation|New Pacific Order|10000|10/28/2008 1:04:01 AM|Member|Totalitarian State|None|Red|10/22/2008 1:28:09 AM|31,928.00|20,000.99|4,000.000|Peace Mode|Coal|Gold|0|233,216.334|5|66,169|0|0|25|Active In The Last 3 Days|Fish|Cattle|Furs|Wine|Lumber|Iron|Oil|Lead|Wheat|Pigs|2006549|4963644|
508426|Leown|Italian Empire|Independent Republic Of Orange Nations|10004|11/5/2012 8:58:39 AM|Member|Democracy|Christianity|Orange|9/22/2012 11:05:59 AM|29,366.31|18,999.99|5,010.890|War Mode|Lumber|Marble|0|232,805.123|5|158,074|15,804|0|25|Active In The Last 3 Days|Aluminum|Lead|Coal|Gold|Iron|Rubber|Oil|Water|Uranium|Wheat|306500|418893|
503803|iKronos|Aincrad|Post Grunge Supergroup|16367|2/10/2023 6:04:58 PM|Member|Federal Government|Christianity|Yellow|7/22/2012 12:56:27 PM|21,600.13|29,999.99|9,542.873|War Mode|Cattle|Pigs|0|232,669.920|5|75,000|7,500|0|25|Active In The Last 3 Days|Iron|Lumber|Marble|Fish|Sugar|Spices|Uranium|Aluminum|Water|Wheat|309847|584580|
509327|Pollard|Baby Baby Baby Ohhhh|The Chaos Brotherhood|10364|7/13/2013 4:18:53 PM|Manager|Federal Government|None|Black|10/4/2012 4:27:32 AM|33,223.69|16,999.99|603.054|War Mode|Wheat|Water|0|232,291.019|5|68,160|12,774|50|25|Active In The Last 3 Days|Aluminum|Coal|Iron|Uranium|Oil|Gold|Rubber|Lead|||48000|233501|
229210|Carrona|WoW Addicts Paradise|Mostly Harmless Alliance|14879|10/1/2016 3:50:53 AM|Member|Totalitarian State|None|Blue|5/18/2008 5:03:24 AM|28,803.64|20,035.81|5,915.568|War Mode|Aluminum|Marble|3|232,014.001|1|90,000|0|0|25|Active In The Last 3 Days|Cattle|Pigs|Coal|Oil|Fish|Uranium|Iron|Sugar|Lumber|Water|3094201|5553788|
526716|Ultraman|Nebula M78|Interkosmos|16298|2/17/2020 9:20:31 AM|Manager|Republic|Shinto|Green|4/30/2013 4:55:00 PM|27,500.09|20,000.00|9,000.000|War Mode|Aluminum|Uranium|0|231,885.454|5|191,000|0|0|25|Active In The Last 3 Days|Cattle|Pigs|Coal|Lead|Iron|Lumber|Water|Rubber|Wheat|Oil|497244|726442|
174144|KaiserMelech Mikhail|Marscurian Empire|Orange Defense Network|17435|8/17/2025 9:35:40 PM|Manager|Democracy|Judaism|Orange|10/18/2007 11:32:06 AM|15,895.83|33,614.46|18,447.844|War Mode|Marble|Fish|0|231,404.384|1|140,995|33,376|50|13|Active Last Week|Lumber|Water|Pigs|Iron|Uranium|Wheat|||||497653|1105391|
109763|BaronVonPumpernickle|Hombre de Murcielago|The Last Remnants|10098|1/24/2014 5:06:19 PM|Manager|Democracy|Norse|Maroon|2/19/2007 2:47:00 PM|25,499.93|24,999.86|6,100.000|War Mode|Rubber|Coal|15|230,888.928|5|131,234|0|0|25|Active This Week|Gold|Water|Iron|Aluminum|Lumber|Marble|Uranium|Lead|Wheat|Oil|4057679|6647485|
137427|Sgt Alvin C York|The Republic of York|Viridian Entente|10010|10/5/2008 8:14:52 PM|Member|Democracy|Sikhism|Green|5/18/2007 1:05:51 PM|22,962.24|30,065.98|4,506.051|War Mode|Cattle|Pigs|0|230,675.442|5|99,111|0|0|23|Active In The Last 3 Days|||||||||||4719766|9595400|
447396|Lan Mandragoran|Great Blight|Old Guard|11296|1/24/2019 1:36:33 PM|Member|Monarchy|Mixed|Blue|2/21/2011 6:30:44 PM|36,613.82|9,999.99|6,000.000|Peace Mode|Pigs|Rubber|0|229,819.098|5|30,000|0|0|25|Active In The Last 3 Days|Aluminum|Marble|Coal|Gold|Fish|Uranium|Iron|Lumber|Lead|Oil|25938|630589|
41085|W_A_R|Vijar|The Order of the Black Rose|10045|8/15/2009 4:21:05 PM|Member|Communist|Norse|Black|8/31/2006 2:54:21 AM|34,642.99|12,500.36|1,350.000|War Mode|Oil|Wheat|0|228,598.088|4|35,861|1,160|20|25|Active This Week|Coal|Fish|Gold|Pigs|Iron|Lead|||||675819|1140318|
508144|LtHawkeye|Takashia|New Pacific Order|10000|12/6/2012 8:43:31 PM|Member|Democracy|Buddhism|Red|9/18/2012 11:41:35 PM|30,243.18|20,000.00|3,292.361|Peace Mode|Pigs|Wheat|0|227,938.655|5|58,191|1,877|0|21|Active In The Last 3 Days|Aluminum|Marble|Coal|Uranium|Fish|Cattle|Lead|Oil|Lumber|Iron|2543242|5863753|
36286|Vandal|Shadoon|Argent|10063|7/9/2018 8:41:28 PM|Member|Transitional|Mixed|Pink|8/13/2006 12:49:21 AM|24,000.29|22,999.99|12,338.363|War Mode|Gold|Fish|0|226,973.980|5|95,000|0|0|25|Active In The Last 3 Days|Aluminum|Marble|Lumber|Iron|Oil|Rubber|Wheat|Uranium|||4866593|7475633|
288372|king qaz|my own little workd|The Legion|10020|12/26/2008 10:53:00 AM|Member|Transitional|Confucianism|Purple|12/21/2008 7:56:58 AM|29,163.46|17,999.99|1,900.031|War Mode|Uranium|Pigs|0|226,218.999|1|168,053|17,328|0|25|Active In The Last 3 Days|Aluminum|Lumber|Coal|Gold|Fish|Wheat|Iron|Marble|Lead|Oil|6695626|9007814|
205980|deathbiter|Arrakis2|The Legion|10020|6/25/2010 6:31:57 PM|Manager|Anarchy|Hinduism|Purple|2/18/2008 8:19:17 PM|30,856.52|16,200.97|180.491|War Mode|Uranium|Lead|0|226,103.482|1|159,696|15,701|0|25|Active In The Last 3 Days|Aluminum|Lumber|Coal|Gold|Fish|Wheat|Iron|Marble|Oil|Pigs|8127575|14079531|
348288|saxasm|Eugenia|New Pacific Order|10000|7/3/2014 4:24:55 PM|Member|Communist|Christianity|Red|8/3/2009 4:18:46 AM|28,377.39|20,000.99|688.483|War Mode|Lumber|Iron|0|225,821.885|1|171,790|17,122|0|25|Active In The Last 3 Days|Fish|Cattle|Gems|Silver|Pigs|Wheat|Spices|Sugar|Water|Uranium|2121533|3992199|
95044|Allnighte|Allnighteica|Doom Squad|16454|6/10/2025 8:33:24 PM|Member|Communist|None|Black|1/18/2007 4:39:37 PM|35,907.31|8,499.99|27.243|War Mode|Coal|Gold|0|225,423.101|1|103,706|9,908|0|25|Active In The Last 3 Days|Aluminum|Marble|Cattle|Wheat|Fish|Pigs|Iron|Lumber|Water|Uranium|5428213|12447685|
568130|Bucky Carson|Santa Pecos|Knights Of The Round Table|10092|1/11/2015 7:11:59 PM|Member|Republic|Mixed|Green|1/4/2015 9:18:56 PM|25,600.22|20,000.00|11,000.000|War Mode|Lead|Uranium|0|225,301.113|5|189,000|0|0|25|Active In The Last 3 Days|Aluminum|Rubber|Coal|Iron|Gold|Oil|Lumber|Marble|Water|Wheat|707155|1001722|
586822|Pauls|Pauls nation|The Templar Knights|10012|11/3/2019 2:25:58 PM|Member|Capitalist|Jainism|Maroon|1/22/2016 4:13:57 PM|23,900.19|19,999.99|13,203.475|War Mode|Lumber|Sugar|0|221,971.115|1|100,000|19,000|0|25|Active In The Last 3 Days|Aluminum|Iron|Cattle|Water|Fish|Uranium|Pigs|Spices|Wheat|Marble|673234|2260871|
10578|Frawley|stangerites|New Pacific Order|10000|11/1/2007 4:42:36 PM|Member|Monarchy|None|Red|4/17/2006 5:31:06 PM|31,446.84|14,999.99|134.622|Peace Mode|Lumber|Iron|0|220,288.600|5|38,286|1,709|0|25|Active In The Last 3 Days|Aluminum|Marble|Coal|Uranium|Fish|Cattle|Lead|Oil|Wheat|Pigs|3370229|5092315|
416942|Chris Kaos|The Kingdom of Kaos|Global Alliance And Treaty Organization|10003|12/1/2010 11:43:49 AM|Member|Totalitarian State|None|Brown|7/25/2010 11:19:57 AM|23,950.16|22,000.00|7,000.000|War Mode|Marble|Lead|0|218,999.866|5|173,604|17,360|50|25|Active In The Last 3 Days|Aluminum|Iron|Coal|Lumber|Oil|Rubber|Water|Gold|Wheat|Uranium|1246428|1796428|
199701|Preston|Tetragrammaton|Independent Republic of Orange Nations|10004|1/26/2008 4:25:33 PM|Member|Capitalist|Shinto|Orange|1/23/2008 9:49:47 PM|31,887.17|12,509.34|881.480|War Mode|Lumber|Fish|0|218,259.604|5|81,186|8,099|0|25|Active Last Week|Marble|Uranium|Pigs|Sugar|Spices|Water|Wheat|Cattle|||3689677|5676673|
151268|Zerileous|Monkey Time|Doombrella|17368|5/15/2025 12:25:57 PM|Manager|Communist|Taoism|Black|7/3/2007 10:36:44 PM|30,311.65|12,999.99|6,000.000|Peace Mode|Fish|Pigs|0|218,200.079|5|35,172|12,617|0|25|Active In The Last 3 Days|Aluminum|Marble|Gold|Coal|Iron|Lumber|Oil|Wheat|Uranium|Lead|4103281|7654131|
426872|naruto|COUNTRY OF FIRE|The Grand Lodge Of Freemasons|10029|8/25/2015 11:22:33 AM|Member|Monarchy|Christianity|Orange|10/6/2010 4:31:15 AM|29,097.40|19,999.99|2,700.000|War Mode|Wheat|Cattle|0|218,154.959|5|79,899|0|0|21|Active Last Week|Aluminum|Iron|Lumber|Fish|Marble|Uranium|Pigs|Sugar|Spices|Water|2625741|4971051|
176412|Eva999|WoWscape|Independent Republic of Orange Nations|10004|10/31/2007 6:03:07 PM|Member|Capitalist|Sikhism|Orange|10/26/2007 11:07:11 PM|31,927.69|12,999.99|0.000|War Mode|Oil|Coal|0|217,486.220|5|67,341|6,530|0|25|Active In The Last 3 Days|Lead|Water|Marble|Uranium|Rubber|Wheat|||||1752033|2824909|
147779|The Cheif|cyberclan|We Are Perth Army|10036|6/25/2020 7:04:25 PM|Member|Capitalist|Judaism|White|6/23/2007 3:00:07 PM|29,196.33|14,999.39|7,500.000|War Mode|Wine|Furs|12|216,023.095|1|145,164|0|0|24|Active In The Last 3 Days|Coal|Iron|Fish|Cattle|Marble|Lumber|||||2957066|4475660|
476208|Itzcoliuhqui|Firelands|New Pacific Order|10000|10/7/2011 7:16:35 PM|Member|Capitalist|Voodoo|Red|9/30/2011 11:27:37 AM|26,125.62|19,999.99|513.008|War Mode|Aluminum|Marble|0|215,368.951|1|180,175|17,276|0|25|Active In The Last 3 Days|Coal|Uranium|Fish|Cattle|Iron|Lumber|Lead|Oil|Wheat|Pigs|3655279|5986099|
616876|Lady Hawk|Isle of Mann|New Pacific Order|10000|2/9/2019 1:58:24 PM|Member|Transitional|Judaism|Red|2/9/2019 1:45:16 PM|25,333.83|19,999.99|2,801.493|War Mode|Wheat|Pigs|0|215,195.744|1|189,069|18,390|0|25|Active In The Last 3 Days|Aluminum|Marble|Coal|Uranium|Fish|Cattle|Lumber|Iron|Oil|Lead|3954895|6655316|
502087|Astryl|Ethereal|Doombrella|17368|5/24/2025 8:11:31 AM|Member|Democracy|None|Black|6/29/2012 10:19:01 PM|27,544.68|15,999.99|8,000.000|Peace Mode|Coal|Gold|0|215,098.867|5|92,026|0|0|25|Active In The Last 3 Days|Cattle|Wheat|Fish|Pigs|Lumber|Iron|Uranium|Lead|||229245|466633|
580983|Burtonboarder230|Adult ed|New Pacific Order|10000|8/30/2015 7:37:27 PM|Member|Revolutionary Government|Judaism|Red|8/30/2015 7:31:09 PM|32,037.17|13,999.99|2,900.889|Peace Mode|Oil|Lead|0|214,700.540|5|31,170|0|0|25|Active In The Last 3 Days|Aluminum|Marble|Fish|Cattle|Gems|Silver|Uranium|Coal|Wheat|Pigs|804458|1198572|
531590|Ledon|Ledonia|Knights of the Round Table|10092|7/11/2013 7:18:53 AM|Member|Transitional|Mixed|Green|7/8/2013 6:02:28 AM|24,845.55|20,000.00|4,083.425|War Mode|Fish|Aluminum|0|214,546.646|1|183,189|18,325|0|25|Active In The Last 3 Days|Cattle|Pigs|Iron|Marble|Lumber|Water|Spices|Sugar|Uranium|Wheat|1785908|3927350|
94143|soultaker|myatt|New Pacific Order|10000|11/10/2018 6:25:21 PM|Member|Capitalist|Norse|Red|1/16/2007 7:53:59 PM|27,695.65|20,000.00|0.000|Peace Mode|Aluminum|Marble|0|214,421.813|5|51,869|3,206|0|23|Active In The Last 3 Days|Coal|Uranium|Fish|Cattle|Lead|Oil|Lumber|Iron|Wheat|Pigs|2842758|4681536|
476438|seuwp|SeuwP Land|Argent|10063|1/3/2021 6:38:06 PM|Member|Revolutionary Government|None|Pink|10/2/2011 3:15:21 PM|27,670.25|18,999.99|1,966.997|War Mode|Aluminum|Lead|0|211,541.704|5|55,000|0|0|25|Active In The Last 3 Days|Fish|Marble|Gold|Oil|Iron|Lumber|Rubber|Coal|Uranium|Wheat|925343|1863854|
74569|Keguji Ves Zavrey|The Imperialistz|The Last Remnants|10098|6/20/2011 10:51:31 PM|Member|Federal Government|Voodoo|Black|12/4/2006 7:56:45 AM|20,218.21|24,011.77|10,203.454|War Mode|Uranium|Aluminum|0|208,981.123|1|100,260|13,447|0|25|Active In The Last 3 Days|||||||||||387722|612671|
120237|Ice Princess|Tundra Mountain|The Grand Lodge of Freemasons|10029|12/4/2009 10:54:49 PM|Member|Transitional|Christianity|Orange|3/17/2007 8:09:41 PM|25,299.98|20,893.50|3,298.121|War Mode|Oil|Aluminum|0|207,673.544|5|52,799|0|0|25|Active In The Last 3 Days|Coal|Gold|Lead|Rubber|Lumber|Wheat|Marble|Iron|Uranium|Water|5505570|7218730|
103152|Emperor Ice|Empire of Ice|New Pacific Order|10000|2/3/2007 5:30:37 PM|Manager|Totalitarian State|Christianity|Red|2/3/2007 5:30:37 PM|28,588.24|13,999.99|564.369|War Mode|Lead|Oil|0|207,189.712|1|147,100|13,975|0|25|Active In The Last 3 Days|Aluminum|Marble|Coal|Uranium|Fish|Cattle|Lumber|Iron|Wheat|Pigs|6034035|10747646|
604565|New Reverie|Hollow Land|Random Insanity Alliance|10038|6/5/2017 6:40:42 PM|Manager|Republic|Voodoo|Maroon|6/2/2017 11:02:46 PM|27,205.63|14,999.99|5,200.000|Peace Mode|Wheat|Oil|0|206,145.158|1|60,601|0|0|25|Active In The Last 3 Days|Gold|Water|Iron|Aluminum|Lumber|Marble|Rubber|Coal|Uranium|Lead|6737049|7880484|
106361|ChairmanHal|Haleenstar Republic|Pirates Of The Parrot Order|10059|10/28/2015 9:45:44 PM|Manager|Republic|Judaism|Aqua|2/13/2007 5:46:42 PM|22,300.16|22,999.99|14,030.000|Peace Mode|Lumber|Coal|6|204,891.554|5|75,000|4|1|0|Active In The Last 3 Days|Iron|Marble|Lead|Fish|Oil|Gold|Rubber|Wheat|Uranium|Aluminum|4042095|7649104|
439338|kajkajete|Rheinlander|The Legion|10020|1/19/2018 2:16:02 PM|Member|Communist|Christianity|Purple|1/5/2011 1:14:01 PM|22,882.59|19,873.63|4,046.954|War Mode|Wheat|Fish|0|204,545.273|1|186,255|18,502|0|25|Active In The Last 3 Days|Aluminum|Lumber|Coal|Gold|Marble|Iron|Oil|Lead|Pigs|Uranium|1604041|2342629|
234597|Romulus|Salidar|Viridian Entente|10010|1/3/2017 8:13:50 AM|Member|Capitalist|Mixed|Green|6/5/2008 5:15:58 AM|23,099.95|20,999.26|6,339.357|War Mode|Pigs|Spices|0|204,345.026|5|55,673|0|0|25|Active In The Last 3 Days|Cattle|Sugar|Iron|Lumber|Marble|Aluminum|Uranium|Fish|Water|Wheat|3075860|7224242|
139873|Grand Duke Larue|Duchy of Larue|Green Protection Agency|10041|5/29/2007 4:40:47 PM|Member|Capitalist|Mixed|Green|5/29/2007 4:40:47 PM|22,959.42|19,999.00|9,565.390|War Mode|Uranium|Sugar|0|203,197.187|5|40,000|0|0|25|Active In The Last 3 Days|Cattle|Spices|Iron|Water|Lumber|Marble|Pigs|Fish|Wheat|Aluminum|2148726|3001180|
440286|UNSC Halo|rocky mountain range|Argent|10063|4/26/2012 5:57:01 PM|Member|Totalitarian State|None|Pink|1/12/2011 7:42:40 PM|22,603.75|19,999.99|7,647.925|War Mode|Aluminum|Fish|0|203,165.613|5|75,000|0|0|25|Active In The Last 3 Days|Coal|Marble|Lead|Gold|Oil|Rubber|Uranium|Iron|Wheat|Lumber|719118|1304518|
202566|Emperor Jason|Felucia|Argent|10063|7/9/2022 8:02:53 PM|Member|Revolutionary Government|Christianity|Pink|2/3/2008 10:43:39 AM|25,100.27|20,000.00|2,154.073|War Mode|Coal|Gold|0|202,592.447|5|86,000|0|0|25|Active In The Last 3 Days|Aluminum|Marble|Fish|Wheat|Lead|Uranium|Lumber|Iron|Oil|Pigs|7428883|12033241|
184514|Franz Ferdinand|L252beck|Doombrella|17368|3/23/2025 3:43:54 PM|Manager|Totalitarian State|Christianity|Black|11/25/2007 9:40:05 AM|26,680.33|14,999.99|1,300.107|War Mode|Uranium|Lead|0|202,582.840|1|153,253|15,305|0|25|Active In The Last 3 Days|Aluminum|Marble|Coal|Gold|Iron|Lumber|Oil|Wheat|Pigs|Fish|3087256|5029856|
136214|Griffon|Asgard|Independent Republic of Orange Nations|10004|5/15/2007 11:03:58 AM|Member|Capitalist|Norse|Orange|5/15/2007 11:03:58 AM|23,566.78|19,999.99|3,999.999|War Mode|Oil|Uranium|0|202,367.211|5|65,918|0|0|25|Active In The Last 3 Days|Aluminum|Coal|Gold|Lead|Iron|Lumber|Marble|Wheat|Rubber|Water|1898202|2828734|
413669|trimm|trimmania|Argent|10063|10/5/2012 10:52:23 PM|Manager|Communist|Christianity|Pink|7/3/2010 2:08:27 PM|26,999.56|15,999.64|1,000.000|War Mode|Gold|Oil|0|201,967.522|5|41,290|0|0|25|Active In The Last 3 Days|Fish|Wheat|Iron|Aluminum|Lead|Uranium|Marble|Lumber|Rubber|Coal|1437796|1586573|
509784|Lord Emperor Clot|Clotvania|Christian Coalition Of Countries|10028|2/6/2021 9:51:14 AM|Member|Totalitarian State|Christianity|Maroon|10/9/2012 11:14:18 PM|18,700.53|23,800.59|10,377.722|War Mode|Uranium|Fish|0|201,336.713|1|145,035|2,000|0|25|Active In The Last 3 Days|Aluminum|Marble|Coal|Gold|Iron|Lumber|Pigs|Rubber|Water|Wheat|2256037|5446672|
521698|land of hops|Parisi|The Legion|10020|2/25/2023 12:47:42 PM|Member|Capitalist|Christianity|Purple|2/28/2013 6:25:39 PM|19,248.54|28,717.53|7,276.990|Peace Mode|Iron|Marble|0|201,028.582|5|73,390|0|0|25|Active In The Last 3 Days|Aluminum|Lumber|Coal|Gold|Fish|Wheat|Lead|Uranium|Oil|Pigs|770738|1186038|
581758|Tiberius|Nuke Town|New Pacific Order|10000|9/9/2017 8:27:22 PM|Member|Communist|Voodoo|Red|9/16/2015 5:33:15 PM|21,943.13|20,000.01|4,349.514|War Mode|Fish|Cattle|0|200,696.225|1|183,084|18,158|0|25|Active In The Last 3 Days|Aluminum|Marble|Coal|Uranium|Lead|Oil|Lumber|Iron|Pigs|Wheat|6477822|10606909|
243601|Gandroff|Galered|New Pacific Order|10000|7/14/2008 3:26:34 PM|Member|Democracy|Mixed|Red|7/6/2008 2:09:10 PM|23,775.19|20,000.01|2,601.990|Peace Mode|Aluminum|Marble|0|200,533.961|5|43,500|0|0|25|Active In The Last 3 Days|Coal|Uranium|Fish|Cattle|Lead|Oil|Lumber|Iron|Pigs|Wheat|3537627|7774886|
471818|karanot|Slovakia|World Task Force|10053|2/28/2018 12:10:43 PM|Member|Capitalist|None|Aqua|8/20/2011 11:47:56 PM|17,831.76|27,145.01|3,604.130|War Mode|Oil|Lead|0|200,267.723|5|101,954|18,168|50|25|Active In The Last 3 Days|Coal|Gold|Iron|Lumber|Uranium|Fish|Wheat|Uranium|||138128|1807105|
423414|Nashorn|Nashornstan|MONGOLS|14492|3/8/2016 5:03:29 PM|Manager|Capitalist|Mixed|Maroon|9/11/2010 5:06:02 PM|13,145.64|30,999.00|10,105.141|War Mode|Gold|Pigs|0|198,956.263|5|310,918|0|0|25|Active In The Last 3 Days|Aluminum|Iron|Fish|Uranium|Lumber|Coal|Marble|Lead|Wheat|Oil|19575342|36274211|
178265|Xoirun|Lost Hill Bunkers|Mushroom Kingdom|17088|7/8/2023 1:45:49 AM|Manager|Democracy|Mixed|Maroon|11/3/2007 12:02:53 AM|17,000.33|30,000.10|2,215.718|War Mode|Iron|Lumber|0|198,871.627|5|92,626|2,943|0|25|Active In The Last 3 Days|Aluminum|Marble|Fish|Uranium|Pigs|Cattle|Sugar|Spices|Water|Wheat|2173996|4533330|
286018|dorsaiwolf|Dargole|Pirates Of The Parrot Order|10059|1/10/2016 2:26:02 PM|Member|Transitional|Norse|Aqua|12/9/2008 8:00:22 PM|9,000.12|36,999.99|12,700.012|War Mode|Iron|Marble|0|197,952.630|5|146,853|0|0|25|Active Last Week|Lead|Fish|Lumber|Coal|Oil|Gold|Rubber|Wheat|Uranium|Aluminum|6012974|10963113|
598742|King Hayden|Kingdom of Frelia|The Legion|10020|12/13/2016 9:30:06 AM|Member|Capitalist|Judaism|Purple|11/29/2016 5:11:14 PM|22,004.12|20,001.00|4,003.911|Peace Mode|Gold|Coal|0|197,794.436|5|130,000|21,000|0|20|Active In The Last 3 Days|Aluminum|Lumber|Fish|Wheat|Iron|Marble|Oil|Pigs|Uranium|Lead|231203|611212|
2703|Wilcroft|Ironska|Alpha Omega|10031|10/13/2007 12:57:50 PM|Manager|Revolutionary Government|Buddhism|Black|2/21/2006 4:45:47 PM|26,189.39|14,964.13|1,225.217|War Mode|Coal|Gold|0|197,781.657|5|103,985|9,599|0|25|Active In The Last 3 Days|Iron|Lumber|Lead|Oil|Marble|Fish|Uranium|Rubber|Wheat|Aluminum|2337055|5967982|
615966|tehol|Lether|Doom Squad|16454|11/28/2023 9:35:47 PM|Member|Totalitarian State|Mixed|Black|12/10/2018 8:06:09 PM|25,461.61|12,672.44|6,640.034|War Mode|Gold|Coal|0|197,191.216|1|195,539|0|0|25|Active In The Last 3 Days|Aluminum|Marble|Fish|Pigs|Iron|Lumber|Lead|Uranium|Oil|Rubber|6331047|8364950|
212835|Minuq|Butan|New Pacific Order|10000|3/26/2008 7:31:34 AM|Member|Transitional|None|Red|3/16/2008 4:39:49 AM|24,999.90|19,999.99|0.000|Peace Mode|Oil|Lead|0|197,114.573|5|45,010|366|0|25|Active In The Last 3 Days|Aluminum|Marble|Coal|Uranium|Fish|Cattle|Lumber|Iron|Wheat|Pigs|2202151|4111536|
219343|TDEVIL|KINDOM OF HADES|Viridian Entente|10010|9/21/2008 2:11:56 AM|Member|Totalitarian State|Mixed|Green|4/11/2008 2:04:44 PM|21,411.61|22,099.00|12,000.000|War Mode|Gold|Pigs|0|196,886.797|5|34,588|0|0|22|Active In The Last 3 Days|Coal|Cattle|Furs|Wine|Gems|Fish|Uranium|Silver|Wheat|Sugar|5563311|8177826|
532788|end666|A New India|New Pacific Order|10000|12/11/2013 11:53:25 PM|Member|Transitional|Mixed|Red|7/26/2013 7:05:37 AM|23,267.90|17,100.09|2,776.058|War Mode|Wheat|Pigs|0|195,320.490|1|161,662|15,342|0|25|Active In The Last 3 Days|Aluminum|Marble|Coal|Uranium|Fish|Cattle|Iron|Lumber|Lead|Oil|1674493|3572781|
55225|JACKLYDS|LYDIASLAND|We Are Perth Army|10036|10/23/2006 11:24:01 AM|Manager|Monarchy|Christianity|White|10/23/2006 11:24:01 AM|21,800.32|15,999.26|11,959.240|War Mode|Coal|Iron|0|194,752.996|5|72,298|9,269|0|25|Active In The Last 3 Days|Cattle|Sugar|Marble|Lumber|Spices|Pigs|Uranium|Aluminum|Wine|Furs|3533177|5547491|
159192|Matt Bowen|Bowenland|Knights Of The Round Table|10092|8/11/2014 8:16:13 AM|Member|Revolutionary Government|Norse|Green|8/3/2007 12:01:20 PM|17,199.76|20,031.70|20,233.465|War Mode|Water|Cattle|0|194,747.521|1|54,420|0|0|25|Active In The Last 3 Days|Aluminum|Marble|Lumber|Iron|Pigs|Uranium|Sugar|Spices|Wheat|Fish|1590570|2458758|
49620|Blue2000|United Australia|Coalition of Royal Allied Powers|10051|1/5/2011 10:43:56 AM|Member|Capitalist|Shinto|Maroon|10/1/2006 7:06:27 PM|20,009.00|20,009.41|8,875.842|War Mode|Iron|Lead|0|194,599.640|5|113,462|8,642|0|25|Active In The Last 3 Days|Aluminum|Oil|Gold|Uranium|Lumber|Water|Marble|Coal|Rubber|Wheat|2450620|3981254|
623822|Comrade Marx|GreaterGoonSyndicate|Doombrella|17368|6/8/2025 6:33:26 PM|Member|Capitalist|Mixed|Black|7/8/2020 1:39:54 PM|18,200.11|19,999.99|10,700.000|Peace Mode|Iron|Lumber|0|193,675.437|5|246,436|24,156|0|25|Active In The Last 3 Days|Aluminum|Marble|Fish|Pigs|Sugar|Spices|Uranium|Water|Wheat|Cattle|1838558|4149540|
206325|Supreme 142|Black Sun|Viridian Entente|10010|6/14/2010 9:36:05 AM|Manager|Capitalist|None|Green|2/19/2008 1:29:51 PM|28,488.35|11,412.30|0.000|War Mode|Gems|Wine|0|193,663.797|5|36,308|3,570|0|25|Active In The Last 3 Days|Cattle|Pigs|Gold|Silver|Lumber|Iron|Uranium|Fish|||2844301|7319569|
111283|K L Emall|North Unstunstia|New Pacific Order|10000|2/22/2007 5:27:19 PM|Member|Revolutionary Government|Confucianism|Red|2/22/2007 5:27:19 PM|26,878.54|14,999.99|0.000|Peace Mode|Coal|Uranium|0|193,509.013|5|44,846|1,172|0|25|Active In The Last 3 Days|Aluminum|Marble|Fish|Cattle|Lead|Oil|Lumber|Iron|Pigs|Wheat|7832860|10960143|
70316|Myworld|Stealth Kingdom|The Dark Templar|10056|8/16/2008 1:01:22 AM|Member|Totalitarian State|Christianity|Black|11/27/2006 1:41:14 PM|17,955.05|22,900.37|9,169.635|Peace Mode|Wheat|Marble|0|191,699.622|5|95,191|0|0|25|Active In The Last 3 Days|Iron|Lumber|Lead|Uranium|Marble|Aluminum|Oil|Rubber|Uranium|Lead|3189030|6110480|
485586|veracity|drunkenville|FAFO|17457|9/19/2025 11:15:07 PM|Manager|Anarchy|Judaism|Purple|12/30/2011 7:41:37 AM|19,341.28|19,874.17|9,100.334|War Mode|Pigs|Uranium|4|191,542.358|1|160,028|15,237|0|25|Active In The Last 3 Days|Lumber|Aluminum|||||||||891239|2839302|
543144|Jack123|Afghanistan123|Green Protection Agency|10041|12/24/2013 12:22:45 AM|Member|Revolutionary Government|Islam|Green|12/24/2013 12:16:07 AM|16,634.96|23,999.99|7,100.390|War Mode|Iron|Water|0|191,384.322|5|174,197|21,500|0|25|Active Three Weeks Ago|Cattle|Spices|Lumber|Marble|Pigs|Fish|Uranium|Sugar|Wheat|Aluminum|2225777|2848756|
493791|azntrigboi|Symmetry|NATO|10037|3/28/2012 2:08:45 PM|Member|Monarchy|Mixed|Blue|3/22/2012 12:55:00 PM|15,405.80|26,999.99|12,696.419|War Mode|Lead|Oil|0|191,209.252|5|38,281|0|0|25|Active In The Last 3 Days|Coal|Gold|Fish|Uranium|Iron|Lumber|Marble|Aluminum|Pigs|Cattle|4696006|6656272|
226680|mcp13|Athenenoctua|Green Protection Agency|10041|4/20/2015 4:34:03 PM|Member|Republic|Mixed|Green|5/8/2008 1:12:22 AM|11,099.99|29,999.99|15,453.566|War Mode|Cattle|Uranium|4|190,836.530|5|108,402|6,916|50|25|Active In The Last 3 Days|Aluminum|Sugar|Fish|Wheat|Iron|Lead|Lumber|Water|Spices|Pigs|1611319|2653261|
426984|Tegatus|Elysian Island|Independent Republic of Orange Nations|10004|10/17/2010 4:56:49 PM|Member|Capitalist|Christianity|Orange|10/6/2010 8:37:39 PM|22,310.08|18,999.99|2,000.000|War Mode|Lumber|Water|0|190,270.393|1|100,000|0|0|25|Active In The Last 3 Days|Aluminum|Cattle|Fish|Uranium|Iron|Pigs|Sugar|Spices|Wheat|Marble|1998751|3089329|
510634|Ollie Williams|Kolob|Shangri La|13799|6/16/2015 12:47:42 PM|Member|Capitalist|Voodoo|White|10/21/2012 1:10:46 PM|26,560.31|15,999.15|4,771.863|War Mode|Spices|Sugar|4|189,976.331|5|50,977|0|0|10|Active In The Last 3 Days|Aluminum|Marble|Cattle|Pigs|Fish|Water|Iron|Lumber|Uranium|Wheat|857323|1066858|
8839|Cripple|Neriadland|The Last Remnants|10098|6/24/2011 5:30:01 AM|Member|Democracy|Christianity|Maroon|4/8/2006 11:57:15 AM|20,900.28|21,000.00|1,310.000|War Mode|Pigs|Wheat|0|189,482.356|5|102,761|10,276|2|25|Active Last Week|Fish|Cattle|Iron|Lumber|Rubber|Lumber|Uranium|Gold|||2696310|4275172|
83962|Victor_Delta|VaultTec|Federation of Armed Nations|10021|12/23/2006 5:15:17 PM|Member|Monarchy|Shinto|Yellow|12/23/2006 5:15:17 PM|19,218.82|20,999.99|10,980.828|Peace Mode|Iron|Oil|6|188,960.700|5|53,521|0|0|25|Active This Week|Cattle|Fish|Marble|Wheat|Pigs|Coal|Rubber|Aluminum|Uranium|Lumber|355897|674856|
85973|King David the Loyal|Malkavias|The Order Of The Black Rose|10045|11/13/2017 5:35:38 PM|Member|Capitalist|Mixed|Black|12/30/2006 3:16:03 AM|21,622.01|19,999.99|8,810.000|War Mode|Oil|Wheat|0|188,675.058|5|55,001|0|0|25|Active In The Last 3 Days|Aluminum|Uranium|Coal|Uranium|Gold|Pigs|Iron|Lead|Rubber|Lumber|1557568|3723209|
560123|entwood|Entville|Orange Defense Network|17435|8/18/2025 8:01:54 AM|Member|Transitional|Mixed|Orange|8/23/2014 8:44:02 PM|20,000.16|20,000.00|13,981.054|War Mode|Uranium|Wheat|0|188,403.604|5|59,062|0|0|25|Active In The Last 3 Days|Aluminum|Fish|Iron|Marble|Lumber|Water|Pigs|Cattle|Spices|Sugar|1627020|2206113|
24905|Arminius|Festung Germania|Old Guard|11296|11/26/2013 7:19:06 AM|Manager|Communist|Christianity|Blue|7/6/2006 8:07:11 PM|25,866.31|11,999.99|7,364.000|War Mode|Lead|Oil|56|188,353.504|1|36,800|0|0|24|Active In The Last 3 Days|Aluminum|Marble|Gold|Coal|Iron|Lumber|Pigs|Rubber|Uranium|Fish|3014070|5690437|
634169|Cadlore|OId Lore|CLAWS|15841|6/25/2022 7:38:39 PM|Manager|Anarchy|Buddhism|Black|6/23/2022 11:30:40 PM|19,335.37|18,657.20|7,404.642|War Mode|Uranium|Lead|0|188,349.348|1|198,485|19,596|0|25|Active In The Last 3 Days|Aluminum|Marble|Gold|Coal|Iron|Lumber|Rubber|Oil|Wheat|Fish|3942565|8668381|
94305|Brettward|Truckerland|Nordreich|11319|12/12/2013 9:05:46 AM|Member|Monarchy|Christianity|Maroon|1/17/2007 6:08:14 AM|19,205.75|20,100.00|7,479.866|Peace Mode|Uranium|Lead|0|188,312.546|5|60,000|11,745|0|25|Active In The Last 3 Days|Gold|Water|Iron|Aluminum|Lumber|Marble|Rubber|Coal|Wheat|Oil|2239873|5392550|
260272|Septimoose|SEptiville|The Last Remnants|10098|5/16/2015 12:00:25 PM|Member|Capitalist|Christianity|Maroon|9/2/2008 7:39:20 AM|12,999.78|29,999.99|17,025.329|War Mode|Rubber|Lumber|0|188,266.854|5|74,000|0|0|25|Active In The Last 3 Days|Oil|Wheat|Pigs|Wheat|Uranium|Aluminum|Uranium|Coal|||954292|2580625|
468521|Riptide|HangTen|Independent Republic Of Orange Nations|10004|7/23/2011 12:51:01 PM|Member|Capitalist|Buddhism|Orange|7/23/2011 12:29:22 PM|31,708.54|4,999.99|2,289.883|War Mode|Fish|Wheat|0|186,987.508|5|18,000|0|0|23|Active Three Weeks Ago|Aluminum|Lumber|Cattle|Water|Iron|Marble|Pigs|Uranium|Spices|Sugar|2423109|4300191|
20295|shadehiker|Lippoe|The Legion|10020|6/8/2006 1:44:00 PM|Member|Capitalist|Norse|Purple|6/8/2006 1:44:00 PM|22,000.07|15,999.78|6,800.000|Peace Mode|Silver|Gems|0|186,645.669|5|123,049|0|0|25|Active More Than Three Weeks Ago|||||||||||691130|2234038|
101523|icheliebebrad|B 2the AnK|The Dark Templar|10056|10/27/2018 11:12:03 PM|Member|Anarchy|Norse|Black|1/31/2007 2:35:30 PM|24,423.21|13,739.10|2,281.531|War Mode|Aluminum|Marble|97|186,526.532|1|147,733|2,584|0|25|Active In The Last 3 Days|Coal|Gold|Fish|Pigs|Iron|Lumber|Water|Uranium|Wheat|Cattle|5751515|8022723|
7808|Shaheed571|Arabian Peninsula|Independent Republic Of Orange Nations|10004|1/16/2012 5:39:57 PM|Member|Totalitarian State|Islam|Orange|4/3/2006 11:58:20 PM|12,800.02|25,000.00|12,715.855|War Mode|Iron|Water|0|185,358.895|5|200,000|25,000|50|25|Active In The Last 3 Days|Aluminum|Sugar|Fish|Cattle|Lumber|Pigs|Marble|Spices|Uranium|Wheat|1871662|2991635|
247134|ShadowChaos|ShadowChaos|COBRA|13717|7/7/2024 11:35:20 PM|Manager|Capitalist|Shinto|Maroon|7/19/2008 6:28:59 AM|15,781.33|20,967.10|12,000.000|War Mode|Coal|Gold|0|184,967.253|1|199,855|19,836|0|25|Active In The Last 3 Days|Aluminum|Marble|Lead|Uranium|Lumber|Iron|Pigs|Fish|Wheat|Oil|1454621|4058135|
209539|carvell|PeaceLand|Coalition of Royal Allied Powers|10051|9/25/2011 4:32:43 AM|Member|Transitional|Mixed|Maroon|3/2/2008 12:37:39 PM|12,109.68|28,999.99|9,498.451|War Mode|Aluminum|Oil|0|182,486.049|3|190,000|20,000|0|14|Active In The Last 3 Days|Gold|Uranium|Iron|Lead|Lumber|Water|Marble|Coal|Rubber|Wheat|1249027|3909307|
66883|Crown Prince Mishka|Tygaland|Doombrella|17368|5/10/2025 7:43:03 PM|Member|Communist|Norse|Black|11/24/2006 5:54:44 PM|20,952.78|16,999.99|1,948.273|Peace Mode|Oil|Wheat|0|182,318.111|1|177,401|17,244|0|25|Active In The Last 3 Days|Aluminum|Marble|Coal|Gold|Iron|Lumber|Pigs|Fish|Uranium|Lead|4153325|9598276|
149201|SynthFG|Fortress|The Gramlins|17440|8/22/2025 3:18:59 AM|Member|Communist|Norse|Black|6/27/2007 12:58:40 PM|14,609.00|23,999.99|6,566.747|War Mode|Lumber|Wheat|0|181,547.320|1|224,351|22,901|2|25|Active In The Last 3 Days|Cattle|Sugar|Oil|Wine|Pigs|Fish|||||2442162|3359716|
557585|Maboroshi|Motavia|LoSS|15565|8/2/2020 2:35:49 PM|Manager|Republic|None|Black|7/14/2014 2:47:33 PM|12,003.88|31,368.68|5,587.559|War Mode|Iron|Lumber|0|181,378.204|1|198,081|25,974|50|0|Active In The Last 3 Days|Aluminum|Marble|Fish|Wheat|Gold|Coal|Lead|Uranium|Oil|Rubber|92413|232649|
205888|Denis McGrath|Ragedom|Argent|10063|7/8/2018 12:33:41 PM|Member|Republic|None|Pink|2/18/2008 2:12:47 PM|22,200.97|16,999.99|771.485|War Mode|Wheat|Uranium|0|181,336.745|5|82,985|0|0|25|Active This Week|Aluminum|Marble|Coal|Lead|Gold|Fish|Lumber|Iron|Oil|Rubber|3341781|5315949|
175157|Evey Jane|Evey Jane|The Dark Templar|10056|8/8/2011 8:18:46 PM|Member|Republic|Voodoo|Black|10/22/2007 11:59:57 AM|19,579.49|20,000.00|5,113.460|Peace Mode|Oil|Rubber|0|180,606.852|5|144,961|0|0|25|Active In The Last 3 Days|Coal|Gold|Iron|Lumber|Marble|Aluminum|Uranium|Lead|Wheat|Fish|676278|1075295|
557199|Adama44|Capricaa|WWF|14310|12/21/2015 8:04:40 AM|Member|Republic|Mixed|Green|7/8/2014 2:37:50 PM|20,110.07|19,999.99|6,144.205|War Mode|Gold|Lumber|0|180,245.916|5|132,714|0|0|25|Active In The Last 3 Days|||||||||||1105146|2051877|
379651|reghar73|Zeman|The Dark Templar|10056|8/25/2023 12:59:47 PM|Member|Anarchy|Norse|Black|1/13/2010 8:36:56 AM|19,179.42|17,369.74|6,232.379|War Mode|Coal|Uranium|0|180,197.214|1|180,761|17,563|0|25|Active In The Last 3 Days|Aluminum|Marble|Fish|Wheat|Gold|Lead|Iron|Lumber|Rubber|Oil|2020955|3733602|
576166|Xipz0r|Barafranca|New Pacific Order|10000|5/22/2015 6:45:26 AM|Member|Communist|Voodoo|Red|5/22/2015 5:19:04 AM|24,652.33|13,999.99|989.842|War Mode|Uranium|Coal|0|179,032.643|5|41,572|8,024|0|25|Active In The Last 3 Days|Aluminum|Marble|Fish|Cattle|Lead|Oil|Lumber|Iron|Wheat|Pigs|1432644|2404250|
431565|Dark Zone Elite|Dark Zone Elite|New Polar Order|10006|7/30/2014 12:40:46 AM|Member|Monarchy|None|Blue|11/9/2010 9:10:13 PM|18,699.56|19,999.99|2,500.000|Peace Mode|Coal|Gold|0|177,900.816|5|46,662|16,024|0|25|Active In The Last 3 Days|Iron|Lumber|Marble|Aluminum|Pigs|Rubber|Uranium|Fish|Water|Wheat|3688644|9280177|
33724|Lord Edward Norfolk|Freedom State|The Order of the Black Rose|10045|12/12/2007 1:56:33 AM|Member|Capitalist|Christianity|Black|8/4/2006 4:14:49 PM|10,807.21|25,209.94|19,420.513|War Mode|Pigs|Gold|0|177,783.429|5|69,090|0|25|25|Active This Week|Aluminum|Uranium|Coal|Fish|Lumber|Marble|Oil|Wheat|Rubber|Iron|72239|156997|
391476|mickgreat|Namayan|The Dark Templar|10056|10/17/2013 2:59:52 AM|Member|Transitional|Confucianism|Black|3/9/2010 5:51:21 AM|23,997.30|14,999.99|0.062|Peace Mode|Fish|Wheat|0|177,216.853|5|42,515|0|0|25|Active In The Last 3 Days|Aluminum|Marble|Gold|Coal|Lumber|Iron|Rubber|Oil|Uranium|Lead|5151023|7641123|
440257|lonabis|flying dutchmen|NATO|10037|8/4/2012 9:16:55 PM|Manager|Totalitarian State|Christianity|Blue|1/12/2011 4:02:56 PM|17,900.21|18,999.99|7,950.003|War Mode|Coal|Gold|0|176,647.424|5|59,201|862|0|25|Active In The Last 3 Days|Aluminum|Marble|Fish|Uranium|Iron|Lumber|Oil|Lead|Pigs|Rubber|3818293|7960897|
553210|tenbob|Mayoabu|New Polar Order|10006|10/21/2014 5:43:14 AM|Manager|Monarchy|None|Blue|5/14/2014 2:28:55 PM|19,204.19|20,000.99|1,500.000|Peace Mode|Coal|Gold|40|176,611.371|5|56,122|0|0|25|Active In The Last 3 Days|Aluminum|Marble|Iron|Lumber|Lead|Oil|Pigs|Rubber|Uranium|Fish|4360160|7665646|
600178|tejuguasu|tejuguasu|New Pacific Order|10000|1/17/2017 5:19:47 PM|Member|Transitional|Taoism|Red|1/15/2017 7:00:56 AM|16,975.98|21,815.08|3,196.596|War Mode|Coal|Uranium|0|176,349.480|1|193,722|0|0|25|Active In The Last 3 Days|Aluminum|Marble|Fish|Cattle|Iron|Lumber|Oil|Lead|Wheat|Pigs|3442241|5628588|
86507|Dev3000|Devland|The Legion|10020|10/23/2023 1:02:34 AM|Member|Totalitarian State|Buddhism|Purple|1/1/2007 1:11:11 AM|17,000.82|24,599.99|3,619.782|War Mode|Oil|Pigs|0|175,852.245|5|80,424|0|0|25|Active In The Last 3 Days|Aluminum|Lumber|Coal|Gold|Fish|Wheat|Iron|Marble|Uranium|Lead|533354|1370240|
144192|Sagha|Nickelattia|Non Grata|10097|3/31/2025 7:04:42 PM|Member|Communist|Christianity|Maroon|6/10/2007 2:32:16 PM|16,460.22|17,945.95|10,060.466|War Mode|Lead|Uranium|0|175,260.633|1|169,600|17,020|50|25|Active In The Last 3 Days|Coal|Gold|Iron|Lumber|Marble|Aluminum|Pigs|Fish|Wheat|Oil|2424846|5352566|
383235|rr324e|dunkur|The Last Remnants|10098|6/20/2011 5:27:23 AM|Member|Transitional|Christianity|Maroon|1/30/2010 1:48:26 AM|14,499.18|20,999.00|10,696.723|War Mode|Uranium|Aluminum|0|175,021.106|5|150,835|16,007|50|25|Active Three Weeks Ago|Cattle|Marble|Coal|Lead|Rubber|Lumber|Spices|Sugar|Water|Wheat|610861|1656951|
527097|Galerion|blighty|Freehold of The Wolves|15157|2/4/2019 1:22:19 PM|Member|Communist|None|White|5/5/2013 11:48:17 AM|25,006.81|11,188.05|399.541|War Mode|Iron|Lumber|28|174,970.796|1|3,416|0|0|25|Active In The Last 3 Days|Cattle|Pigs|Fish|Uranium|Marble|Aluminum|Spices|Sugar|Water|Wheat|3326446|9026778|
226532|Foxtrot Oscar|Happy Release|Fark|10002|5/7/2008 2:52:08 PM|Member|Democracy|None|Aqua|5/7/2008 2:32:15 PM|21,199.88|19,999.99|672.003|War Mode|Marble|Fish|0|174,845.372|5|54,400|0|50|25|Active This Week|Iron|Wheat|Lumber|Cattle|Pigs|Spices|Uranium|Aluminum|Water|Sugar|347824|1525711|
513358|SeasonsOfLove|Krzyzewskiville|New Pacific Order|10000|12/11/2012 8:30:27 AM|Manager|Totalitarian State|Voodoo|Red|11/25/2012 11:31:07 AM|19,762.90|13,969.08|8,953.147|War Mode|Lumber|Iron|0|174,463.075|1|131,177|13,095|0|25|Active In The Last 3 Days|Aluminum|Marble|Coal|Gold|Fish|Cattle|Lead|Oil|Wheat|Pigs|616904|645371|
334014|Cerberus|Western Block|Knights Of The Round Table|10092|7/29/2025 4:50:50 PM|Member|Monarchy|None|White|6/8/2009 1:42:08 PM|9,250.90|29,500.27|7,765.362|War Mode|Marble|Aluminum|10|174,198.325|5|200,000|23,700|50|25|Active In The Last 3 Days|Cattle|Water|Iron|Uranium|||||||1584455|3015367|
260612|Qazzian|Qaziakstan|New Pacific Order|10000|9/19/2008 12:18:48 PM|Member|Communist|None|Red|9/3/2008 10:56:36 AM|21,913.37|13,874.22|665.633|War Mode|Lead|Oil|0|172,934.480|1|121,959|11,789|0|25|Active In The Last 3 Days|Aluminum|Marble|Coal|Uranium|Fish|Cattle|Iron|Lumber|Wheat|Pigs|4437855|6586923|
589715|nostalgia|Outer Spira|Orange Defense Network|17435|8/16/2025 11:55:56 AM|Member|Revolutionary Government|Shinto|Orange|4/5/2016 3:17:16 PM|21,500.69|15,000.00|4,800.000|War Mode|Lumber|Water|0|171,853.436|5|56,000|0|0|25|Active Last Week|Furs|Cattle|Marble|Fish|Pigs|Iron|Spices|Sugar|Uranium|Wheat|289227|842888|
97759|Audustum|Valitur|The Order Of The Black Rose|10045|11/17/2017 8:13:40 PM|Member|Communist|Mixed|Black|1/23/2007 8:44:19 PM|17,200.33|15,250.00|12,100.000|War Mode|Aluminum|Uranium|0|171,604.266|1|137,281|12,960|0|25|Active Three Weeks Ago|Cattle|Coal|Oil|Wheat|||||||461948|821863|
561818|Solda de Muerte|Solda de Muerte|Knights Of The Round Table|10092|11/18/2020 11:04:20 PM|Member|Capitalist|Norse|Green|9/21/2014 11:31:35 PM|15,000.04|20,999.99|9,578.823|Peace Mode|Cattle|Pigs|0|171,583.398|5|75,000|0|50|25|Active This Week|Fish|Aluminum|Iron|Marble|Lumber|Water|Spices|Sugar|Uranium|Wheat|92379|151682|
342957|tayloj7|Rabbitopia|Doombrella|17368|2/21/2025 2:16:41 PM|Member|Communist|None|Black|7/14/2009 3:50:47 PM|22,696.90|11,999.99|500.000|Peace Mode|Aluminum|Marble|0|171,361.891|1|139,232|13,689|0|25|Active In The Last 3 Days|Fish|Pigs|Gold|Coal|Iron|Lumber|Oil|Wheat|Uranium|Lead|4337111|7476673|
599322|huffpuff1337|NeoUlm|The Prussian Empire|14204|7/20/2017 1:19:43 AM|Member|Revolutionary Government|Christianity|Green|12/15/2016 4:20:32 PM|16,500.49|20,000.00|2,763.628|War Mode|Wheat|Water|0|171,004.687|5|154,000|18,009|50|25|Active In The Last 3 Days|Aluminum|Oil|Iron|Marble|Lead|Uranium|Lumber|Gold|Rubber|Coal|17288|1068722|
314219|Captain Stage|Maritime|Global Alliance And Treaty Organization|10003|5/17/2025 7:55:15 AM|Member|Totalitarian State|Christianity|Brown|3/23/2009 10:14:33 PM|16,101.51|20,000.00|11,481.705|War Mode|Water|Uranium|0|170,670.110|5|100,000|0|0|25|Active In The Last 3 Days|Iron|Fish|Lumber|Sugar|Marble|Aluminum|Pigs|Cattle|Spices|Wheat|150553|2251924|
301989|killer04|Iwait|The Legion|10020|12/8/2017 11:51:50 PM|Member|Monarchy|Islam|Purple|2/12/2009 9:53:22 AM|21,795.15|14,000.00|2,000.000|Peace Mode|Aluminum|Lumber|31|170,641.897|5|37,557|0|0|25|Active This Week|Coal|Gold|Fish|Wheat|Iron|Marble|Oil|Pigs|Uranium|Sugar|2759051|5311693|
126881|Lord Razzia|Razzian Dominion|The Dark Templar|10056|11/22/2012 8:56:14 PM|Member|Anarchy|Mixed|Black|4/22/2007 5:33:03 PM|18,346.72|18,935.87|1,184.177|War Mode|Lumber|Gems|0|170,062.088|1|191,620|18,824|0|25|Active In The Last 3 Days|Cattle|Wheat|Fish|Pigs|Lead|Gold|Spices|Sugar|Uranium|Water|2846410|5220825|
150739|Warlocke|Arcland|Viridian Entente|10010|10/7/2008 12:01:57 AM|Member|Democracy|Christianity|Green|7/2/2007 12:52:52 AM|23,301.20|13,899.62|241.660|War Mode|Uranium|Fish|0|169,789.545|5|45,109|0|0|25|Active Last Week|Cattle|Pigs|Gems|Wine|Gold|Silver|||||756852|2414804|
241138|IceFlyer|Eleytheria|New Polar Order|10006|7/9/2018 6:24:22 AM|Member|Republic|Christianity|Blue|6/27/2008 7:03:20 AM|12,000.45|22,999.99|10,652.097|Peace Mode|Aluminum|Marble|0|169,543.976|5|150,000|20,993|0|25|Active In The Last 3 Days|Fish|Uranium|Gold|Coal|Iron|Lumber|Pigs|Rubber|Water|Wheat|4962840|10724563|
461940|Pacret|Midland|Green Protection Agency|10041|5/30/2011 10:55:53 AM|Member|Totalitarian State|Mixed|Green|5/29/2011 9:08:40 AM|23,899.42|12,199.99|4,235.037|Peace Mode|Fish|Aluminum|0|169,329.632|5|0|0|0|3|Active In The Last 3 Days|Cattle|Pigs|Lumber|Water|Spices|Marble|Sugar|Gold|Uranium|Coal|220489|414565|
637897|Rajubhai|Trico united|New Pacific Order|10000|2/12/2024 11:38:24 PM|Member|Capitalist|Islam|Red|2/21/2023 12:17:31 PM|11,315.10|20,999.44|18,142.315|War Mode|Water|Uranium|0|168,953.333|1|199,571|19,398|0|25|Active In The Last 3 Days|Aluminum|Marble|Fish|Cattle|Iron|Lumber|Lead|Oil|Wheat|Pigs|623353|1184311|
199985|owl007|oh snap|Green Protection Agency|10041|6/29/2014 6:17:40 AM|Member|Monarchy|Norse|Green|1/25/2008 2:26:43 AM|17,999.87|19,999.99|7,841.040|Peace Mode|Aluminum|Water|0|168,782.389|5|38,574|0|0|25|Active In The Last 3 Days|Cattle|Wheat|Marble|Lumber|Oil|Rubber|Spices|Marble|Sugar|Gold|1193210|2295690|
78680|Balancer|Mesonia|The Templar Knights|10012|4/24/2019 7:12:18 PM|Member|Republic|Mixed|Maroon|12/13/2006 4:45:30 AM|15,845.49|20,099.99|3,000.188|War Mode|Fish|Water|0|168,700.232|5|187,367|18,551|0|25|Active Last Week|Cattle|Marble|Iron|Aluminum|Lumber|Sugar|Pigs|Spices|Wheat|Uranium|3123915|6132624|
195733|ap Dafydd|Morgannwg|Green Protection Agency|10041|1/9/2008 1:50:04 PM|Member|Monarchy|Mixed|Green|1/9/2008 1:48:26 PM|21,697.50|11,017.00|14,593.055|Peace Mode|Lumber|Marble|0|168,628.083|5|50,000|0|0|0|Active In The Last 3 Days|Cattle|Spices|Iron|Water|Pigs|Fish|Uranium|Sugar|Wheat|Aluminum|0|17897|
25745|JJ452|Eire.|Avalanche|10078|6/22/2013 12:33:34 PM|Manager|Revolutionary Government|None|Blue|7/11/2006 6:11:00 AM|17,611.44|20,003.29|6,922.848|War Mode|Lumber|Marble|15|168,064.138|5|58,640|0|0|25|Active In The Last 3 Days|Aluminum|Cattle|Fish|Iron|Pigs|Uranium|Sugar|Spices|Water|Wheat|2510053|5299010|
410737|daoide|dahoam||0|5/16/2019 6:56:09 PM|None|Democracy|Norse|Maroon|6/14/2010 5:46:22 AM|14,273.72|19,959.86|11,545.606|Peace Mode|Lumber|Oil|0|167,352.963|5|96,568|0|0|25|Active In The Last 3 Days|Lead|Iron|Marble|Rubber|Uranium|Wheat|Water|Coal|||2994220|7452725|
62281|evil_twinkie|Maulle|Orange Defense Network|17435|8/31/2025 10:55:02 AM|Member|Democracy|Mixed|Orange|11/13/2006 12:20:18 AM|19,853.86|19,386.76|1,265.594|War Mode|Lumber|Water|0|166,843.896|5|63,297|0|0|25|Active Last Week|Aluminum|Fish|Iron|Marble|Pigs|Cattle|Spices|Sugar|Uranium|Wheat|2159420|4361364|
58119|Laserwolf|Ellisonia|Global Alliance and Treaty Organization|10003|11/2/2006 2:51:42 PM|Manager|Totalitarian State|Christianity|Brown|11/2/2006 2:51:42 PM|17,500.15|15,599.99|9,000.000|Peace Mode|Water|Uranium|0|166,703.901|5|80,040|4,137|0|25|Active In The Last 3 Days|Aluminum|Marble|Iron|Fish|Lumber|Sugar|Pigs|Cattle|Spices|Wheat|4758323|7415923|
413336|Tevron|Devion|CLAWS|15841|10/2/2021 12:32:41 PM|Manager|Anarchy|Taoism|Black|6/30/2010 11:54:30 PM|15,692.12|18,708.41|5,701.709|War Mode|Coal|Gold|0|166,491.794|1|197,223|17,021|0|25|Active In The Last 3 Days|Aluminum|Marble|Cattle|Wheat|Lumber|Iron|Pigs|Fish|Uranium|Water|5425741|9132449|
116324|Wayne World|Wayne World|The Grand Lodge of Freemasons|10029|12/3/2009 4:30:20 AM|Manager|Transitional|Christianity|Orange|3/6/2007 8:20:23 PM|17,599.76|19,999.99|3,041.234|War Mode|Rubber|Wheat|0|166,064.258|5|49,180|0|0|25|Active In The Last 3 Days|Lead|Water|Marble|Uranium|Oil|Coal|||||8387418|13132783|
504297|Axel Haestrod|Xerophyte|Green Protection Agency|10041|8/8/2012 11:31:20 PM|Member|Democracy|Mixed|Green|7/28/2012 9:23:56 PM|23,786.72|10,000.00|3,000.000|Peace Mode|Wheat|Sugar|0|166,027.541|5|28,448|0|0|25|Active Three Weeks Ago|Aluminum|Pigs|Lumber|Iron|Spices|Fish|Uranium|Marble|Water|Cattle|495451|934465|
159130|Decide R Inchief|decided4us|Fark|10002|8/9/2010 8:02:38 PM|Member|Capitalist|None|Aqua|8/3/2007 1:18:38 AM|17,400.94|17,999.99|6,804.109|War Mode|Rubber|Oil|25|166,005.838|1|44,501|500|0|25|Active In The Last 3 Days|Gold|Aluminum|Lead|Uranium|Pigs|Lumber|Water|Marble|Wheat|Iron|2378407|4965124|
532352|Serberus|The State|Post Grunge Supergroup|16367|6/29/2020 5:11:42 AM|Manager|Federal Government|None|Brown|7/20/2013 6:49:09 AM|10,800.96|32,999.99|3,201.128|War Mode|Iron|Wheat|0|165,897.931|1|92,073|0|0|25|Active In The Last 3 Days|Fish|Cattle|Marble|Aluminum|Pigs|Lumber|Sugar|Spices|Water|Uranium|2500809|5586433|
107030|Tsar Peter|Kandor|The Dark Templar|10056|5/30/2016 9:46:08 AM|Member|Dictatorship|None|Black|2/14/2007 9:07:18 AM|13,599.80|20,999.99|22,000.862|Peace Mode|Aluminum|Marble|0|165,731.761|5|74,073|0|0|5|Active In The Last 3 Days|Cattle|Wheat|Fish|Pigs|Iron|Lumber|Lead|Uranium|Spices|Sugar|1085778|2464382|
115556|Chuck Normis|Kickastan|Coalition of Royal Allied Powers|10051|10/25/2007 5:38:50 PM|Manager|Monarchy|None|Maroon|3/4/2007 7:42:35 PM|21,816.84|11,999.99|3,000.000|War Mode|Rubber|Wheat|1|165,529.183|5|31,001|3,000|0|25|Active In The Last 3 Days|Aluminum|Oil|Gold|Uranium|Iron|Lead|Lumber|Water|Marble|Coal|817593|2225836|
199494|Bomber66|Baxter|Doombrella|17368|2/22/2025 9:24:54 AM|Member|Communist|Mixed|Black|1/23/2008 11:43:03 AM|17,778.49|15,999.99|3,000.023|Peace Mode|Iron|Lumber|0|165,469.816|1|205,878|20,574|0|25|Active In The Last 3 Days|Aluminum|Marble|Fish|Pigs|Gold|Coal|Oil|Wheat|Uranium|Lead|4920342|8635291|
418154|rockbein|RockThrow|Mostly Harmless Alliance|14879|10/1/2016 12:10:51 PM|Member|Capitalist|Shinto|Blue|8/2/2010 8:30:27 AM|15,999.93|19,999.99|16,026.353|War Mode|Water|Wheat|0|165,243.213|5|60,203|0|0|0|Active Three Weeks Ago|Coal|Gold|Iron|Lumber|Marble|Aluminum|Pigs|Rubber|Uranium|Fish|571915|1937057|
485589|LUCIOUS IMPERIOUS|INDIANS|Random Insanity Alliance|10038|1/21/2018 4:46:17 PM|Member|Capitalist|Hinduism|Maroon|12/30/2011 8:10:46 AM|21,924.38|12,000.00|2,200.000|Peace Mode|Gold|Water|0|165,046.899|1|45,000|0|0|25|Active In The Last 3 Days|Iron|Aluminum|Lumber|Marble|Rubber|Coal|Uranium|Lead|Wheat|Oil|387890|1236566|
87059|BrandiCody|Dakotaville|The Order Of The Black Rose|10045|12/29/2017 10:06:49 AM|Member|Monarchy|Norse|Black|1/2/2007 4:38:12 PM|21,021.08|14,000.00|2,000.000|War Mode|Coal|Uranium|0|164,960.394|1|30,000|0|2|25|Active In The Last 3 Days|Gold|Pigs|Iron|Lead|Oil|Wheat|||||50099|250859|
238151|devnull|Republic of Unix|CLAWS|15841|6/22/2020 11:19:28 PM|Member|Communist|Mixed|Black|6/17/2008 1:36:38 AM|13,202.51|20,000.01|8,135.527|War Mode|Lead|Uranium|0|164,853.660|1|237,109|23,403|0|25|Active In The Last 3 Days|Aluminum|Marble|Coal|Gold|Fish|Wheat|Iron|Lumber|Oil|Rubber|4204988|8031332|
382141|janro|Nuts Land|New Pacific Order|10000|1/29/2010 4:31:14 AM|Member|Communist|Christianity|Red|1/25/2010 4:00:54 AM|20,757.13|14,999.99|0.000|War Mode|Coal|Uranium|0|164,713.015|1|141,589|13,778|0|25|Active In The Last 3 Days|Aluminum|Marble|Fish|Cattle|Lumber|Iron|Oil|Lead|Wheat|Pigs|2581615|4444591|
291874|Dr Triffid|West By God Virginia|Fark|10002|6/18/2009 5:06:22 PM|Member|Monarchy|Taoism|Aqua|1/6/2009 10:47:07 PM|16,700.01|18,000.00|5,000.000|Peace Mode|Pigs|Spices|0|164,659.495|5|55,201|7,702|50|25|Active This Week|Iron|Wheat|Lumber|Cattle|Marble|Fish|Uranium|Aluminum|Water|Sugar|1579762|3434506|
277285|mmansfield68|Eire Land|The Dark Templar|10056|11/21/2008 2:53:20 PM|Member|Monarchy|Christianity|Black|11/6/2008 1:54:23 PM|21,005.83|14,999.99|783.414|War Mode|Spices|Sugar|0|164,334.239|5|41,000|0|0|25|Active Three Weeks Ago|Cattle|Wheat|Fish|Pigs|Lead|Gold|Lumber|Gems|Uranium|Water|1314612|4444024|
86974|Mad Mike|Mikeville|Global Alliance And Treaty Organization|10003|5/17/2025 2:50:56 PM|Member|Totalitarian State|Sikhism|Brown|1/2/2007 1:30:27 PM|14,432.55|20,000.00|11,627.428|War Mode|Spices|Wheat|11|163,743.868|5|100,000|0|0|25|Active In The Last 3 Days|Aluminum|Marble|Fish|Iron|Lumber|Cattle|Uranium|Sugar|Water|Pigs|4877203|7483872|
272453|Jay Booler|Nouveau America|Federation of Buccaneers|10109|10/17/2008 6:49:32 PM|Manager|Revolutionary Government|Mixed|Black|10/17/2008 5:06:37 PM|16,004.75|19,335.09|2,349.405|Peace Mode|Rubber|Iron|0|163,589.067|5|176,407|17,614|50|25|Active In The Last 3 Days|Aluminum|Uranium|Coal|Fish|Lumber|Marble|Oil|Wheat|Pigs|Gold|226697|1140964|
325120|yaduck|yaduck|The Gramlins|17440|8/27/2025 4:38:02 AM|Member|Transitional|Christianity|Green|5/1/2009 10:06:57 PM|8,113.28|35,000.27|3,572.886|War Mode|Lumber|Aluminum|0|163,410.165|1|148,431|0|2|3|Active In The Last 3 Days|Marble|Iron|Oil|Rubber|Spices|Sugar|Wheat|Pigs|||874338|1870656|
12833|jesse james|Van Hoy|Argent|10063|7/12/2020 1:06:44 PM|Member|Capitalist|Christianity|Pink|5/1/2006 11:06:39 PM|15,002.05|20,064.01|8,707.216|War Mode|Aluminum|Marble|0|162,633.935|5|70,370|2,367|0|25|Active Last Week|Coal|Lead|Gold|Fish|Lumber|Iron|Oil|Rubber|Wheat|Uranium|6039979|10175908|
627592|Lord Xamaeron|Celtic Forest|Doombrella|17368|9/9/2025 8:58:48 PM|Member|Anarchy|Norse|Black|4/18/2021 3:22:15 AM|13,979.73|17,020.64|12,373.704|War Mode|Sugar|Spices|3|162,316.723|1|196,737|19,339|2|24|Active In The Last 3 Days|Aluminum|Marble|Cattle|Wheat|Fish|Pigs|Iron|Lumber|Water|Uranium|3758077|7111389|
362524|Cent Sov|Antarktiqa||0|10/10/2021 8:07:47 AM|None|Revolutionary Government|Voodoo|Green|10/10/2009 1:00:11 PM|21,500.86|15,999.00|3,700.000|Peace Mode|Pigs|Fish|2|161,880.857|5|41,477|0|0|0|Active In The Last 3 Days|Cattle|Spices|Iron|Water|Lumber|Marble|Uranium|Sugar|Wheat|Aluminum|2329623|2855133|
258455|Magical Muslim|Alibaba Land|CLAWS|15841|7/1/2018 8:02:22 PM|Manager|Dictatorship|Islam|Black|8/27/2008 12:33:21 AM|13,600.76|19,999.99|5,329.411|War Mode|Coal|Gold|0|161,869.256|1|227,427|22,289|0|25|Active In The Last 3 Days|Iron|Lumber|Marble|Aluminum|Oil|Rubber|Uranium|Lead|Wheat|Fish|5579296|9400161|
35877|tom the pit leader|There be rabbits|The Legion|10020|5/20/2009 4:45:38 PM|Member|Anarchy|Confucianism|Purple|8/11/2006 4:54:25 PM|26,826.99|4,924.13|0.313|War Mode|Iron|Marble|0|161,853.788|1|51,607|5,159|0|22|Active In The Last 3 Days|Aluminum|Lumber|Fish|Wheat|Gold|Coal|Oil|Pigs|Uranium|Lead|7583071|11589918|
348070|Chopin|Republic of Poland|Avalanche|10078|11/4/2011 11:48:15 PM|Member|Capitalist|Norse|Blue|8/2/2009 3:35:02 PM|21,089.05|12,000.00|1,000.000|War Mode|Fish|Iron|1|161,469.097|1|135,441|0|0|25|Active In The Last 3 Days|Aluminum|Cattle|Lumber|Marble|Pigs|Uranium|Sugar|Spices|Water|Wheat|1650884|5999662|
479490|King Cyan|The Cyan Kingdom|Global Alliance And Treaty Organization|10003|10/31/2024 10:57:55 PM|Member|Transitional|Christianity|Brown|11/2/2011 1:33:00 PM|16,000.94|19,999.99|1,802.632|War Mode|Lumber|Cattle|0|161,468.836|5|207,000|1,076|0|25|Active In The Last 3 Days|Aluminum|Marble|Fish|Iron|Spices|Wheat|Uranium|Sugar|Water|Pigs|13554526|30728767|
275547|BigKif|KifLand|CLAWS|15841|7/14/2018 9:04:38 PM|Manager|Anarchy|Christianity|Black|10/29/2008 10:03:48 PM|18,253.46|14,435.32|2,793.250|War Mode|Uranium|Rubber|86|161,166.560|3|157,333|15,409|0|25|Active In The Last 3 Days|Aluminum|Iron|Coal|Gold|Lead|Lumber|Marble|Oil|Wheat|Fish|7626789|17959905|
30997|Dan2680|Red Army|Freehold of The Wolves|15157|10/27/2017 8:23:37 AM|Member|Anarchy|Mixed|White|7/27/2006 4:43:26 PM|20,918.31|16,817.01|876.084|War Mode|Wheat|Water|0|161,074.242|5|877|0|1|14|Active In The Last 3 Days|Aluminum|Marble|Fish|Uranium|Iron|Lumber|Pigs|Cattle|Sugar|Spices|1154539|2661850|
357785|Tom Jefferson|Sektania|NATO|10037|2/24/2024 2:33:30 PM|Member|Capitalist|Mixed|Blue|9/15/2009 6:07:27 PM|18,708.44|16,518.37|2,600.000|War Mode|Lead|Oil|0|160,414.616|5|100,365|0|0|25|Active In The Last 3 Days|||||||||||112014|958193|
524544|Dread October|North Brightbanner|The Legion|10020|4/12/2013 2:47:09 PM|Member|Anarchy|Taoism|Purple|4/5/2013 5:34:02 PM|12,654.97|23,787.87|577.106|War Mode|Coal|Gold|0|160,368.722|1|203,480|17,000|50|25|Active In The Last 3 Days|Aluminum|Lumber|Fish|Wheat|Iron|Marble|Oil|Pigs|Uranium|Lead|49059|428997|
348468|Ghan Khalav|Khalavistan|Global Alliance and Treaty Organization|10003|11/28/2009 12:44:25 AM|Member|Communist|None|Brown|8/3/2009 6:06:35 PM|15,303.77|20,000.00|2,998.014|War Mode|Aluminum|Iron|0|160,230.845|3|100,000|1,000|0|25|Active In The Last 3 Days|Coal|Fish|Gold|Lumber|Marble|Lead|Rubber|Oil|Wheat|Uranium|616315|2156308|
333873|AlforFun|Altheman|United Purple Nations|10025|7/7/2009 7:03:23 PM|Member|Anarchy|Christianity|Purple|6/7/2009 7:25:12 PM|29,001.26|4,029.48|0.000|War Mode|Wheat|Fish|10|159,941.762|1|31,600|200|12|10|Active In The Last 3 Days|Cattle|Sugar|Coal|Pigs|Gold|Oil|Lead|Aluminum|Marble|Uranium|244865|1314003|
279066|allich|CrazyDragon|Green Protection Agency|10041|11/19/2008 6:52:26 PM|Member|Revolutionary Government|Shinto|Green|11/13/2008 11:32:00 AM|18,200.00|19,609.99|5,530.000|Peace Mode|Spices|Pigs|0|159,664.696|5|76,986|0|0|0|Active In The Last 3 Days|Aluminum|Sugar|Cattle|Uranium|Fish|Wheat|Iron|Lead|Lumber|Water|0|0|
217600|Tapley|Llamastan|World Task Force|10053|10/20/2007|Manager|Democracy|Christianity|Blue|3/15/2007 8:43:14 PM|17,102.18|16,999.99|1,743.976|War Mode|Iron|Lumber|0|159,480.454|5|100,000|12,443|0|25|Active Three Weeks Ago|Aluminum|Marble|Coal|Gold|Fish|Uranium|Lead|Oil|Pigs|Rubber|806187|2218203|
195263|AlbertSpeer|Cyrene|New Pacific Order|10000|1/10/2008 5:15:22 PM|Member|Transitional|None|Red|1/7/2008 4:37:21 PM|21,314.02|13,999.99|0.000|War Mode|Aluminum|Marble|0|159,179.240|5|30,787|717|0|25|Active In The Last 3 Days|Coal|Uranium|Fish|Cattle|Iron|Lumber|Pigs|Wheat|Sugar|Spices|392287|1240640|
342706|Dcorp|Deus Ex Machina|Green Protection Agency|10041|12/25/2015 10:13:48 AM|Member|Capitalist|Confucianism|Green|7/13/2009 6:38:43 PM|30,045.90|1,000.00|1,100.000|Peace Mode|Aluminum|Lumber|0|158,979.509|5|12,500|0|0|5|Active In The Last 3 Days|Gold|Coal|Iron|Marble|Oil|Rubber|Uranium|Lead|Wheat|Water|1194360|2281099|
75117|rnegafan|Rnegfania|New Pacific Order|10000|7/20/2011 2:04:09 PM|Member|Capitalist|None|Red|12/5/2006 7:09:28 AM|19,000.00|14,999.99|2,000.000|Peace Mode|Coal|Gold|0|158,970.375|5|44,500|3,652|0|23|Active In The Last 3 Days|Fish|Cattle|Furs|Wine|Lumber|Iron|Pigs|Wheat|Sugar|Spices|3733306|6944291|
202519|Zombie Glaucon|UTC Labs|New Polar Order|10006|2/3/2008 4:10:15 AM|Member|Totalitarian State|Judaism|Blue|2/3/2008 3:53:39 AM|19,100.28|16,999.95|0.000|Peace Mode|Fish|Uranium|0|158,944.497|5|26,662|0|0|25|Active In The Last 3 Days|Aluminum|Marble|Coal|Gold|Iron|Lumber|Lead|Oil|Rubber|Pigs|6073027|11473462|
380007|Supreme Emperor Daeg|Metal|Doom Squad|16454|4/27/2022 11:23:53 PM|Member|Communist|Mixed|Black|1/15/2010 2:26:28 AM|24,308.37|9,999.99|0.000|War Mode|Iron|Lumber|0|158,663.542|1|33,286|1,030|0|25|Active In The Last 3 Days|Cattle|Wheat|Fish|Pigs|Marble|Aluminum|Sugar|Spices|Water|Uranium|4928667|9829600|
531188|IMP REBS|Imp Rebulon|Argent|10063|1/14/2014 12:41:08 AM|Member|Capitalist|Mixed|Pink|7/2/2013 6:53:22 PM|15,454.09|20,000.00|1,740.909|War Mode|Iron|Lumber|10|158,073.998|5|50,860|0|0|25|Active Last Week|Aluminum|Coal|Fish|Wheat|Marble|Gold|Oil|Rubber|Uranium|Lead|1449873|2021576|
626860|BringMeTheHorizon|Dakotas|Doombrella|17368|4/19/2025 12:54:49 PM|Member|Monarchy|Christianity|Black|3/4/2021 2:40:57 PM|17,827.23|12,999.99|5,984.823|Peace Mode|Aluminum|Marble|0|157,993.730|1|162,199|10,507|0|25|Active In The Last 3 Days|Coal|Gold|Iron|Lumber|Oil|Wheat|Pigs|Fish|Uranium|Lead|2483634|6527640|
101493|ak47don|sicily mafia|Doombrella|17368|5/9/2025 7:22:49 PM|Member|Communist|None|Black|1/31/2007 1:38:37 PM|22,273.29|8,999.99|0.000|Peace Mode|Iron|Lumber|0|157,639.811|1|96,209|8,721|50|25|Active In The Last 3 Days|Coal|Gold|Marble|Aluminum|Oil|Rubber|Uranium|Lead|Wheat|Fish|2933523|4134241|
442731|Madd|Modra|New Pacific Order|10000|3/15/2011 2:16:35 PM|Member|Transitional|Islam|Red|1/26/2011 7:11:14 AM|17,496.13|14,874.55|3,336.229|War Mode|Coal|Uranium|0|157,440.378|1|136,643|9,783|0|25|Active In The Last 3 Days|Aluminum|Marble|Cattle|Fish|Lead|Oil|Lumber|Iron|Pigs|Wheat|4089227|6345193|
180664|Vhalen|LongitudeLatitude|The Dark Templar|10056|7/9/2012 11:23:25 PM|Member|Republic|Voodoo|Black|11/11/2007 3:43:40 PM|22,719.80|7,999.99|2,000.000|Peace Mode|Fish|Pigs|0|157,260.322|5|34,899|3,460|0|25|Active In The Last 3 Days|Cattle|Wheat|Lead|Gold|Lumber|Gems|Spices|Sugar|Uranium|Water|4134385|6786756|
58499|Bob Janova|Seria|The Gramlins|17440|8/24/2025 5:56:41 PM|Member|Republic|Mixed|Green|11/3/2006 2:59:19 PM|18,779.56|15,099.99|663.903|War Mode|Cattle|Sugar|0|157,238.213|5|101,113|11,252|0|24|Active This Week|Gold|Uranium|Lumber|Wheat|Spices|Fish|||||2677604|2938640|
637024|deanimator|Kuzai|The Legion|10020|12/31/2022 11:22:13 AM|Member|Anarchy|None|Purple|12/28/2022 5:51:45 PM|15,363.92|13,018.49|15,722.231|War Mode|Coal|Gold|0|156,581.580|3|92,016|0|0|24|Active In The Last 3 Days|Aluminum|Lumber|Fish|Wheat|Iron|Marble|Lead|Oil|Uranium|Pigs|139011|280394|
49861|rabonnobar|Calabria|The Gramlins|17440|9/23/2025 11:09:07 PM|Pending|Monarchy|Christianity|Maroon|10/2/2006 9:19:02 PM|17,435.71|15,203.47|4,176.190|War Mode|Fish|Uranium|0|156,433.562|5|50,765|0|0|25|Active In The Last 3 Days|Aluminum|Iron|Cattle|Water|Lumber|Sugar|Pigs|Spices|Wheat|Marble|8130378|18971508|
594872|General Smalls|Ginger|Independent Republic Of Orange Nations|10004|8/18/2016 6:54:46 AM|Member|Monarchy|Mixed|Orange|8/16/2016 11:35:25 AM|12,248.16|23,468.05|2,730.791|War Mode|Marble|Wheat|0|156,393.805|5|154,384|0|0|25|Active Last Week|Aluminum|Coal|Gold|Lead|Iron|Lumber|Oil|Uranium|Rubber|Water|263362|1259399|
569994|HATMAN|Doomtree|Orange Defense Network|17435|8/16/2025 1:46:13 PM|Member|Capitalist|Norse|Orange|2/6/2015 9:07:48 AM|11,500.21|25,417.40|2,386.536|War Mode|Aluminum|Fish|0|156,264.539|5|68,323|0|0|25|Active This Week|Iron|Marble|Lumber|Water|Pigs|Cattle|Spices|Sugar|Uranium|Wheat|115957|241835|
289306|SpliceVW|SpickleLand|Pirates of the Parrot Order|10059|12/26/2008 10:41:30 AM|Manager|Republic|Norse|Aqua|12/25/2008 2:32:59 PM|13,133.29|22,499.99|4,049.445|War Mode|Aluminum|Iron|0|155,669.362|5|86,000|5,694|7|25|Active Last Week|Cattle|Spices|Sugar|Water|Wheat|Uranium|Wine|Gems|||2577688|4676158|
214884|Laomedon|Illaria|RnR|16211|4/11/2022 4:19:32 AM|Member|Federal Government|Christianity|Orange|3/24/2008 1:19:16 PM|13,773.92|19,125.56|12,772.169|War Mode|Marble|Uranium|2|155,374.520|4|45,000|8,500|4|20|Active In The Last 3 Days|Cattle|Wheat|Iron|Lumber|Lead|Aluminum|||||243874|701653|
139809|John Orris|Commonwealth of John|Doombrella|17368|2/21/2025 6:08:15 PM|Member|Communist|None|Black|5/29/2007 2:55:43 PM|20,505.67|11,999.99|0.000|Peace Mode|Gold|Coal|0|155,034.546|1|54,650|5,416|0|23|Active In The Last 3 Days|Aluminum|Marble|Fish|Pigs|Iron|Lumber|Oil|Wheat|Uranium|Lead|4313630|7661376|
259541|NeoNation|NeoNation|Christian Coalition of Countries|10028|1/21/2010 8:18:32 PM|Member|Democracy|Christianity|Maroon|8/30/2008 7:18:34 PM|12,566.02|19,999.65|4,825.187|War Mode|Water|Wheat|0|154,902.406|5|181,990|17,404|50|25|Active Three Weeks Ago|Aluminum|Marble|Iron|Lumber|Uranium|Fish|||||1312664|3683957|
162871|General Ozujsko|Republic of Ozujsko|The Dark Templar|10056|3/6/2013 12:08:51 PM|Member|Capitalist|Christianity|Black|9/1/2007 11:35:54 AM|16,950.25|14,999.12|7,499.313|Peace Mode|Fish|Pigs|0|154,377.606|5|100,000|0|0|25|Active In The Last 3 Days|Aluminum|Marble|Cattle|Wheat|Iron|Lumber|Lead|Uranium|Spices|Sugar|2546875|4646025|
56087|crusaderoflight88|Pacific Sun|New Polar Order|10006|10/26/2006 8:22:48 PM|Member|Revolutionary Government|Christianity|Blue|10/26/2006 8:22:48 PM|13,559.74|20,699.99|1,400.000|Peace Mode|Iron|Lumber|0|153,391.997|1|202,166|0|0|25|Active In The Last 3 Days|Aluminum|Marble|Coal|Gold|Fish|Uranium|Lead|Oil|Rubber|Pigs|11401654|17157497|
366247|Polgas|Novasea|New Pacific Order|10000|4/28/2010 1:08:59 AM|Member|Revolutionary Government|Mixed|Red|10/30/2009 8:22:06 AM|17,534.21|14,925.72|993.870|War Mode|Lumber|Iron|0|153,148.956|1|136,921|12,948|0|25|Active In The Last 3 Days|Aluminum|Marble|Fish|Cattle|Lead|Oil|Uranium|Coal|Wheat|Pigs|6492768|9099502|
407948|avatar3619|Shendu|New Pacific Order|10000|11/11/2013 8:09:24 AM|Member|Capitalist|None|Red|5/31/2010 9:54:56 AM|20,191.44|13,999.99|2,027.241|War Mode|Gems|Silver|0|152,961.452|5|35,671|0|0|25|Active In The Last 3 Days|Fish|Cattle|Lumber|Iron|Pigs|Wheat|Spices|Sugar|Water|Uranium|2988503|5218756|
229028|anthotcool|Redwall|Independent Republic of Orange Nations|10004|5/18/2008 5:40:53 PM|Member|Democracy|None|Orange|5/17/2008 1:12:45 PM|26,471.66|5,979.21|0.000|War Mode|Pigs|Sugar|0|152,914.341|5|24,421|0|0|10|Active In The Last 3 Days|Aluminum|Iron|Lumber|Fish|Marble|Uranium|Spices|Water|Wheat|Cattle|2094108|3675298|
273621|Der Eine|Libria|The Templar Knights|10012|12/18/2010 5:56:26 AM|Member|Democracy|Christianity|Maroon|10/22/2008 3:19:36 PM|14,500.49|20,000.00|1,379.904|War Mode|Wheat|Marble|0|152,707.300|1|46,000|0|0|25|Active In The Last 3 Days|Aluminum|Iron|Cattle|Water|Fish|Uranium|Lumber|Sugar|Pigs|Spices|1945717|3628827|
200690|Andrew Wiggin|Eros|Knights Of The Round Table|10092|3/10/2024 8:59:58 AM|Member|Totalitarian State|Mixed|Green|1/27/2008 3:33:14 PM|14,541.50|19,999.99|1,501.021|War Mode|Aluminum|Iron|0|152,654.924|5|66,045|0|0|24|Active In The Last 3 Days|Cattle|Uranium|Fish|Pigs|Marble|Lumber|Sugar|Spices|Water|Wheat|3622452|5691004|
117823|LittleVlad|Morte|Global Alliance and Treaty Organization|10003|5/1/2008 7:09:41 PM|Member|Totalitarian State|Judaism|Brown|3/10/2007 9:04:44 PM|17,148.92|13,999.00|5,431.800|War Mode|Iron|Fish|0|151,793.576|5|144,462|0|0|25|Active In The Last 3 Days|Aluminum|Marble|Lumber|Sugar|Pigs|Cattle|Water|Uranium|Wheat|Spices|2444401|4047177|
492431|Lollerobot|Tigerblue|Knights Of The Round Table|10092|10/6/2016 4:05:56 AM|Member|Monarchy|Christianity|Green|3/7/2012 1:26:50 AM|20,009.90|11,999.78|2,000.000|War Mode|Water|Gold|64|151,467.721|5|76,944|0|0|25|Active In The Last 3 Days|Aluminum|Marble|Coal|Rubber|Iron|Oil|Lead|Uranium|Lumber|Wheat|2128017|4783444|
560607|lurkr|Calontir|The Grand Lodge Of Freemasons|10029|6/19/2018 6:30:54 PM|Manager|Transitional|Judaism|Orange|9/1/2014 1:11:29 PM|14,000.38|20,000.33|1,902.172|War Mode|Aluminum|Lumber|0|151,275.190|5|44,803|1,540|0|25|Active In The Last 3 Days|Iron|Lead|Marble|Oil|Water|Uranium|Wheat|Rubber|||1580714|3800583|
498811|Viper89|Viper Land|New Pacific Order|10000|2/5/2014 6:46:56 AM|Member|Capitalist|Mixed|Red|5/20/2012 2:29:09 PM|20,366.51|13,999.99|300.000|Peace Mode|Fish|Cattle|0|151,253.046|5|36,026|0|0|25|Active In The Last 3 Days|Aluminum|Marble|Lead|Oil|Lumber|Iron|Uranium|Coal|Wheat|Pigs|234579|663856|
568080|Krammer|Copl Punishment|Independent Republic Of Orange Nations|10004|8/15/2025 11:55:21 PM|Member|Capitalist|Christianity|Orange|1/4/2015 1:31:19 AM|12,958.66|19,999.99|4,049.377|War Mode|Lumber|Aluminum|0|151,082.317|5|150,000|0|0|25|Active In The Last 3 Days|Cattle|Wheat|Coal|Oil|Lead|Iron|Spices|Marble|||687241|1191178|
39465|King Tom|king Tom|NATO|10037|8/24/2006 3:59:57 PM|Member|Monarchy|Christianity|Blue|8/24/2006 3:59:57 PM|15,805.83|20,014.11|3,000.001|War Mode|Pigs|Rubber|0|151,021.474|5|60,000|0|0|25|Active In The Last 3 Days|Aluminum|Marble|Fish|Uranium|Gold|Coal|Iron|Lumber|Lead|Oil|5691463|10220503|
604046|Penultidodo|Sarmal|The Legion|10020|8/6/2017 2:39:59 AM|Member|Anarchy|None|Purple|5/14/2017 12:47:35 PM|19,648.59|13,550.82|1,266.990|War Mode|Spices|Sugar|0|151,000.317|5|15,221|0|0|25|Active Three Weeks Ago|Aluminum|Lumber|Fish|Wheat|Iron|Marble|Oil|Pigs|||919612|1745707|
85056|Pbaff|RuntMutLend|The Dark Templar|10056|2/7/2015 2:57:25 AM|Member|Anarchy|None|Black|12/26/2006 11:05:17 PM|20,692.95|9,195.22|6,630.716|War Mode|Fish|Pigs|0|150,963.504|1|4,976|76|0|16|Active In The Last 3 Days|Aluminum|Marble|Coal|Gold|Iron|Lumber|Water|Uranium|Wheat|Cattle|5085429|8131398|
234918|LordOfTheLand|APIGP|New Pacific Order|10000|6/27/2015 7:16:10 PM|Member|Democracy|Christianity|Red|6/5/2008 6:18:05 PM|13,513.34|20,999.99|4,499.898|War Mode|Lumber|Iron|0|150,928.114|5|56,080|0|0|25|Active In The Last 3 Days|Fish|Cattle|Gems|Silver|Pigs|Wheat|Spices|Sugar|Uranium|Water|7111240|14753925|
588946|AlphaCenturion|Sentosa Republic|New Pacific Order|10000|3/18/2016 2:41:43 PM|Member|Democracy|Buddhism|Red|3/18/2016 2:37:47 PM|15,174.16|16,999.99|5,854.174|Peace Mode|Furs|Wine|0|150,328.546|5|47,577|0|0|25|Active In The Last 3 Days|Coal|Gold|Fish|Cattle|Lumber|Iron|Oil|Lead|Wheat|Pigs|2218266|6344653|
468549|shadowstriker|shadow world|NATO|10037|8/21/2015 7:02:00 AM|Manager|Communist|Norse|Blue|7/23/2011 4:51:15 PM|10,905.24|18,999.99|9,397.867|War Mode|Iron|Lumber|0|149,893.443|1|189,744|18,953|0|25|Active In The Last 3 Days|Aluminum|Marble|Coal|Gold|Fish|Uranium|Lead|Oil|Pigs|Rubber|4284212|5823789|
418644|shakespeare|shakespeare|Freehold of The Wolves|15157|7/30/2020 3:25:46 PM|Member|Communist|Voodoo|White|8/5/2010 4:14:52 PM|19,576.22|10,442.55|763.800|War Mode|Lumber|Iron|0|149,779.833|1|97,859|9,316|0|25|Active In The Last 3 Days|Aluminum|Marble|Cattle|Pigs|Fish|Uranium|Sugar|Spices|Wheat|Water|3642310|7658990|
6728|Cuatela|Cuatela|New Pacific Order|10000|4/22/2008 3:09:30 PM|Member|Revolutionary Government|Christianity|Red|3/27/2006 9:46:17 AM|12,140.32|20,400.00|6,055.797|Peace Mode|Iron|Lumber|0|149,729.057|5|76,438|0|0|25|Active In The Last 3 Days|Aluminum|Marble|Coal|Uranium|Fish|Cattle|Lead|Oil|Wheat|Pigs|71189|114758|
141175|Kaiser Willis|Kryton|Freehold of The Wolves|15157|10/30/2017 8:47:44 AM|Member|Anarchy|Christianity|White|6/1/2007 11:41:01 PM|18,652.92|14,054.04|1,278.117|War Mode|Uranium|Water|0|149,716.520|1|1,177|0|0|23|Active In The Last 3 Days|Aluminum|Marble|Iron|Lumber|Pigs|Cattle|Sugar|Spices|Wheat|Fish|627755|2803930|
584263|Beefbone|Beefy|New Polar Order|10006|11/16/2015 1:42:27 PM|Member|Revolutionary Government|None|Blue|11/13/2015 4:13:58 PM|20,407.11|11,999.99|0.000|Peace Mode|Lead|Oil|0|149,615.505|5|35,000|0|0|25|Active In The Last 3 Days|Aluminum|Marble|Coal|Gold|Fish|Uranium|Iron|Lumber|Rubber|Pigs|2193442|3891030|
340698|Onified|Spork|NATO|10037|8/10/2012 10:17:12 AM|Member|Monarchy|Christianity|Blue|7/6/2009 3:01:12 PM|15,502.14|15,999.99|3,999.999|War Mode|Oil|Lead|0|148,478.456|1|30,000|14|0|25|Active In The Last 3 Days|Aluminum|Marble|Coal|Gold|Fish|Uranium|Iron|Lumber|Pigs|Rubber|4862591|8052732|
184966|The Upper Bass|Little Basses|The Dark Templar|10056|10/2/2009 2:01:43 PM|Member|Republic|Mixed|Black|11/27/2007 7:48:13 AM|19,505.37|12,999.99|0.000|Peace Mode|Water|Uranium|6|148,421.526|5|37,736|0|0|25|Active In The Last 3 Days|Aluminum|Marble|Coal|Gold|Fish|Pigs|Iron|Lumber|Wheat|Cattle|4188571|5930918|
637077|Promethixian|Promethixia|The Legion|10020|1/5/2023 9:43:57 AM|Member|Anarchy|Shinto|Purple|12/31/2022 1:15:42 PM|18,421.00|13,562.05|2,276.569|War Mode|Uranium|Lead|0|148,170.697|5|1,642|0|0|25|Active In The Last 3 Days|Aluminum|Lumber|Gold|Coal|Iron|Marble|Oil|Pigs|Wheat|Fish|346088|935924|
402492|NikolaP|Wiggles|Doombrella|17368|9/11/2025 10:22:01 AM|Member|Capitalist|Jainism|Black|5/7/2010 12:24:53 AM|15,370.94|14,999.99|1,599.990|Peace Mode|Aluminum|Marble|0|148,105.167|1|195,635|19,164|0|25|Active In The Last 3 Days|Cattle|Wheat|Coal|Gold|Fish|Pigs|Iron|Lumber|Lead|Uranium|6171951|9370082|
338643|Conundrum|Wallabyville|Federation of Armed Nations|10021|7/13/2010 12:41:12 PM|Member|Transitional|Christianity|Yellow|6/26/2009 1:43:25 PM|12,300.87|20,999.64|3,700.000|Peace Mode|Cattle|Fish|2|147,870.084|5|52,090|10,350|2|25|Active In The Last 3 Days|Iron|Oil|Marble|Wheat|Pigs|Coal|Rubber|Aluminum|Uranium|Lumber|684242|2513183|
474413|The R00STER|Republic of Ibonn|The Dark Templar|10056|10/21/2013 6:41:30 PM|Manager|Anarchy|Mixed|Black|9/13/2011 5:13:31 PM|21,320.25|6,758.15|2,331.109|War Mode|Coal|Gold|0|147,836.144|1|61,053|4,927|0|25|Active In The Last 3 Days|Aluminum|Marble|Fish|Pigs|Iron|Lumber|Water|Uranium|Wheat|Cattle|4023347|6146890|
1037|mona lisa|3 oaks|Old Guard|11296|11/26/2013 5:43:46 AM|Member|Revolutionary Government|None|Blue|1/31/2006|16,114.84|13,999.12|4,263.009|War Mode|Iron|Lumber|0|147,776.942|1|70,914|5,338|4|25|Active In The Last 3 Days|Aluminum|Marble|Gold|Coal|Lead|Oil|Pigs|Rubber|Uranium|Fish|293229|6509649|
416885|rakbors|SouthSea|World Task Force|10053|12/15/2010 6:13:49 AM|Manager|Monarchy|Mixed|Aqua|7/24/2010 11:15:50 PM|15,969.70|16,278.50|1,193.309|War Mode|Iron|Lumber|0|147,600.339|5|129,725|13,581|16|12|Active In The Last 3 Days|Aluminum|Marble|Furs|Cattle|Oil|Lead|Uranium|Sugar|Water|Wheat|433454|1087071|
152802|eclipse363|Suttonia|New Pacific Order|10000|2/7/2008 4:28:17 PM|Member|Anarchy|Voodoo|Red|7/9/2007 11:35:32 AM|16,352.36|14,673.43|341.898|War Mode|Wheat|Pigs|0|147,519.410|1|132,685|12,779|0|25|Active In The Last 3 Days|Aluminum|Marble|Cattle|Fish|Iron|Lumber|Sugar|Spices|Uranium|Water|6954935|12008223|
581999|Johnny Mac|Big Brother 17|CLAWS|15841|7/10/2018 12:44:08 PM|Member|Totalitarian State|None|Black|9/20/2015 5:49:12 PM|11,200.79|19,999.99|4,833.506|War Mode|Iron|Lumber|0|147,465.668|1|184,103|18,322|0|25|Active In The Last 3 Days|Aluminum|Marble|Coal|Gold|Fish|Wheat|Rubber|Oil|Uranium|Lead|5184198|12105092|
412136|King James II|Michigan II|NATO|10037|8/31/2022 5:01:49 PM|Member|Democracy|Christianity|Blue|6/22/2010 7:19:46 PM|11,700.47|19,999.99|7,999.990|War Mode|Fish|Uranium|0|147,442.287|5|223,000|0|0|25|Active In The Last 3 Days|Aluminum|Marble|Coal|Gold|Iron|Lumber|Lead|Oil|Pigs|Rubber|5216958|7786583|
265697|Laskar Pelangi|Rainbow Soldier|Kaskus|10104|3/20/2012 10:02:07 AM|Manager|Capitalist|Mixed|Brown|9/21/2008 9:56:07 AM|14,418.60|16,999.99|3,196.128|War Mode|Lumber|Pigs|0|147,214.771|5|60,000|8,063|0|25|Active In The Last 3 Days|Aluminum|Marble|Iron|Sugar|Spices|Fish|Uranium|Water|Wheat|Cattle|5858387|11502987|
305440|Daimos|Micon|New Pacific Order|10000|3/13/2009 9:44:24 AM|Member|Monarchy|Mixed|Red|2/24/2009 11:28:31 AM|17,800.76|14,001.99|0.000|War Mode|Gems|Silver|0|145,946.001|1|130,402|12,391|0|25|Active In The Last 3 Days|Cattle|Fish|Coal|Uranium|Furs|Wine|Wheat|Pigs|||1655927|4347570|
166467|KittyPride207|BlackAngels|New Polar Order|10006|8/26/2017 4:50:19 PM|Member|Capitalist|Mixed|Blue|9/13/2007 11:22:06 AM|20,398.82|9,999.99|1,777.777|Peace Mode|Coal|Gold|0|145,879.710|5|35,948|0|0|25|Active In The Last 3 Days|Aluminum|Marble|Fish|Uranium|Iron|Lumber|Lead|Oil|Rubber|Pigs|2324327|5733413|
372061|Mandystalin|Lutonstan|The Templar Knights|10012|12/3/2009 2:22:00 AM|Manager|Capitalist|Christianity|Maroon|12/2/2009 8:40:55 AM|13,060.88|19,999.99|1,618.429|War Mode|Fish|Sugar|0|145,696.990|5|55,000|0|0|25|Active In The Last 3 Days|Cattle|Marble|Iron|Aluminum|Pigs|Spices|Uranium|Lumber|Wheat|Water|3518481|6992865|
627972|GearHead|Rosche|NATO|10037|5/12/2021 12:51:20 AM|Manager|Democracy|Christianity|Blue|5/12/2021 12:49:40 AM|14,909.68|18,000.00|4,999.999|Peace Mode|Coal|Gold|0|145,615.883|5|25,874|0|0|20|Active In The Last 3 Days|Aluminum|Marble|Fish|Uranium|Iron|Lumber|Lead|Oil|Pigs|Rubber|2817072|4276812|
414337|Shadowfury|Illyria|Freehold of The Wolves|15157|8/2/2017 1:05:17 PM|Member|Communist|Christianity|Black|7/8/2010 4:10:50 AM|14,640.85|15,038.61|3,164.961|War Mode|Uranium|Coal|0|145,453.947|1|144,761|14,415|0|25|Active In The Last 3 Days|Aluminum|Marble|Gold|Oil|Lead|Iron|Rubber|Lumber|Water|Wheat|2515130|5845215|
56861|Teratogen|Teratogen|Mostly Harmless Alliance|14879|10/5/2016 9:09:47 AM|Member|Monarchy|Judaism|Blue|10/29/2006 12:22:44 PM|16,504.69|17,091.67|3,000.000|War Mode|Spices|Sugar|0|145,417.836|5|43,469|0|0|25|Active Three Weeks Ago|Aluminum|Marble|Fish|Uranium|Lead|Oil|Pigs|Rubber|||668537|2236156|
79371|xkirra|Mordlandia|Global Alliance And Treaty Organization|10003|4/18/2012 8:06:39 PM|Member|Totalitarian State|None|Brown|12/14/2006 3:52:18 PM|17,369.34|14,999.52|910.000|War Mode|Oil|Rubber|0|145,391.036|5|40,038|0|0|25|Active In The Last 3 Days|Fish|Coal|Gold|Lumber|Iron|Aluminum|Lead|Marble|Wheat|Uranium|1407040|2552322|
621673|Vexigen|Ermor||0|2/21/2020 5:02:27 AM|None|Democracy|Mixed|Orange|2/21/2020 5:02:27 AM|11,059.83|20,000.00|7,660.341|Peace Mode|Gold|Lead|2|145,084.886|5|53,512|0|1|25|Active In The Last 3 Days|Aluminum|Uranium|Coal|Water|Iron|Wheat|Oil|Marble|Rubber|Lumber|1377620|1916529|
414519|markpalm1|vacous|Freehold of The Wolves|15157|8/17/2019 8:33:51 AM|Member|Communist|Mixed|White|7/9/2010 1:12:04 PM|17,150.71|14,819.20|73.561|War Mode|Lumber|Iron|0|145,022.792|1|129,241|12,849|0|25|Active In The Last 3 Days|Aluminum|Marble|Cattle|Pigs|Spices|Sugar|Uranium|Fish|Wheat|Water|1608051|8288662|
260817|MamazlilMistake|Happy Hunting Ground|Non Grata|10097|6/14/2011 3:41:36 PM|Member|Anarchy|None|Maroon|9/3/2008 10:47:31 PM|26,751.22|2,012.67|3,444.661|War Mode|Pigs|Fish|0|144,961.092|1|0|0|0|0|Active In The Last 3 Days|Coal|Gold|Iron|Lumber|Lead|Uranium|Marble|Aluminum|Wheat|Oil|947586|2638111|
402037|Soviet Mudkip|In Soviet Russia|The Dark Templar|10056|8/15/2010 8:36:36 PM|Member|Anarchy|Voodoo|Black|5/4/2010 3:25:56 PM|16,270.87|12,238.27|3,866.229|War Mode|Wheat|Fish|0|144,928.909|1|128,897|12,579|0|25|Active In The Last 3 Days|Aluminum|Marble|Coal|Gold|Iron|Lumber|Lead|Uranium|Oil|Rubber|2541915|3829765|
573825|Himanil Raina|Tasidathor|Green Protection Agency|10041|4/20/2015 4:17:01 AM|Member|Capitalist|Mixed|Green|4/9/2015 1:11:34 AM|10,110.09|22,005.60|2,481.884|War Mode|Oil|Aluminum|0|144,770.277|5|188,146|18,810|0|25|Active In The Last 3 Days|Iron|Coal|Iron|Lumber|Water|Rubber|Water|Uranium|Wine|Marble|352277|1170448|
419792|Cjfly|Acadian|RnR|16211|10/18/2024 5:37:41 PM|Member|Monarchy|Christianity|Pink|8/14/2010 12:33:11 PM|12,500.89|15,999.99|15,001.027|War Mode|Uranium|Wheat|0|144,737.662|5|19,965|7,412|0|25|Active In The Last 3 Days|Aluminum|Lead|Fish|Marble|Gold|Oil|Iron|Lumber|Rubber|Coal|1004001|3203822|
119735|smusmu|Smustra|Sparta|10008|3/16/2007 1:05:40 PM|Manager|Republic|Christianity|Black|3/16/2007 1:05:40 PM|20,876.38|9,999.99|3,000.000|War Mode|Rubber|Water|85|144,691.860|5|26,000|0|0|23|Active In The Last 3 Days|Aluminum|Coal|Fish|Gold|Iron|Lumber|Marble|Oil|Wheat|Uranium|4061273|10393978|
109489|blackpony|the Mad Ninja|Freehold of The Wolves|15157|10/27/2017 6:16:38 AM|Member|Monarchy|None|White|2/18/2007 11:22:54 PM|17,437.71|14,970.89|0.000|Peace Mode|Wheat|Fish|0|144,621.894|5|25,034|0|0|25|Active This Week|Aluminum|Marble|Iron|Lumber|Pigs|Cattle|Sugar|Spices|Uranium|Water|2090414|6882987|
39705|Bmk812|Eisenherz|Global Alliance And Treaty Organization|10003|4/26/2025 3:46:02 AM|Member|Monarchy|Mixed|Brown|8/25/2006 4:55:49 PM|16,316.82|13,050.15|2,000.000|War Mode|Sugar|Lumber|0|144,082.009|1|122,973|12,265|7|25|Active In The Last 3 Days|Aluminum|Marble|Cattle|Pigs|Fish|Iron|Spices|Wheat|Uranium|Water|1927151|3220785|
608015|elputojack|villa feliz|New Pacific Order|10000|10/31/2017 4:10:16 PM|Member|Anarchy|Islam|Red|10/15/2017 8:46:54 PM|17,706.65|12,433.00|812.624|War Mode|Lead|Oil|0|143,783.273|1|108,750|10,588|0|25|Active In The Last 3 Days|Aluminum|Marble|Coal|Uranium|Fish|Cattle|Iron|Lumber|Wheat|Pigs|3265522|6684438|
106543|Captain V|Touristan|Fark|10002|2/13/2007 7:14:11 PM|Member|Capitalist|Shinto|Aqua|2/13/2007 7:14:11 PM|13,350.49|19,999.00|2,229.920|War Mode|Water|Marble|0|143,644.860|1|70,526|0|0|25|Active In The Last 3 Days|Gold|Aluminum|Lead|Uranium|Pigs|Lumber|Rubber|Oil|Wheat|Iron|5663003|13092269|
159031|jefcolpan|scarab marangue|Freehold of The Wolves|15157|10/27/2017 12:06:33 PM|Member|Anarchy|Christianity|White|8/2/2007 4:09:16 PM|15,534.26|14,608.19|572.298|War Mode|Pigs|Cattle|0|143,273.827|1|137,554|13,661|0|25|Active In The Last 3 Days|Aluminum|Marble|Iron|Lumber|Sugar|Spices|Uranium|Water|Wheat|Fish|2272442|4697204|
67705|jim9573|WALKER|The Last Remnants|10098|6/17/2011 11:42:53 AM|Member|Capitalist|Mixed|Maroon|11/26/2006 7:17:57 PM|17,694.07|16,822.38|500.000|War Mode|Uranium|Gold|2|143,157.652|5|58,007|5,000|50|9|Active In The Last 3 Days|Fish|Wheat|Oil|Iron|Pigs|Wheat|Water|Wheat|||952942|2113034|
217577|MontyKo|Tuborg|Freehold of The Wolves|15157|1/17/2019 11:54:00 AM|Member|Communist|Mixed|White|4/4/2008 6:55:55 PM|16,693.55|11,867.10|2,405.974|War Mode|Wheat|Water|0|143,031.507|1|120,442|12,041|0|25|Active In The Last 3 Days|Aluminum|Marble|Cattle|Pigs|Lumber|Iron|Spices|Sugar|Uranium|Fish|2784202|6371512|
644936|bertcoin|Bertlandia|Knights Of The Round Table|10092|11/6/2024 8:12:44 AM|Member|Democracy|None|Green|11/2/2024 2:03:43 PM|5,900.35|20,000.00|20,510.072|War Mode|Gold|Marble|0|142,965.744|1|168,445|16,825|0|25|Active In The Last 3 Days|Aluminum|Lead|Iron|Uranium|Lumber|Wheat|Oil|Rubber|Water|Coal|104335|244699|
264911|tgilleland|Murdergascar|Non Grata|10097|4/1/2025 10:31:30 AM|Member|Transitional|Sikhism|Maroon|9/18/2008 1:25:42 AM|7,420.29|20,999.99|17,820.000|Peace Mode|Iron|Lumber|0|142,266.421|5|100,000|0|50|25|Active In The Last 3 Days|Coal|Gold|Lead|Uranium|Marble|Aluminum|Pigs|Fish|Wheat|Oil|440073|896979|
91865|Earl Dumarest|Gath Of The Winds|We Are Perth Army|10036|6/24/2008 2:54:16 AM|Manager|Revolutionary Government|Christianity|White|1/12/2007 2:19:35 PM|11,104.41|19,999.99|6,745.272|Peace Mode|Cattle|Sugar|0|142,261.447|5|42,197|2,617|1|25|Active In The Last 3 Days|Coal|Iron|Marble|Lumber|Spices|Pigs|Uranium|Aluminum|Wheat|Fish|1990021|2493692|
100705|Linden16|Kiljarit|New Polar Order|10006|1/29/2007 10:00:01 PM|Member|Revolutionary Government|Christianity|Blue|1/29/2007 10:00:01 PM|18,797.46|10,471.35|0.000|Peace Mode|Lead|Oil|0|142,227.581|5|45,611|1,945|0|25|Active In The Last 3 Days|Aluminum|Marble|Coal|Gold|Fish|Uranium|Lumber|Iron|Pigs|Rubber|2321074|4057134|
274197|mattclen2|Palindromy|Knights Of The Round Table|10092|10/28/2013 9:35:14 PM|Member|Dictatorship|Mixed|Green|10/24/2008 8:21:58 PM|10,768.87|20,200.00|6,900.000|War Mode|Uranium|Wheat|0|142,129.345|5|100,000|17,900|50|0|Active Last Week|Cattle|Pigs|Fish|Aluminum|Iron|Marble|Lumber|Water|Spices|Sugar|47603|1414581|
445432|andrewb610|Brennana1|Freehold of The Wolves|15157|10/26/2017 9:03:14 PM|Member|Capitalist|Baha'i Faith|White|2/11/2011 1:24:39 PM|17,600.91|12,000.00|4,000.000|Peace Mode|Aluminum|Marble|0|141,956.125|5|35,578|0|0|25|Active In The Last 3 Days|Cattle|Pigs|Fish|Uranium|Lumber|Iron|Sugar|Spices|Wheat|Water|4898979|10672160|
55535|Vash_S|Dethklok|The Dark Templar|10056|10/31/2011 9:10:07 PM|Member|Monarchy|Norse|Black|10/24/2006 3:18:38 PM|19,401.01|10,999.99|1,000.000|Peace Mode|Lead|Uranium|0|141,882.798|5|38,389|0|0|25|Active In The Last 3 Days|Aluminum|Marble|Gold|Water|Iron|Lumber|Rubber|Oil|Wheat|Coal|1456945|2029878|
99297|MudBug|Swamplandia|New Pacific Order|10000|1/27/2007 2:56:27 AM|Member|Communist|Voodoo|Red|1/27/2007 2:56:27 AM|15,654.24|14,999.99|1,300.000|War Mode|Pigs|Wheat|0|141,792.814|1|146,932|14,190|0|25|Active In The Last 3 Days|Coal|Gold|Fish|Cattle|Furs|Wine|Lumber|Iron|||2982552|5737631|
120632|Fadeev|Soveckij Sojuz|Union Of Communist Republics|10060|10/14/2022 12:49:32 AM|Member|Capitalist|None|Brown|3/19/2007 2:55:48 AM|15,625.01|13,999.99|1,000.000|War Mode|Iron|Coal|0|141,497.958|5|117,997|11,790|0|25|Active Last Week|||||||||||1621033|3252041|
114926|mrramsden6|Ramstonia|Knights Of The Round Table|10092|2/18/2025 4:11:07 AM|Member|Monarchy|Christianity|Green|3/3/2007 4:39:27 AM|13,391.49|19,999.00|4,800.000|Peace Mode|Lumber|Wheat|2|141,392.372|5|48,896|0|1|25|Active In The Last 3 Days|Aluminum|Lead|Gold|Marble|Iron|Uranium|Oil|Rubber|Water|Coal|572507|1998564|
634963|Trout87|Birchy Head|Post Grunge Supergroup|16367|10/28/2024 4:51:35 AM|Member|Democracy|Mixed|Black|8/23/2022 7:49:32 AM|9,650.48|22,833.21|5,601.303|War Mode|Lumber|Iron|0|141,181.171|5|61,129|4,323|0|25|Active In The Last 3 Days|Aluminum|Marble|Fish|Wheat|Gold|Coal|Rubber|Oil|Uranium|Lead|1554884|3845393|
528479|paul711|Paulinca|Non Grata|10097|11/9/2023 10:18:38 AM|Member|Communist|Jainism|Maroon|5/23/2013 10:09:29 PM|12,126.37|19,038.27|1,110.506|War Mode|Pigs|Fish|0|141,137.475|5|140,460|14,253|0|25|Active In The Last 3 Days|Aluminum|Marble|Coal|Gold|Iron|Lumber|Lead|Uranium|Wheat|Oil|1995408|4329449|
175535|Random person|Nerdland|RnR|16211|9/14/2019 10:46:32 PM|Manager|Monarchy|Confucianism|Orange|10/23/2007 6:34:39 PM|12,753.35|16,729.93|8,207.731|War Mode|Wheat|Water|0|140,836.508|5|44,472|4,493|0|25|Active Last Week|||||||||||363832|1233814|
14735|jsims8|DeKalb|Global Alliance and Treaty Organization|10003|5/15/2006 12:46:28 PM|Member|Monarchy|Christianity|Brown|5/15/2006 12:46:28 PM|14,000.07|14,000.00|5,000.000|Peace Mode|Aluminum|Cattle|0|140,505.368|5|120,000|12,500|0|25|Active In The Last 3 Days|Iron|Lumber|Marble|Pigs|Spices|Sugar|Uranium|Wheat|Water|Fish|2523549|5046202|
629752|Jamo199599|C1995|New Polar Order|10006|9/7/2021 11:58:32 AM|Member|Revolutionary Government|Mixed|Blue|8/31/2021 9:42:27 AM|12,500.24|19,999.99|5,000.000|Peace Mode|Uranium|Fish|0|140,364.182|5|180,651|0|50|25|Active In The Last 3 Days|Aluminum|Marble|Coal|Gold|Iron|Lumber|Lead|Oil|Pigs|Rubber|448762|1327297|
230895|TCTriangle|Taninsania|Non Grata|10097|7/19/2011 5:49:32 AM|Member|Communist|None|Maroon|5/24/2008 3:02:56 PM|12,324.03|19,999.99|700.001|Peace Mode|Pigs|Fish|0|140,327.747|5|59,631|0|0|25|Active In The Last 3 Days|Aluminum|Marble|Coal|Gold|Lead|Uranium|Lumber|Iron|Wheat|Oil|3956073|8655466|
97698|Guido|Itally|New Pacific Order|10000|6/5/2017 7:13:28 PM|Member|Monarchy|Christianity|Red|1/23/2007 7:07:21 PM|16,900.23|13,999.99|2,000.000|Peace Mode|Sugar|Spices|0|140,180.163|5|41,452|0|0|25|Active In The Last 3 Days|Fish|Cattle|Lumber|Iron|Pigs|Wheat|Silver|Gems|Water|Uranium|4311303|5562980|
569410|KevtheGreat|KevinsKingdom|Fark|10002|2/17/2017 9:05:53 AM|Member|Monarchy|Christianity|Aqua|1/27/2015 8:38:27 AM|13,000.00|16,999.99|3,100.000|Peace Mode|Oil|Gold|0|139,870.789|5|45,102|9,019|0|25|Active In The Last 3 Days|Iron|Marble|Lead|Fish|Lumber|Coal|Rubber|Wheat|Uranium|Aluminum|586305|1186936|
299962|dev0win|1nfinity Otriad|Christian Coalition Of Countries|10028|7/30/2025 9:42:02 AM|Manager|Totalitarian State|Christianity|Blue|2/5/2009 1:46:23 PM|15,701.26|15,899.90|0.012|War Mode|Pigs|Rubber|0|139,682.678|1|51,582|0|0|25|Active In The Last 3 Days|Aluminum|Marble|Coal|Gold|Fish|Uranium|Iron|Lumber|Lead|Oil|4252477|8820618|
177694|TC the Tyrannt|The Holy Veit Empire|Mostly Harmless Alliance|14879|8/26/2021 12:00:07 PM|Member|Totalitarian State|Christianity|Aqua|10/31/2007 7:50:31 PM|15,099.97|16,999.55|200.000|War Mode|Aluminum|Uranium|0|139,598.514|5|50,000|0|1|25|Active Three Weeks Ago|||||||||||837689|1501313|
508266|Baron Praxis|Traigal|The Legion|10020|11/18/2012 12:44:13 AM|Member|Anarchy|Mixed|Purple|9/20/2012 3:57:44 PM|15,687.16|14,999.99|23.313|War Mode|Iron|Marble|0|139,425.856|1|137,883|13,631|0|10|Active In The Last 3 Days|Aluminum|Lumber|Coal|Gold|Fish|Wheat|Oil|Pigs|Uranium|Lead|2495214|4344940|
64687|Wootmeister|Wootrovia|Global Alliance And Treaty Organization|10003|12/1/2010 11:17:10 AM|Manager|Monarchy|Christianity|Brown|11/18/2006 1:53:23 PM|14,109.66|13,999.99|3,383.891|War Mode|Wheat|Uranium|0|139,048.773|1|135,994|13,599|0|25|Active In The Last 3 Days|Fish|Coal|Gold|Lumber|Iron|Aluminum|Lead|Marble|Oil|Rubber|4465198|7702561|
507771|MtPollux|The Monkey Kingdom|Nuclear Proliferation League|17228|7/8/2025 8:44:30 AM|Member|Anarchy|None|Brown|9/14/2012 2:11:58 PM|18,189.10|9,053.13|2,577.620|War Mode|Spices|Wheat|0|139,010.806|1|88,818|8,681|0|25|Active In The Last 3 Days|Aluminum|Marble|Iron|Fish|Pigs|Cattle|Sugar|Lumber|Uranium|Water|1616772|2582058|
219975|Onion|Onion|Argent|10063|9/20/2008 1:28:44 AM|Member|Transitional|None|Pink|4/13/2008 7:16:46 PM|14,990.32|15,999.99|916.866|War Mode|Fish|Wheat|6|138,667.600|5|55,465|5,282|50|25|Active In The Last 3 Days|Gold|Oil|Iron|Aluminum|Lead|Uranium|Rubber|Coal|||2374144|3040985|
499561|Hailsland|Hailsland|Christian Coalition of Countries|10028|1/20/2013 8:11:13 AM|Member|Monarchy|Christianity|Maroon|5/29/2012 3:15:36 PM|15,102.27|17,084.95|600.000|Peace Mode|Wheat|Iron|0|138,645.938|4|63,015|522|0|10|Active In The Last 3 Days|Coal|Lead|Marble|Lumber|||||||1822179|3121576|
289177|Blaskowicz|Doomsland|New Pacific Order|10000|1/8/2025 3:13:00 PM|Member|Capitalist|None|Red|12/24/2008 6:47:19 PM|16,353.95|14,000.01|5,000.000|Peace Mode|Fish|Cattle|0|138,239.775|5|36,000|0|0|25|Active In The Last 3 Days|Aluminum|Marble|Coal|Uranium|Oil|Lead|Wheat|Pigs|||688747|1291269|
243810|tagmoute|maghrib|Freehold of The Wolves|15157|5/3/2018 2:29:32 PM|Member|Capitalist|Islam|White|7/7/2008 7:04:13 AM|17,581.18|10,163.48|349.748|War Mode|Lumber|Iron|0|138,203.162|1|96,019|9,284|2|25|Active In The Last 3 Days|Aluminum|Marble|Cattle|Pigs|Fish|Uranium|Sugar|Spices|Water|Wheat|2927981|6358166|
144157|Sarkin|My Hero Party|The Dark Templar|10056|6/4/2016 4:11:52 PM|Manager|Anarchy|None|Black|6/10/2007 12:28:59 PM|17,277.10|8,175.92|5,663.809|War Mode|Iron|Lumber|0|138,050.262|1|102,751|9,904|2|23|Active In The Last 3 Days|Aluminum|Marble|Cattle|Wheat|Fish|Pigs|Lead|Uranium|Spices|Sugar|8550936|13572962|
633233|Mike Khunt|Cypress Hill|CLAWS|15841|4/23/2022 11:09:06 AM|Member|Communist|None|Black|4/21/2022 8:45:05 AM|8,500.86|20,999.99|4,926.335|War Mode|Rubber|Oil|0|137,919.445|1|196,024|19,476|0|25|Active In The Last 3 Days|Aluminum|Marble|Coal|Gold|Fish|Wheat|Iron|Lumber|Uranium|Lead|1766540|3292911|
250983|Shakka Kahn|Shakka Land|Mostly Harmless Alliance|14879|10/1/2016 10:55:49 AM|Member|Capitalist|Mixed|Aqua|8/1/2008 4:09:07 PM|9,965.55|20,999.00|2,200.665|War Mode|Aluminum|Uranium|27|137,888.410|5|187,882|15,000|0|23|Active In The Last 3 Days|Cattle|Pigs|Fish|Water|Iron|Lumber|Marble|Wheat|Spices|Sugar|5626029|10496202|
410290|bdrocks|Knights of Honour|CLAWS|15841|7/5/2018 4:26:36 AM|Member|Monarchy|Jainism|Black|6/11/2010 6:26:28 PM|14,527.97|13,999.99|803.905|Peace Mode|Fish|Wheat|0|137,871.743|1|140,133|13,692|50|25|Active In The Last 3 Days|Aluminum|Marble|Gold|Coal|Iron|Lumber|Lead|Uranium|Oil|Rubber|4426563|7344568|
554572|paulpig|Strongland|Avalanche|10078|2/1/2017 12:01:46 PM|Manager|Monarchy|Christianity|Blue|6/1/2014 12:45:32 PM|11,311.19|18,000.69|3,709.961|War Mode|Aluminum|Cattle|0|137,822.110|1|181,408|17,630|0|25|Active In The Last 3 Days|Fish|Iron|Lumber|Marble|Pigs|Uranium|Sugar|Spices|Water|Wheat|606894|1628379|
273254|unstpblpimp|unstpblpimp|Global Alliance and Treaty Organization|10003|10/22/2008 12:28:02 AM|Manager|Totalitarian State|None|Brown|10/21/2008 12:19:02 AM|15,105.08|14,999.99|0.035|War Mode|Wheat|Uranium|0|137,446.501|5|45,403|4,540|0|23|Active In The Last 3 Days|Aluminum|Iron|Coal|Lumber|Marble|Lead|Oil|Rubber|Water|Gold|2978669|5241057|
295207|Leonel Badano|Nueva Argentina|The Legion|10020|1/24/2009 12:53:10 PM|Member|Anarchy|Christianity|Purple|1/21/2009 11:20:42 AM|12,859.70|17,700.30|3,963.700|War Mode|Aluminum|Lumber|0|137,425.325|1|433|0|0|22|Active In The Last 3 Days|Coal|Gold|Marble|Iron|Oil|Lead|Pigs|Uranium|Wheat|Fish|2746286|5955852|
596771|Pentix|Mars Colony|New Polar Order|10006|10/27/2016 12:10:05 PM|Member|Anarchy|None|Blue|10/7/2016 11:18:39 AM|17,698.29|11,027.28|1,223.956|War Mode|Lead|Oil|0|137,326.660|1|108,893|10,373|0|10|Active In The Last 3 Days|Fish|Uranium|Iron|Lumber|Marble|Aluminum|Pigs|Rubber|Spices|Sugar|4730175|8443135|
568971|Lord Windmark|Regnum Saoirse|The Legion|10020|11/17/2017 6:32:35 AM|Manager|Anarchy|Christianity|Purple|1/20/2015 12:00:04 PM|20,796.72|9,563.66|2,036.898|War Mode|Aluminum|Lumber|34|137,169.939|1|0|0|0|12|Active In The Last 3 Days|Fish|Wheat|Gold|Coal|Iron|Marble|Oil|Pigs|Uranium|Lead|1656865|2344423|
167235|ORCACommander|Hiigaran Federation|New Pacific Order|10000|9/28/2007 12:41:57 PM|Member|Federal Government|None|Red|9/24/2007 2:30:36 PM|15,606.30|13,999.99|1,100.000|War Mode|Aluminum|Marble|0|137,050.047|1|141,950|13,398|0|25|Active In The Last 3 Days|Fish|Cattle|Iron|Lumber|Lead|Oil|Uranium|Coal|Wheat|Pigs|3188065|5769915|
291940|blackdark|drakyria|The Dark Templar|10056|1/15/2016 8:37:14 AM|Member|Revolutionary Government|Norse|Black|1/7/2009 10:37:53 AM|19,154.93|7,874.96|2,684.251|Peace Mode|Aluminum|Marble|0|137,018.396|5|18,624|1,925|2|25|Active In The Last 3 Days|Gold|Water|Iron|Lumber|Lead|Uranium|Rubber|Oil|Wheat|Coal|684550|2614103|
561490|Greatest Mothers|Femocratic Lands|Freehold of The Wolves|15157|1/20/2019 4:37:00 AM|Member|Totalitarian State|Norse|White|9/16/2014 4:35:45 PM|14,394.98|14,999.97|1,833.041|Peace Mode|Wheat|Aluminum|0|137,001.364|5|58,600|0|0|25|Active In The Last 3 Days|Iron|Coal|Lumber|Oil|Marble|Lead|Rubber|Gold|Uranium|Water|1933566|2922025|
568748|Llednar Twem|Eurica|New Pacific Order|10000|1/16/2015 4:12:46 PM|Member|Revolutionary Government|Christianity|Red|1/16/2015 4:11:47 PM|15,602.61|14,999.99|1,800.000|War Mode|Spices|Sugar|0|136,489.728|5|42,335|0|0|25|Active In The Last 3 Days|Fish|Cattle|Gems|Silver|Lumber|Iron|Pigs|Wheat|Water|Uranium|3281541|5407345|
53832|Starcraftmazter|DPRK|The Dark Templar|10056|3/25/2015 8:06:29 PM|Manager|Anarchy|Confucianism|Black|10/18/2006 5:46:00 AM|16,002.95|9,367.88|4,677.066|War Mode|Iron|Lumber|0|136,304.797|1|110,228|10,904|1|25|Active In The Last 3 Days|Aluminum|Marble|Coal|Gold|Fish|Pigs|Water|Uranium|Wheat|Cattle|11153833|17583913|
429171|Inquisitor Gaunt|Cult Imperialis|Global Alliance And Treaty Organization|10003|12/21/2016 3:37:25 PM|Member|Monarchy|Taoism|Brown|10/23/2010 4:45:12 AM|14,150.45|13,999.99|4,000.000|War Mode|Water|Gold|0|136,296.648|3|48,000|547|0|25|Active In The Last 3 Days|Aluminum|Iron|Coal|Lumber|Marble|Lead|Oil|Rubber|Wheat|Uranium|2424703|4050564|
565552|Kayla Frost|Anselion|New Pacific Order|10000|10/28/2015 4:35:59 AM|Member|Transitional|None|Red|11/19/2014 11:58:26 PM|13,198.50|14,999.99|4,000.000|War Mode|Fish|Cattle|0|136,271.646|1|134,917|13,339|0|25|Active In The Last 3 Days|Aluminum|Marble|Coal|Uranium|Lead|Oil|Lumber|Iron|Wheat|Pigs|871544|1327748|
35424|kwenie|Pacifia|The Last Remnants|10098|6/21/2011 2:43:22 AM|Member|Revolutionary Government|Mixed|Maroon|8/10/2006 6:27:19 PM|16,004.64|12,999.99|0.000|War Mode|Water|Coal|0|136,034.311|5|39,807|0|0|25|Active In The Last 3 Days|Lumber|Lead|Lumber|Oil|||||||2576509|4381392|
617642|Major Charles Rane|Farnhams Freehold|The Legion|10020|4/3/2019 12:37:19 PM|Member|Democracy|Christianity|Purple|3/30/2019 3:30:21 AM|8,000.41|20,999.99|4,965.267|Peace Mode|Marble|Iron|0|135,993.726|1|195,822|19,562|50|25|Active This Week|Coal|Gold|Fish|Pigs|Lead|Oil|Lumber|Aluminum|Uranium|Wheat|1110841|1066825|
608616|Dogma|Jingle Land|Independent Republic Of Orange Nations|10004|11/7/2017 3:35:15 PM|Member|Revolutionary Government|Mixed|Orange|11/7/2017 2:34:02 PM|13,700.19|14,000.00|4,800.002|War Mode|Uranium|Wheat|0|135,811.118|5|50,258|5,000|0|25|Active Last Week|Aluminum|Sugar|Fish|Cattle|Iron|Water|Lumber|Pigs|Marble|Spices|826726|1850373|
374643|CHAKAKHAN|CHAKAVILLE|World Task Force|10053|2/25/2010 8:57:04 PM|Member|Democracy|Christianity|White|12/16/2009 6:59:52 AM|12,901.29|15,850.24|2,200.000|War Mode|Rubber|Lead|0|135,717.875|5|125,146|13,364|0|24|Active In The Last 3 Days|Coal|Oil|Gold|Wheat|Iron|Uranium|Pigs|Fish|Wheat|Water|2368593|3726913|
624696|Hershicus|DoomsDayShekels|Doom Squad|16454|9/13/2023 11:42:54 PM|Manager|Communist|Judaism|Black|9/25/2020 12:22:47 PM|7,100.21|18,999.99|11,252.390|War Mode|Iron|Lumber|0|135,513.396|1|229,769|22,617|0|25|Active In The Last 3 Days|Aluminum|Marble|Coal|Gold|Fish|Pigs|Lead|Uranium|Wheat|Oil|4997972|9085627|
84729|D.A.D.1|IGP Warriors|The Dark Templar|10056|12/29/2015 7:30:43 AM|Member|Monarchy|Hinduism|Black|12/25/2006 9:06:56 PM|14,700.78|14,999.99|2,000.005|Peace Mode|Spices|Sugar|0|135,483.863|5|130,000|0|0|25|Active In The Last 3 Days|Aluminum|Marble|Cattle|Wheat|Fish|Pigs|Iron|Lumber|Lead|Uranium|1337766|3589055|
89354|dougal4chaos|dougal4chaos|Viridian Entente|10010|2/19/2012 10:03:27 AM|Member|Capitalist|None|Green|1/7/2007 11:29:48 AM|17,613.21|9,964.12|4,300.000|War Mode|Cattle|Sugar|0|135,440.234|5|33,361|2,573|0|25|Active In The Last 3 Days|Iron|Lumber|Marble|Aluminum|Pigs|Spices|Uranium|Fish|Water|Wheat|3767001|6684780|
132232|Justin666|Pain nation 666|Non Grata|10097|6/11/2021 3:34:12 PM|Member|Capitalist|Christianity|Maroon|5/4/2007 5:06:44 PM|13,452.27|15,011.36|2,000.001|Peace Mode|Oil|Wheat|0|135,325.306|5|36,574|14,767|0|25|Active In The Last 3 Days|Aluminum|Marble|Coal|Gold|Fish|Pigs|Iron|Lumber|Lead|Uranium|8574993|19491141|
607118|Rafay|Republic of Pakistan|Independent Republic Of Orange Nations|10004|9/10/2017 6:02:27 AM|Member|Capitalist|None|Orange|9/10/2017 5:58:26 AM|14,000.18|13,999.99|2,900.000|War Mode|Lumber|Marble|4|135,317.571|5|61,405|5,318|0|25|Active In The Last 3 Days|Aluminum|Iron|Lead|Rubber|Oil|Gold|Uranium|Coal|Wheat|Fish|1924090|3639756|
21424|John Edward|Ardenchestia|New Pacific Order|10000|6/15/2006 9:34:38 PM|Member|Monarchy|Christianity|Red|6/15/2006 9:34:38 PM|14,197.34|14,999.00|0.000|War Mode|Lead|Oil|0|134,827.755|1|139,553|3,940|0|25|Active In The Last 3 Days|Aluminum|Marble|Cattle|Fish|Coal|Uranium|Lumber|Iron|Pigs|Wheat|3178800|4574557|
280326|Scytale|Tleilax|Fark|10002|5/14/2015 4:18:15 PM|Member|Democracy|Mixed|Aqua|11/18/2008 12:07:24 PM|11,703.51|19,999.99|0.462|War Mode|Gems|Fish|0|134,739.504|1|128,565|10,000|0|24|Active In The Last 3 Days|Furs|Aluminum|Gold|Silver|Lumber|Coal|Pigs|Wheat|Water|Uranium|15542559|25089488|
367998|Regent Talryn|Roof of the World|The Order Of The Black Rose|10045|11/13/2017 6:52:37 PM|Member|Revolutionary Government|Mixed|Black|11/8/2009 10:44:15 PM|6,200.22|31,000.00|6,000.000|War Mode|Lumber|Marble|0|134,701.083|5|85,000|0|0|0|Active In The Last 3 Days|Aluminum|Uranium|Coal|Fish|Oil|Wheat|Pigs|Gold|Rubber|Iron|305904|1121826|
376777|adhu84|Kin Land|Mostly Harmless Alliance|14879|10/1/2016 11:33:49 PM|Member|Totalitarian State|Islam|Aqua|12/28/2009 5:03:15 AM|15,710.83|13,428.10|0.000|War Mode|Gold|Marble|2|134,536.497|5|22,154|500|0|25|Active In The Last 3 Days|Coal|Lead|Lumber|Iron|Wheat|Uranium|Wine|Gems|||456179|2351006|
448981|Knight|Alliance of Knights|New Pacific Order|10000|4/5/2011 11:03:53 PM|Member|Transitional|Jainism|Red|3/3/2011 5:31:56 AM|16,655.10|14,428.56|348.628|War Mode|Coal|Uranium|0|134,398.332|5|41,960|0|0|25|Active In The Last 3 Days|Aluminum|Marble|Fish|Cattle|Iron|Lumber|Lead|Oil|Wheat|Pigs|3137191|4823093|
494289|Stoopid Ace|Smokehaven|Freehold of The Wolves|15157|7/31/2017 1:47:51 AM|Member|Democracy|Christianity|White|3/27/2012 10:53:32 PM|14,010.61|13,999.99|1,000.000|War Mode|Cattle|Pigs|0|134,340.853|1|139,141|13,750|0|25|Active In The Last 3 Days|Aluminum|Marble|Lumber|Iron|Spices|Sugar|Uranium|Fish|Wheat|Water|2926746|7709077|
630254|Venoxis|Anartektica|Post Grunge Supergroup|16367|2/11/2023 5:05:25 AM|Member|Democracy|Taoism|Brown|9/25/2021 5:24:32 PM|10,924.05|20,000.01|4,000.027|War Mode|Lumber|Sugar|0|134,133.178|2|51,144|0|0|25|Active In The Last 3 Days|Aluminum|Marble|Iron|Fish|Pigs|Cattle|Spices|Wheat|Water|Uranium|460743|917487|
376734|Darth Vicious|Coronia|The Legion|10020|1/22/2010 12:40:42 AM|Member|Democracy|Norse|Purple|12/27/2009 8:05:23 PM|13,477.22|12,969.81|4,601.469|War Mode|Lumber|Aluminum|0|134,064.463|5|114,076|11,201|1|25|Active Three Weeks Ago|Coal|Gold|Fish|Pigs|Lead|Oil|Marble|Iron|Uranium|Wheat|2474065|4424410|
606100|BlackKing|En Passant|Knights Of The Round Table|10092|7/29/2017 9:27:15 PM|Member|Monarchy|Christianity|Green|7/29/2017 9:18:02 PM|10,317.98|20,002.90|5,800.721|Peace Mode|Iron|Marble|0|133,947.703|5|43,900|0|0|25|Active In The Last 3 Days|Aluminum|Oil|Lead|Uranium|Lumber|Gold|Rubber|Coal|Wheat|Water|273334|341358|
348817|Carson|Renegade States|Orange Defense Network|17435|8/16/2025 1:36:41 PM|Member|Revolutionary Government|Mixed|Orange|8/4/2009 7:31:13 PM|11,709.43|20,008.98|900.029|War Mode|Spices|Sugar|0|133,939.839|1|96,035|0|0|23|Active In The Last 3 Days|Aluminum|Fish|Iron|Marble|Lumber|Water|Pigs|Cattle|Uranium|Wheat|3876456|4735156|
139990|BacTalan|NorseTurks|Global Alliance And Treaty Organization|10003|1/5/2017 5:49:47 PM|Member|Totalitarian State|Norse|Brown|5/29/2007 9:01:01 PM|13,116.71|14,999.90|4,007.745|War Mode|Lumber|Marble|0|133,659.862|5|35,000|0|0|25|Active In The Last 3 Days|Coal|Fish|Iron|Aluminum|Lead|Wheat|Oil|Rubber|Uranium|Gold|5517836|12279142|
17202|Cybolt|Time and Space|New Pacific Order|10000|5/25/2006 3:05:29 PM|Member|Capitalist|Mixed|Red|5/25/2006 3:05:29 PM|17,488.23|11,182.25|605.065|War Mode|Furs|Wine|0|133,527.656|1|106,498|11,086|0|25|Active In The Last 3 Days|Coal|Gold|Fish|Cattle|Lumber|Iron|Pigs|Wheat|Sugar|Spices|7130409|14711738|
629229|HopeFun|LimaPT|New Pacific Order|10000|7/28/2021 3:48:29 PM|Member|Capitalist|Judaism|Red|7/28/2021 3:32:35 PM|15,703.18|14,999.99|1,800.460|Peace Mode|Lead|Oil|0|133,395.335|5|19,958|448|0|25|Active In The Last 3 Days|Aluminum|Marble|Coal|Uranium|Fish|Cattle|Lumber|Iron|Pigs|Wheat|335892|1287553|
324421|Einer|Jesusland|Mostly Harmless Alliance|14879|10/1/2016 1:34:29 AM|Manager|Totalitarian State|Christianity|White|4/29/2009 4:35:29 PM|10,709.51|19,999.99|1,999.683|War Mode|Iron|Aluminum|0|132,797.633|1|192,530|0|0|25|Active In The Last 3 Days|Cattle|Lumber|Coal|Oil|Fish|Rubber|Gold|Lead|Marble|Uranium|16928665|25241150|
500817|jhesself|Capital Wasteland|The Last Remnants|10098|6/18/2013 2:51:38 PM|Member|Capitalist|None|Maroon|6/13/2012 8:08:33 PM|16,101.34|10,000.00|10,130.804|War Mode|Pigs|Iron|0|132,452.891|5|25,000|0|0|25|Active In The Last 3 Days|||||||||||189553|469995|
640324|Rniee|Petro Valley|The Wolves|16660|10/2/2023 12:45:56 PM|Member|Federal Government|Mixed|Maroon|9/29/2023 11:04:24 AM|6,400.06|16,999.99|17,409.285|War Mode|Coal|Gold|0|132,443.206|1|167,700|16,800|10|25|Active In The Last 3 Days|Aluminum|Marble|Fish|Uranium|Iron|Lumber|Lead|Oil|Pigs|Rubber|951403|1663721|
44714|Peonage|Lotharia|CLAWS|15841|7/17/2018 3:48:16 PM|Member|Monarchy|Taoism|Black|9/13/2006 11:16:48 PM|12,621.12|12,231.39|10,834.614|Peace Mode|Pigs|Fish|0|132,285.587|3|46,404|8,004|50|16|Active In The Last 3 Days|Lumber|Wheat|Marble|Aluminum|||||||405997|2034623|
254879|tnnnn|Turtle Empire|Global Alliance and Treaty Organization|10003|9/21/2008 4:37:07 AM|Member|Democracy|Mixed|Brown|8/15/2008 2:27:38 PM|9,409.00|20,009.98|4,115.000|Peace Mode|Coal|Fish|0|131,612.443|5|50,000|1,000|50|25|Active This Week|Iron|Aluminum|Lead|Wheat|Lumber|Marble|Oil|Rubber|Uranium|Gold|0|0|
478715|New Persia|New Pars|New Pacific Order|10000|3/22/2025 5:06:04 PM|Member|Communist|None|Red|10/25/2011 1:25:36 AM|14,331.48|14,999.99|2,000.002|War Mode|Iron|Lumber|0|131,206.528|1|136,957|0|0|25|Active In The Last 3 Days|Aluminum|Marble|Cattle|Fish|Oil|Lead|Water|Uranium|Wheat|Pigs|2099973|3628599|
242836|BozDaBoz|CoastalBendatia|Fark|10002|7/4/2008 4:09:22 AM|Member|Monarchy|Christianity|Aqua|7/3/2008 8:42:19 PM|10,605.65|16,999.99|3,300.000|Peace Mode|Uranium|Aluminum|0|131,096.653|5|154,670|15,000|0|24|Active In The Last 3 Days|Iron|Wheat|Lumber|Cattle|Marble|Fish|Pigs|Spices|Water|Sugar|7109647|13257379|
588171|Justine27|Zeronia|New Polar Order|10006|2/26/2016 7:12:41 PM|Member|Capitalist|Christianity|Blue|2/26/2016 7:10:03 PM|14,399.96|14,999.99|999.193|Peace Mode|Fish|Uranium|0|130,968.558|5|40,000|0|0|25|Active In The Last 3 Days|Aluminum|Marble|Cattle|Pigs|Coal|Oil|Iron|Sugar|Lumber|Water|1414611|2545680|
38760|Daedalus27|Daedalistan|Global Alliance and Treaty Organization|10003|8/13/2009 6:00:50 PM|Member|Democracy|Christianity|Brown|8/21/2006 6:33:28 PM|13,928.16|13,999.99|1,600.031|War Mode|Aluminum|Iron|0|130,639.202|1|30,670|0|0|25|Active In The Last 3 Days|Coal|Lumber|Marble|Lead|Oil|Rubber|Water|Gold|Wheat|Uranium|4027195|6741197|
9093|Hannibal Vess|Mimetica|Old Guard|11296|10/5/2023 4:58:15 PM|Member|Democracy|Taoism|Blue|4/9/2006 1:50:08 PM|12,971.31|14,012.51|3,347.763|War Mode|Wheat|Coal|0|130,516.817|5|111,258|2,873|0|25|Active In The Last 3 Days|Cattle|Rubber|Lumber|Iron|Oil|Aluminum|Uranium|Water|Wine|Marble|658998|1435561|
583069|Embowaf|Ilium|Mostly Harmless Alliance|14879|10/1/2016 4:23:06 AM|Member|Totalitarian State|Shinto|Aqua|10/15/2015 2:35:20 AM|8,900.40|19,999.99|6,003.143|War Mode|Cattle|Lumber|0|130,376.695|5|60,000|0|0|25|Active In The Last 3 Days|Aluminum|Pigs|Iron|Wheat|Marble|Uranium|Sugar|Spices|Water|Fish|1355818|2213447|
545689|Vexalor|Sarinthia|Orange Defense Network|17435|9/13/2025 11:47:40 PM|Member|Capitalist|Mixed|Orange|2/1/2014 6:27:42 PM|9,006.00|20,001.92|6,584.198|War Mode|Marble|Aluminum|0|130,237.053|5|38,000|0|0|25|Active In The Last 3 Days|||||||||||53967|315747|
522260|kalev60|Hiiumaa|New Pacific Order|10000|4/27/2013 6:30:26 PM|Member|Capitalist|Norse|Red|3/7/2013 3:18:49 PM|16,231.50|13,999.99|0.000|War Mode|Fish|Cattle|0|130,187.449|5|39,000|0|0|25|Active In The Last 3 Days|Lumber|Iron|Pigs|Wheat|Silver|Gems|Sugar|Spices|Water|Uranium|1366041|2800547|
254775|Bionic redhead|Bionicus|Non Grata|10097|5/19/2025 4:25:25 AM|Member|Anarchy|Norse|Aqua|8/15/2008 7:29:52 AM|10,993.95|16,842.60|4,176.288|War Mode|Lumber|Cattle|4|130,144.610|1|177,696|17,496|0|12|Active In The Last 3 Days|Iron|Wheat|Marble|Fish|Pigs|Spices|Uranium|Aluminum|Water|Sugar|9687712|12424914|
239516|xAegisx|The Dark Lands|AGW Overlords|10043|4/25/2009 4:42:46 PM|Member|Federal Government|Christianity|Black|6/22/2008 7:06:14 PM|11,519.48|17,000.00|1.183|War Mode|Iron|Aluminum|0|130,042.571|1|101,790|12,813|1|25|Active In The Last 3 Days|Coal|Marble|Gold|Fish|Oil|Rubber|Uranium|Wheat|Water|Lumber|1546691|2644599|
219727|danhawk|sonyevilempire|The Imperial Order|10082|10/10/2012 1:05:31 AM|Manager|Capitalist|Shinto|Blue|4/12/2008 9:27:57 PM|10,062.60|16,999.99|8,118.302|War Mode|Aluminum|Marble|0|130,040.121|5|168,204|16,785|0|25|Active In The Last 3 Days|Fish|Uranium|Gold|Coal|Iron|Lumber|Lead|Oil|Pigs|Rubber|1781406|3597208|
542117|Killerbankz|HellOnEarth|New Pacific Order|10000|12/8/2013 6:00:43 PM|Member|Transitional|Christianity|Red|12/8/2013 1:56:48 PM|16,303.97|12,999.99|1,600.000|War Mode|Aluminum|Marble|0|130,009.832|1|42,000|0|0|25|Active In The Last 3 Days|Coal|Uranium|Fish|Cattle|Lumber|Iron|Oil|Lead|Wheat|Pigs|2805005|10697823|
607597|LukeDiamondking|Kosletraf Empire|The Greater Confederacy|16370|7/1/2020 1:05:32 PM|Manager|Communist|Mixed|Green|9/27/2017 6:23:08 PM|8,401.87|19,999.99|2,461.922|War Mode|Oil|Rubber|0|129,813.396|1|185,939|17,387|5|25|Active In The Last 3 Days|Aluminum|Lumber|Gold|Coal|Iron|Marble|Uranium|Lead|Wheat|Water|216604|254218|
241126|cbuzz24|Angle|Viridian Entente|10010|6/4/2015 10:02:38 PM|Member|Communist|Christianity|Green|6/27/2008 5:26:03 AM|16,306.93|11,066.86|2,000.000|War Mode|Spices|Pigs|0|129,794.236|1|30,200|0|41|13|Active In The Last 3 Days|Cattle|Sugar|Lumber|Iron|Marble|Fish|Water|Aluminum|Wheat|Uranium|482758|712083|
262199|Bob|Beta Site|The Dark Templar|10056|5/31/2012 10:05:33 AM|Manager|Anarchy|Jainism|Black|9/8/2008 4:59:50 PM|14,881.08|10,203.09|3,320.845|War Mode|Aluminum|Marble|0|129,769.245|1|112,146|10,602|0|25|Active In The Last 3 Days|Fish|Wheat|Gold|Coal|Lumber|Iron|Rubber|Oil|Uranium|Lead|2871830|5466192|
474935|Enabran Tain|Obsidian Order|Non Grata|10097|5/28/2020 5:14:40 PM|Member|Totalitarian State|Islam|Maroon|9/18/2011 2:30:43 PM|11,847.45|19,999.99|1,323.107|Peace Mode|Iron|Lumber|0|129,631.892|5|50,000|0|0|25|Active In The Last 3 Days|Aluminum|Marble|Coal|Gold|Lead|Uranium|Oil|Wheat|Pigs|Fish|3644999|6138382|
147284|Magicninja|Grundy|Global Alliance And Treaty Organization|10003|4/18/2012 9:36:54 PM|Member|Communist|None|Brown|6/19/2007 3:40:50 AM|14,558.49|10,843.50|5,176.828|War Mode|Lumber|Sugar|0|129,573.191|1|30,000|0|0|25|Active In The Last 3 Days|Aluminum|Marble|Iron|Fish|Pigs|Cattle|Spices|Wheat|Uranium|Water|7431508|9354044|
613707|Fissure|Dubrovkin|The Legion|10020|7/17/2018 1:06:55 PM|Member|Dictatorship|Jainism|Purple|7/16/2018 4:04:47 PM|8,005.12|25,500.00|3,623.156|Peace Mode|Aluminum|Lumber|0|129,557.979|5|67,383|0|0|25|Active In The Last 3 Days|Fish|Wheat|Gold|Coal|Iron|Marble|Oil|Pigs|Uranium|Lead|610885|1675962|
530268|DassaultRafale|Red Dominique|Sparta|10008|6/20/2013 1:19:35 AM|Member|Monarchy|Christianity|Black|6/19/2013 12:31:55 AM|8,701.20|18,007.95|5,900.000|War Mode|Marble|Lead|0|129,520.055|5|130,000|16,076|8|25|Active This Week|Pigs|Sugar|||||||||1206296|3378911|
354208|DeadASS|Lance|The Legion|10020|11/6/2011 3:15:04 PM|Member|Capitalist|None|Purple|8/30/2009 10:34:59 AM|15,000.35|13,999.99|522.587|Peace Mode|Coal|Gold|0|129,483.385|5|40,889|0|0|25|Active In The Last 3 Days|Aluminum|Lumber|Fish|Wheat|Iron|Marble|Lead|Uranium|Oil|Pigs|367011|1169616|
632798|KYBALION|HVITIRDREKAR|Knights Of The Round Table|10092|3/22/2022 2:07:07 PM|Member|Transitional|Norse|Green|3/22/2022 1:51:01 PM|9,000.17|16,000.00|9,000.000|War Mode|Aluminum|Iron|0|129,278.220|1|153,018|16,010|0|25|Active In The Last 3 Days|Coal|Wheat|Gold|Uranium|Lead|Rubber|Lumber|Marble|Oil|Water|640675|816407|
240549|Codark|Codainia|Freehold of The Wolves|15157|10/29/2017 12:51:38 AM|Manager|Communist|Mixed|White|6/24/2008 8:58:40 PM|10,494.67|13,969.02|9,000.000|War Mode|Aluminum|Marble|0|129,046.903|1|135,304|13,514|0|25|Active In The Last 3 Days|Cattle|Pigs|Lumber|Iron|Sugar|Spices|Uranium|Fish|Wheat|Water|6600332|10886548|
269002|sojourner|Logos|The Templar Knights|10012|3/19/2017 1:14:57 PM|Member|Revolutionary Government|None|Maroon|10/4/2008 2:37:07 PM|11,122.67|18,131.22|400.029|War Mode|Uranium|Lumber|0|128,982.688|1|162,822|16,171|50|22|Active In The Last 3 Days|Fish|Sugar|Iron|Aluminum|Pigs|Spices|Wheat|Water|||2196811|3236682|
626980|Aspire|AspireFerty|Non Grata|10097|10/28/2024 9:24:49 PM|Member|Transitional|Judaism|Maroon|3/12/2021 7:36:53 AM|11,400.90|19,999.99|3,100.002|Peace Mode|Wheat|Oil|0|128,964.453|5|53,000|0|0|25|Active In The Last 3 Days|Aluminum|Marble|Coal|Gold|Iron|Lumber|Pigs|Fish|Uranium|Lead|4262769|8248416|
466880|Pesticide|Vermin|New Polar Order|10006|7/14/2014 8:36:12 AM|Member|Monarchy|Confucianism|Blue|7/9/2011 12:35:11 AM|14,838.00|13,999.99|0.024|Peace Mode|Lead|Oil|0|128,822.552|5|36,628|0|0|25|Active In The Last 3 Days|Aluminum|Marble|Coal|Gold|Fish|Uranium|Iron|Lumber|Pigs|Rubber|1771370|2914793|
231614|Frey the Great|Freytopia|The Legion|10020|5/29/2008 11:52:26 PM|Member|Capitalist|Christianity|Purple|5/26/2008 11:22:26 PM|11,710.10|16,999.99|1,200.130|Peace Mode|Fish|Wheat|0|128,755.799|5|44,506|0|0|25|Active In The Last 3 Days|Aluminum|Lumber|Coal|Gold|Iron|Marble|Lead|Oil|Uranium|Pigs|3361654|6098873|
106780|JeffreyScott|Kingdom of Alaska|Fark|10002|2/13/2007 9:59:36 PM|Member|Communist|Confucianism|Aqua|2/13/2007 9:59:36 PM|16,200.10|10,010.47|2,000.000|Peace Mode|Fish|Lumber|0|128,603.588|5|29,213|4,712|17|19|Active In The Last 3 Days|Aluminum|Pigs|Cattle|Spices|Iron|Water|Marble|Uranium|Sugar|Wheat|487027|2436250|
514274|stonybeast|Los Reyes|Nordreich|11319|12/2/2013 6:11:50 AM|Member|Capitalist|Mixed|Maroon|12/6/2012 4:40:38 PM|12,899.89|12,099.99|7,532.429|Peace Mode|Lumber|Uranium|0|128,479.395|5|28,317|0|0|25|Active In The Last 3 Days|Aluminum|Marble|Coal|Oil|Gold|Iron|Lead|Rubber|Wheat|Water|586860|1126116|
515093|GoldenAura|Communist Crackous|New Pacific Order|10000|1/8/2013 7:14:11 PM|Member|Revolutionary Government|Buddhism|Red|12/16/2012 8:00:38 PM|13,969.38|12,999.99|2,000.000|Peace Mode|Spices|Sugar|0|128,311.853|5|30,000|0|0|25|Active In The Last 3 Days|Fish|Cattle|Gems|Silver|Lumber|Iron|Pigs|Wheat|Uranium|Water|2477367|4875514|
314185|Rhizoctonia|Rhizoctonia|Non Grata|10097|3/18/2021 1:54:38 PM|Member|Anarchy|Christianity|Maroon|3/23/2009 8:16:44 PM|9,012.00|16,778.07|7,596.240|War Mode|Marble|Aluminum|57|128,263.962|4|165,416|16,519|1|21|Active In The Last 3 Days|Coal|Gold|Iron|Lumber|Oil|Wheat|Pigs|Fish|Uranium|Lead|7174373|12961657|
495372|iSocialism|iSocialism|Moose|17263|5/23/2024 5:36:51 PM|Manager|Revolutionary Government|Christianity|Orange|4/9/2012 10:32:31 PM|15,308.93|10,999.99|178.886|War Mode|Fish|Cattle|0|127,977.104|5|106,318|10,489|0|25|Active In The Last 3 Days|Aluminum|Sugar|Iron|Water|Lumber|Pigs|Marble|Spices|Uranium|Wheat|2719271|4035907|
163031|MasterChief777|The New Empire|Global Alliance And Treaty Organization|10003|12/26/2015 5:27:54 PM|Member|Monarchy|None|Brown|9/1/2007 7:16:03 PM|18,219.14|7,999.00|0.623|War Mode|Iron|Aluminum|0|127,890.439|5|18,091|0|0|25|Active In The Last 3 Days|Fish|Coal|Gold|Lumber|Lead|Marble|Oil|Rubber|Wheat|Uranium|2474503|5012808|
511698|hailkirk10|Kirklan|New Pacific Order|10000|8/15/2017 10:02:22 AM|Member|Capitalist|None|Red|11/4/2012 7:14:36 PM|14,682.99|13,999.99|0.011|Peace Mode|Fish|Cattle|0|127,859.919|5|40,000|0|0|20|Active In The Last 3 Days|Aluminum|Marble|Coal|Uranium|Lumber|Iron|Oil|Lead|Wheat|Pigs|1163051|3182667|
346540|Purplemoon|Lunar|Shangri La|13799|6/15/2015 4:44:47 PM|Manager|Communist|Buddhism|White|7/27/2009 5:45:52 AM|12,611.92|16,999.99|2,534.363|War Mode|Fish|Water|0|127,239.483|5|69,168|5,000|0|20|Active In The Last 3 Days|Aluminum|Marble|Cattle|Pigs|Iron|Lumber|Spices|Sugar|Uranium|Wheat|9702|190553|
16124|Hatterson|Hamlin|New Pacific Order|10000|8/12/2008 9:02:35 AM|Member|Anarchy|Christianity|Red|5/21/2006 1:33:31 PM|12,358.60|14,769.66|0.000|War Mode|Uranium|Water|0|127,237.274|1|142,754|13,126|0|25|Active In The Last 3 Days|Fish|Cattle|Gems|Silver|Lumber|Iron|Pigs|Wheat|Spices|Sugar|3941866|8798266|
254442|Oddballalex|Alexville|CLAWS|15841|4/28/2021 12:41:08 PM|Member|Monarchy|Christianity|Black|8/14/2008 3:00:21 AM|12,300.64|12,999.27|4,100.000|War Mode|Iron|Lumber|0|127,235.530|1|128,355|8,762|40|25|Active In The Last 3 Days|Aluminum|Marble|Gold|Water|Lead|Uranium|Rubber|Oil|Wheat|Coal|955355|3337953|
326605|c0creat0r|Primerica|NATO|10037|9/5/2009 4:18:05 PM|Member|Democracy|Confucianism|Blue|5/7/2009 12:23:01 AM|18,018.82|9,999.00|0.000|War Mode|Aluminum|Marble|0|126,883.560|5|27,123|0|0|25|Active In The Last 3 Days|Coal|Gold|Fish|Uranium|Iron|Lumber|Lead|Oil|Pigs|Rubber|961233|2341205|
23916|Lady Stella|Schnitzelburg|The Order Of The Black Rose|10045|5/14/2008 4:51:48 PM|Manager|Capitalist|Christianity|Black|6/30/2006 4:48:34 PM|18,768.55|7,100.00|3,500.000|War Mode|Pigs|Gold|0|126,882.759|5|12,000|0|0|25|Active In The Last 3 Days|Coal|Fish|Iron|Lead|Silver|Oil|||||361173|887884|
18236|javaswiller|swillerland|Freehold of The Wolves|15157|10/27/2017 1:42:54 PM|Member|Communist|Christianity|White|5/29/2006 2:13:14 PM|10,220.57|14,877.40|6,011.073|War Mode|Iron|Coal|27|126,329.712|1|131,992|13,082|0|25|Active In The Last 3 Days|Lumber|Oil|Marble|Lead|Rubber|Gold|Uranium|Water|Wheat|Aluminum|5156400|9629132|
636711|Praetor Cuddles|Romulan Star Empire|New Pacific Order|10000|12/12/2022 12:56:32 PM|Member|Transitional|Judaism|Red|12/12/2022 12:39:10 PM|12,458.77|11,967.78|5,563.821|War Mode|Coal|Uranium|0|126,101.825|1|111,820|10,993|0|25|Active In The Last 3 Days|Cattle|Fish|Furs|Wine|Gems|Silver|Oil|Lead|Wheat|Pigs|1427832|2273828|
22121|spartan 84|UNSC Reach|Non Grata|10097|11/20/2023 2:48:59 PM|Member|Capitalist|Christianity|Maroon|6/20/2006 7:06:52 AM|10,290.61|17,999.99|2,720.226|Peace Mode|Aluminum|Marble|0|125,491.440|1|194,153|0|0|25|Active In The Last 3 Days|Coal|Gold|Iron|Lumber|Lead|Uranium|Pigs|Fish|Wheat|Oil|8967864|16825772|
487772|reloadmvp|HAGVille|New Pacific Order|10000|10/12/2015 8:42:40 PM|Member|Monarchy|Baha'i Faith|Red|1/20/2012 7:07:59 PM|10,554.93|19,391.38|3,815.285|Peace Mode|Sugar|Spices|0|125,372.350|1|56,838|6,596|0|25|Active In The Last 3 Days|Aluminum|Marble|Cattle|Fish|Iron|Lumber|Uranium|Water|Wheat|Pigs|456210|711547|
155031|joanne1|Tweetypie|Non Grata|10097|6/11/2021 4:51:16 PM|Member|Capitalist|Voodoo|Maroon|7/20/2007 6:22:15 AM|9,508.60|16,999.99|2,300.001|Peace Mode|Pigs|Fish|0|125,059.811|1|167,452|16,364|0|25|Active This Week|Aluminum|Marble|Coal|Gold|Iron|Lumber|Lead|Uranium|Wheat|Oil|7874314|15215749|
564085|moonshiner|whiskey island|New Polar Order|10006|11/3/2014 6:54:21 AM|Member|Revolutionary Government|Mixed|Blue|10/29/2014 12:42:53 PM|12,638.52|15,500.68|1,267.561|Peace Mode|Lumber|Iron|0|125,046.077|5|47,504|0|0|25|Active In The Last 3 Days|Aluminum|Marble|Coal|Gold|Fish|Uranium|Lead|Oil|Pigs|Rubber|1513739|2809953|
636601|Wolfbite|Caffinated Wolves|Independent Republic Of Orange Nations|10004|12/8/2022 2:46:03 AM|Member|Monarchy|Taoism|Orange|12/5/2022 4:34:13 PM|11,603.32|14,000.00|5,100.050|War Mode|Marble|Coal|0|124,851.676|5|60,000|0|0|25|Active In The Last 3 Days|Aluminum|Gold|Fish|Wheat|Iron|Lead|Lumber|Uranium|Oil|Rubber|1329639|2351695|
622221|cobwebbyarc6|Dasein|Doom Squad|16454|4/25/2025 6:42:21 PM|Member|Totalitarian State|None|Black|4/2/2020 5:56:16 PM|16,427.00|8,999.99|2,489.926|Peace Mode|Fish|Pigs|0|124,667.476|1|103,880|0|0|25|Active In The Last 3 Days|Aluminum|Marble|Cattle|Wheat|Iron|Lumber|Sugar|Spices|Water|Uranium|2132999|3199908|
603443|Crayon King|Aloyarc|New Pacific Order|10000|4/24/2017 2:10:15 PM|Member|Revolutionary Government|Mixed|Red|4/24/2017 2:05:31 PM|12,955.90|13,918.16|1,791.740|War Mode|Aluminum|Marble|0|124,665.997|1|120,065|11,887|0|25|Active In The Last 3 Days|Coal|Uranium|Fish|Cattle|Iron|Lumber|Lead|Oil|Wheat|Pigs|429101|1720980|
642792|Gipper|Arverni|New Pacific Order|10000|9/26/2025 10:10:37 AM|Pending|Monarchy|Christianity|Red|4/11/2024 11:51:21 AM|7,958.19|14,000.00|21,780.323|Peace Mode|Coal|Uranium|0|124,397.619|5|44,010|3,105|10|25|Active In The Last 3 Days|Lumber|Cattle|||||||||0|59341|
234369|EaTeMuP|EatemVille|Non Grata|10097|9/10/2025 3:35:41 PM|Member|Anarchy|Voodoo|Blue|6/4/2008 10:13:01 PM|9,157.84|18,036.13|1,508.882|War Mode|Iron|Lumber|26|124,226.254|1|168,406|16,686|0|22|Active In The Last 3 Days|Aluminum|Marble|Coal|Gold|Fish|Uranium|Lead|Oil|Pigs|Rubber|10616006|19993703|
543701|AlphaDio|Landreth|New Pacific Order|10000|1/3/2014 12:27:20 AM|Member|Communist|None|Red|1/2/2014 6:34:07 PM|11,883.43|15,603.15|1,818.540|War Mode|Pigs|Wheat|0|123,835.851|1|141,928|13,831|0|25|Active In The Last 3 Days|Fish|Cattle|Gems|Silver|Lumber|Iron|Spices|Sugar|Water|Uranium|2216358|4937468|
317431|Evileel|ell pond|Sparta|10008|3/11/2010 12:40:04 AM|Member|Democracy|Buddhism|Black|4/4/2009 2:18:10 PM|15,893.84|9,999.99|3,200.000|War Mode|Iron|Lumber|0|123,732.713|5|25,676|0|0|19|Active In The Last 3 Days|Aluminum|Coal|Fish|Gold|Marble|Oil|Rubber|Water|Wheat|Uranium|9069119|19602681|
48199|Friendly_hazard|Pegasus|Old Guard|11296|11/25/2013 9:55:31 PM|Member|Capitalist|None|Blue|9/24/2006 10:47:57 PM|9,399.88|15,999.99|7,018.032|Peace Mode|Fish|Uranium|0|123,346.033|5|55,000|6,123|0|25|Active In The Last 3 Days|Aluminum|Marble|Coal|Gold|Iron|Lumber|Lead|Oil|Pigs|Rubber|243704|2227554|
592036|LordSanix|Citroto|Freehold of The Wolves|15157|7/15/2017 1:31:13 PM|Member|Communist|Christianity|White|5/29/2016 4:57:50 PM|11,655.78|14,380.30|853.408|War Mode|Lumber|Iron|0|123,316.428|1|130,425|12,831|0|25|Active In The Last 3 Days|Aluminum|Marble|Cattle|Pigs|Spices|Sugar|Uranium|Fish|Wheat|Water|2373403|4193066|
81564|constablepotato|Potatoland|Freehold of The Wolves|15157|10/27/2017 8:17:00 PM|Manager|Republic|Shinto|White|12/18/2006 4:49:17 PM|13,979.80|9,718.38|3,044.092|War Mode|Aluminum|Marble|26|123,184.087|1|96,391|9,355|0|25|Active In The Last 3 Days|Iron|Lumber|Pigs|Cattle|Sugar|Spices|Uranium|Water|Wheat|Fish|2826149|5410128|
628653|Freyz|Mittlemazigste|Knights Of The Round Table|10092|9/23/2021 7:43:18 PM|Member|Monarchy|None|Green|6/21/2021 3:09:18 AM|9,400.16|17,999.99|3,229.834|War Mode|Coal|Iron|0|122,920.834|5|72,028|2,949|2|25|Active This Week|Gold|Oil|Lead|Rubber|Lumber|Marble|Uranium|Water|Wheat|Aluminum|406157|2396153|
86547|Yir Yoronti|Fen Domar|The Order Of The Paradox|10016|1/22/2010 5:30:02 PM|Manager|Democracy|None|Pink|1/1/2007 9:10:20 AM|14,475.82|11,999.00|650.000|Peace Mode|Rubber|Coal|0|122,473.186|5|41,568|1,153|0|25|Active Last Week|Aluminum|Lead|Fish|Marble|Gold|Oil|Iron|Lumber|Uranium|Wheat|1260642|2789466|
627118|Shabalabadingdong|Shabnation|Post Grunge Supergroup|16367|2/12/2023 3:25:22 PM|Member|Capitalist|None|Yellow|3/21/2021 1:10:12 PM|13,860.40|13,999.99|2,628.531|War Mode|Marble|Fish|0|122,165.373|1|33,531|0|0|25|Active In The Last 3 Days|Cattle|Pigs|Iron|Lumber|Sugar|Spices|Uranium|Aluminum|Water|Wheat|1117766|2609293|
342332|Hellhound|MythDranor|WWF|14310|12/28/2015 9:52:53 AM|Manager|Capitalist|Mixed|Green|7/12/2009 11:40:56 AM|13,499.88|11,999.99|900.656|War Mode|Fish|Pigs|0|122,008.961|5|77,681|0|0|25|Active In The Last 3 Days|Aluminum|Iron|Cattle|Uranium|Marble|Lumber|Sugar|Spices|Water|Wheat|2389734|2513093|
180468|The Ballycraigy One|Ballycraigy|Post Grunge Supergroup|16367|6/18/2021 1:50:21 AM|Member|Communist|Buddhism|Brown|11/10/2007 11:00:00 PM|4,189.20|22,014.24|12,297.287|War Mode|Lumber|Sugar|0|121,912.790|5|119,817|11,834|22|25|Active In The Last 3 Days|Aluminum|Marble|Cattle|Pigs|Fish|Uranium|Iron|Water|Spices|Wheat|170359|3389457|
109963|Tezkat|Throne of the Jaguar|CLAWS|15841|7/17/2020 11:45:28 AM|Member|Capitalist|Voodoo|Black|2/19/2007 9:25:37 PM|8,039.88|20,099.99|1,314.250|War Mode|Aluminum|Marble|0|121,711.313|5|59,648|4,163|0|25|Active In The Last 3 Days|Coal|Gold|Iron|Lumber|Lead|Uranium|Oil|Rubber|Wheat|Fish|2572148|4454335|
460564|Mythrind|Vivum Shogunate|Knights Of The Round Table|10092|7/11/2025 8:17:52 AM|Member|Monarchy|Shinto|Green|5/18/2011 5:38:48 PM|7,199.78|22,299.99|6,285.828|War Mode|Water|Wheat|0|121,617.605|5|50,000|0|0|24|Active More Than Three Weeks Ago|Aluminum|Coal|Gold|Marble|Iron|Rubber|Lumber|Lead|Oil|Uranium|713729|966174|
632434|Stineamania|Nowitme|Post Grunge Supergroup|16367|2/27/2022 8:42:39 AM|Member|Monarchy|Christianity|Brown|2/26/2022 12:30:16 PM|9,804.61|15,999.99|4,801.637|War Mode|Iron|Sugar|0|121,519.021|1|46,428|0|0|25|Active In The Last 3 Days|Aluminum|Marble|Lumber|Pigs|Spices|Fish|Uranium|Water|Wheat|Cattle|1145025|2569393|
346487|phate408|Belgrade|The Legion|10020|2/20/2024 12:03:28 AM|Member|Anarchy|None|Purple|7/27/2009 2:03:09 AM|12,420.75|13,697.38|1,328.157|War Mode|Iron|Marble|0|121,341.085|1|41,748|9,165|0|25|Active In The Last 3 Days|Aluminum|Lumber|Gold|Coal|Oil|Pigs|Uranium|Lead|Wheat|Fish|1939566|3808221|
170471|Smurthwaite|Smurthwaite|Nuclear Proliferation League|17228|4/20/2024 12:58:23 PM|Manager|Anarchy|Christianity|Aqua|10/3/2007 6:24:14 PM|5,498.04|17,552.44|11,973.302|War Mode|Iron|Lumber|0|121,271.504|1|172,981|17,286|0|25|Active In The Last 3 Days|Aluminum|Marble|Fish|Uranium|Pigs|Cattle|Spices|Sugar|Water|Wheat|2850205|4789816|
343509|Marcus Lucianus|Valerian|The Grand Lodge of Freemasons|10029|7/16/2009 6:33:01 PM|Member|Monarchy|Christianity|Orange|7/16/2009 6:28:32 PM|16,118.44|11,999.19|790.507|War Mode|Marble|Lead|0|120,721.278|5|26,788|0|0|10|Active This Week|Iron|Aluminum|Lumber|Wheat|Oil|Rubber|||||1059662|1589392|
578954|Rydin|Vundf|Freehold of The Wolves|15157|1/17/2019 4:11:25 AM|Member|Capitalist|None|White|7/18/2015 2:24:44 PM|14,106.02|7,999.99|4,700.000|Peace Mode|Fish|Uranium|0|120,585.469|1|93,491|9,103|0|25|Active In The Last 3 Days|Aluminum|Marble|Cattle|Pigs|Lumber|Iron|Sugar|Spices|Wheat|Water|2456661|5282514|
362361|Gofast2006|Pioneer Village|Nuclear Proliferation League|17228|5/9/2024 2:49:33 PM|Manager|Anarchy|Christianity|Aqua|10/9/2009 4:42:14 PM|7,319.07|18,283.47|3,728.080|War Mode|Aluminum|Marble|0|120,389.155|1|180,105|17,506|0|24|Active In The Last 3 Days|Fish|Uranium|Iron|Lumber|Pigs|Cattle|Spices|Sugar|Water|Wheat|2151437|4564363|
595178|Pyroponce|Apostolica|The Legion|10020|8/30/2016 11:31:32 AM|Member|Communist|Christianity|Purple|8/25/2016 9:01:37 PM|20,456.26|2,000.00|0.000|War Mode|Oil|Pigs|0|120,327.876|5|14,580|0|0|23|Active In The Last 3 Days|Coal|Gold|Lead|Uranium|||||||1549125|2911358|
322849|BLITZ1|BLITZKRIEG THE FIRST|Freehold of The Wolves|15157|8/1/2017 6:22:35 AM|Member|Capitalist|Mixed|White|4/24/2009 10:33:10 AM|10,732.70|13,068.13|4,479.679|War Mode|Aluminum|Marble|0|120,168.600|1|132,959|6,510|48|25|Active In The Last 3 Days|Cattle|Pigs|Lumber|Iron|Spices|Sugar|Uranium|Fish|Wheat|Water|101648|2825536|
584157|Sheekyz|Kingdom Of Xe|Non Grata|10097|5/5/2025 3:50:00 PM|Member|Monarchy|Mixed|Maroon|11/11/2015 12:55:10 AM|4,800.37|16,999.99|17,063.263|Peace Mode|Wheat|Oil|0|120,111.716|5|45,000|8,000|50|25|Active In The Last 3 Days|Coal|Gold|Fish|Pigs|Lumber|Iron|Marble|Aluminum|Uranium|Lead|3689|0|
432428|Kentucky Colonel|Silver Grove|Swash Plates And Tail Rotors|10126|11/18/2018 2:25:40 PM|Manager|Capitalist|Mixed|Maroon|11/16/2010 3:07:06 PM|400.25|26,932.69|5,736.202|War Mode|Wheat|Oil|0|119,407.673|1|253,134|25,132|0|25|Active In The Last 3 Days|Aluminum|Iron|Fish|Uranium|Gold|Pigs|Lumber|Coal|Marble|Lead|464804|843398|
567361|GradyTheGreat|Secundo Tonku|CLAWS|15841|2/25/2025 7:06:07 AM|Member|Communist|None|Black|12/20/2014 3:33:56 PM|12,322.60|12,999.99|2,187.190|War Mode|Lumber|Iron|0|119,364.747|1|29,299|0|0|25|Active In The Last 3 Days|Aluminum|Marble|Cattle|Wheat|Coal|Gold|Pigs|Fish|Uranium|Water|674149|1832912|
545718|asacavanagh|Sirius|The Legion|10020|2/16/2014 6:13:46 AM|Member|Dictatorship|Judaism|Purple|2/2/2014 4:57:40 AM|2,568.14|18,348.82|28,039.140|Peace Mode|Wheat|Fish|0|119,317.791|5|52,796|1,330|0|20|Active In The Last 3 Days|Aluminum|Lumber|Gold|Coal|Iron|Marble|Oil|Pigs|Uranium|Lead|106262|603941|
129324|King Irwin|Irwinland|The Templar Knights|10012|4/27/2007 8:34:33 PM|Member|Totalitarian State|Voodoo|Maroon|4/27/2007 8:34:33 PM|10,390.11|15,899.99|2,100.000|War Mode|Wheat|Water|0|119,240.532|5|28,250|0|0|24|Active In The Last 3 Days|Cattle|Marble|Fish|Sugar|Iron|Aluminum|Pigs|Spices|Uranium|Lumber|9834342|15886876|
261397|Rampage3|United Liberocracy|Nuclear Proliferation League|17228|5/9/2024 5:34:43 PM|Manager|Anarchy|Mixed|Aqua|9/5/2008 10:55:26 PM|6,979.06|16,086.23|11,176.947|War Mode|Pigs|Cattle|30|118,624.977|1|161,999|15,653|1|25|Active In The Last 3 Days|Aluminum|Marble|Fish|Uranium|Iron|Lumber|Spices|Sugar|Water|Wheat|2732839|4950613|
428260|Warden|Llama Land|NATO|10037|5/26/2011 8:52:13 PM|Manager|Communist|Judaism|Blue|10/16/2010 10:40:43 AM|9,434.46|14,999.99|3,575.566|War Mode|Coal|Gold|0|118,330.664|1|156,122|15,564|0|25|Active In The Last 3 Days|Aluminum|Marble|Fish|Uranium|Iron|Lumber|Lead|Oil|Pigs|Rubber|1882896|3047078|
541983|CVO|Kush|NATO|10037|1/1/2021 11:21:11 AM|Member|Totalitarian State|Christianity|Blue|12/6/2013 4:21:55 PM|8,076.27|17,999.99|7,224.006|Peace Mode|Aluminum|Marble|0|118,117.324|1|55,000|0|0|25|Active In The Last 3 Days|Coal|Gold|Fish|Uranium|Iron|Lumber|Lead|Oil|Pigs|Rubber|1775621|3718967|
569819|kker22|Darkram|The Legion|10020|2/4/2015 7:42:13 PM|Member|Anarchy|Judaism|Purple|2/2/2015 7:10:49 PM|2,492.48|20,836.13|18,007.114|War Mode|Lead|Oil|0|118,110.702|3|82,543|742|0|25|Active In The Last 3 Days|Aluminum|Lumber|Coal|Gold|Fish|Wheat|Iron|Marble|Uranium|Pigs|978329|2023094|
267173|Ltliebs|Rommage|Coalition of Royal Allied Powers|10051|12/28/2015 8:10:50 PM|Member|Federal Government|Judaism|Maroon|9/26/2008 10:33:51 PM|5,300.01|19,323.17|17,622.461|War Mode|Water|Wheat|0|117,987.270|5|54,201|0|50|11|Active In The Last 3 Days|Aluminum|Marble|Fish|Uranium|Iron|Lumber|Pigs|Cattle|Sugar|Spices|764902|1180260|
485321|commanderragnar|Valenwood|New Pacific Order|10000|12/17/2012 6:49:39 PM|Member|Capitalist|Christianity|Red|12/27/2011 4:52:47 PM|16,728.88|6,999.99|975.847|War Mode|Fish|Cattle|0|117,896.761|1|62,967|6,252|0|24|Active In The Last 3 Days|Aluminum|Marble|Lumber|Iron|Sugar|Spices|Uranium|Water|Wheat|Pigs|1089039|3008035|
120427|Ashleaa|Pigtopia|Federation of Armed Nations|10021|7/22/2008 11:29:56 AM|Member|Democracy|None|Yellow|3/18/2007 1:58:04 PM|10,387.23|14,999.46|0.015|War Mode|Aluminum|Gold|12|117,893.119|1|122,328|12,235|0|25|Active In The Last 3 Days|Iron|Coal|Lumber|Uranium|Oil|Lead|Water|Rubber|Wheat|Marble|1863262|3768651|
580044|Sir Kiloist|Tiocfaidh ar la|Global Alliance And Treaty Organization|10003|10/24/2019 12:51:17 PM|Member|Communist|Taoism|Brown|8/9/2015 6:35:18 PM|15,124.79|7,999.99|711.415|War Mode|Iron|Aluminum|0|117,877.731|5|55,823|5,493|0|25|Active In The Last 3 Days|Cattle|Fish|Lumber|Uranium|Marble|Wheat|Pigs|Water|Spices|Sugar|543839|945890|
500125|Soxirella|Jusmania|Non Grata|10097|3/25/2013 5:19:12 AM|Member|Communist|Islam|Maroon|6/5/2012 1:38:38 AM|7,600.24|20,000.00|4,000.000|Peace Mode|Aluminum|Marble|0|117,771.181|1|64,000|0|0|25|Active In The Last 3 Days|Coal|Gold|Fish|Pigs|Iron|Lumber|Lead|Uranium|Oil|Wheat|5638759|9525209|
326030|Laughing Turtle|Turtlopolis|WWF|14310|1/20/2016 6:24:04 PM|Member|Capitalist|Mixed|Green|5/4/2009 8:49:03 PM|13,906.74|9,999.99|800.000|War Mode|Marble|Uranium|0|117,688.665|1|50,000|5,000|0|25|Active In The Last 3 Days|Aluminum|Fish|Cattle|Water|Lumber|Iron|Pigs|Wheat|||372486|1879680|
554646|A1ph4 0m3ga|Paradisia|Christian Coalition Of Countries|10028|5/14/2025 1:33:06 PM|Manager|Totalitarian State|Christianity|Maroon|6/2/2014 4:35:39 PM|10,084.59|15,999.99|3,000.000|War Mode|Wheat|Oil|0|117,611.418|5|152,426|0|0|25|Active In The Last 3 Days|Coal|Gold|Iron|Lumber|Lead|Uranium|Marble|Aluminum|Pigs|Fish|2425746|4615136|
221861|omarfan1231|Kyoria|The Last Remnants|10098|6/23/2011 9:15:08 AM|Member|Federal Government|Taoism|Maroon|4/20/2008 9:39:10 AM|10,504.25|21,400.06|0.000|War Mode|Oil|Rubber|0|117,556.803|5|41,768|0|0|0|Active In The Last 3 Days|Coal|Lead|Gold|Wheat|Lumber|Water|Marble|Aluminum|Uranium|Iron|378905|806251|
324487|Death from above 82|Black Sheep|MONGOLS|14492|2/24/2025 7:26:01 PM|Manager|Monarchy|Christianity|Maroon|4/29/2009 7:34:19 PM|8,364.92|19,999.99|4,300.061|War Mode|Aluminum|Iron|0|117,515.854|5|147,569|49|0|25|Active In The Last 3 Days|Fish|Uranium|Gold|Pigs|Lumber|Coal|Marble|Lead|Wheat|Oil|32779541|55488164|
74276|ErmineLair|Maltonia|NATO|10037|12/3/2006 2:50:50 PM|Member|Monarchy|Taoism|Blue|12/3/2006 2:50:50 PM|15,500.37|9,999.99|6,000.000|War Mode|Water|Wheat|0|117,458.520|5|47,834|0|0|0|Active Three Weeks Ago|||||||||||917676|1858341|
288430|jrsyboy|toqueville|Non Grata|10097|7/7/2024 6:09:14 AM|Member|Capitalist|Mixed|Maroon|12/21/2008 1:44:30 PM|9,242.40|16,999.99|1,600.002|Peace Mode|Fish|Pigs|0|117,193.412|1|53,323|0|0|25|Active In The Last 3 Days|Coal|Gold|Lumber|Iron|Marble|Aluminum|Oil|Wheat|Uranium|Lead|6635124|14568543|
124781|im317|im317|Random Insanity Alliance|10038|11/2/2009 10:11:07 PM|Manager|Anarchy|Judaism|Maroon|4/18/2007 7:44:09 PM|13,129.68|9,381.19|2,804.811|War Mode|Uranium|Coal|0|117,145.463|1|84,911|8,295|0|24|Active In The Last 3 Days|Iron|Gold|Lumber|Aluminum|Marble|Lead|Oil|Wheat|Rubber|Water|10996677|18519115|
32861|Drachonum|drachonia|Global Alliance and Treaty Organization|10003|8/1/2006 8:26:01 PM|Member|Monarchy|Christianity|Brown|8/1/2006 8:26:01 PM|11,514.96|14,500.00|1,280.000|War Mode|Iron|Fish|0|117,034.818|5|55,000|0|0|24|Active In The Last 3 Days|Aluminum|Marble|Lumber|Sugar|Pigs|Cattle|Spices|Wheat|Water|Uranium|1035776|2449901|
462389|ricky wishon|Outofthisworld|Knights Of The Round Table|10092|12/31/2013 8:02:25 AM|Member|Capitalist|Mixed|Green|6/1/2011 5:18:50 PM|10,162.34|15,999.89|2,764.866|Peace Mode|Gold|Iron|0|116,929.090|5|36,770|0|0|25|Active Three Weeks Ago|Aluminum|Marble|Lead|Uranium|Oil|Water|Rubber|Lumber|Wheat|Coal|832005|1593871|
587594|Jason8|Waldo|Post Grunge Supergroup|16367|12/6/2020 1:51:58 AM|Manager|Monarchy|None|Brown|2/13/2016 5:13:10 PM|5,448.89|19,999.98|6,038.292|War Mode|Iron|Fish|0|116,873.802|1|225,899|21,870|50|23|Active In The Last 3 Days|Aluminum|Marble|Pigs|Cattle|Sugar|Lumber|Water|Uranium|Wheat|Spices|5226107|9153512|
218135|19thSpecOps|AlaskianSpecOpsBase|New Polar Order|10006|7/23/2011 5:50:26 PM|Member|Capitalist|Christianity|Blue|4/7/2008 2:26:38 AM|5,532.65|21,000.00|5,300.000|Peace Mode|Coal|Gold|0|116,748.232|5|60,000|0|0|25|Active This Week|Aluminum|Marble|Fish|Uranium|Lead|Oil|Lumber|Iron|Pigs|Rubber|91569|864411|
29139|patriot lee|fordminia|New Polar Order|10006|7/22/2006 7:08:04 AM|Member|Capitalist|Christianity|Blue|7/22/2006 7:08:04 AM|13,881.59|10,261.96|3,100.003|Peace Mode|Fish|Uranium|0|116,695.851|5|27,600|0|2|25|Active In The Last 3 Days|Aluminum|Lumber|Coal|Gold|Lead|Oil|Lumber|Iron|Pigs|Rubber|3007397|7603146|
369840|Astron|Svedala|NATO|10037|11/21/2009 6:35:41 AM|Member|Monarchy|Norse|Blue|11/20/2009 5:56:36 PM|9,080.98|14,999.99|3,232.081|War Mode|Coal|Gold|0|116,667.366|1|136,591|13,198|0|25|Active In The Last 3 Days|Aluminum|Marble|Fish|Uranium|Iron|Lumber|Lead|Oil|Pigs|Rubber|3720509|6212530|
216336|Stetson76|Axeland|CLAWS|15841|8/5/2020 7:25:33 PM|Member|Monarchy|Norse|Black|3/30/2008 3:12:08 PM|10,611.73|13,999.99|2,108.291|War Mode|Iron|Lumber|0|116,159.392|5|49,437|4,823|0|25|Active In The Last 3 Days|Aluminum|Marble|Coal|Uranium|Fish|Wheat|Gold|Lead|Rubber|Oil|10575646|13488194|
130272|diegocg|Espi&#241;a||0|7/10/2018 8:24:10 AM|None|Revolutionary Government|Christianity|Blue|4/30/2007 9:38:12 AM|11,662.60|12,100.00|1,251.331|War Mode|Rubber|Gems|0|115,808.526|5|78,427|9,718|50|25|Active In The Last 3 Days|Coal|Pigs|Gold|Wheat|Oil|Iron|Uranium|Aluminum|||1557026|3587415|
388308|Lord Zymeth|USSR of Belleviastan|New Pacific Order|10000|5/26/2021 7:07:45 PM|Member|Democracy|Baha'i Faith|Red|2/21/2010 6:32:52 PM|10,599.29|14,999.99|4,702.557|War Mode|Fish|Cattle|0|115,749.240|5|42,449|0|0|25|Active In The Last 3 Days|Coal|Gold|Furs|Wine|Lumber|Iron|Pigs|Wheat|Sugar|Spices|568682|3091572|
8515|Turetel|Turetel|Freehold of The Wolves|15157|10/26/2017 8:04:13 PM|Manager|Capitalist|Mixed|White|4/7/2006 1:04:47 AM|10,209.29|13,562.10|1,645.973|War Mode|Lumber|Oil|28|115,727.043|1|127,128|12,689|0|25|Active In The Last 3 Days|Iron|Coal|Marble|Lead|Rubber|Gold|Uranium|Water|Wheat|Aluminum|13301904|24952485|
435397|Fen Dorbek|Feldora|State of Unified Nations|10086|3/9/2011 3:23:24 PM|Manager|Communist|None|Yellow|12/6/2010 11:22:45 PM|10,795.69|13,209.47|1,961.269|War Mode|Iron|Aluminum|0|115,661.999|1|118,910|8,000|2|24|Active Last Week|Lumber|Marble|Pigs|Coal|Sugar|Spices|Water|Fish|Wheat|Uranium|1016209|2166453|
129686|HK Boris|USEAR|The Legion|10020|2/20/2024 9:01:41 PM|Member|Anarchy|None|Purple|4/28/2007 6:45:50 PM|8,362.91|16,480.93|1,411.745|War Mode|Oil|Pigs|0|115,618.912|1|143,810|14,094|0|25|Active In The Last 3 Days|Aluminum|Lumber|Fish|Wheat|Gold|Coal|Iron|Marble|Uranium|Lead|1867666|3278655|
633989|Ernst S Blofeld|Blofeld Wineries|Knights Of The Round Table|10092|10/5/2024 5:00:05 PM|Member|Republic|Shinto|Aqua|6/10/2022 8:27:53 AM|12,200.17|9,999.00|5,000.000|War Mode|Wine|Gems|0|115,422.844|1|82,000|0|0|25|Active In The Last 3 Days|Aluminum|Iron|Gold|Marble|Silver|Lumber|Silver|Oil|Uranium|Coal|578963|703057|
552285|lilweirdward|Land of Too Much Fun|Christian Coalition Of Countries|10028|5/1/2014 2:06:56 PM|Manager|Totalitarian State|Christianity|Maroon|4/29/2014 8:27:48 PM|6,300.22|19,999.99|3,000.001|War Mode|Aluminum|Marble|80|115,416.060|1|150,000|1,000|0|23|Active In The Last 3 Days|Coal|Gold|Iron|Lumber|Pigs|Fish|Uranium|Lead|Wheat|Oil|5647908|14041436|
634448|Stewie|Stewieland III|Non Grata|10097|9/30/2022 11:18:33 PM|Manager|Anarchy|Voodoo|Maroon|7/16/2022 2:43:54 PM|9,384.55|15,399.14|4,093.115|War Mode|Uranium|Lead|0|115,371.485|1|144,830|14,029|0|18|Active In The Last 3 Days|Aluminum|Marble|Coal|Gold|Iron|Lumber|Pigs|Fish|Wheat|Oil|2891999|4838170|
88398|thepunk|thepunk|Federation Of Armed Nations|10021|4/17/2016 4:31:03 PM|Member|Democracy|Christianity|Yellow|1/4/2007 9:26:38 PM|10,707.07|14,999.99|0.002|War Mode|Uranium|Lumber|0|115,320.325|1|40,000|0|0|25|Active In The Last 3 Days|Cattle|Fish|Iron|Oil|Marble|Wheat|Pigs|Coal|Rubber|Aluminum|1804081|3345103|
487838|Lord von Manteuffel|Kampfgruppe Panzer|Swash Plates And Tail Rotors|10126|10/29/2014 4:13:59 AM|Manager|Communist|Mixed|None|1/21/2012 9:42:44 AM|400.15|24,974.80|7,915.293|War Mode|Marble|Lead|0|115,295.312|1|241,660|23,995|0|25|Active In The Last 3 Days|Aluminum|Iron|Fish|Uranium|Gold|Pigs|Lumber|Coal|Wheat|Oil|2997167|4820271|
630575|Sven Herrman|Germanus|The Prussian Empire|14204|10/16/2021 6:26:29 PM|Member|Federal Government|Christianity|Green|10/16/2021 3:20:14 PM|6,501.31|19,188.79|3,911.634|War Mode|Lumber|Coal|0|114,955.377|5|100,000|0|0|25|Active In The Last 3 Days|Aluminum|Iron|Fish|Uranium|Gold|Pigs|Marble|Lead|Wheat|Oil|1360267|2185087|
485812|Amyante|Zargathia|Shangri La|13799|6/18/2015 8:33:57 AM|Member|Monarchy|Shinto|White|1/1/2012 7:40:37 PM|100.07|26,063.85|10,934.760|War Mode|Iron|Lumber|0|114,939.067|5|200,000|24,000|0|5|Active In The Last 3 Days|Aluminum|Marble|Cattle|Pigs|Fish|Water|Spices|Sugar|Uranium|Wheat|115626|315210|
240223|White Chocolate|Lander Clan|CLAWS|15841|2/6/2021 7:39:55 AM|Member|Anarchy|Mixed|Black|6/24/2008 8:39:03 AM|16,423.74|6,085.55|4,754.282|War Mode|Aluminum|Marble|90|114,652.071|1|69,875|6,689|0|21|Active In The Last 3 Days|Coal|Gold|Fish|Pigs|Iron|Lumber|Oil|Wheat|Uranium|Lead|4649556|11080641|
308695|Indiomaestro|Jahara|The Dark Templar|10056|12/21/2023 1:21:05 PM|Member|Communist|Norse|Black|3/5/2009 11:10:36 AM|10,804.74|12,882.10|700.391|War Mode|Fish|Pigs|0|114,649.756|1|136,250|13,475|0|25|Active In The Last 3 Days|Aluminum|Marble|Iron|Lumber|Sugar|Spices|Uranium|Water|Wheat|Cattle|2605850|3955632|
384577|wayoik|SunOase|Knights Of The Round Table|10092|2/4/2018 7:45:40 AM|Member|Revolutionary Government|None|Green|2/5/2010 12:51:57 AM|12,172.35|12,999.99|3,213.157|War Mode|Cattle|Sugar|0|114,491.905|5|34,023|0|0|23|Active In The Last 3 Days|Lumber|Iron|Marble|Fish|Spices|Pigs|Water|Aluminum|Wheat|Uranium|5227981|11252365|
247054|shivamuck|Iarlean|Knights Of The Round Table|10092|2/16/2025 9:45:05 AM|Member|Republic|Taoism|Green|7/18/2008 9:14:03 PM|12,454.61|15,100.15|2,330.000|War Mode|Aluminum|Lead|0|114,445.833|5|40,276|59|0|16|Active In The Last 3 Days|Gold|Marble|Iron|Uranium|Lumber|Wheat|Oil|Rubber|Water|Coal|163735|1630740|
91526|Dajobo|Disktopia|New Polar Order|10006|1/11/2007 8:50:56 PM|Member|Anarchy|Christianity|Blue|1/11/2007 8:50:56 PM|9,940.70|15,080.88|492.231|War Mode|Fish|Uranium|0|114,255.597|1|135,737|12,962|0|17|Active In The Last 3 Days|Aluminum|Marble|Gold|Coal|Iron|Lumber|Pigs|Rubber|Water|Wheat|9217485|14107392|
624103|Wolf Man|Nuke Inc|CLAWS|15841|1/2/2022 12:28:15 PM|Member|Anarchy|Christianity|Black|7/31/2020 12:13:31 PM|10,784.84|12,246.80|1,753.770|War Mode|Iron|Lumber|0|114,173.684|1|131,652|12,602|0|25|Active In The Last 3 Days|Aluminum|Marble|Coal|Gold|Lead|Uranium|Oil|Rubber|Wheat|Fish|1661423|2751323|
192584|malazar|Jinnailand|CLAWS|15841|8/12/2025 7:24:09 AM|Member|Communist|Christianity|White|12/26/2007 4:56:27 PM|12,709.04|14,002.71|1,214.475|War Mode|Marble|Uranium|0|114,139.722|1|36,055|3,768|0|23|Active In The Last 3 Days|Cattle|Lumber|Coal|Oil|Fish|Rubber|Gold|Lead|Iron|Aluminum|7011853|12976973|
601550|leaf nation|leaf nation|Siberian Tiger Alliance|10011|1/5/2020 4:36:05 AM|Manager|Monarchy|Christianity|Black|2/19/2017 8:10:36 PM|11,000.33|16,999.99|2,100.000|War Mode|Spices|Sugar|0|114,113.184|1|48,078|0|0|20|Active In The Last 3 Days|Aluminum|Marble|Cattle|Wheat|Coal|Gold|Iron|Lumber|Pigs|Fish|503363|1820061|
83518|Johnny Apocalypse|Anubia|Global Alliance And Treaty Organization|10003|12/23/2022 7:10:27 PM|Manager|Democracy|None|Brown|12/22/2006 11:26:51 AM|9,285.93|13,999.99|4,108.484|War Mode|Wheat|Uranium|0|113,970.355|5|144,650|0|50|25|Active In The Last 3 Days|Aluminum|Iron|Coal|Fish|Gold|Lumber|Marble|Lead|Rubber|Oil|4590106|9313133|
433547|WhitEarendur|Tol Eressea|New Polar Order|10006|4/2/2025 5:09:26 PM|Member|Revolutionary Government|Shinto|Blue|11/24/2010 3:11:41 AM|13,973.15|7,999.99|3,004.254|Peace Mode|Iron|Lumber|0|113,955.504|5|31,919|0|0|25|Active In The Last 3 Days|Aluminum|Marble|Coal|Gold|Lead|Oil|Pigs|Rubber|Uranium|Fish|559801|985881|
575900|TTexas|TTexas|Post Grunge Supergroup|16367|3/17/2022 3:28:39 PM|Member|Republic|Christianity|Brown|5/17/2015 10:29:10 AM|9,161.49|15,999.99|4,407.546|War Mode|Marble|Wheat|0|113,854.871|1|87,616|13,769|0|25|Active In The Last 3 Days|Cattle|Fish|Iron|Aluminum|Lumber|Uranium|Pigs|Water|Spices|Sugar|72808|84384|
65196|maxnmike|Isle of Chance|The Order Of The Black Rose|10045|10/7/2013 4:06:39 AM|Manager|Monarchy|Norse|Black|11/19/2006 2:48:42 PM|11,214.71|14,000.00|900.000|War Mode|Aluminum|Uranium|0|113,828.541|1|30,000|0|0|25|Active In The Last 3 Days|Coal|Fish|Lumber|Marble|Oil|Wheat|Pigs|Gold|Rubber|Iron|647595|954641|
639562|Adela|Lavinia|Coalition of Royal Allied Powers|10051|7/19/2023 4:31:01 PM|Member|Monarchy|Hinduism|Maroon|7/18/2023 2:02:38 PM|0.00|22,029.44|22,450.087|War Mode|Wheat|Rubber|0|113,760.243|5|100,000|18,034|50|15|Active Last Week|||||||||||0|0|
301014|asawyer|Zabril|Viridian Entente|10010|2/8/2009 9:23:57 PM|Member|Democracy|Mixed|Green|2/8/2009 7:30:17 PM|12,069.61|12,000.00|1,200.000|War Mode|Uranium|Silver|0|113,743.047|5|22,000|0|0|25|Active In The Last 3 Days|Coal|Cattle|Furs|Wine|Gems|Fish|Gold|Pigs|Wheat|Sugar|6603931|12044526|
600055|Spoonanator|Spoonarea|Green Protection Agency|10041|1/17/2017 9:36:31 AM|Member|Revolutionary Government|Shinto|Green|1/10/2017 5:02:08 PM|6,200.39|20,198.82|5,689.385|War Mode|Iron|Marble|0|113,727.459|5|110,000|13,000|50|20|Active In The Last 3 Days|||||||||||8117|277126|
106268|cable77|Tau ri|Fark|10002|2/17/2012 5:07:15 AM|Member|Capitalist|Mixed|Aqua|2/13/2007 4:56:02 PM|9,158.94|15,999.78|0.040|War Mode|Lumber|Coal|0|113,709.092|1|100,000|10,000|0|25|Active In The Last 3 Days|Furs|Aluminum|Gems|Fish|Gold|Silver|Pigs|Wheat|Water|Uranium|7762720|11629016|
206879|Platinumviper|Bekaa|NATO|10037|8/15/2012 2:31:27 PM|Member|Anarchy|None|Blue|2/20/2008 7:11:20 PM|7,862.15|15,467.40|3,469.946|War Mode|Aluminum|Marble|0|113,653.102|1|157,751|15,776|0|24|Active In The Last 3 Days|Fish|Uranium|Gold|Coal|Iron|Lumber|Lead|Oil|Pigs|Rubber|4216394|6966300|
376785|StateBMartin|Nuguns|Orange Defense Network|17435|8/20/2025 9:06:05 PM|Member|Capitalist|Mixed|Orange|12/28/2009 6:18:52 AM|9,000.38|20,000.37|920.965|War Mode|Pigs|Cattle|0|113,640.716|5|50,313|0|0|25|Active Last Week|Aluminum|Fish|Iron|Marble|Lumber|Water|Spices|Sugar|Uranium|Wheat|1131223|1529653|
26771|proud american|Duorp  Nacirema|New Pacific Order|10000|11/14/2017 5:11:22 PM|Member|Totalitarian State|Christianity|Red|7/16/2006 4:11:50 PM|11,212.18|14,399.44|0.391|War Mode|Gems|Silver|0|113,635.026|5|14,797|1,917|0|25|Active In The Last 3 Days|Aluminum|Marble|Fish|Cattle|Oil|Lead|Uranium|Coal|Wheat|Pigs|2792663|4178626|
644476|ICCoug|VanDanBerg|Catholic Reich|17311|9/17/2024 8:49:12 AM|Member|Monarchy|Christianity|Black|9/14/2024 8:55:16 PM|3,000.33|17,999.99|19,219.426|War Mode|Fish|Pigs|0|113,006.595|5|98,041|0|0|20|Active In The Last 3 Days|Aluminum|Marble|Coal|Gold|Iron|Lumber|Lead|Uranium|Wheat|Oil|642728|953921|
576335|Smitty256|HouseStark|Christian Coalition Of Countries|10028|6/4/2025 8:40:29 PM|Member|Monarchy|Christianity|Maroon|5/24/2015 6:56:05 PM|7,258.85|17,249.99|2,950.000|War Mode|Oil|Wheat|0|112,958.222|1|75,000|12,420|0|25|Active In The Last 3 Days|Coal|Gold|Iron|Lumber|Marble|Aluminum|Pigs|Fish|Uranium|Lead|2299053|4389479|
610436|Ivegottheskill|Dystopia Planitia|Independent Republic Of Orange Nations|10004|2/2/2018 10:51:25 PM|Member|Democracy|None|Orange|1/31/2018 4:53:21 AM|9,302.77|14,999.99|3,004.960|War Mode|Iron|Marble|0|112,926.271|5|40,000|0|0|25|Active Last Week|Aluminum|Fish|Lumber|Water|Pigs|Cattle|Spices|Sugar|Uranium|Wheat|1075555|1818477|
203961|porkpotpie|UnitedCanance|CLAWS|15841|7/7/2018 10:29:35 AM|Member|Capitalist|Taoism|Black|2/8/2008 7:42:06 PM|4,599.73|20,099.99|5,000.000|War Mode|Fish|Pigs|0|112,813.619|5|120,000|12,000|0|25|Active In The Last 3 Days|Aluminum|Marble|Cattle|Wheat|Spices|Sugar|Uranium|Iron|Water|Lumber|1699661|6374635|
188637|Caustic|Hazardous Materials|Non Grata|10097|1/13/2020 2:32:10 PM|Manager|Anarchy|Islam|Maroon|12/11/2007 12:36:05 PM|10,483.15|14,390.05|5,685.286|War Mode|Uranium|Lead|0|112,580.989|1|143,398|15,221|8|3|Active In The Last 3 Days|Aluminum|Marble|Coal|Gold|Iron|Lumber|Pigs|Fish|Wheat|Oil|12395436|24383803|
582004|Neforatu|Nation Reborn|Post Grunge Supergroup|16367|2/10/2023 8:00:19 PM|Member|Democracy|Norse|Yellow|9/20/2015 6:51:41 PM|10,275.91|13,999.99|4,000.007|War Mode|Uranium|Aluminum|13|112,395.692|1|55,809|0|0|25|Active In The Last 3 Days|Cattle|Pigs|Iron|Lumber|Marble|Fish|Sugar|Spices|Water|Wheat|5232371|10502845|
262358|Johnny123|Johhny|New Polar Order|10006|2/13/2010 6:39:31 AM|Member|Anarchy|Mixed|Blue|9/9/2008 5:30:45 AM|15,446.49|8,069.43|3,732.037|War Mode|Cattle|Pigs|0|112,339.632|1|43|0|1|23|Active This Week|Aluminum|Marble|Coal|Oil|Fish|Uranium|Iron|Wine|Lumber|Water|390434|2168584|
107100|Lenny N Karl|Mudfoot|NATO|10037|12/30/2010 4:52:30 PM|Manager|Anarchy|Baha'i Faith|Blue|2/14/2007 11:12:44 AM|6,009.01|17,010.35|5,303.122|War Mode|Fish|Uranium|80|111,968.014|1|160,821|15,779|0|25|Active In The Last 3 Days|Aluminum|Marble|Coal|Gold|Iron|Lumber|Lead|Oil|Pigs|Rubber|6150047|10619960|
623795|Aristarchus of Samos|baklava|The Legion|10020|7/10/2020 5:35:27 PM|Member|Capitalist|Christianity|Purple|7/5/2020 2:43:52 PM|12,200.41|13,026.40|3,303.716|Peace Mode|Uranium|Wheat|0|111,886.808|5|30,000|0|0|25|Active In The Last 3 Days|Coal|Gold|Fish|Pigs|Lead|Oil|Lumber|Aluminum|Marble|Iron|371627|798746|
601748|Tarfiel|Babblefish|New Pacific Order|10000|2/26/2017 2:51:42 AM|Member|Communist|None|Red|2/26/2017 1:53:30 AM|10,130.22|13,979.43|3,200.234|War Mode|Oil|Lead|0|111,831.635|4|130,196|11,940|0|25|Active In The Last 3 Days|Aluminum|Marble|Coal|Uranium|Fish|Cattle|Iron|Lumber|Wheat|Pigs|765059|1853762|
552359|SeaBeeGipson|Denton|MONGOLS|14492|2/14/2025 9:05:51 AM|Manager|Totalitarian State|Norse|Maroon|5/1/2014 7:15:20 AM|9,900.32|15,300.64|1,293.032|War Mode|Uranium|Lead|0|111,576.610|1|155,178|0|0|24|Active In The Last 3 Days|Coal|Gold|Iron|Lumber|Marble|Aluminum|Oil|Wheat|Pigs|Fish|10519904|17494011|
152876|Hankidan|Parkview 12|Global Alliance And Treaty Organization|10003|6/11/2025 7:18:32 AM|Member|Totalitarian State|Mixed|Brown|7/9/2007 4:25:40 PM|13,488.06|10,999.99|0.000|War Mode|Uranium|Water|0|111,561.122|5|28,543|0|0|24|Active In The Last 3 Days|Aluminum|Marble|Iron|Fish|Lumber|Sugar|Pigs|Cattle|Spices|Wheat|2451751|3416298|
65430|Lord Bane|Damasca|Freehold of The Wolves|15157|10/29/2017 9:48:36 PM|Member|Capitalist|Christianity|White|11/20/2006 9:33:15 AM|11,909.75|10,959.47|0.000|War Mode|Lumber|Iron|0|111,414.152|1|100,240|9,986|0|25|Active In The Last 3 Days|Aluminum|Iron|Pigs|Cattle|Sugar|Spices|Uranium|Fish|Wheat|Water|861311|5223832|
47228|US Marine|US MarineHQ|Orange Defense Network|17435|8/17/2025 10:41:26 PM|Member|Federal Government|None|Orange|9/21/2006 5:26:52 PM|10,700.16|15,000.00|577.638|War Mode|Furs|Cattle|0|111,117.268|5|90,000|6,000|10|25|Active Last Week|Lead|Iron|Lumber|Water|Pigs|Iron|Wheat|Uranium|||418776|979240|
479257|Aprentic|MVEMJSUNP|Knights Of The Round Table|10092|2/14/2022 5:57:28 AM|Member|Capitalist|Judaism|Green|10/30/2011 11:12:01 PM|6,068.49|20,088.23|4,599.327|War Mode|Fish|Uranium|0|111,085.857|5|54,476|1|0|25|Active In The Last 3 Days|Aluminum|Wheat|Cattle|Pigs|Lumber|Marble|Spices|Sugar|Water|Iron|695145|703046|
555346|TacticalAldiko|TacticalAldiko|Viridian Entente|10010|6/23/2015 8:56:10 AM|Member|Monarchy|Christianity|Green|6/12/2014 10:00:23 PM|9,051.32|14,999.99|2,203.552|War Mode|Gold|Wheat|0|111,079.711|5|37,681|3,696|0|25|Active In The Last 3 Days|Coal|Lead|Lumber|Water|Marble|Aluminum|Oil|Rubber|Uranium|Iron|3205006|4616617|
13737|the god of lightning|Ithaca|The Legion|10020|5/10/2006 4:22:40 AM|Member|Totalitarian State|Mixed|Purple|5/10/2006 4:22:40 AM|8,799.53|14,999.99|2,000.000|War Mode|Lead|Uranium|33|110,794.250|5|84,582|5,000|0|25|Active In The Last 3 Days|Aluminum|Lumber|Coal|Gold|Fish|Wheat|Iron|Marble|Oil|Pigs|2660650|6237455|
438955|KuroNeko|KuroNeko|Shangri La|13799|6/16/2015 2:15:11 PM|Member|Totalitarian State|None|Brown|1/2/2011 11:39:00 AM|6,343.63|19,999.99|3,004.625|War Mode|Aluminum|Marble|0|110,518.668|5|57,930|0|0|25|Active In The Last 3 Days|Cattle|Pigs|Fish|Uranium|Lumber|Iron|Sugar|Spices|Water|Wheat|540887|806824|
164367|hazardousdoc|EggmanEmpire|New Polar Order|10006|5/22/2011 2:10:11 PM|Member|Anarchy|Christianity|Blue|9/6/2007 12:19:57 AM|10,587.66|12,002.32|1,536.081|War Mode|Pigs|Rubber|0|110,448.091|1|111,918|11,157|0|21|Active In The Last 3 Days|Aluminum|Marble|Coal|Gold|Fish|Uranium|Iron|Lumber|Lead|Oil|11186095|15731276|
102751|Jack Whiterstein|Gyuard|Global Alliance And Treaty Organization|10003|1/1/2017 2:38:06 PM|Member|Federal Government|Christianity|Brown|2/2/2007 9:01:43 PM|11,673.38|9,599.00|4,000.068|War Mode|Marble|Pigs|0|110,437.983|1|45,450|0|0|25|Active In The Last 3 Days|Aluminum|Cattle|Iron|Lumber|Spices|Sugar|Uranium|Wheat|Water|Fish|984125|1928154|
551335|Hakora Kiyanto|Makayan|New Pacific Order|10000|4/16/2014 10:42:47 AM|Member|Monarchy|None|Red|4/15/2014 8:38:55 AM|10,455.21|13,999.99|6,000.000|Peace Mode|Aluminum|Marble|0|110,384.684|5|42,932|0|0|25|Active In The Last 3 Days|Coal|Uranium|Fish|Cattle|Lead|Oil|Lumber|Iron|Pigs|Wheat|581675|820235|
606462|Iamjust0ne|Senstown|Doom Squad|16454|8/25/2024 2:44:01 PM|Member|Monarchy|Judaism|Black|8/13/2017 6:00:42 PM|10,767.66|10,999.51|2,000.130|War Mode|Lead|Uranium|0|110,382.473|1|123,283|12,374|0|25|Active In The Last 3 Days|Aluminum|Marble|Coal|Gold|Fish|Pigs|Iron|Lumber|Wheat|Oil|1816541|2478137|
445418|Dictator General|TERRAN ALIANCE|Global Alliance And Treaty Organization|10003|6/6/2025 3:48:36 PM|Member|Capitalist|Mixed|Brown|2/11/2011 12:03:37 PM|11,305.30|14,000.00|4,500.481|Peace Mode|Aluminum|Marble|0|110,277.253|5|50,000|0|4|6|Active Last Week|Cattle|Pigs|Fish|Uranium|Iron|Water|Lumber|Sugar|Spices|Wheat|1030624|1359650|
91088|Dragster|winukka|Nordreich|11319|12/4/2013 11:05:47 AM|Manager|Monarchy|Christianity|Maroon|1/11/2007 6:44:01 AM|12,600.81|10,300.77|0.002|Peace Mode|Pigs|Fish|0|109,991.383|5|28,000|0|0|25|Active In The Last 3 Days|Aluminum|Marble|Coal|Gold|Iron|Lumber|Uranium|Lead|Wheat|Oil|4226012|11189630|
283366|Ronpau17|libertylando|Sparta|10008|12/2/2008 4:30:05 PM|Member|Democracy|None|Black|11/29/2008 10:04:11 PM|8,207.32|16,000.00|2,200.000|War Mode|Fish|Gold|0|109,528.256|5|33,832|0|0|25|Active This Week|Aluminum|Coal|Iron|Lumber|Marble|Oil|Rubber|Water|Uranium|Wheat|4310012|7433651|
172157|TheHighlander|TheHighlands|Federation Of Armed Nations|10021|1/5/2017 10:42:55 AM|Member|Totalitarian State|Norse|Yellow|10/10/2007 9:53:10 AM|7,000.46|15,000.00|8,000.000|War Mode|Sugar|Spices|10|109,487.305|5|44,000|0|50|25|Active In The Last 3 Days|Iron|Aluminum|Lumber|Marble|Pigs|Coal|Water|Fish|Wheat|Uranium|2485963|4208091|
155817|MutedFaith|Faithoria|Non Grata|10097|6/26/2020 4:06:01 PM|Member|Anarchy|Christianity|Maroon|7/22/2007 6:57:39 AM|9,165.49|14,233.61|0.006|War Mode|Iron|Lumber|0|109,448.831|5|136,236|12,754|2|25|Active In The Last 3 Days|Aluminum|Marble|Coal|Gold|Lead|Uranium|Pigs|Fish|Wheat|Oil|3952173|6306587|
469301|Lars Jorgens|Whale of a Time|Non Grata|10097|1/5/2025 7:32:51 PM|Member|Republic|None|Maroon|7/30/2011 7:26:24 AM|10,486.85|16,399.99|300.000|Peace Mode|Oil|Wheat|0|109,214.228|5|44,000|0|0|25|Active In The Last 3 Days|Coal|Gold|Fish|Pigs|Lumber|Iron|Marble|Aluminum|Uranium|Lead|656403|1691894|
123056|Lord Gen|Battle Royale|Green Protection Agency|10041|1/6/2016 3:23:55 PM|Member|Totalitarian State|Mixed|Green|4/16/2007 9:10:02 PM|8,348.42|14,999.99|2,300.547|Peace Mode|Lumber|Iron|0|109,094.340|5|102,323|0|0|25|Active Last Week|Cattle|Sugar|Marble|Fish|Spices|Pigs|Water|Aluminum|Wheat|Uranium|772017|2712726|
202452|thrill|spazmodia|Boards Alliance of Protectorate States|10039|3/9/2008 7:25:31 AM|Manager|Monarchy|Christianity|Purple|2/2/2008 8:18:18 PM|8,700.38|15,006.31|8,706.586|War Mode|Uranium|Lead|0|108,992.366|5|58,082|0|0|25|Active In The Last 3 Days|Fish|Wheat|Iron|Lumber|Spices|Fish|Wheat|Pigs|||1212354|2803407|
380797|gainesta09|gainesta09|NATO|10037|1/18/2010 3:42:14 PM|Member|Monarchy|Judaism|Blue|1/18/2010 3:27:05 PM|10,099.91|14,999.99|2,500.000|War Mode|Iron|Lumber|0|108,761.907|1|44,620|0|0|25|Active In The Last 3 Days|Aluminum|Marble|Coal|Gold|Fish|Uranium|Lead|Oil|Pigs|Rubber|377984|3767511|
621291|Rud25|Caledor|Post Grunge Supergroup|16367|6/29/2020 3:36:17 PM|Member|Totalitarian State|Christianity|Brown|1/23/2020 11:09:54 PM|4,010.02|20,000.00|6,252.167|War Mode|Fish|Uranium|0|108,693.345|1|60,000|6,000|0|25|Active In The Last 3 Days|Aluminum|Marble|Cattle|Pigs|Iron|Water|Lumber|Sugar|Spices|Wheat|2232518|3688525|
638311|FightingSioux405|New Whitehall|The Legion|10020|3/21/2023 9:22:16 AM|Manager|Anarchy|None|Purple|3/20/2023 10:04:43 PM|13,414.37|10,290.65|106.569|War Mode|Oil|Pigs|0|108,370.227|2|83,445|8,175|0|19|Active In The Last 3 Days|Aluminum|Lumber|Coal|Gold|Iron|Uranium|Lead|Marble|Wheat|Fish|460301|600637|
636754|MAYBACH EMPIRE|MAYBACH 3MPIRE|Independent Republic Of Orange Nations|10004|12/19/2022 9:08:13 AM|Member|Capitalist|None|Orange|12/14/2022 3:03:16 PM|11,737.44|10,399.99|3,542.680|War Mode|Sugar|Pigs|0|108,189.964|5|64,000|9,294|0|25|Active In The Last 3 Days|Cattle|Spices|Fish|Water|Iron|Marble|Uranium|Lumber|Wheat|Aluminum|909979|1821945|
237395|Spook|SPOGLO|Random Insanity Alliance|10038|7/25/2025 10:15:06 AM|Member|Anarchy|Christianity|Maroon|6/15/2008 12:07:02 AM|14,194.32|10,509.94|49.795|War Mode|Oil|Water|0|107,873.167|1|352|0|0|23|Active In The Last 3 Days|Aluminum|Iron|Coal|Lead|Lumber|Gold|Rubber|Wheat|Uranium|Marble|3012114|6066916|
613432|Talbrys|Keltroy|Non Grata|10097|2/23/2025 5:13:29 PM|Member|Democracy|Voodoo|Maroon|6/27/2018 5:09:50 AM|7,827.22|13,999.99|4,000.000|Peace Mode|Uranium|Lead|0|107,857.181|5|107,225|12,958|0|25|Active In The Last 3 Days|Coal|Gold|Fish|Pigs|Lumber|Iron|Marble|Aluminum|Wheat|Oil|2927079|5806628|
39842|Uelen|Uelen|Global Alliance and Treaty Organization|10003|8/26/2006 3:46:42 AM|Member|Totalitarian State|Christianity|Brown|8/26/2006 3:46:42 AM|12,900.08|9,999.99|600.028|War Mode|Iron|Wheat|0|107,830.394|5|26,000|0|0|25|Active In The Last 3 Days|Cattle|Fish|Lumber|Pigs|Marble|Aluminum|Spices|Sugar|Uranium|Water|1872172|5206845|
234540|Oli1980|Badenien|Green Protection Agency|10041|5/25/2011 2:35:26 AM|Member|Anarchy|Christianity|Green|6/5/2008 4:34:56 AM|14,470.02|9,691.29|0.000|Peace Mode|Cattle|Uranium|0|107,784.064|5|2,504|0|0|25|Active Last Week|||||||||||259832|416236|
327088|spearo|Deep Blue|Non Grata|10097|7/31/2015 5:36:04 PM|Member|Totalitarian State|Jainism|Maroon|5/8/2009 5:52:29 PM|9,701.20|14,999.99|1,100.003|Peace Mode|Coal|Gold|0|107,725.968|5|45,000|0|50|25|Active This Week|Aluminum|Marble|Fish|Pigs|Iron|Lumber|Lead|Uranium|Oil|Wheat|11654968|24187921|
577964|WagonWheel|Wagons|Post Grunge Supergroup|16367|12/5/2023 5:22:19 AM|Member|Revolutionary Government|Christianity|Brown|6/27/2015 8:52:03 PM|9,774.19|15,999.99|1,500.000|War Mode|Wheat|Aluminum|0|107,350.904|5|55,000|0|0|25|Active In The Last 3 Days|Cattle|Uranium|Iron|Fish|Marble|Lumber|Pigs|Water|Sugar|Spices|3645973|5643633|
580705|Theory|Westermont|New Pacific Order|10000|8/24/2015 5:50:40 PM|Member|Monarchy|Christianity|Red|8/24/2015 5:48:52 PM|14,082.10|7,975.80|223.646|War Mode|Coal|Uranium|0|107,182.615|1|71,740|7,092|0|25|Active In The Last 3 Days|Aluminum|Marble|Fish|Cattle|Iron|Lumber|Spices|Sugar|Wheat|Pigs|2972606|4320131|
623176|Britishdude|Lucosnia VIII|Christian Coalition Of Countries|10028|5/22/2020 11:50:29 AM|Manager|Revolutionary Government|Christianity|Maroon|5/22/2020 11:50:07 AM|7,631.78|16,999.99|4,800.000|War Mode|Gold|Coal|0|107,078.848|1|47,000|0|0|24|Active In The Last 3 Days|Aluminum|Marble|Fish|Uranium|Iron|Lumber|Lead|Oil|Pigs|Rubber|1247324|2206742|
63284|Kills with Fire|New Highlands|Federation of Armed Nations|10021|11/14/2006 11:10:56 PM|Member|Transitional|Christianity|Yellow|11/14/2006 11:10:56 PM|7,109.21|14,999.99|5,700.015|War Mode|Wheat|Uranium|0|106,954.128|1|100,655|6,500|0|22|Active In The Last 3 Days|Iron|Aluminum|Lumber|Marble|Pigs|Coal|Sugar|Spices|Water|Fish|2326103|6549936|
613652|Peterkin|Quaraguay|Freehold of The Wolves|15157|12/31/2018 4:09:41 AM|Member|Monarchy|Voodoo|White|7/13/2018 3:33:44 PM|14,453.01|6,631.91|1,501.914|War Mode|Marble|Aluminum|0|106,897.391|1|67,028|6,466|0|25|Active In The Last 3 Days|Cattle|Pigs|Fish|Uranium|Iron|Lumber|Spices|Sugar|Water|Wheat|969331|3999013|
86784|Kongen|Frontline|New Polar Order|10006|2/3/2008 7:04:52 AM|Member|Anarchy|Norse|Blue|1/2/2007 12:36:28 AM|11,787.29|11,037.79|0.000|War Mode|Fish|Uranium|0|106,778.860|1|57,391|2,531|0|23|Active In The Last 3 Days|Iron|Lumber|Lead|Oil|Marble|Aluminum|Pigs|Rubber|Spices|Sugar|4275258|8110244|
505530|forestfufighting|J Andres|Green Protection Agency|10041|8/22/2012 4:31:20 AM|Member|Monarchy|Buddhism|Green|8/13/2012 3:38:42 PM|2,497.29|25,999.99|1,928.909|War Mode|Aluminum|Marble|0|106,566.770|5|141,851|0|50|25|Active This Week|Gold|Iron|Lead|Uranium|Oil|Water|Rubber|Lumber|Wheat|Coal|470815|829894|
234715|MJSIllu|Walhalla|Orange Defense Network|17435|8/20/2025 1:46:42 PM|Member|Democracy|Norse|Orange|6/5/2008 8:17:09 AM|8,300.81|14,099.99|2,000.000|War Mode|Uranium|Wheat|0|106,459.029|5|100,000|10,000|0|25|Active In The Last 3 Days|Cattle|Water|Marble|Fish|Pigs|Iron|||||287341|756023|
192598|flygirl|New Cajun|Freehold of The Wolves|15157|7/23/2020 1:52:35 AM|Member|Monarchy|Christianity|White|12/26/2007 6:41:15 PM|10,600.46|11,999.96|0.190|Peace Mode|Aluminum|Marble|0|106,389.019|5|55,247|4,233|0|25|Active This Week|Cattle|Pigs|Fish|Uranium|Lumber|Iron|Sugar|Spices|Water|Wheat|4135329|8883579|
160360|forthehalibut|Bonehead|Federation of Armed Nations|10021|5/23/2009 12:57:45 AM|Member|Monarchy|Christianity|Yellow|7/27/2006 3:25:56 PM|9,597.04|14,999.99|1,574.296|Peace Mode|Pigs|Coal|0|106,214.608|5|39,900|1,000|2|25|Active In The Last 3 Days|Cattle|Fish|Iron|Oil|Marble|Wheat|Rubber|Aluminum|Uranium|Lumber|2785638|6070770|
100512|kimjeongil|choseon|Siberian Tiger Alliance|10011|1/29/2007 4:31:11 PM|Manager|Capitalist|Confucianism|Black|1/29/2007 4:31:11 PM|8,544.71|15,000.00|0.000|War Mode|Water|Uranium|0|105,929.243|1|65,035|0|0|25|Active In The Last 3 Days|Coal|Fish|Iron|Lumber|Oil|Aluminum|Wheat|Lumber|Wine|Marble|901785|2806202|
263220|Gambona|Gambona|CLAWS|15841|6/24/2022 4:32:34 PM|Manager|Communist|Norse|Black|9/12/2008 12:26:07 PM|9,346.18|11,932.63|1,749.368|War Mode|Lead|Uranium|0|105,853.598|1|122,328|12,196|0|25|Active In The Last 3 Days|Aluminum|Marble|Gold|Coal|Iron|Lumber|Oil|Rubber|Wheat|Fish|9222458|16798097|
255997|archduke jack|vittatorio|New Polar Order|10006|1/14/2014 2:23:57 AM|Member|Federal Government|Christianity|Blue|8/19/2008 6:41:27 AM|6,700.00|15,999.99|4,237.463|Peace Mode|Iron|Lumber|4|105,495.417|5|56,212|0|0|25|Active In The Last 3 Days|Aluminum|Marble|Coal|Gold|Fish|Uranium|Lead|Oil|Rubber|Pigs|2262027|4774657|
107890|SaintScott|Luncartia|We Are Perth Army|10036|2/15/2007 5:21:22 PM|Member|Democracy|Shinto|White|2/15/2007 5:21:22 PM|7,783.30|13,999.99|3,900.657|War Mode|Marble|Lumber|0|105,472.225|5|100,000|4,199|0|25|Active This Week|Cattle|Sugar|Coal|Iron|Spices|Pigs|Uranium|Aluminum|Wine|Furs|2021314|3448898|
326273|Red Rebel|Pi Lambda Phi|Madlads Union|17130|10/22/2023 2:23:58 PM|Member|Revolutionary Government|Islam|Brown|5/5/2009 6:01:26 PM|9,736.30|11,999.99|6,002.461|War Mode|Sugar|Lumber|0|105,078.683|5|30,675|0|0|25|Active In The Last 3 Days|Aluminum|Cattle|Fish|Marble|Pigs|Spices|Uranium|Wheat|Water|Iron|1305018|2861121|
614685|NedFox|Nedsteria|Independent Republic Of Orange Nations|10004|9/26/2018 2:04:45 PM|Member|Capitalist|None|Orange|9/25/2018 6:22:24 AM|8,200.39|14,000.22|1,718.354|War Mode|Fish|Water|0|105,067.057|5|61,466|8,063|2|25|Active In The Last 3 Days|Cattle|Spices|Iron|Marble|Sugar|Pigs|Uranium|Lumber|Wheat|Aluminum|1411641|2941948|
628246|RogueEagle01|Bardonia Islands|NATO|10037|6/18/2024 12:46:15 PM|Member|Republic|Christianity|Blue|5/29/2021 11:44:41 AM|2,401.55|17,000.00|27,264.460|War Mode|Pigs|Rubber|0|104,904.437|5|50,000|0|0|0|Active In The Last 3 Days|Aluminum|Marble|Coal|Gold|Fish|Uranium|Iron|Lumber|Lead|Oil|0|2993|
399951|Plisknoob|Kingdom of Korland|United Equestria|10101|10/27/2022 12:06:15 AM|Member|Monarchy|Norse|Blue|4/22/2010 11:28:20 PM|10,704.71|7,999.99|5,800.000|War Mode|Uranium|Fish|0|104,392.937|5|68,761|6,696|50|25|Active Three Weeks Ago|Iron|Wine|||||||||1382331|2304482|
111387|riffers|Vagumachland|Sparta|10008|5/1/2011 2:27:36 PM|Member|Monarchy|None|Black|2/22/2007 8:59:07 PM|10,983.62|12,602.06|0.000|War Mode|Rubber|Water|0|103,869.635|5|26,767|0|0|24|Active In The Last 3 Days|Aluminum|Coal|Fish|Gold|Iron|Lumber|Marble|Oil|Uranium|Wheat|3164833|5290454|
443221|Mistral|Nicholas|Post Grunge Supergroup|16367|3/12/2024 2:04:51 PM|Manager|Capitalist|Islam|Brown|1/29/2011 2:17:35 AM|9,700.36|11,999.99|1,700.027|War Mode|Lumber|Pigs|0|103,790.806|1|142,290|14,016|0|25|Active In The Last 3 Days|Cattle|Fish|Iron|Wheat|Marble|Aluminum|Spices|Sugar|Uranium|Water|3241577|5051312|
40650|kerschbs|indica|Non Grata|10097|8/29/2023 8:20:08 AM|Member|Anarchy|Voodoo|Maroon|8/29/2006 12:31:56 PM|10,087.89|13,370.97|1,739.668|War Mode|Aluminum|Marble|0|103,743.454|1|131,859|2,872|8|9|Active In The Last 3 Days|Coal|Gold|Iron|Lumber|Pigs|Fish|Uranium|Lead|Wheat|Oil|25330431|34248829|
282470|Nokium|Unified Scotland|Freehold of The Wolves|15157|10/28/2017 1:42:14 AM|Member|Capitalist|None|White|11/26/2008 12:36:45 PM|4,993.94|19,969.48|1,200.000|War Mode|Uranium|Water|0|103,630.988|1|90,323|15,257|0|16|Active In The Last 3 Days|Iron|Coal|Lumber|Oil|Marble|Lead|Rubber|Gold|Wheat|Aluminum|593704|3048078|
6600|poonertang|PR of pooner|Sparta|10008|3/26/2006 3:46:30 AM|Member|Capitalist|Christianity|Black|3/26/2006 3:46:30 AM|13,287.31|9,999.99|8.488|War Mode|Wheat|Uranium|0|103,339.261|5|32,000|0|0|25|Active In The Last 3 Days|Aluminum|Coal|Fish|Gold|Iron|Lumber|Marble|Oil|Rubber|Water|5032594|13082025|
170124|WackyDan|Wackytopia|Nordreich|11319|12/2/2013 11:22:26 PM|Member|Capitalist|Shinto|Maroon|10/2/2007 2:50:44 PM|10,599.79|10,999.00|800.000|War Mode|Pigs|Cattle|0|103,327.866|5|26,336|1|0|25|Active This Week|Aluminum|Marble|Fish|Uranium|Iron|Lumber|Sugar|Spices|Wheat|Water|2363660|5802399|
542501|King Georges III|Georgiostan|Sparta|10008|8/29/2016 8:18:02 PM|Member|Democracy|Christianity|Black|12/14/2013 2:16:53 PM|8,100.24|12,999.99|4,000.443|War Mode|Aluminum|Coal|0|103,286.828|5|48,000|4,800|0|25|Active In The Last 3 Days|Fish|Gold|Iron|Lumber|Oil|Marble|Water|Rubber|Wheat|Uranium|2134808|3979630|
319444|Deej200|Rocca|Sparta|10008|4/21/2009 5:52:12 PM|Member|Capitalist|None|Black|4/12/2009 2:13:05 AM|13,876.02|8,999.99|0.000|War Mode|Oil|Marble|0|103,100.068|5|25,000|0|0|22|Active In The Last 3 Days|Aluminum|Coal|Fish|Gold|Iron|Lumber|Water|Rubber|Wheat|Uranium|3025131|7629078|
311344|asapilu|Persianiran|NATO|10037|3/14/2009 2:30:02 PM|Member|Communist|None|Blue|3/14/2009 1:08:35 PM|6,715.77|14,999.99|5,006.878|War Mode|Pigs|Rubber|0|103,029.126|1|140,000|13,800|0|25|Active In The Last 3 Days|Aluminum|Marble|Coal|Gold|Fish|Uranium|Iron|Lumber|Lead|Oil|4856382|13280255|
133051|MikeTheFirst|MikeLand|Non Grata|10097|6/14/2011 2:33:15 PM|Manager|Monarchy|Hinduism|Maroon|5/7/2007 4:24:36 AM|9,404.29|12,999.75|0.093|Peace Mode|Aluminum|Marble|0|102,869.065|5|52,722|3,296|0|25|Active In The Last 3 Days|Coal|Gold|Iron|Lumber|Lead|Uranium|Pigs|Fish|Wheat|Oil|10521539|17764113|
364785|Powermaster 3111A|Brazillya|The Last Remnants|10098|11/7/2011 8:47:41 AM|Member|Capitalist|Mixed|Maroon|10/22/2009 8:55:19 PM|9,404.52|11,693.75|7,892.308|War Mode|Water|Gold|0|102,594.240|3|33,097|2,100|50|0|Active In The Last 3 Days|Coal|Marble|Lumber|Lead|Oil|Iron|Uranium|Aluminum|Wheat|Rubber|24978|344204|
463046|Commander Asaiki Tam|Tora Tora|COBRA|13717|7/10/2024 3:42:41 AM|Member|Capitalist|Hinduism|Maroon|6/6/2011 8:03:25 PM|8,996.61|12,099.13|1,046.102|War Mode|Aluminum|Marble|0|102,415.789|1|109,841|10,972|6|25|Active In The Last 3 Days|Coal|Gold|Lead|Uranium|Lumber|Iron|Pigs|Fish|Wheat|Oil|993968|1653065|
596901|Malic|Veridia|Non Grata|10097|2/26/2023 4:59:24 PM|Member|Democracy|Norse|Maroon|10/10/2016 8:41:11 PM|10,532.31|11,999.99|1,300.000|Peace Mode|Oil|Wheat|0|102,191.523|5|35,000|0|0|25|Active In The Last 3 Days|Coal|Gold|Iron|Lumber|Marble|Aluminum|Pigs|Fish|Uranium|Lead|1165803|2031769|
545096|Mumzilla|Hulkville|The Dark Templar|10056|5/17/2023 8:14:39 PM|Member|Communist|Norse|Black|1/22/2014 8:09:57 PM|11,642.88|9,831.74|527.736|War Mode|Sugar|Spices|0|101,982.656|1|102,119|7,858|0|16|Active In The Last 3 Days|Aluminum|Marble|Fish|Pigs|Iron|Lumber|Uranium|Water|Wheat|Cattle|1824479|3446284|
613743|Tacotopia|Bobs Your Uncle|CLAWS|15841|7/20/2018 10:18:12 PM|Member|Monarchy|Buddhism|Black|7/20/2018 12:24:26 AM|6,008.86|17,599.99|2,230.538|War Mode|Wheat|Fish|0|101,912.681|5|49,629|1,250|0|24|Active In The Last 3 Days|Aluminum|Marble|Coal|Gold|Iron|Lumber|Oil|Rubber|Uranium|Lead|879049|3485975|
314865|Stryker|Stryker|United Purple Nations|10025|7/17/2013 10:09:51 AM|Member|Anarchy|Norse|Maroon|3/25/2009 9:43:36 PM|10,493.29|11,323.89|0.000|War Mode|Sugar|Iron|0|101,744.523|4|91,406|8,896|50|22|Active In The Last 3 Days|Lead|Uranium|Oil|Pigs|Wheat|Wine|||||701946|2138999|
497000|Democzar|frequathrive|Global Alliance And Treaty Organization|10003|1/2/2017 9:45:31 AM|Member|Democracy|Hinduism|Brown|4/28/2012 12:25:02 PM|12,375.23|11,100.01|2,534.320|Peace Mode|Uranium|Water|0|101,556.975|5|12,425|704|50|13|Active In The Last 3 Days|Cattle|Fish|Iron|Wheat|Lumber|Pigs|Marble|Aluminum|Spices|Sugar|614302|981010|
238958|Dominador|Rock River|CLAWS|15841|7/19/2018 2:34:39 AM|Member|Democracy|Christianity|Black|6/20/2008 5:24:14 AM|9,150.75|15,000.01|2,100.000|War Mode|Uranium|Lead|0|101,210.195|5|39,600|1,322|0|25|Active In The Last 3 Days|Aluminum|Marble|Coal|Gold|Fish|Wheat|Iron|Lumber|Rubber|Oil|814288|3842575|
176738|William H Crawford|Benneton|Green Protection Agency|10041|12/21/2009 7:21:28 AM|Member|Revolutionary Government|None|Green|10/28/2007 7:57:39 AM|12,100.70|9,847.26|2,870.109|War Mode|Oil|Rubber|0|101,100.435|5|0|0|50|25|Active In The Last 3 Days|Aluminum|Water|Coal|Lead|Lumber|Iron|Marble|Lumber|Sugar|Gold|251806|1427113|
225241|Admiral Alexander|The CommonWealthCW|The Wolves|16660|10/12/2021 3:19:55 PM|Manager|Communist|Christianity|Maroon|5/2/2008 7:27:07 PM|5,567.20|15,999.99|3,389.839|War Mode|Uranium|Lead|23|101,063.311|1|166,399|15,164|0|23|Active In The Last 3 Days|Coal|Gold|Iron|Lumber|Marble|Aluminum|Oil|Wheat|Pigs|Fish|22545048|28386462|
2621|James|TIEIXIAIS|Non Grata|10097|9/1/2023 9:50:42 PM|Member|Communist|Christianity|Maroon|2/19/2006 1:43:54 AM|10,451.55|12,999.99|0.000|Peace Mode|Coal|Gold|0|100,997.454|5|31,987|0|0|25|Active In The Last 3 Days|Aluminum|Marble|Iron|Lumber|Pigs|Fish|Uranium|Lead|Wheat|Oil|6199169|9394990|
607299|MWilson|Deansland|Independent Republic Of Orange Nations|10004|2/19/2022 12:15:12 PM|Member|Capitalist|Christianity|Orange|9/16/2017 2:03:34 PM|2,005.71|19,999.99|7,811.709|War Mode|Coal|Lead|0|100,694.401|5|44,666|0|0|25|Active In The Last 3 Days|Aluminum|Iron|Gold|Marble|Lumber|Wheat|Oil|Rubber|Uranium|Water|3071942|5257083|
207347|Arcane|Arcania|Fark|10002|2/22/2008 8:53:00 AM|Manager|Capitalist|Christianity|Aqua|2/22/2008 8:48:42 AM|7,100.00|14,000.00|3,391.650|War Mode|Uranium|Gold|28|100,652.483|5|50,000|0|0|25|Active In The Last 3 Days|Aluminum|Iron|Coal|Oil|Lead|Rubber|Marble|Lumber|Wheat|Fish|18267425|24196351|
359275|Jesusfreak|El Dorado|Christian Coalition of Countries|10028|9/24/2009 12:31:56 PM|Member|Totalitarian State|Christianity|Maroon|9/23/2009 3:10:41 PM|10,254.73|10,999.99|0.009|War Mode|Coal|Gold|0|100,631.685|1|223,404|0|0|24|Active In The Last 3 Days|Aluminum|Marble|Iron|Lumber|Pigs|Rubber|Uranium|Fish|||5090258|12542356|
588430|Lambda Tau|Novopangaea|Post Grunge Supergroup|16367|7/5/2020 12:51:41 PM|Member|Revolutionary Government|Taoism|Brown|3/5/2016 8:51:12 AM|7,400.90|16,290.05|4,500.001|War Mode|Pigs|Lumber|0|100,535.614|5|45,508|154|0|25|Active In The Last 3 Days|Fish|Cattle|Iron|Wheat|Marble|Aluminum|Sugar|Spices|Water|Uranium|548248|1332878|
290163|Liltrekkie|States of Missouri|Coalition of Royal Allied Powers|10051|2/4/2014 12:08:32 AM|Manager|Communist|Christianity|Maroon|12/29/2008 6:12:24 PM|6,109.81|14,506.51|3,685.880|War Mode|Wheat|Marble|0|100,434.559|1|118,437|11,817|0|25|Active In The Last 3 Days|Aluminum|Coal|Gold|Iron|Lead|Lumber|Oil|Rubber|Water|Uranium|2332529|3718442|
591299|LordofHabershia|Habershia|Knights Of The Round Table|10092|6/22/2016 11:01:46 AM|Member|Democracy|None|Green|5/12/2016 9:51:26 AM|7,707.66|12,500.00|3,798.312|War Mode|Gold|Marble|0|100,383.751|1|105,219|10,993|0|25|Active In The Last 3 Days|Aluminum|Coal|Iron|Rubber|Lumber|Lead|Uranium|Oil|Water|Wheat|1278926|4028880|
620463|Sysiphus Maximus|Pelabos|The Order Of The Black Rose|10045|11/18/2019 9:51:17 PM|Member|Monarchy|None|Black|11/11/2019 10:21:29 AM|2,700.01|20,999.99|2,902.864|War Mode|Coal|Fish|0|100,141.190|5|58,184|4,541|0|25|Active In The Last 3 Days|Aluminum|Uranium|Lumber|Marble|Oil|Wheat|Pigs|Gold|Rubber|Iron|501438|1202777|
283424|Dropo7777|DelOrto|NATO|10037|1/29/2022 7:42:20 AM|Member|Democracy|Baha'i Faith|Blue|11/30/2008 3:56:07 AM|8,948.47|14,999.99|1,401.651|Peace Mode|Aluminum|Marble|0|99,937.287|5|40,125|0|0|25|Active In The Last 3 Days|Coal|Gold|Fish|Uranium|Iron|Lumber|Lead|Oil|Pigs|Rubber|297089|2624726|
319343|realpal|REALPAL|Fark|10002|2/13/2017 10:07:37 AM|Member|Democracy|Mixed|Aqua|4/11/2009 6:48:19 PM|7,540.79|13,001.00|3,053.792|War Mode|Gold|Silver|24|99,797.000|5|110,008|4,071|8|25|Active In The Last 3 Days|Furs|Aluminum|Gems|Fish|Lumber|Coal|Pigs|Wheat|Water|Uranium|4944828|9817536|
375751|TzarRob|The Shelter|The Legion|10020|12/23/2009 9:43:50 AM|Member|Anarchy|Norse|Purple|12/22/2009 10:31:07 AM|8,845.93|12,779.86|1,378.142|War Mode|Aluminum|Lumber|0|99,644.165|5|117,092|11,671|0|10|Active In The Last 3 Days|Coal|Gold|Fish|Wheat|Iron|Marble|Oil|Pigs|Uranium|Lead|1184411|1923556|
229836|apemax|smugglers and mercs|The Imperial Order|10082|1/31/2012 6:54:29 AM|Manager|Capitalist|Mixed|Blue|5/20/2008 12:02:55 PM|8,021.06|14,001.48|1,457.604|War Mode|Iron|Lumber|0|99,606.537|5|32,501|1,877|0|25|Active In The Last 3 Days|Aluminum|Marble|Coal|Gold|Fish|Uranium|Pigs|Rubber|||1004461|2473953|
600902|HackSlash|NewFinlandia|Non Grata|10097|12/27/2022 2:10:13 AM|Member|Capitalist|Mixed|Maroon|2/4/2017 4:19:39 AM|10,375.90|11,537.47|400.000|Peace Mode|Aluminum|Marble|0|99,601.919|5|32,000|0|0|25|Active In The Last 3 Days|Coal|Gold|Iron|Lumber|Lead|Uranium|Pigs|Fish|Wheat|Oil|4631443|5556518|
177947|Badassname|Badassnation|CLAWS|15841|7/13/2018 9:29:17 AM|Member|Monarchy|Christianity|Black|11/1/2007 8:01:11 PM|9,023.74|9,999.99|5,500.010|War Mode|Aluminum|Marble|0|99,354.491|1|35,039|0|0|25|Active In The Last 3 Days|Gold|Coal|Lead|Uranium|Oil|Rubber|||||4208468|9012028|
341158|Eumirbago|World Wide Web|Doom Squad|16454|3/11/2024 12:16:31 AM|Member|Transitional|Christianity|Black|7/8/2009 2:00:12 AM|300.20|20,999.99|13,999.999|Peace Mode|Water|Uranium|0|99,317.774|5|66,339|0|0|25|Active In The Last 3 Days|Aluminum|Marble|Cattle|Wheat|Fish|Pigs|Iron|Lumber|Sugar|Spices|4907607|6798769|
375845|ozye2|luxenberg|Mostly Harmless Alliance|14879|10/1/2016 9:09:16 PM|Member|Monarchy|Buddhism|Aqua|12/22/2009 6:50:38 PM|5,003.91|17,999.99|2,086.974|War Mode|Rubber|Wheat|0|99,195.935|5|50,549|0|0|25|Active In The Last 3 Days|Iron|Marble|Lead|Fish|Lumber|Coal|Oil|Gold|Uranium|Aluminum|2591477|4885721|
473088|JuiceBox|Phoenix Isle|Non Grata|10097|1/26/2023 1:03:02 PM|Member|Anarchy|Christianity|Maroon|9/1/2011 7:08:30 AM|10,893.63|10,040.78|1,199.456|War Mode|Uranium|Lead|0|99,187.241|1|91,421|9,071|0|21|Active In The Last 3 Days|Aluminum|Marble|Coal|Gold|Iron|Lumber|Pigs|Fish|Wheat|Oil|2494486|4100765|
357357|Carpenters Rule|Charlesland|The Legion|10020|10/24/2021 4:04:03 AM|Member|Capitalist|Christianity|Maroon|9/13/2009 11:34:02 AM|4,459.76|18,199.99|1,442.253|Peace Mode|Coal|Marble|1|99,147.150|5|61,000|7,500|50|25|Active In The Last 3 Days|Lumber|Lead|Oil|Iron|Uranium|Aluminum|Water|Gold|Wheat|Rubber|109084|1338252|
245989|doitfojesus|shearercraft|Viridian Entente|10010|6/10/2015 12:34:41 PM|Manager|Republic|Christianity|Green|7/14/2008 7:30:57 PM|6,107.50|15,000.00|3,326.677|War Mode|Water|Wheat|0|99,142.534|5|50,000|0|0|25|Active In The Last 3 Days|Cattle|Sugar|Iron|Lumber|Marble|Aluminum|Pigs|Spices|Uranium|Fish|5266533|7937881|
129664|Sammy|Maxland|Freehold of The Wolves|15157|8/6/2017 8:04:21 AM|Member|Communist|Mixed|Maroon|4/28/2007 5:52:11 PM|11,784.39|4,999.03|4,236.229|Peace Mode|Iron|Gold|0|98,937.808|1|87,380|6,359|0|23|Active In The Last 3 Days|Lumber|Aluminum|Marble|Lead|Oil|Wheat|Rubber|Water|Uranium|Coal|2989683|6509157|
635357|Stephen Michael I|Yanceysylvania|Knights Of The Round Table|10092|10/8/2022 12:38:53 PM|Member|Democracy|Mixed|Green|9/20/2022 7:17:15 AM|7,804.49|14,000.00|7,039.739|Peace Mode|Wheat|Coal|0|98,847.071|1|32,000|0|0|0|Active In The Last 3 Days|Aluminum|Marble|Gold|Iron|Lead|Uranium|Oil|Water|Rubber|Lumber|727288|1118595|
362962|ZAXON|Zenith|Orange Defense Network|17435|8/17/2025 9:54:41 PM|Member|Democracy|Shinto|Orange|10/12/2009 3:12:24 PM|4,000.95|19,990.00|4,655.059|War Mode|Uranium|Marble|0|98,467.308|5|50,000|0|3|25|Active Last Week|||||||||||2539975|5403875|
324224|SemperFidelis|United Carborundum|Non Grata|10097|6/15/2011 6:54:22 AM|Member|Transitional|Christianity|Maroon|4/28/2009 7:51:05 PM|10,300.67|9,999.99|5,000.146|Peace Mode|Lumber|Iron|0|98,403.555|1|26,000|0|0|25|Active In The Last 3 Days|Coal|Gold|Fish|Pigs|Marble|Aluminum|Oil|Wheat|Uranium|Lead|7649432|19545861|
114282|akiller|Pholand|World Task Force|10053|10/1/2008 9:43:18 AM|Member|Anarchy|Buddhism|Blue|3/1/2007 3:39:09 PM|2,250.44|28,941.73|109.586|War Mode|Fish|Uranium|0|98,243.141|1|70|0|0|0|Active This Week|Aluminum|Marble|Coal|Gold|Iron|Lumber|Lead|Oil|Pigs|Rubber|78130|1450051|
604873|Iorek|Crusader States|New Pacific Order|10000|6/13/2017 5:59:10 PM|Member|Dictatorship|Christianity|Red|6/11/2017 6:13:13 PM|6,905.30|13,982.86|2,100.000|War Mode|Uranium|Coal|0|98,166.480|2|121,569|11,975|2|25|Active In The Last 3 Days|Aluminum|Marble|Fish|Cattle|Iron|Lumber|Lead|Oil|Wheat|Pigs|780147|2541963|
100236|Wolfprince|Azaroth|Freehold of The Wolves|15157|10/26/2017 3:32:47 PM|Member|Anarchy|Judaism|White|1/29/2007 1:14:20 AM|12,300.13|7,420.19|1,041.122|War Mode|Iron|Lumber|0|98,085.346|5|625|0|0|24|Active This Week|Aluminum|Marble|Pigs|Cattle|Sugar|Spices|Uranium|Water|Wheat|Fish|2100032|2866883|
636336|Stelth|White Mountain|Union Of Communist Republics|10060|11/18/2022 11:53:56 AM|Member|Totalitarian State|None|Brown|11/16/2022 12:24:34 PM|11,000.00|6,999.99|7,699.999|War Mode|Uranium|Wheat|0|98,029.969|5|19,000|0|0|25|Active In The Last 3 Days|Aluminum|Cattle|Fish|Marble|Pigs|Spices|Sugar|Lumber|Water|Iron|261474|530184|
410812|Berbers|Kingdom of AlRezana|The Wolves|16660|4/18/2025 6:52:17 AM|Member|Communist|Islam|Black|6/14/2010 3:33:32 PM|9,148.21|11,999.90|4,115.747|War Mode|Wheat|Oil|0|98,005.391|1|35,372|93|0|23|Active In The Last 3 Days|Aluminum|Marble|Coal|Gold|Fish|Pigs|Iron|Lumber|Lead|Uranium|6357546|11796192|
439252|LAFORGUS|Nueva Valarek|Green Protection Agency|10041|1/14/2011 3:49:54 PM|Member|Republic|None|Green|1/4/2011 4:47:09 PM|6,128.50|20,011.00|3,539.128|War Mode|Iron|Lead|0|97,584.187|5|80,000|0|0|0|Active In The Last 3 Days|Aluminum|Sugar|Cattle|Uranium|Fish|Wheat|Lumber|Water|Spices|Pigs|206404|881401|
32845|Mackay Warrior|Land-o-Mackay|Federation Of Armed Nations|10021|6/6/2014 1:31:55 PM|Manager|Capitalist|Christianity|Yellow|8/1/2006 7:34:40 PM|8,936.86|8,999.99|6,455.731|War Mode|Lumber|Marble|0|97,484.795|5|50,595|0|0|25|Active In The Last 3 Days|Iron|Aluminum|Pigs|Coal|Sugar|Spices|Water|Fish|Wheat|Uranium|2924501|5047367|
519729|MammothCave|National Park|Swash Plates And Tail Rotors|10126|11/1/2013 12:39:38 PM|Manager|Communist|Sikhism|Maroon|2/4/2013 1:03:50 PM|100.00|20,999.90|5,300.021|War Mode|Fish|Uranium|0|97,253.786|1|196,702|19,575|0|25|Active In The Last 3 Days|Aluminum|Iron|Gold|Pigs|Lumber|Coal|Marble|Lead|Wheat|Oil|140838|195099|
107572|oneeightytwo|d&#237;beartach|Fark|10002|2/15/2007 12:58:29 AM|Manager|Communist|Taoism|Aqua|2/15/2007 12:58:29 AM|6,099.35|15,007.82|2,239.387|War Mode|Coal|Oil|0|97,153.711|1|60,340|3,513|0|25|Active In The Last 3 Days|Aluminum|Iron|Lead|Rubber|Marble|Lumber|Uranium|Gold|Wheat|Fish|3632825|9768462|
134744|bou77|Whitefall|Fark|10002|5/11/2007 11:32:12 AM|Member|Republic|None|Aqua|5/11/2007 11:32:12 AM|9,260.32|11,999.98|4,100.000|Peace Mode|Uranium|Oil|0|96,813.729|5|20,000|161|0|20|Active This Week|Coal|Lumber|Gold|Rubber|Iron|Lead|Lead|Aluminum|||1202690|2651827|
568614|joe44|Berlin Republik|Independent Republic Of Orange Nations|10004|1/14/2015 10:35:20 AM|Member|Monarchy|Hinduism|Orange|1/14/2015 8:09:32 AM|7,472.21|14,999.94|3,100.610|War Mode|Aluminum|Iron|0|96,813.414|5|78,162|42|0|25|Active In The Last 3 Days|Lead|Rubber|Lumber|Marble|Oil|Gold|Uranium|Coal|Wheat|Fish|4386047|7088774|
490921|Roo Blu II|Blue Roo|Non Grata|10097|7/16/2024 6:42:48 PM|Member|Communist|Mixed|Maroon|2/19/2012 6:23:51 PM|10,661.98|8,999.99|2,500.000|Peace Mode|Lead|Uranium|0|96,434.867|1|25,000|0|0|25|Active In The Last 3 Days|Aluminum|Marble|Coal|Gold|Lumber|Iron|Pigs|Fish|Wheat|Oil|1002806|1416216|
637113|Up in smoke|Ring of Fire Island|CLAWS|15841|1/2/2023 9:14:35 AM|Member|Democracy|None|Black|1/2/2023 9:14:04 AM|5,500.00|13,699.99|7,401.061|Peace Mode|Iron|Lumber|0|96,395.477|5|35,447|0|0|25|Active In The Last 3 Days|Coal|Gold|Lead|Oil|Marble|Fish|Uranium|Rubber|Wheat|Aluminum|619991|1390407|
62089|Vartan|Vicrimanland|New Polar Order|10006|7/15/2009 6:47:48 PM|Member|Anarchy|Buddhism|Blue|11/12/2006 3:45:12 PM|11,091.32|11,220.81|170.121|War Mode|Aluminum|Marble|0|96,384.315|5|6|0|1|22|Active Last Week|Coal|Gold|Fish|Uranium|Iron|Lumber|Rubber|Pigs|||161940|4974913|
177750|Kinneydbt|HitemUp|Argent|10063|11/25/2008 6:13:55 PM|Member|Republic|Mixed|Pink|10/31/2007 11:58:51 PM|8,999.53|10,999.99|300.000|War Mode|Uranium|Iron|0|96,303.595|5|31,738|5,081|50|25|Active In The Last 3 Days|Aluminum|Fish|Coal|Marble|Lead|Gold|Oil|Rubber|Wheat|Lumber|1873086|3589449|
144926|nerau|imperial council|New Pacific Order|10000|7/12/2013 7:35:18 AM|Member|Communist|Voodoo|Red|6/12/2007 12:14:57 PM|8,795.09|12,848.97|387.261|War Mode|Pigs|Wheat|0|96,297.430|1|106,455|8,838|0|24|Active In The Last 3 Days|Aluminum|Marble|Coal|Uranium|Fish|Cattle|Iron|Lumber|Sugar|Spices|1485379|2877778|
160429|atoastgirl|Rhination|United Purple Nations|10025|2/8/2013 5:18:29 AM|Member|Anarchy|Christianity|Purple|8/7/2007 8:16:38 PM|4,060.14|21,385.63|2,349.039|War Mode|Spices|Marble|0|96,168.518|1|117|0|23|24|Active In The Last 3 Days|Cattle|Silver|Furs|Cattle|Lumber|Aluminum|Water|Wheat|||2430|59883|
248357|MrSka|Slartibartfast|NATO|10037|3/2/2020 4:08:10 AM|Member|Anarchy|Christianity|Blue|7/23/2008 6:27:47 PM|9,733.10|11,768.86|1,139.283|War Mode|Pigs|Rubber|0|96,111.082|1|29,553|4,445|0|24|Active In The Last 3 Days|Aluminum|Marble|Coal|Gold|Fish|Uranium|Iron|Lumber|Oil|Lead|3540116|5045294|
543131|Morjon|Wayward Renegade|Nuclear Proliferation League|17228|4/18/2024 10:23:08 AM|Manager|Communist|None|Aqua|12/23/2013 9:42:56 PM|4,300.50|14,999.99|10,000.045|War Mode|Water|Wheat|0|95,923.082|1|137,497|13,603|0|25|Active In The Last 3 Days|Aluminum|Marble|Fish|Uranium|Iron|Lumber|Pigs|Cattle|Spices|Sugar|120495|339006|
627258|monkbonk|LargeLoaf|Knights Of The Round Table|10092|9/1/2022 9:01:50 PM|Member|Monarchy|Shinto|Green|3/29/2021 1:08:10 PM|5,762.49|14,072.35|3,389.727|War Mode|Iron|Rubber|0|95,747.015|1|103,396|6,000|0|25|Active In The Last 3 Days|Aluminum|Coal|Gold|Marble|Lumber|Lead|Uranium|Oil|Water|Wheat|913337|1673454|
555092|VanHuek|The Royal Oak|Knights Of The Round Table|10092|6/9/2014 10:00:21 AM|Member|Republic|Christianity|Green|6/9/2014 5:10:50 AM|9,600.48|10,867.41|700.005|War Mode|Coal|Wheat|0|95,436.432|5|68,340|0|0|25|Active In The Last 3 Days|Aluminum|Iron|Gold|Uranium|||||||1343022|2669575|
478755|Democracy|UnitedNation|Freehold of The Wolves|15157|10/26/2017 5:42:08 PM|Member|Monarchy|None|White|10/25/2011 12:57:40 PM|12,196.68|6,665.73|1,649.110|War Mode|Marble|Lead|0|95,257.592|1|12,152|1,333|0|25|Active In The Last 3 Days|Iron|Coal|Lumber|Oil|Rubber|Gold|Uranium|Water|Wheat|Aluminum|1526360|3459660|
35448|Randle|Cheesia|Global Alliance and Treaty Organization|10003|10/31/2007 9:35:48 AM|Member|Democracy|Judaism|Brown|8/10/2006 6:56:37 PM|13,535.04|8,999.99|0.000|War Mode|Pigs|Cattle|0|95,231.813|5|23,333|0|0|3|Active In The Last 3 Days|Aluminum|Marble|Iron|Fish|Lumber|Sugar|Spices|Wheat|Water|Uranium|1419836|2888472|
618472|Leftie|Brotherhood|Madlads Union|17130|1/25/2024 2:42:55 AM|Member|Monarchy|Norse|Brown|5/21/2019 10:33:29 AM|7,900.64|13,000.01|6,130.004|War Mode|Aluminum|Cattle|0|95,168.237|1|60,000|0|2|25|Active In The Last 3 Days|Lumber|Fish|Pigs|Marble|Sugar|Wheat|Uranium|Iron|Water|Spices|406718|2275812|
184994|Oro Ibah Aozpi|Novgorod|Nordreich|11319|12/2/2013 2:24:01 AM|Manager|Totalitarian State|Norse|Maroon|11/27/2007 11:27:23 AM|9,600.39|9,999.99|500.014|War Mode|Fish|Uranium|35|95,036.936|5|50,000|0|0|25|Active In The Last 3 Days|Aluminum|Marble|Iron|Lumber|Pigs|Cattle|Sugar|Spices|Wheat|Water|7544762|11679628|
59560|Aquiles|SCOPII|New Polar Order|10006|11/6/2006 3:40:24 PM|Member|Anarchy|Shinto|Blue|11/6/2006 3:40:24 PM|12,292.03|7,675.78|773.971|War Mode|Gold|Coal|0|94,882.553|1|55,576|6,347|0|10|Active In The Last 3 Days|Aluminum|Marble|Fish|Uranium|Iron|Lumber|Lead|Oil|Pigs|Rubber|4769317|9948344|
109236|Ekkis|Macallia|United Equestria|10101|8/15/2011 12:09:19 PM|Manager|Monarchy|Islam|Pink|2/18/2007 1:16:31 PM|6,002.44|17,072.02|1,253.897|War Mode|Aluminum|Coal|0|94,789.095|1|100,000|5,500|0|21|Active In The Last 3 Days|Fish|Wheat|Iron|Lumber|Marble|Gold|Oil|Rubber|Uranium|Lead|573383|1454267|
635704|Stony|Stonation|Independent Republic Of Orange Nations|10004|10/11/2022 3:27:52 PM|Member|Totalitarian State|None|Orange|10/11/2022 1:15:21 AM|6,850.14|14,000.00|4,441.166|War Mode|Pigs|Cattle|0|94,786.999|5|112,727|0|0|23|Active In The Last 3 Days|Aluminum|Marble|Fish|Lumber|Iron|Water|Spices|Sugar|Uranium|Wheat|16911|90181|
151741|gidon|monkeybum|The Grand Lodge Of Freemasons|10029|2/6/2015 3:18:06 AM|Manager|Monarchy|Judaism|Orange|7/5/2007 4:26:52 PM|10,175.82|9,999.53|1,100.254|War Mode|Water|Uranium|0|94,679.646|5|35,111|3,429|0|16|Active Three Weeks Ago|Aluminum|Lumber|Iron|Lead|Marble|Oil|Wheat|Rubber|||5657711|8176764|
345089|Adificio Depereo|El Fin de Corrupcion|CLAWS|15841|6/27/2020 12:52:11 PM|Member|Capitalist|Mixed|Black|7/22/2009 10:56:51 PM|8,609.22|8,607.00|4,202.041|War Mode|Coal|Gold|0|94,490.339|3|85,000|10,076|50|25|Active In The Last 3 Days|Aluminum|Marble|Fish|Wheat|Iron|Lumber|Rubber|Oil|Uranium|Lead|2578964|3183198|
626246|Bryan93|Anacostia|Independent Republic Of Orange Nations|10004|1/26/2021 7:35:47 AM|Manager|Revolutionary Government|Taoism|Orange|1/25/2021 2:52:42 PM|9,523.57|10,999.99|1,650.433|War Mode|Iron|Pigs|0|94,221.489|1|60,402|0|0|23|Active In The Last 3 Days|Aluminum|Cattle|Fish|Uranium|Lumber|Water|Sugar|Spices|Wheat|Marble|1329996|2160443|
349468|Adolph Mussolini|Aveotrix|CLAWS|15841|7/9/2018 5:14:57 AM|Member|Communist|Christianity|Black|8/6/2009 11:55:58 PM|5,655.54|16,999.99|1,400.403|War Mode|Iron|Lumber|0|94,221.072|1|52,639|0|0|25|Active In The Last 3 Days|Aluminum|Marble|Coal|Gold|Oil|Rubber|Uranium|Lead|Wheat|Fish|3319451|10225225|
319843|Sinister|New Terminal|Non Grata|10097|10/21/2021 1:38:57 PM|Member|Anarchy|None|Maroon|4/13/2009 12:36:48 PM|8,917.39|10,054.75|550.122|War Mode|Uranium|Lead|0|93,554.964|1|88,689|8,799|1|24|Active In The Last 3 Days|Coal|Gold|Fish|Pigs|Lumber|Iron|Marble|Aluminum|Oil|Wheat|573329|5750200|
632435|Lordsmallballs|Acadian States|Post Grunge Supergroup|16367|3/1/2022 7:49:58 PM|Member|Democracy|Christianity|Brown|2/26/2022 12:51:28 PM|8,580.24|12,999.62|3,000.771|War Mode|Aluminum|Marble|0|93,406.796|1|37,750|3|0|25|Active In The Last 3 Days|Iron|Sugar|Lumber|Pigs|Spices|Fish|Uranium|Water|Wheat|Cattle|1478169|1783399|
186561|Altheus|Magna Graecia|United Purple Nations|10025|12/3/2007 12:50:49 PM|Manager|Anarchy|Christianity|Purple|12/3/2007 12:36:46 PM|7,077.18|15,134.32|123.176|War Mode|Spices|Fish|0|93,262.847|1|82,531|10,393|2|23|Active In The Last 3 Days|Cattle|Pigs|Iron|Uranium|Uranium|Lead|Water|Cattle|||2454931|4532737|
243186|ditchboy00|Ditchopia|Non Grata|10097|8/20/2022 8:04:37 PM|Member|Monarchy|Mixed|Maroon|7/5/2008 5:14:59 AM|6,669.37|14,999.18|0.016|Peace Mode|Coal|Gold|0|93,206.225|5|43,092|0|0|25|Active In The Last 3 Days|Iron|Lumber|Lead|Uranium|Marble|Aluminum|Pigs|Fish|Wheat|Oil|3639069|6123370|
536551|Hammta|ILLINI|Swash Plates And Tail Rotors|10126|9/17/2013 8:39:31 PM|Manager|Communist|Christianity|Pink|9/17/2013 8:14:45 PM|200.40|20,999.01|2,910.803|War Mode|Aluminum|Iron|0|92,996.391|1|204,407|20,440|0|25|Active In The Last 3 Days|Coal|Wheat|Furs|Cattle|Marble|Lumber|Pigs|Oil|Uranium|Fish|31129|135446|
150232|Eagare the Alenthin|Eschenil|Global Alliance and Treaty Organization|10003|8/15/2008 8:50:59 PM|Member|Democracy|Christianity|Brown|6/30/2007 11:43:26 AM|5,121.06|13,999.99|6,388.907|Peace Mode|Rubber|Oil|0|92,933.321|5|84,937|12,468|50|20|Active In The Last 3 Days|Aluminum|Iron|Coal|Fish|Gold|Lumber|Marble|Lead|Wheat|Uranium|590917|1962072|
419104|fumanko|Green Town|Independent Republic of Orange Nations|10004|8/11/2010 10:28:59 PM|Member|Republic|Christianity|Orange|8/9/2010 2:30:44 AM|4,851.64|14,999.93|4,000.000|War Mode|Uranium|Aluminum|0|92,679.148|5|36,317|2,849|3|25|Active Last Week|Coal|Gold|Lead|Fish|Lumber|Iron|Marble|Cattle|Oil|Rubber|903379|4032333|
224337|black dove|The Crucible|New Polar Order|10006|4/30/2008 4:27:07 AM|Member|Anarchy|Judaism|Blue|4/29/2008 7:09:15 AM|7,091.67|14,878.20|0.393|War Mode|Fish|Uranium|0|92,390.594|1|133,272|13,158|1|18|Active In The Last 3 Days|Aluminum|Marble|Coal|Gold|Lead|Oil|Lumber|Iron|Pigs|Rubber|3436496|6818877|
129864|Mike the Greatest|Palookastan|Nuclear Proliferation League|17228|5/28/2025 7:13:08 PM|Member|Revolutionary Government|Norse|Maroon|4/29/2007 8:22:18 AM|2,614.06|17,998.24|4,000.054|War Mode|Lumber|Lead|0|92,361.949|1|146,594|0|2|25|Active In The Last 3 Days|Coal|Marble|Oil|Iron|Uranium|Aluminum|Water|Gold|Wheat|Rubber|5581642|12132825|
633593|ftcows|ftcows|The Legion|10020|5/18/2022 5:25:05 AM|Member|Communist|Islam|Purple|5/17/2022 5:55:04 AM|4,006.41|15,923.66|3,249.046|War Mode|Uranium|Lead|0|92,347.916|1|134,628|13,382|0|25|Active In The Last 3 Days|Aluminum|Lumber|Fish|Wheat|Gold|Coal|Iron|Marble|Oil|Pigs|176521|166311|
469336|Robert tilton|Slacklanta|New Polar Order|10006|8/9/2011 6:10:12 PM|Member|Anarchy|Christianity|Blue|7/30/2011 2:24:07 PM|13,755.91|3,182.31|3,000.000|Peace Mode|Water|Wheat|0|92,174.588|5|13,065|9|0|21|Active Last Week|Aluminum|Marble|Fish|Uranium|Gold|Coal|Iron|Lumber|Pigs|Rubber|3983981|8808651|
418916|HeroofTime55|New XGA|Non Grata|10097|1/17/2021 2:23:36 PM|Member|Communist|None|Maroon|8/7/2010 8:40:54 PM|8,107.84|11,999.99|926.233|Peace Mode|Wheat|Oil|56|92,058.547|1|33,000|0|0|25|Active In The Last 3 Days|Aluminum|Marble|Coal|Gold|Iron|Lumber|Lead|Uranium|Pigs|Fish|5790815|12008982|
277690|brentaar|Barstonia|New Pacific Order|10000|2/11/2016 9:36:27 PM|Member|Monarchy|Christianity|Red|11/7/2008 11:47:12 PM|300.13|19,954.83|4,500.000|War Mode|Lumber|Iron|0|91,909.493|3|194,439|19,253|0|25|Active In The Last 3 Days|Coal|Gold|Fish|Cattle|Furs|Wine|Pigs|Wheat|Sugar|Spices|3292722|7931131|
150348|Mr Relavator|Relanation|New Polar Order|10006|7/8/2018 2:27:00 PM|Member|Anarchy|Confucianism|Maroon|6/30/2007 6:20:41 PM|8,340.57|9,765.98|1,287.430|War Mode|Oil|Iron|0|91,712.154|1|77,154|7,333|0|25|Active In The Last 3 Days|Coal|Marble|Lumber|Lead|Uranium|Aluminum|Water|Gold|Wheat|Rubber|2512878|4608626|
49815|Landru the Falcon|J-kehlan Woodlands||0|4/5/2014 11:09:46 AM|None|Capitalist|Christianity|Maroon|10/2/2006 7:00:42 PM|8,722.04|9,999.99|2,684.288|Peace Mode|Aluminum|Wheat|0|91,611.810|5|60,000|1|0|25|Active This Week|||||||||||0|935|
582941|Cydonian Knight|Strodemia|Non Grata|10097|9/1/2023 9:49:46 PM|Member|Anarchy|Mixed|Maroon|10/11/2015 1:54:35 PM|12,051.54|7,513.10|545.047|War Mode|Lead|Uranium|0|91,215.640|1|72,822|7,275|0|11|Active In The Last 3 Days|Aluminum|Marble|Coal|Gold|Fish|Pigs|Lumber|Iron|Wheat|Oil|6696271|9979718|
578874|Dunge|Strathalbyn|Knights Of The Round Table|10092|10/6/2017 8:19:47 AM|Member|Capitalist|Mixed|Green|7/17/2015 8:09:16 AM|6,618.76|14,999.99|3,924.806|Peace Mode|Iron|Oil|0|91,163.436|5|46,624|0|0|25|Active In The Last 3 Days|Aluminum|Marble|Coal|Rubber|Lead|Uranium|Lumber|Wheat|Water|Gold|3044764|4848655|
189605|Polemos|Realm of Fury|Non Grata|10097|8/29/2025 3:15:37 PM|Member|Monarchy|Christianity|Maroon|12/14/2007 8:39:26 PM|8,859.85|10,119.45|3,452.189|Peace Mode|Lead|Uranium|0|91,082.254|5|24,817|0|0|25|Active In The Last 3 Days|Aluminum|Marble|Coal|Gold|Iron|Lumber|Pigs|Fish|Wheat|Oil|10045126|16494439|
633318|Immortalis712|Republic of Intima|New Pacific Order|10000|4/30/2022 1:11:33 PM|Member|Capitalist|Mixed|Red|4/28/2022 2:32:59 PM|3,002.12|15,827.04|4,757.069|War Mode|Lead|Oil|0|90,960.172|1|143,717|14,248|0|25|Active In The Last 3 Days|Aluminum|Marble|Fish|Cattle|Iron|Lumber|Water|Uranium|Wheat|Pigs|699832|2469923|
290789|Brunes|Brunston|CLAWS|15841|6/16/2020 6:33:27 PM|Member|Revolutionary Government|Norse|Black|1/1/2009 7:27:53 PM|8,139.06|12,222.48|386.093|War Mode|Oil|Rubber|0|90,902.139|5|35,482|853|0|25|Active In The Last 3 Days|Aluminum|Marble|Gold|Coal|Iron|Lumber|Lead|Uranium|Wheat|Fish|2428760|5945395|
12196|AlmightyGrub|Union of Grub|New Polar Order|10006|4/27/2006 8:10:44 PM|Member|Anarchy|Voodoo|Blue|4/27/2006 8:10:44 PM|9,639.77|10,955.39|0.000|War Mode|Fish|Uranium|40|90,807.154|5|107|0|0|24|Active In The Last 3 Days|||||||||||14688457|20987384|
573111|Al Bundy|bundyville|The Wolves|16660|7/6/2025 8:43:41 AM|Manager|Monarchy|Christianity|Maroon|3/26/2015 7:21:03 PM|4,792.79|11,499.99|7,736.437|War Mode|Spices|Sugar|0|90,654.855|1|124,705|12,436|0|25|Active In The Last 3 Days|Aluminum|Marble|Cattle|Wheat|Fish|Water|Iron|Lumber|Uranium|Pigs|29087805|35887600|
206506|Chasan|Bunnies in Paradise|Fark|10002|2/20/2008 12:58:00 AM|Member|Capitalist|Christianity|Aqua|2/19/2008 7:24:02 PM|7,764.19|11,999.76|3,100.000|Peace Mode|Marble|Uranium|0|90,589.795|5|30,228|0|0|22|Active This Week|Aluminum|Pigs|Cattle|Spices|Fish|Lumber|Iron|Water|Sugar|Wheat|3577393|6608550|
608652|King of Clu|Kingdom of Clu|Freehold of The Wolves|15157|4/5/2025 7:47:46 PM|Member|Communist|Mixed|White|11/8/2017 4:11:15 PM|2,000.52|15,410.34|10,726.599|War Mode|Rubber|Gold|0|90,493.822|1|124,714|12,305|0|20|Active In The Last 3 Days|Iron|Coal|Lumber|Oil|Marble|Lead|Uranium|Water|Wheat|Aluminum|539883|467500|
593353|Kitkat16|Sofie|NATO|10037|12/30/2024 12:12:23 AM|Member|Democracy|Christianity|Blue|7/3/2016 9:37:16 PM|6,300.12|13,999.99|5,083.134|War Mode|Coal|Gold|0|90,334.694|1|147,971|0|0|25|Active In The Last 3 Days|Aluminum|Marble|Fish|Uranium|Iron|Lumber|Lead|Oil|Rubber|Pigs|1782729|2702285|
453991|Lieutenant Yenroh|Baguettador III|Viridian Entente|10010|4/6/2011 5:13:07 PM|Manager|Democracy|None|Green|4/3/2011 12:55:15 AM|14,566.00|2,569.50|0.000|War Mode|Gold|Silver|9|90,233.581|5|6,253|0|0|24|Active Last Week|Cattle|Pigs|Gems|Wine|Uranium|Fish|||||3633542|9100524|
273692|Pope Bubba XIII|Rebel Virginia|Non Grata|10097|2/23/2025 5:39:22 PM|Member|Communist|Christianity|Maroon|10/22/2008 6:37:36 PM|8,792.69|9,999.99|0.000|Peace Mode|Iron|Lumber|0|89,903.408|5|30,000|0|0|25|Active In The Last 3 Days|Aluminum|Marble|Coal|Gold|Fish|Pigs|Lead|Uranium|Oil|Wheat|6975788|13580971|
437823|zyberzpyder|Zyberia|Non Grata|10097|10/10/2021 3:23:46 AM|Member|Communist|Baha'i Faith|Maroon|12/23/2010 7:28:18 PM|8,700.60|9,999.99|4,011.652|Peace Mode|Coal|Gold|0|89,726.415|5|23,799|0|0|25|Active In The Last 3 Days|Aluminum|Marble|Iron|Lumber|Lead|Uranium|Oil|Wheat|Pigs|Fish|3231665|3556244|
58385|Emperor Lester II|South Illinois|The Chaos Brotherhood|10364|9/23/2020 6:02:33 PM|Member|Monarchy|Christianity|Green|11/3/2006 9:26:46 AM|10,000.39|10,000.04|1,700.000|Peace Mode|Furs|Wine|0|89,422.069|5|30,500|0|1|25|Active Last Week|Coal|Cattle|Gems|Fish|Gold|Pigs|Uranium|Silver|Wheat|Sugar|691080|1428756|
407657|Shtanto|Shtanto|Non Grata|10097|6/3/2021 2:22:30 PM|Member|Capitalist|Buddhism|Maroon|5/29/2010 3:33:55 PM|9,400.90|9,999.99|0.000|Peace Mode|Iron|Lumber|0|88,973.531|5|14,204|0|0|25|Active In The Last 3 Days|Coal|Gold|Marble|Aluminum|Oil|Wheat|Pigs|Fish|Uranium|Lead|2193639|3474367|
301601|Farrin Xies|Farrin Free States|New Pacific Order|10000|3/17/2015 10:23:05 PM|Member|Anarchy|Taoism|Red|2/11/2009 12:05:49 AM|2,875.72|18,983.27|2,491.408|War Mode|Aluminum|Marble|0|88,902.564|1|62,482|5,237|0|25|Active In The Last 3 Days|Cattle|Fish|Coal|Uranium|Lead|Oil|Lumber|Iron|Pigs|Wheat|3463733|9246193|
367429|sta998|Arfcom Citadel|Federation of Armed Nations|10021|11/7/2009 4:52:37 AM|Member|Transitional|Christianity|Yellow|11/6/2009 12:01:18 AM|9,154.33|8,999.99|46.398|Peace Mode|Iron|Coal|0|88,898.521|5|23,814|2,380|0|25|Active This Week|Aluminum|Gold|Oil|Lead|Water|Rubber|Wheat|Marble|||1214182|1895994|
300255|Argirioc|Argiriahn|The Legion|10020|4/24/2025 2:07:50 PM|Member|Anarchy|Taoism|Purple|2/6/2009 11:57:35 AM|10,628.44|7,258.79|174.766|War Mode|Fish|Wheat|0|88,782.996|1|39,915|3,580|2|14|Active In The Last 3 Days|Aluminum|Lumber|Coal|Gold|Iron|Marble|Lead|Uranium|Oil|Pigs|760970|3465106|
249837|Andrew III|Dendarii Federation|New Polar Order|10006|6/23/2012 3:20:27 AM|Member|Monarchy|Christianity|Blue|7/28/2008 11:58:33 PM|2,699.93|16,999.99|3,000.004|Peace Mode|Pigs|Rubber|0|88,781.620|5|55,000|11,385|0|25|Active In The Last 3 Days|Aluminum|Marble|Fish|Uranium|Iron|Lumber|Lead|Oil|Spices|Sugar|7704014|18796206|
511339|Faroah|Imperial Russia|Sparta|10008|10/31/2012 11:35:26 AM|Member|Monarchy|Christianity|Black|10/31/2012 11:11:58 AM|9,072.08|9,999.99|3,000.000|War Mode|Spices|Marble|0|88,697.330|5|19,847|0|0|23|Active This Week|||||||||||101795|308894|
269657|PlanckBorn|Deutsheland|Independent Republic of Orange Nations|10004|11/24/2010 2:48:42 PM|Member|Democracy|Mixed|Orange|10/7/2008 10:29:44 AM|8,390.64|9,999.64|700.000|War Mode|Oil|Gold|0|88,684.517|5|57,869|0|0|24|Active In The Last 3 Days|Aluminum|Iron|Lead|Rubber|Lumber|Marble|Uranium|Coal|Wheat|Fish|4459115|5964893|
560632|Harper77|Harpistan|Post Grunge Supergroup|16367|4/2/2023 4:04:51 PM|Member|Capitalist|Voodoo|Brown|9/1/2014 7:52:02 PM|7,500.37|13,999.99|2,601.942|War Mode|Spices|Sugar|0|88,647.642|5|41,646|0|0|21|Active In The Last 3 Days|Cattle|Fish|Iron|Aluminum|Lumber|Uranium|Marble|Wheat|Pigs|Water|1839683|2533923|
269356|Jazzy95|Krausberg|CLAWS|15841|7/10/2018 11:29:20 PM|Manager|Democracy|Judaism|Maroon|10/5/2008 10:02:34 PM|6,539.68|12,999.99|152.001|War Mode|Lumber|Aluminum|0|88,628.840|5|33,374|1,000|4|25|Active This Week|Iron|Gold|Marble|Lead|Oil|Wheat|Rubber|Water|Uranium|Coal|1951350|3568851|
324406|Thomas214|Peepville|Freehold of The Wolves|15157|7/21/2017 7:46:35 AM|Member|Communist|Mixed|White|4/29/2009 3:21:45 PM|10,897.09|4,999.75|7.984|Peace Mode|Spices|Sugar|0|88,541.572|1|93,796|6,820|0|23|Active In The Last 3 Days|Aluminum|Marble|Cattle|Pigs|Lumber|Iron|Uranium|Fish|Wheat|Water|1984979|4691271|
597501|JayMillz|Curel|New Polar Order|10006|10/27/2016 6:03:54 AM|Member|Anarchy|Jainism|Blue|10/26/2016 7:43:17 PM|5,615.07|12,983.50|1,891.627|War Mode|Pigs|Rubber|0|88,459.483|1|129,707|12,848|0|20|Active In The Last 3 Days|Aluminum|Marble|Fish|Uranium|Gold|Coal|Iron|Lumber|Lead|Oil|3197116|6369004|
578787|Caspase|Amino Acids|Post Grunge Supergroup|16367|6/14/2021 12:25:17 AM|Member|Revolutionary Government|Judaism|Brown|7/15/2015 11:08:31 AM|1,805.08|19,999.99|803.629|War Mode|Aluminum|Marble|0|88,384.798|5|48,949|0|0|25|Active In The Last 3 Days|Iron|Fish|Pigs|Cattle|Sugar|Lumber|Water|Uranium|Wheat|Spices|5066420|8766797|
256722|MDH962|Claysburgh|The Grand Lodge of Freemasons|10029|8/22/2008 8:31:31 AM|Manager|Republic|Christianity|Orange|8/21/2008 3:20:16 PM|7,699.89|9,999.99|3,500.000|War Mode|Iron|Lead|0|88,324.417|5|28,000|400|0|25|Active In The Last 3 Days|Aluminum|Lumber|Marble|Oil|Water|Uranium|Wheat|Rubber|||2204485|4774874|
600118|Habs Nation|Feel the Bern|Freehold of The Wolves|15157|3/5/2017 1:08:35 PM|Member|Dictatorship|None|White|1/13/2017 4:56:17 AM|7,999.69|11,249.99|1,250.000|Peace Mode|Sugar|Spices|0|88,273.422|1|40,000|0|0|25|Active In The Last 3 Days|Aluminum|Marble|Fish|Uranium|Iron|Lumber|Pigs|Cattle|Wheat|Water|510118|1746872|
533273|AkkenNovikov|NewJersey|Madlads Union|17130|10/20/2023 9:48:23 PM|Manager|Republic|Norse|Brown|8/3/2013 1:15:51 AM|6,701.39|13,999.00|600.000|War Mode|Pigs|Spices|0|88,243.979|5|44,001|0|0|25|Active In The Last 3 Days|Aluminum|Cattle|Fish|Marble|Sugar|Lumber|Uranium|Wheat|Water|Iron|2424602|6535041|
616860|Rifazul|FDWState|Knights Of The Round Table|10092|2/8/2019 11:48:06 AM|Member|Transitional|Islam|Green|2/8/2019 11:47:41 AM|3,786.07|21,605.47|2,080.355|War Mode|Marble|Lumber|0|88,127.312|1|45,002|0|0|6|Active In The Last 3 Days|Aluminum|Iron|Cattle|Uranium|Fish|Pigs|Sugar|Spices|Water|Wheat|18467|626362|
309529|Seiyuuki|Saigon Commonwealth|NATO|10037|3/8/2009 4:37:30 PM|Member|Monarchy|Mixed|Blue|3/8/2009 3:11:56 AM|7,200.20|8,999.99|9,256.745|War Mode|Fish|Uranium|0|87,786.104|5|26,000|0|0|25|Active In The Last 3 Days|Aluminum|Marble|Gold|Coal|Iron|Lumber|Lead|Oil|Pigs|Rubber|2039555|4332453|
106012|President JR Seisa|Themysciera|NATO|10037|2/27/2013 2:18:35 PM|Member|Communist|Christianity|Blue|2/13/2007 3:17:41 PM|5,967.10|14,999.99|400.000|War Mode|Coal|Gold|0|87,725.470|1|49,500|0|0|25|Active In The Last 3 Days|Aluminum|Marble|Fish|Uranium|Iron|Lumber|Lead|Oil|Pigs|Rubber|4251027|6770294|
602415|Palko|Marcomani|Sparta|10008|7/27/2021 10:48:58 AM|Member|Democracy|Christianity|Black|3/21/2017 2:20:23 PM|4,505.05|12,999.99|4,001.008|War Mode|Aluminum|Coal|0|87,691.912|1|80,000|13,501|0|25|Active In The Last 3 Days|Fish|Gold|Iron|Lumber|Marble|Oil|Rubber|Water|Wheat|Uranium|2249561|5297016|
561575|DragonsPhyre|Dragon Spire|Global Alliance And Treaty Organization|10003|9/18/2014 12:14:46 AM|Manager|Communist|Norse|Brown|9/18/2014 12:12:31 AM|5,300.95|13,999.21|1,500.440|War Mode|Iron|Aluminum|0|87,534.601|1|39,828|0|0|25|Active In The Last 3 Days|Coal|Fish|Lead|Wheat|Lumber|Marble|Oil|Rubber|Uranium|Gold|1839364|3580227|
633220|Supersingalong|Judeau|Argent|10063|4/21/2022 8:58:02 AM|Member|Capitalist|Christianity|Pink|4/20/2022 10:38:40 AM|5,000.23|13,533.65|4,190.535|War Mode|Lumber|Iron|0|87,532.067|5|104,108|11,410|50|20|Active Last Week|Aluminum|Marble|Coal|Gold|Fish|Wheat|Lead|Uranium|Oil|Pigs|157194|545004|
602563|AntiChoice|SuperNaturale|Sparta|10008|7/25/2021 6:52:04 PM|Member|Capitalist|Judaism|Black|3/26/2017 11:50:53 PM|5,670.22|14,098.07|3,200.067|War Mode|Uranium|Wheat|0|87,433.792|5|37,420|0|0|25|Active In The Last 3 Days|Aluminum|Coal|Fish|Gold|Iron|Lumber|Marble|Oil|Rubber|Water|914658|1103888|
560289|Blaist Communists|Blaist Blaland|Union Of Communist Republics|10060|8/26/2014 4:54:00 PM|Member|Revolutionary Government|None|Brown|8/26/2014 4:35:31 PM|6,615.49|10,999.99|1,300.000|War Mode|Lumber|Sugar|0|87,400.053|1|105,830|10,505|0|25|Active Last Week|Iron|Fish|Marble|Aluminum|Spices|Wheat|Water|Uranium|||933863|2134438|
629411|Deathsmile|Isle of Death|The Dark Templar|10056|8/10/2021 6:20:48 PM|Manager|Monarchy|Taoism|Black|8/10/2021 5:25:05 PM|1,200.40|12,999.99|15,929.961|War Mode|Cattle|Wheat|0|86,951.995|1|149,963|13,929|0|25|Active In The Last 3 Days|Aluminum|Marble|Fish|Pigs|Iron|Lumber|Lead|Uranium|Spices|Sugar|961130|3489312|
277593|falconer360|Gondowan|CLAWS|15841|7/17/2020 12:55:53 PM|Member|Capitalist|None|Purple|11/7/2008 4:04:37 PM|8,320.19|7,999.31|3,102.262|War Mode|Iron|Marble|0|86,903.576|1|42,705|4,211|0|25|Active In The Last 3 Days|Aluminum|Lumber|Cattle|Pigs|Coal|Gold|Fish|Wheat|Lead|Uranium|1563074|4902076|
199347|Caliph|Caliphate|Doom Squad|16454|6/2/2022 8:06:17 PM|Member|Republic|Islam|Black|1/22/2008 7:21:52 PM|0.32|19,999.99|5,182.221|War Mode|Aluminum|Marble|0|86,804.180|1|173,765|6,370|0|25|Active In The Last 3 Days|Cattle|Wheat|Fish|Pigs|Iron|Lumber|Sugar|Spices|Water|Uranium|5806681|11424952|
505265|PlasticTastic|Fields Of Justice|The Legion|10020|8/12/2012 8:20:45 AM|Member|Revolutionary Government|Hinduism|Purple|8/10/2012 7:07:34 AM|7,000.02|9,999.99|2,500.000|War Mode|Wheat|Uranium|0|86,795.623|1|76,348|7,418|50|25|Active In The Last 3 Days|||||||||||364787|616903|
430606|KemMo|Maurinaria|Nuclear Proliferation League|17228|3/22/2024 2:57:03 AM|Manager|Anarchy|Mixed|Aqua|11/2/2010 6:36:45 PM|5,403.28|11,948.89|10,186.689|War Mode|Fish|Uranium|0|86,739.462|1|115,069|0|0|25|Active In The Last 3 Days|Aluminum|Marble|Iron|Lumber|Pigs|Cattle|Spices|Sugar|Water|Wheat|660278|1011625|
407586|FreezingAssassin|Charr|Fark|10002|2/12/2017 9:52:55 PM|Member|Monarchy|Voodoo|Aqua|5/29/2010 8:47:19 AM|7,210.19|11,499.99|0.000|War Mode|Water|Sugar|0|86,513.938|1|112,401|0|0|25|Active In The Last 3 Days|Iron|Wheat|Lumber|Cattle|Marble|Fish|Pigs|Spices|Uranium|Aluminum|4348350|6417283|
512699|Mindbraker|Aguda|New Polar Order|10006|11/19/2012 3:26:58 PM|Member|Anarchy|Christianity|Blue|11/17/2012 12:26:32 PM|12,746.38|4,336.13|1,242.405|War Mode|Iron|Lumber|0|86,488.878|1|0|0|0|4|Active In The Last 3 Days|Fish|Uranium|Lead|Oil|Marble|Aluminum|Pigs|Rubber|Spices|Sugar|1503682|4115757|
482099|Sir Gunz|Talent|Christian Coalition Of Countries|10028|5/23/2024 6:43:36 PM|Member|Capitalist|Judaism|Maroon|11/28/2011 7:38:42 PM|5,002.20|14,099.52|4,586.751|Peace Mode|Lead|Oil|0|86,393.366|5|56,184|0|0|25|Active In The Last 3 Days|Aluminum|Marble|Fish|Uranium|Gold|Coal|Iron|Lumber|Pigs|Rubber|1764010|2592952|
249634|Valandil|Ithilien Empire|NATO|10037|8/10/2012 9:17:32 AM|Member|Democracy|Christianity|Blue|7/28/2008 12:28:16 PM|7,400.35|12,992.55|3,094.823|War Mode|Aluminum|Marble|0|86,371.863|2|41,011|600|0|16|Active In The Last 3 Days|Coal|Gold|Fish|Uranium|Iron|Lumber|Oil|Lead|Pigs|Rubber|2267757|4798119|
475014|cirk2|Agatea|Non Grata|10097|10/9/2021 5:44:57 PM|Member|Anarchy|Confucianism|Maroon|9/19/2011 9:40:16 AM|9,632.45|7,668.81|3.811|War Mode|Pigs|Fish|0|86,189.278|1|73,644|7,235|0|18|Active In The Last 3 Days|Aluminum|Marble|Coal|Gold|Iron|Lumber|Lead|Uranium|Oil|Wheat|3409485|6430390|
567720|Cosmic Chocolate|Soaring Eagle|Doombrella|17368|9/9/2025 5:28:11 PM|Member|Anarchy|None|Black|12/27/2014 8:20:37 AM|13,085.28|5,545.93|206.100|War Mode|Marble|Aluminum|0|86,181.365|1|37,721|1,643|0|14|Active In The Last 3 Days|Coal|Gold|Fish|Pigs|Iron|Lumber|Oil|Wheat|Uranium|Lead|4883523|10580929|
615938|Pongping|Pingponggggg|Knights Of The Round Table|10092|1/22/2019 5:19:16 PM|Member|Capitalist|Buddhism|Green|12/9/2018 3:12:55 AM|5,813.56|13,169.77|3,419.944|War Mode|Water|Iron|0|86,148.528|5|34,475|2,560|4|25|Active In The Last 3 Days|Aluminum|Oil|Aluminum|Wheat|Cattle|Pigs|Fish|Uranium|Lumber|Marble|311828|683963|
545884|revanfios|Aninix|Post Grunge Supergroup|16367|2/14/2023 9:34:08 AM|Member|Republic|Norse|Yellow|2/4/2014 11:29:00 AM|6,750.89|10,999.99|8,599.774|Peace Mode|Iron|Lumber|0|85,979.087|5|35,000|0|0|0|Active This Week|Cattle|Pigs|Marble|Fish|Sugar|Spices|Uranium|Aluminum|Water|Wheat|1484010|1972871|
549386|ghostofgod|Apocalyptica|The Order Of The Black Rose|10045|12/21/2018 12:06:54 PM|Member|Democracy|None|Black|3/20/2014 9:25:45 AM|5,300.05|10,999.99|4,648.071|War Mode|Iron|Lead|0|85,799.893|1|100,000|10,063|0|25|Active In The Last 3 Days|Coal|Fish|Lumber|Marble|Oil|Wheat|Pigs|Gold|Uranium|Spices|1534338|2510183|
581937|Robert III|Gudafen|CLAWS|15841|7/5/2018 12:39:22 PM|Member|Federal Government|Christianity|Black|9/19/2015 3:59:53 PM|8,300.97|8,502.93|830.000|War Mode|Lumber|Iron|0|85,753.641|5|50,000|6,950|0|25|Active Three Weeks Ago|||||||||||985147|3847462|
454283|Waterana|Chrystalen|New Pacific Order|10000|4/5/2011 12:05:00 AM|Member|Communist|Judaism|Red|4/5/2011 12:02:37 AM|4,408.79|14,988.43|2,000.000|War Mode|Pigs|Wheat|0|85,191.372|1|146,307|14,280|0|25|Active In The Last 3 Days|Fish|Cattle|Lumber|Iron|Silver|Gems|Sugar|Spices|Water|Uranium|1398392|6878093|
155826|weebl2000|Azeer|Non Grata|10097|5/9/2012 5:32:21 PM|Member|Anarchy|Mixed|Maroon|7/22/2007 7:21:01 AM|7,456.57|11,067.58|0.000|War Mode|Pigs|Fish|57|85,179.542|1|105,087|10,161|0|9|Active In The Last 3 Days|Aluminum|Marble|Coal|Gold|Iron|Lumber|Lead|Uranium|Wheat|Oil|14065944|18312483|
604106|McDouggal|McDouggalland|Knights Of The Round Table|10092|5/31/2017 8:21:43 PM|Member|Communist|Norse|Green|5/16/2017 9:22:30 PM|4,877.75|14,000.00|714.442|Peace Mode|Lumber|Lead|0|85,175.434|5|41,000|0|0|25|Active In The Last 3 Days|Aluminum|Coal|Gold|Marble|Iron|Rubber|Uranium|Oil|Water|Wheat|2827214|4659181|
205712|King Poot|Cache|Sparta|10008|12/6/2010 10:52:46 PM|Member|Capitalist|Christianity|Black|2/17/2008 10:11:29 PM|6,668.73|11,999.99|13.147|War Mode|Aluminum|Coal|0|84,939.709|5|30,000|1,657|0|23|Active In The Last 3 Days|Fish|Gold|Iron|Lumber|Lead|Oil|Rubber|Water|Uranium|Wheat|4668555|12953228|
618698|Arminius Cheruski|Germania Magna|The Prussian Empire|14204|6/29/2019 5:36:53 PM|Member|Monarchy|Norse|Green|6/8/2019 4:11:55 PM|5,307.46|12,999.99|1,565.325|War Mode|Sugar|Spices|0|84,934.188|5|31,367|2,783|0|25|Active In The Last 3 Days|Aluminum|Marble|Lumber|Iron|Pigs|Uranium|Water|Cattle|Wheat|Fish|1069569|2208064|
381828|InconspicuousBarrel|Kievan Rus|Global Alliance And Treaty Organization|10003|4/5/2010 11:27:12 AM|Member|Monarchy|Voodoo|Brown|1/23/2010 4:58:31 PM|9,908.77|10,000.00|2,000.000|War Mode|Sugar|Spices|0|84,836.690|5|29,642|0|1|13|Active In The Last 3 Days|Aluminum|Marble|Fish|Cattle|Iron|Wheat|Pigs|Lumber|Water|Uranium|346981|832373|
52638|general.cj.82ndaa|southern airborne|Coalition of Royal Allied Powers|10051|6/23/2012 9:50:46 PM|Member|Federal Government|Christianity|Maroon|10/13/2006 6:15:25 PM|2,809.10|18,000.00|3,020.688|War Mode|Lead|Lumber|0|84,481.696|2|110,009|10,000|0|2|Active In The Last 3 Days|Aluminum|Coal|Gold|Iron|Oil|Rubber|Water|Uranium|Wheat|Marble|827097|2716769|
17018|Mitch Rio|Taranvedra|Post Grunge Supergroup|16367|4/15/2025 6:24:24 PM|Member|Revolutionary Government|Norse|Brown|5/24/2006 7:40:56 PM|2,107.56|21,264.06|5,902.622|War Mode|Sugar|Wheat|0|84,473.939|2|52,002|0|0|5|Active In The Last 3 Days|Aluminum|Cattle|Lumber|Fish|Pigs|Marble|Uranium|Iron|Water|Spices|19561|321736|
395340|Lord Hershey|Palaven|Doom Squad|16454|12/1/2020 6:17:24 PM|Manager|Transitional|Christianity|Black|3/29/2010 12:00:39 PM|100.10|19,999.99|1,774.654|War Mode|Sugar|Spices|92|84,306.244|1|261,939|0|0|23|Active In The Last 3 Days|Aluminum|Marble|Cattle|Wheat|Fish|Pigs|Iron|Lumber|Water|Uranium|10471086|25068415|
99803|Lime Like The Bean|Limetown|New Polar Order|10006|9/17/2025 2:00:18 PM|Pending|Anarchy|None|Blue|1/28/2007 9:10:31 AM|9,716.94|8,084.64|3,167.609|War Mode|Lumber|Aluminum|0|83,893.586|5|1,828|0|0|5|Active Last Week|||||||||||118058|854341|
104328|Iamthey|Swiss Empire|Argent|10063|12/9/2017 1:24:21 AM|Member|Totalitarian State|None|Pink|2/11/2007 3:01:45 PM|498.70|21,005.94|2,500.027|War Mode|Oil|Rubber|0|83,706.170|5|121,251|1,456|0|25|Active This Week|Aluminum|Marble|Coal|Lead|Gold|Fish|Lumber|Iron|Wheat|Uranium|4776548|7965018|
30894|Ender003|Triopica|Random Insanity Alliance|10038|7/27/2006 8:06:18 AM|Member|Capitalist|None|Maroon|7/27/2006 8:06:18 AM|3,013.99|15,949.35|657.493|Peace Mode|Iron|Aluminum|0|83,438.113|5|30,994|12,195|0|25|Active This Week|Cattle|Marble|Fish|Sugar|Pigs|Spices|Uranium|Lumber|Wheat|Water|2685257|4480178|
121872|Katahdin|Fraise de Sang|Global Alliance and Treaty Organization|10003|3/23/2007 11:39:09 PM|Member|Monarchy|Mixed|Brown|3/23/2007 11:39:09 PM|8,301.53|9,999.07|0.327|War Mode|Sugar|Spices|0|83,357.153|1|34,811|3,453|0|25|Active In The Last 3 Days|Cattle|Uranium|Iron|Fish|Marble|Lumber|Pigs|Water|Wheat|Aluminum|769593|1673904|
185464|Randalla|The HiElands|CLAWS|15841|7/13/2018 10:00:10 PM|Manager|Federal Government|Christianity|Black|11/29/2007 1:43:52 AM|4,366.38|13,999.00|1,700.000|Peace Mode|Aluminum|Marble|0|83,194.623|5|114,128|11,089|0|25|Active In The Last 3 Days|Coal|Gold|Fish|Wheat|Iron|Lumber|Lead|Uranium|Oil|Rubber|2295335|5158212|
616887|Dontavian|Karnax|Independent Republic Of Orange Nations|10004|2/10/2019 3:20:50 PM|Member|Monarchy|Sikhism|Orange|2/10/2019 10:00:47 AM|3,117.69|15,099.09|2,333.821|War Mode|Fish|Wheat|0|83,098.568|5|126,595|6,001|0|25|Active In The Last 3 Days|Aluminum|Gold|Iron|Lead|Lumber|Uranium|Marble|Coal|Oil|Rubber|1987443|7158191|
625634|firingline|TheCastle|The Wolves|16660|8/28/2024 9:38:51 AM|Manager|Transitional|Shinto|Black|12/12/2020 7:14:38 PM|200.13|16,565.55|7,670.951|War Mode|Aluminum|Marble|0|82,869.746|1|203,356|20,026|0|23|Active In The Last 3 Days|Coal|Gold|Fish|Pigs|Iron|Lumber|Lead|Uranium|Wheat|Oil|23168907|42596198|
313301|MK4Slowride|MK4Slowride|Global Alliance And Treaty Organization|10003|4/1/2017 3:10:21 PM|Member|Monarchy|None|Brown|3/21/2009 7:20:06 AM|6,808.83|9,999.99|4,891.683|War Mode|Spices|Wheat|0|82,541.663|1|30,000|0|0|25|Active In The Last 3 Days|Iron|Fish|Lumber|Sugar|Marble|Aluminum|Pigs|Cattle|Water|Uranium|4323027|7095390|
116618|Thrash|Machas|The Legion|10020|2/21/2025 2:39:40 PM|Member|Anarchy|None|Purple|3/7/2007 5:54:59 PM|4,130.64|14,137.05|834.676|War Mode|Oil|Pigs|31|82,410.542|1|135,658|13,230|0|16|Active In The Last 3 Days|Aluminum|Lumber|Fish|Wheat|Iron|Marble|Spices|Sugar|Uranium|Lead|14265526|21518170|
166263|Northstar|British Republic|The Legion|10020|3/6/2024 2:55:54 PM|Member|Monarchy|Taoism|Purple|9/12/2007 2:04:44 PM|5,016.79|16,218.57|877.175|War Mode|Fish|Wheat|0|82,405.402|5|55,000|0|0|25|Active This Week|Aluminum|Lumber|Coal|Gold|Iron|Marble|Oil|Pigs|Uranium|Sugar|15898|1256290|
583468|Qldvespanut|Mr Ben|Mostly Harmless Alliance|14879|12/12/2020 11:19:08 PM|Manager|Capitalist|Mixed|Aqua|10/26/2015 2:27:26 AM|9,162.02|6,999.00|4,300.000|War Mode|Sugar|Spices|0|82,357.179|5|20,395|961|0|25|Active In The Last 3 Days|Aluminum|Pigs|Cattle|Lumber|Iron|Wheat|Marble|Uranium|Water|Fish|1967190|2600607|
50145|makarraka|MAKARRALAND|The Dark Templar|10056|1/30/2024 1:00:23 AM|Member|Republic|None|Black|10/4/2006 4:54:30 AM|5,115.54|12,999.99|2,000.000|Peace Mode|Uranium|Lead|0|82,277.735|5|43,002|0|0|25|Active In The Last 3 Days|Iron|Lumber|Wheat|Marble|||||||41963|1690303|
528882|JSoprano|Darasuum|Pirate Radio Network|17459|9/30/2025 11:19:51 AM|Manager|Communist|Voodoo|Brown|5/29/2013 9:13:58 PM|7,000.18|10,999.99|3,000.300|War Mode|Sugar|Uranium|2|82,183.105|1|44,090|0|0|23|Active In The Last 3 Days|Aluminum|Marble|Iron|Pigs|Lumber|Cattle|Spices|Wheat|Water|Fish|1132361|1505698|
455466|KrazyNights|Helleden|New Polar Order|10006|4/13/2011 4:48:25 AM|Member|Anarchy|None|Blue|4/13/2011 4:38:13 AM|6,908.57|12,765.98|224.103|War Mode|Lumber|Iron|0|82,137.089|1|1,257|0|3|25|Active In The Last 3 Days|||||||||||3589591|5294865|
406305|Ciroton|Sarin|New Polar Order|10006|6/2/2010 2:22:19 PM|Member|Communist|None|Blue|5/22/2010 8:17:51 PM|6,401.90|11,004.75|3,000.000|Peace Mode|Marble|Aluminum|0|81,878.732|5|31,000|0|0|25|Active In The Last 3 Days|Coal|Gold|Iron|Lumber|Pigs|Rubber|Uranium|Fish|Water|Wheat|1700921|3567953|
254501|gijoe|atlantis awakens|Fark|10002|2/15/2017 5:40:37 PM|Member|Democracy|Christianity|Aqua|8/14/2008 10:02:32 AM|8,474.65|9,999.99|700.068|Peace Mode|Iron|Lead|0|81,723.317|4|25,000|1,000|50|25|Active In The Last 3 Days|Coal|Lumber|Gold|Rubber|Lead|Aluminum|Spices|Sugar|Uranium|Oil|319370|1968972|
557687|gameoverclocker|kryzhome|NATO|10037|2/23/2021 11:13:58 PM|Member|Transitional|Islam|Blue|7/16/2014 5:18:44 AM|4,308.01|14,043.54|1,300.000|War Mode|Lead|Oil|0|81,585.664|5|32,000|0|50|25|Active In The Last 3 Days|Aluminum|Marble|Coal|Gold|Fish|Uranium|Iron|Lumber|Pigs|Rubber|284294|1500313|
556743|Janax|Krymson|Argent|10063|9/7/2014 11:31:48 AM|Member|Democracy|None|Pink|7/2/2014 9:11:23 PM|6,601.08|8,999.99|3,004.308|War Mode|Marble|Lumber|0|81,511.381|5|53,578|5,240|0|25|Active This Week|Gold|Oil|Iron|Aluminum|Lead|Uranium|Rubber|Coal|||3170064|5844699|
132638|Ramirez Papelbon|BoSox Nation|The Legion|10020|9/29/2025 6:17:28 PM|Member|Communist|Confucianism|Purple|5/5/2007 7:58:05 PM|6,866.62|9,263.21|960.764|War Mode|Wheat|Fish|0|81,496.641|1|80,900|5,149|0|25|Active In The Last 3 Days|Aluminum|Lumber|Coal|Gold|Iron|Uranium|Lead|Marble|Oil|Pigs|1974259|3544733|
631838|Gerard Bonaye|Nouvelle Burgundy|The Prussian Empire|14204|1/15/2022 1:52:15 AM|Member|Capitalist|Christianity|Green|1/15/2022 12:51:30 AM|3,400.38|14,400.99|3,300.872|War Mode|Uranium|Lead|0|81,382.783|5|115,000|12,158|20|12|Active In The Last 3 Days|Aluminum|Lumber|Coal|Oil|Iron|Water|Rubber|Gold|Wheat|Marble|4979|423253|
447303|Terminator|USSROK|CLAWS|15841|8/12/2025 7:16:41 AM|Member|Anarchy|Mixed|Aqua|2/21/2011 2:23:41 PM|5,110.74|11,743.70|773.071|War Mode|Uranium|Aluminum|0|81,330.908|1|118,256|11,432|0|23|Active In The Last 3 Days|Iron|Marble|Lead|Fish|Lumber|Coal|Oil|Gold|Rubber|Wheat|10708032|17906446|
183629|Emperor King|Best Nation|Green Protection Agency|10041|11/23/2007 6:25:47 AM|Member|Totalitarian State|Mixed|Green|11/21/2007 7:02:29 PM|8,920.91|11,299.99|1,000.000|Peace Mode|Cattle|Pigs|0|81,272.070|5|22,877|0|0|9|Active Last Week|Fish|Aluminum|Lumber|Water|Spices|Marble|||||64899|423856|
638628|Hogboy|Maeshowe|Knights Of The Round Table|10092|5/30/2023 8:25:30 AM|Member|Republic|Norse|Green|4/16/2023 1:01:15 PM|3,800.34|14,000.00|5,500.000|War Mode|Pigs|Wheat|0|81,161.719|5|148,000|0|0|25|Active In The Last 3 Days|Aluminum|Fish|Cattle|Water|Lumber|Iron|Marble|Uranium|Spices|Sugar|503133|980376|
641537|Probably Mochi|Kap Land|Doom Squad|16454|5/12/2025 6:15:46 AM|Manager|Republic|Buddhism|Black|1/5/2024 8:47:02 AM|1,239.36|14,249.99|10,121.916|War Mode|Iron|Lumber|0|80,753.696|1|167,701|0|0|25|Active In The Last 3 Days|Aluminum|Marble|Coal|Gold|Oil|Wheat|Pigs|Fish|Uranium|Lead|979537|1190056|
186805|Grendel|Beowulf|Knights Of The Round Table|10092|10/9/2018 8:58:23 AM|Member|Capitalist|None|Green|12/4/2007 9:29:19 AM|7,137.06|9,999.99|3,231.861|War Mode|Marble|Aluminum|0|80,622.534|1|24,475|0|0|23|Active In The Last 3 Days|Coal|Lead|Gold|Wheat|Lumber|Water|Oil|Rubber|Uranium|Iron|3121785|6817910|
129329|seaellem|Seaellemistan||0|11/28/2007 5:13:01 AM|None|Anarchy|Christianity|Aqua|4/27/2007 8:41:26 PM|5,502.01|15,614.98|0.000|War Mode|Marble|Oil|0|80,604.989|5|0|0|0|25|Active More Than Three Weeks Ago|||||||||||418204|2237050|
637999|jumali|Bocorz|The Legion|10020|2/28/2023 10:21:38 PM|Member|Capitalist|Mixed|Purple|2/28/2023 12:09:56 PM|6,000.00|11,999.99|4,250.188|Peace Mode|Aluminum|Lumber|0|80,424.264|5|34,451|0|0|25|Active In The Last 3 Days|Coal|Gold|Iron|Uranium|Lead|Marble|Oil|Pigs|Wheat|Fish|0|0|
276924|TheAmplified42|Winrar|Siberian Tiger Alliance|10011|8/19/2023 1:32:00 AM|Manager|Monarchy|None|Pink|11/5/2008 1:02:10 AM|7,999.21|10,999.99|0.000|War Mode|Marble|Lumber|0|80,327.793|5|14,698|9,939|18|6|Active In The Last 3 Days|Aluminum|Iron|Coal|Wheat|Furs|Cattle|Pigs|Oil|Uranium|Fish|3066829|6340345|
639416|Addisonjam|Additomia|The Dark Templar|10056|8/27/2023 8:11:09 PM|Member|Anarchy|Shinto|Black|7/1/2023 2:23:59 AM|503.89|14,306.16|11,250.467|War Mode|Fish|Wheat|0|80,217.050|1|148,750|13,542|0|25|Active In The Last 3 Days|Aluminum|Marble|Coal|Gold|Iron|Lumber|Rubber|Oil|Uranium|Lead|425025|818239|
186093|pjk11|BOOM HEADSHOT|Freehold of The Wolves|15157|10/26/2017 11:27:52 PM|Member|Capitalist|Christianity|White|12/1/2007 2:57:50 PM|8,021.99|5,999.99|5,008.189|Peace Mode|Cattle|Pigs|0|80,167.025|5|25,772|2,572|0|23|Active In The Last 3 Days|Aluminum|Marble|Fish|Uranium|Lumber|Iron|Sugar|Spices|Water|Wheat|2586357|4482829|
195832|hackerhog|Frontier|Random Insanity Alliance|10038|2/28/2010 5:35:28 PM|Member|Anarchy|Christianity|Maroon|1/9/2008 9:25:29 PM|7,120.30|11,279.40|349.761|War Mode|Lumber|Gold|107|79,874.471|5|6|0|0|24|Active In The Last 3 Days|Aluminum|Iron|Coal|Lead|Oil|Water|Rubber|Wheat|Uranium|Marble|4030076|10749026|
564615|Solarchos|Van Saar Federation|Post Grunge Supergroup|16367|6/30/2020 4:33:08 PM|Member|Capitalist|Confucianism|Brown|11/6/2014 8:27:48 PM|5,064.11|11,999.00|2,300.320|War Mode|Pigs|Water|0|79,840.272|5|127,552|12,406|0|25|Active In The Last 3 Days|Cattle|Fish|Iron|Aluminum|Lumber|Uranium|Marble|Wheat|Spices|Sugar|2831544|6642494|
233069|Yuurei|Exedore|NATO|10037|1/10/2023 10:07:04 AM|Member|Communist|Shinto|Blue|5/30/2008 5:04:13 PM|5,910.92|12,900.00|5,800.000|Peace Mode|Iron|Lumber|0|79,798.724|5|92,206|0|0|10|Active This Week|Aluminum|Marble|Coal|Gold|Fish|Uranium|Lead|Oil|Pigs|Rubber|775202|1397421|
418455|Sabcat|Sabcat Island|Libertarian Socialist Federation|10027|8/2/2023 8:18:54 AM|Member|Communist|None|Brown|8/4/2010 10:14:22 AM|2,618.31|14,661.31|3,692.138|War Mode|Lumber|Uranium|0|79,511.703|1|58,050|535|0|25|Active In The Last 3 Days|Cattle|Fish|Iron|Aluminum|Marble|Wheat|Pigs|Water|Spices|Sugar|6376909|16816221|
404176|Sadero|Saderia|New Polar Order|10006|5/15/2010 2:47:28 AM|Member|Revolutionary Government|Sikhism|Blue|5/14/2010 3:05:15 AM|1,000.04|19,999.99|1,318.034|Peace Mode|Coal|Gold|0|79,407.424|5|111,509|0|0|23|Active In The Last 3 Days|Aluminum|Marble|Fish|Uranium|Iron|Lumber|Lead|Oil|Pigs|Rubber|6087000|8337801|
536658|Tetron Firestorm|Unimatrix 001||0|9/19/2013 6:27:12 PM|None|Capitalist|Christianity|None|9/19/2013 6:06:20 PM|6,010.52|14,001.00|1,197.486|Peace Mode|Uranium|Lead|0|78,901.824|5|30,000|0|0|8|Active In The Last 3 Days|Aluminum|Marble|Coal|Rubber|Iron|Gold|Oil|Gold|||183582|952371|
80170|stevent37|Buffalonia|Freehold of The Wolves|15157|11/23/2017 10:50:32 PM|Member|Monarchy|Mixed|White|12/16/2006 2:42:37 AM|6,572.88|9,805.19|4,028.825|War Mode|Water|Wheat|0|78,891.085|1|12,894|0|0|24|Active In The Last 3 Days|Aluminum|Marble|Cattle|Pigs|Fish|Uranium|Lumber|Iron|Sugar|Spices|2003481|2576199|
311659|tanglerat|Tir Mor|Post Grunge Supergroup|16367|6/29/2020 2:04:09 AM|Member|Revolutionary Government|Taoism|Brown|3/15/2009 3:56:56 PM|3,600.24|14,999.99|1,727.719|War Mode|Wheat|Cattle|56|78,801.399|5|91,431|0|0|25|Active In The Last 3 Days|Aluminum|Marble|Iron|Sugar|Lumber|Pigs|Spices|Fish|Uranium|Water|16232486|20648058|
341557|Nishiyoshi|Kapon|Mostly Harmless Alliance|14879|7/17/2017 12:42:22 AM|Manager|Democracy|Christianity|Aqua|7/9/2009 12:10:22 PM|1,000.14|15,999.99|5,389.029|War Mode|Lead|Fish|0|78,753.364|5|55,227|1,398|0|25|Active In The Last 3 Days|Iron|Marble|Lumber|Coal|Oil|Gold|Rubber|Wheat|Uranium|Aluminum|10101592|13917050|
597043|simonzster|A Land|Knights Of The Round Table|10092|8/4/2023 1:38:42 PM|Member|Democracy|None|Black|10/14/2016 8:04:02 AM|5,110.00|14,000.00|6,784.963|Peace Mode|Water|Gems|0|78,418.249|5|34,540|0|0|0|Active This Week|Cattle|Coal|Coal|Iron|Marble|Oil|Uranium|Wheat|||0|0|
312587|gingervites|Gingervites|Argent|10063|12/9/2017 3:56:59 AM|Member|Totalitarian State|Islam|Pink|3/18/2009 8:33:13 PM|300.06|19,999.47|2,634.088|War Mode|Lead|Uranium|0|78,216.667|5|119,840|0|0|25|Active Last Week|Aluminum|Marble|Coal|Gold|Fish|Wheat|Lumber|Iron|Oil|Pigs|1565317|2549738|
484657|Augustus Caesar|South Holland|Non Grata|10097|10/11/2021 3:07:14 PM|Member|Revolutionary Government|Mixed|Maroon|12/21/2011 12:23:11 PM|3,333.89|15,998.21|1,200.001|Peace Mode|Lead|Uranium|0|78,112.224|5|44,908|0|0|25|Active In The Last 3 Days|Aluminum|Marble|Coal|Gold|Iron|Lumber|Oil|Wheat|Pigs|Fish|5500844|8639453|
370722|GrumpyOldMan|Lawnistan|Fark|10002|11/24/2009 9:51:27 PM|Member|Capitalist|Christianity|Aqua|11/24/2009 9:41:31 PM|4,719.47|13,016.59|655.170|War Mode|Wheat|Iron|0|78,038.460|5|54,918|7,226|0|24|Active Last Week|Gold|Aluminum|Lead|Uranium|Pigs|Lumber|Rubber|Oil|Water|Marble|1108352|1953534|
501403|Trebs|Trebs|Nordreich|11319|12/2/2013 2:20:09 AM|Manager|Monarchy|Norse|Maroon|6/21/2012 1:42:49 PM|6,900.33|7,999.99|2,381.251|War Mode|Wheat|Water|0|77,688.475|5|33,000|0|0|25|Active In The Last 3 Days|Aluminum|Marble|Fish|Uranium|Iron|Lumber|Pigs|Cattle|Sugar|Spices|2413999|6068749|
571405|compcowboy|Optimum|Old Guard|11296|7/27/2018 7:57:06 AM|Member|Monarchy|Islam|Blue|11/28/2006 8:07:09 AM|9,093.55|9,999.99|1,000.000|Peace Mode|Gold|Coal|0|77,567.740|5|28,000|0|0|2|Active In The Last 3 Days|Aluminum|Marble|Iron|Lumber|Lead|Oil|Pigs|Rubber|Uranium|Fish|663014|1354814|
633267|OkapiBlue|Rymnia|Doom Squad|16454|4/29/2022 4:57:06 PM|Member|Totalitarian State|Taoism|Black|4/23/2022 8:33:48 PM|1,009.65|14,499.51|9,801.728|Peace Mode|Iron|Lumber|0|77,520.693|5|42,566|0|36|25|Active In The Last 3 Days|Aluminum|Marble|Cattle|Wheat|Fish|Pigs|Sugar|Spices|Water|Uranium|21320|81326|
644718|tikem7|Tikopia|COBRA|13717|10/7/2024 10:55:40 PM|Manager|Capitalist|Islam|Brown|10/7/2024 10:38:44 PM|900.00|13,000.26|15,749.685|War Mode|Coal|Gold|0|77,385.321|1|29,000|0|0|20|Active In The Last 3 Days|Aluminum|Marble|Lead|Uranium|Lumber|Iron|Pigs|Fish|Wheat|Oil|524579|530592|
206001|Mallardius|Dominion of the Duck|Global Alliance And Treaty Organization|10003|7/7/2025 9:38:31 PM|Member|Monarchy|Christianity|Brown|2/18/2008 9:47:40 PM|6,347.18|6,999.99|4,304.233|War Mode|Spices|Wheat|0|77,109.349|1|57,805|7,180|50|25|Active In The Last 3 Days|Aluminum|Marble|Iron|Fish|Lumber|Sugar|Pigs|Cattle|Water|Uranium|757482|1272041|
87922|Baron Zemo|Nordenstrom|Nordreich|11319|12/2/2013 8:44:31 AM|Manager|Monarchy|Judaism|Maroon|1/3/2007 10:47:33 PM|7,995.91|10,070.05|0.262|War Mode|Lumber|Iron|0|76,925.099|5|22,000|0|0|25|Active In The Last 3 Days|Aluminum|Gold|Lead|Oil|Marble|Rubber|Uranium|Coal|Water|Wheat|10775779|16068440|
39430|Kuzuryusen|Jianada|Global Alliance And Treaty Organization|10003|7/18/2025 8:59:07 PM|Member|Democracy|Confucianism|Brown|8/24/2006 1:54:27 PM|7,107.15|9,999.99|2.823|War Mode|Lumber|Sugar|0|76,655.688|5|27,787|0|0|25|Active In The Last 3 Days|Aluminum|Marble|Iron|Fish|Pigs|Cattle|Water|Uranium|Wheat|Spices|3059309|5306264|
627906|AironthFlamewing|The Crown Dominion|Christian Coalition Of Countries|10028|5/8/2021 9:04:50 AM|Member|Monarchy|Christianity|Maroon|5/8/2021 8:34:49 AM|2,250.68|18,599.00|1,719.075|Peace Mode|Aluminum|Marble|0|76,639.036|5|38,000|0|0|25|Active In The Last 3 Days|Coal|Gold|Iron|Lumber|Pigs|Rubber|Uranium|Fish|Water|Wheat|404181|1097675|
583519|Mirakil|The Doom Legions|Freehold of The Wolves|15157|3/7/2017 4:09:19 AM|Member|Transitional|Voodoo|White|10/27/2015 5:04:34 AM|1,000.28|14,999.99|3,025.098|Peace Mode|Wheat|Water|0|76,531.881|1|150,733|14,366|0|25|Active In The Last 3 Days|Aluminum|Marble|Cattle|Pigs|Fish|Uranium|Lumber|Iron|Sugar|Spices|3206820|6574651|
465336|Teh Chad|Wickistan|The Dark Templar|10056|5/17/2023 8:12:30 AM|Member|Monarchy|Christianity|Black|6/26/2011 12:43:55 AM|9,047.22|7,999.99|500.000|War Mode|Uranium|Water|0|76,501.177|5|22,756|0|0|20|Active In The Last 3 Days|Aluminum|Marble|Fish|Pigs|Iron|Lumber|Sugar|Spices|Wheat|Cattle|335472|624497|
629909|Palotark|Habitopia|New Polar Order|10006|10/23/2021 7:29:32 PM|Member|Anarchy|None|Blue|9/9/2021 2:25:34 AM|3,703.20|15,725.48|4,914.930|War Mode|Iron|Lumber|0|76,315.273|5|23|0|1|18|Active This Week|Aluminum|Marble|Fish|Uranium|Lead|Oil|Pigs|Rubber|||796709|2965819|
633137|International Waters|International Waters|New Pacific Order|10000|9/11/2022 12:53:08 AM|Member|Communist|Shinto|Red|4/14/2022 1:26:04 AM|1,196.41|13,984.29|5,000.841|War Mode|Aluminum|Marble|0|76,242.606|1|121,014|11,610|2|25|Active In The Last 3 Days|Coal|Uranium|Fish|Cattle|Iron|Lumber|Oil|Lead|Wheat|Pigs|233372|1314383|
679|Gateborg|Gateborg|New Pacific Order|10000|1/28/2006|Member|Communist|Christianity|Red|1/28/2006|2,300.00|14,000.99|5,000.077|War Mode|Lead|Oil|0|76,198.939|1|136,062|13,123|0|25|Active In The Last 3 Days|Aluminum|Marble|Fish|Cattle|Lumber|Iron|Uranium|Coal|Wheat|Pigs|3692542|4915645|
385567|NinoCelestial|Ciudad de leon|Fark|10002|3/12/2011 9:05:15 AM|Member|Capitalist|Confucianism|Aqua|2/9/2010 2:58:50 AM|7,483.30|7,999.99|1,300.028|War Mode|Lead|Oil|0|76,127.528|1|25,300|0|0|20|Active In The Last 3 Days|Coal|Rubber|Gold|Spices|Lumber|Iron|Marble|Aluminum|Uranium|Fish|1738914|3878284|
98786|UndiscoveredBum|Bumfunk|Random Insanity Alliance|10038|10/15/2007 7:10:54 PM|Member|Anarchy|Shinto|Maroon|1/25/2007 10:46:24 PM|8,076.40|10,037.02|1,391.210|War Mode|Marble|Lead|0|76,094.996|5|0|0|0|16|Active Last Week|Iron|Gold|Lumber|Aluminum|Oil|Wheat|Rubber|Water|Uranium|Coal|1867173|3605964|
113773|Njero|Njebooro|NATO|10037|2/28/2007 3:07:07 PM|Member|Monarchy|Mixed|Blue|2/28/2007 3:07:07 PM|100.31|20,000.00|4,500.000|War Mode|Coal|Gold|0|75,775.395|5|44,691|0|0|25|Active In The Last 3 Days|Aluminum|Marble|Fish|Uranium|Iron|Lumber|Lead|Oil|Pigs|Rubber|8046816|11770404|
72766|Gofastleft|Racesteria|Non Grata|10097|7/1/2021 4:37:02 PM|Member|Communist|Judaism|Maroon|11/30/2006 5:00:19 PM|9,630.79|6,990.97|0.037|Peace Mode|Coal|Gold|0|75,746.989|1|18,504|0|0|25|Active In The Last 3 Days|Aluminum|Marble|Fish|Pigs|Lead|Uranium|Lumber|Iron|Wheat|Oil|3866737|7068675|
92714|Judge|Kingdom of Azar|NATO|10037|3/17/2008 12:42:50 AM|Member|Anarchy|Jainism|Blue|1/14/2007 4:55:56 AM|4,100.71|13,745.89|2,532.866|War Mode|Coal|Gold|0|75,652.306|1|130,941|12,922|12|23|Active In The Last 3 Days|Fish|Uranium|Iron|Lumber|Lead|Oil|Marble|Aluminum|Pigs|Cattle|2447397|4567212|
274261|Ub3rdude|Uberlandia|Nordreich|11319|7/23/2015 6:21:39 AM|Member|Monarchy|Judaism|Maroon|10/25/2008 2:59:06 AM|6,602.57|8,999.99|0.682|War Mode|Lead|Oil|0|75,520.297|5|20,072|0|0|25|Active In The Last 3 Days|Aluminum|Gold|Lumber|Iron|Marble|Rubber|Uranium|Coal|Water|Wheat|2973364|5951374|
612177|DannyVee|Cvetko|New Pacific Order|10000|4/30/2018 9:02:57 PM|Member|Monarchy|Voodoo|Red|4/30/2018 8:15:49 PM|905.20|16,034.63|5,850.210|War Mode|Fish|Cattle|0|75,341.944|1|146,511|14,563|0|23|Active In The Last 3 Days|Aluminum|Marble|Gems|Silver|Oil|Lead|Uranium|Coal|Wheat|Pigs|451348|592503|
142565|Jutopia|jutopia land|The Dark Templar|10056|5/30/2016 10:14:07 PM|Member|Monarchy|Judaism|Black|6/5/2007 6:27:27 PM|8,287.49|10,999.00|0.000|War Mode|Iron|Lumber|0|75,284.456|5|30,000|0|0|5|Active This Week|||||||||||1838385|3475472|
557850|Cleon the Great|United Colonies|Independent Republic Of Orange Nations|10004|1/5/2024 3:34:31 AM|Member|Democracy|Islam|Orange|7/18/2014 5:22:23 PM|3,100.91|10,999.99|6,098.326|War Mode|Water|Wheat|0|74,877.002|5|31,000|5,000|0|25|Active In The Last 3 Days|Aluminum|Lumber|Coal|Gold|Iron|Uranium|Lead|Marble|Rubber|Oil|86230|361132|
570155|Thrash04|Ohio Terrority|New Pacific Order|10000|11/29/2022 10:48:05 PM|Member|Transitional|Taoism|Red|2/8/2015 12:54:31 PM|2,594.85|14,134.67|4,000.036|War Mode|Coal|Uranium|0|74,775.611|1|126,815|12,330|0|25|Active In The Last 3 Days|Aluminum|Marble|Fish|Cattle|Iron|Lumber|Lead|Oil|Pigs|Wheat|342077|711664|
36287|SirWilliam|Blissfields|Post Grunge Supergroup|16367|5/8/2025 9:01:20 AM|Manager|Monarchy|Norse|Brown|8/13/2006 12:50:54 AM|105.76|12,999.99|13,734.711|War Mode|Uranium|Water|0|74,696.379|1|145,578|14,525|50|25|Active This Week|Aluminum|Marble|Iron|Sugar|Lumber|Pigs|Spices|Fish|Wheat|Cattle|10414588|12313294|
503630|Slick Johnson|Slicktenstein|Fark|10002|7/19/2012 9:19:07 PM|Member|Monarchy|Mixed|Aqua|7/19/2012 9:14:34 PM|4,323.33|14,099.62|1,345.930|Peace Mode|Wheat|Fish|0|74,610.970|5|20,579|2,000|0|7|Active In The Last 3 Days|Coal|Oil|Lead|Rubber|Marble|Lumber|Uranium|Gold|||685196|1286584|
604459|Hugh Dick|Perineum|Independent Republic Of Orange Nations|10004|5/31/2017 2:03:47 AM|Member|Revolutionary Government|Mixed|Orange|5/30/2017 8:36:14 AM|5,321.97|10,999.99|1,104.764|War Mode|Aluminum|Lumber|0|74,601.503|5|97,423|3,374|0|25|Active In The Last 3 Days|Cattle|Water|Fish|Wheat|Iron|Marble|Pigs|Uranium|Spices|Sugar|1736274|4044711|
276365|ShadowSKAR|Hidden Shadows|Non Grata|10097|3/23/2013 11:07:28 PM|Member|Capitalist|None|Maroon|11/2/2008 3:10:21 PM|9,285.27|5,999.26|0.008|Peace Mode|Pigs|Fish|0|74,446.613|5|14,625|0|0|25|Active In The Last 3 Days|Aluminum|Marble|Coal|Gold|Iron|Lumber|Uranium|Lead|Wheat|Oil|3624400|7569468|
169531|SinOfNemesis|Lan Castor|The Order of the Paradox|10016|4/12/2009 1:34:59 PM|Member|Capitalist|Taoism|Pink|9/30/2007 2:51:40 PM|5,832.31|8,358.62|3,000.000|War Mode|Lead|Lumber|0|74,276.152|5|57,167|5,302|14|24|Active In The Last 3 Days|||||||||||1721973|2858233|
80845|Aracto Totar|Taprobane|Viridian Entente|10010|3/12/2010 1:42:01 AM|Member|Federal Government|Christianity|Green|12/17/2006 12:47:29 PM|100.60|19,999.99|0.061|War Mode|Cattle|Water|0|74,177.639|5|24,119|2,411|0|25|Active In The Last 3 Days|Aluminum|Fish|Lumber|Iron|Marble|Uranium|Pigs|Wheat|||3531969|6688123|
603713|Alexander Kerensky|Strana Mechty|The Legion|10020|5/9/2017 1:53:47 AM|Member|Revolutionary Government|Shinto|Purple|5/3/2017 1:26:19 PM|5,000.47|14,000.00|0.031|War Mode|Uranium|Sugar|0|74,152.428|5|45,000|0|0|25|Active Three Weeks Ago|Aluminum|Lumber|Coal|Gold|Fish|Wheat|Iron|Marble|Oil|Pigs|772125|1401651|
589615|Korlath|Korlithica|The Phoenix Federation|17385|5/18/2025 10:27:02 PM|Member|Democracy|Christianity|Black|4/3/2016 12:56:55 AM|5,012.24|9,480.48|4,473.800|War Mode|Wheat|Cattle|0|73,907.304|5|51,945|7,910|0|25|Active In The Last 3 Days|Aluminum|Marble|Fish|Pigs|Iron|Lumber|Sugar|Spices|Uranium|Water|1721085|5156881|
634243|KhanterWinters|Utrennyaya Zvezda|Doom Squad|16454|7/24/2025 5:48:00 PM|Member|Totalitarian State|Norse|Black|6/29/2022 8:14:46 PM|2,000.60|14,999.99|4,400.000|Peace Mode|Cattle|Wheat|0|73,813.235|1|153,513|0|0|25|Active In The Last 3 Days|Aluminum|Marble|Fish|Pigs|Iron|Lumber|Sugar|Spices|Water|Uranium|69432|270858|
205835|PopCat|PopCatopia|The Last Remnants|10098|6/17/2011 7:37:57 AM|Member|Republic|Christianity|Maroon|2/18/2008 11:08:45 AM|7,533.38|5,978.36|0.000|War Mode|Rubber|Wheat|0|73,808.569|5|46,130|4,595|9|25|Active Last Week|Uranium|Fish|||||||||186003|1611771|
487429|Lt Death|Death Hell of Americ|Post Grunge Supergroup|16367|6/28/2020 8:27:38 PM|Member|Capitalist|Christianity|Brown|1/17/2012 4:07:16 PM|7,802.57|6,999.99|600.000|Peace Mode|Spices|Wheat|0|73,472.623|1|67,519|6,447|0|25|Active In The Last 3 Days|Aluminum|Marble|Cattle|Pigs|Fish|Iron|Sugar|Lumber|||142172|1687523|
225103|Lord Squintus|Strudeldorf|New Pacific Order|10000|5/4/2008 12:13:21 PM|Member|Communist|Christianity|Red|5/2/2008 9:26:44 AM|1,317.41|14,196.36|3,252.720|War Mode|Fish|Cattle|0|73,443.155|1|117,389|9,517|0|25|Active In The Last 3 Days|Aluminum|Marble|Lumber|Iron|Spices|Sugar|Water|Uranium|Wheat|Pigs|3215078|5254114|
68929|uefigs139|Figlandia|NATO|10037|11/26/2006 9:39:03 PM|Member|Monarchy|Buddhism|Aqua|11/26/2006 9:39:03 PM|4,435.51|9,672.67|2,200.038|War Mode|Gold|Uranium|0|73,096.999|5|29,158|8,316|0|25|Active Three Weeks Ago|||||||||||1554110|3068399|
120390|Imperator Azenquor|Vaule|New Polar Order|10006|7/13/2014 10:45:11 PM|Member|Anarchy|None|Blue|3/18/2007 11:18:09 AM|10,969.86|2,451.58|35.917|War Mode|Lead|Oil|0|73,036.146|1|22,663|0|0|25|Active In The Last 3 Days|Aluminum|Marble|Coal|Gold|Iron|Lumber|Pigs|Rubber|Uranium|Fish|2464139|4217525|
53781|Algolei|Manitobah|CLAWS|15841|7/7/2018 2:38:04 AM|Member|Monarchy|Shinto|Black|10/17/2006 10:43:50 PM|2,542.63|10,199.79|7,200.492|War Mode|Water|Lumber|0|72,819.904|5|97,271|6,181|0|25|Active In The Last 3 Days|Aluminum|Marble|Cattle|Wheat|Fish|Pigs|Spices|Sugar|Uranium|Iron|4211269|8081689|
444115|Pile Butts|Wobblies|Freehold of The Wolves|15157|6/23/2024 3:16:01 PM|Manager|Federal Government|None|White|2/3/2011 2:30:06 PM|487.45|14,942.97|2,434.212|War Mode|Spices|Sugar|27|72,819.648|1|140,469|13,989|0|25|Active In The Last 3 Days|Cattle|Pigs|Fish|Uranium|Iron|Lumber|Marble|Aluminum|Water|Wheat|6695688|20729104|
130031|Matto|Epointe|Federation of Armed Nations|10021|9/22/2007 3:29:05 AM|Member|Communist|Christianity|Yellow|4/29/2007 5:23:08 PM|8,813.35|4,999.99|0.000|War Mode|Water|Fish|0|72,675.795|1|65,413|6,254|0|25|Active In The Last 3 Days|Iron|Aluminum|Lumber|Marble|Pigs|Coal|Sugar|Spices|Wheat|Uranium|1806480|2504774|
628072|OBrienIngsoc|Caesalpinia|The Legion|10020|5/25/2021 12:49:59 PM|Member|Anarchy|None|Purple|5/18/2021 10:18:29 PM|4,851.42|14,647.77|1,423.176|War Mode|Lumber|Marble|0|72,363.704|1|4,426|0|2|0|Active In The Last 3 Days|Iron|Lead|Water|Cattle|Wheat|Pigs|Wine|Fish|||46763|247770|
131473|Kilkenny|Huntonian|Christian Coalition Of Countries|10028|11/13/2021 6:22:21 PM|Member|Monarchy|Christianity|Maroon|5/2/2007 8:53:50 PM|4,387.38|10,999.99|4,002.260|War Mode|Coal|Gold|0|72,223.638|1|34,168|0|0|25|Active In The Last 3 Days|Aluminum|Marble|Fish|Uranium|Iron|Lumber|Lead|Oil|Pigs|Rubber|6975040|14000515|
624889|Dogeisagod|Dogelands|Freehold of The Wolves|15157|10/20/2020 7:08:45 AM|Member|Federal Government|Christianity|White|10/16/2020 2:26:14 PM|1,500.07|14,000.00|4,500.000|Peace Mode|Fish|Uranium|1|72,105.375|5|100,000|0|0|20|Active In The Last 3 Days|Aluminum|Marble|Iron|Lumber|Pigs|Cattle|Sugar|Spices|Wheat|Water|137046|359926|
611689|BearCon|FreeBear|Sparta|10008|7/26/2021 3:49:31 PM|Member|Democracy|Christianity|Black|4/7/2018 9:11:08 AM|4,200.40|10,999.50|4,391.613|War Mode|Fish|Gold|0|71,748.750|5|105,081|11,871|6|3|Active In The Last 3 Days|Aluminum|Coal|Iron|Lumber|Marble|Oil|Rubber|Water|Wheat|Uranium|1337976|2713977|
41333|srboslav|Srboslavija|New Polar Order|10006|7/13/2020 7:53:53 AM|Member|Anarchy|Christianity|Blue|9/1/2006 4:23:50 AM|756.79|16,172.32|396.030|War Mode|Pigs|Rubber|0|71,375.365|1|148,153|14,800|0|14|Active In The Last 3 Days|Aluminum|Marble|Fish|Uranium|Gold|Coal|Iron|Lumber|Water|Wheat|6929290|10833076|
626737|BigFilthyDick|GayBar|Non Grata|10097|2/25/2021 6:59:05 PM|Member|Anarchy|None|Maroon|2/25/2021 6:57:19 PM|124.97|17,980.77|1,576.730|War Mode|Aluminum|Marble|0|71,187.771|1|167,047|16,198|0|25|Active In The Last 3 Days|Coal|Gold|Iron|Lumber|Pigs|Fish|Uranium|Lead|Wheat|Oil|4893426|10133467|
549784|Samudragupta|Mauryan Empire|Independent Republic Of Orange Nations|10004|3/26/2014 1:29:14 AM|Member|Capitalist|Mixed|Orange|3/25/2014 2:40:38 PM|4,468.11|9,999.99|700.003|War Mode|Uranium|Coal|0|71,121.544|5|69,531|7,177|2|25|Active This Week|Aluminum|Iron|Lead|Rubber|Lumber|Marble|Oil|Gold|Wheat|Fish|4712476|10710939|
183716|Augustus G|Ordo Cumbrae|United Purple Nations|10025|11/22/2007 9:43:34 AM|Member|Anarchy|Norse|Purple|11/22/2007 5:02:29 AM|5,543.12|10,000.83|2,030.667|War Mode|Lumber|Uranium|0|71,001.889|1|11,890|0|6|25|Active In The Last 3 Days|||||||||||778891|1526764|
583014|Rothaic|Munrovia|The Wolves|16660|3/7/2025 6:46:21 AM|Member|Communist|Christianity|Maroon|10/13/2015 3:39:03 PM|4,584.19|9,999.93|1.953|War Mode|Iron|Lumber|0|70,992.697|1|97,342|9,186|0|24|Active In The Last 3 Days|Coal|Gold|Marble|Aluminum|Oil|Lead|Pigs|Rubber|Uranium|Fish|4299477|9856741|
577031|Robert Holmes III|Tennessee|Christian Coalition Of Countries|10028|1/20/2017 10:58:48 AM|Member|Democracy|Christianity|Maroon|6/5/2015 10:27:20 PM|5,100.25|9,999.99|6,610.189|War Mode|Aluminum|Marble|0|70,936.505|5|34,000|0|0|22|Active In The Last 3 Days|Fish|Uranium|Gold|Coal|Iron|Lumber|Lead|Oil|Pigs|Rubber|1293537|3425424|
641506|IAmNich|Achladis|Doom Squad|16454|1/5/2024 8:34:02 PM|Member|Democracy|Christianity|Black|1/1/2024 3:39:10 PM|200.00|15,999.99|11,504.826|War Mode|Iron|Lumber|0|70,896.849|5|31,982|0|0|20|Active In The Last 3 Days|Coal|Gold|Fish|Pigs|Marble|Aluminum|Oil|Wheat|Uranium|Lead|0|0|
224002|drunkees|Artright|North Atlantic Defense Coalition|17092|7/28/2023 2:23:46 AM|Member|Capitalist|None|Maroon|4/27/2008 11:58:28 PM|1,000.00|19,999.99|3,000.000|Peace Mode|Cattle|Water|0|70,558.765|5|51,940|0|2|0|Active In The Last 3 Days|Aluminum|Iron|Fish|Uranium|Lumber|Sugar|Pigs|Spices|Wheat|Marble|62528|1953949|
642148|Exod IV|Ummah AlMuwahhidah|Doom Squad|16454|3/2/2024 2:08:54 AM|Member|Monarchy|Islam|Black|2/18/2024 9:47:28 AM|1,015.78|14,250.09|10,213.501|Peace Mode|Oil|Wheat|0|70,538.398|5|36,418|153|0|12|Active In The Last 3 Days|Coal|Gold|Fish|Pigs|Iron|Lumber|Marble|Aluminum|Uranium|Lead|13054|7660|
645382|Kharmandril|PETA nudes|Doom Squad|16454|3/2/2025 2:36:49 AM|Member|Federal Government|Norse|Black|1/1/2025 3:17:49 PM|2,000.26|13,999.99|10,811.799|Peace Mode|Cattle|Wheat|0|70,475.093|5|72,886|492|10|0|Active In The Last 3 Days|Fish|Pigs|Iron|Lumber|Marble|Aluminum|Sugar|Spices|Water|Uranium|14901|0|
428668|EViL0nE|Hivestonia|Fark|10002|6/12/2012 8:46:00 PM|Member|Republic|Christianity|Aqua|10/19/2010 6:07:53 AM|7,298.97|9,999.99|41.261|War Mode|Iron|Wheat|0|70,424.636|5|37,585|681|0|17|Active In The Last 3 Days|Lumber|Cattle|Marble|Fish|Pigs|Spices|Uranium|Aluminum|Water|Sugar|1827525|4259075|
524424|Leman|Fenris|NATO|10037|1/1/2025 4:30:30 AM|Member|Monarchy|None|Blue|4/4/2013 5:01:17 AM|807.91|14,999.36|5,237.286|War Mode|Pigs|Wheat|0|70,293.537|5|100,000|10,000|0|25|Active In The Last 3 Days|Fish|Cattle|Gems|Wine|Iron|Lumber|Sugar|Spices|Uranium|Water|3381895|4230801|
629286|Flycatcher|Sacania|Freehold of The Wolves|15157|12/19/2021 11:01:03 AM|Member|Communist|Mixed|White|8/1/2021 2:56:32 AM|4,094.66|8,953.62|3,509.441|War Mode|Pigs|Cattle|0|70,287.883|1|78,227|7,550|0|24|Active In The Last 3 Days|Aluminum|Marble|Fish|Uranium|Iron|Lumber|Sugar|Spices|Wheat|Water|265996|1904058|
544732|axel3200|Valta|New Pacific Order|10000|1/18/2014 12:15:39 AM|Member|Anarchy|None|Red|1/17/2014 11:50:26 PM|1,875.20|13,490.91|25.451|War Mode|Wheat|Pigs|0|70,031.237|1|133,088|12,395|0|25|Active In The Last 3 Days|Aluminum|Marble|Coal|Uranium|Fish|Cattle|Iron|Lumber|Lead|Oil|3001524|8171489|
233528|rodrod|Mongol|Random Insanity Alliance|10038|7/28/2018 2:53:08 PM|Member|Anarchy|Christianity|Maroon|6/1/2008 11:06:52 AM|5,753.34|8,772.05|961.114|War Mode|Sugar|Spices|0|69,961.530|3|87,142|8,446|2|9|Active In The Last 3 Days|Aluminum|Marble|Fish|Uranium|Iron|Lumber|Pigs|Cattle|Water|Wheat|3238664|6681263|
573749|necAnt|Lucky Ants|The Gramlins|17440|8/20/2025 12:06:46 PM|Manager|Monarchy|Hinduism|Green|4/7/2015 3:15:23 PM|8.95|12,911.30|20,181.734|War Mode|Oil|Rubber|0|69,941.243|5|40,000|0|0|3|Active In The Last 3 Days|Lumber|Aluminum|Marble|Spices|Wheat|Pigs|||||118383|72537|
137753|The Doogan|Republic of Wang|Mostly Harmless Alliance|14879|8/2/2018 9:06:17 PM|Manager|Democracy|Confucianism|Aqua|5/19/2007 12:43:51 PM|2,000.65|13,999.99|600.074|War Mode|Lead|Rubber|0|69,665.055|1|138,587|13,650|0|25|Active In The Last 3 Days|Aluminum|Iron|Coal|Oil|Marble|Lumber|Uranium|Gold|Wheat|Fish|2717430|7521683|
340559|paperwings2007|Paper Island|Doombrella|17368|9/12/2025 10:26:21 AM|Member|Anarchy|Christianity|Black|7/5/2009 10:08:50 PM|4,521.28|11,404.71|485.178|War Mode|Fish|Pigs|0|69,506.074|1|124,300|11,999|2|11|Active In The Last 3 Days|Cattle|Wheat|Iron|Lumber|Marble|Aluminum|Sugar|Spices|Water|Uranium|1675600|2732041|
166207|Jekalle|Ranus|Non Grata|10097|12/21/2023 3:51:13 PM|Member|Anarchy|Norse|Maroon|9/12/2007 9:49:59 AM|7,765.98|5,862.84|45.546|War Mode|Oil|Wheat|0|69,485.386|1|53,643|5,304|4|13|Active In The Last 3 Days|Aluminum|Marble|Coal|Gold|Iron|Lumber|Lead|Uranium|Pigs|Fish|2680525|6215838|
14658|Manis B|Caesura|Global Alliance and Treaty Organization|10003|5/14/2006 9:56:31 PM|Member|Monarchy|Taoism|Brown|5/14/2006 9:56:31 PM|8,014.64|5,999.99|900.317|War Mode|Iron|Fish|0|69,048.834|5|13,509|0|0|25|Active In The Last 3 Days|Aluminum|Marble|Lumber|Sugar|Pigs|Cattle|Spices|Wheat|Uranium|Water|1740564|2157055|
559161|KingBilly1|DerrysWalls|Mostly Harmless Alliance|14879|10/2/2016 7:22:47 AM|Member|Democracy|Christianity|White|8/7/2014 5:38:28 PM|2,005.61|13,999.99|1,300.110|War Mode|Fish|Rubber|0|68,902.635|1|128,913|12,481|0|22|Active In The Last 3 Days|Cattle|Lumber|Coal|Oil|Gold|Lead|Iron|Aluminum|Marble|Uranium|1716420|3526113|
299207|Gingray|Colonia Irlanda|Sparta|10008|2/6/2009 1:23:10 PM|Member|Monarchy|None|Black|2/3/2009 10:00:09 AM|4,099.86|11,999.99|3,359.925|War Mode|Fish|Gold|0|68,889.148|5|34,000|0|0|24|Active In The Last 3 Days|Aluminum|Coal|Iron|Lumber|Oil|Marble|Water|Rubber|Wheat|Uranium|6442277|11119329|
80895|RedCommunist|DDR||0|10/26/2017 3:51:48 PM|None|Communist|None|Red|12/17/2006 2:26:01 PM|5,000.18|10,100.00|5,000.000|Peace Mode|Oil|Aluminum|2|68,830.897|5|50,000|5,000|50|2|Active In The Last 3 Days|Fish|Iron|Iron|Uranium|Lumber|Lead|Water|Wheat|Wheat|Coal|1363737|3198016|
518299|President Nathanael|Meracia|Nuclear Proliferation League|17228|5/30/2025 3:46:35 AM|Member|Democracy|Christianity|Black|1/19/2013 7:41:09 AM|600.11|14,687.55|5,271.983|Peace Mode|Lead|Oil|1|68,778.078|1|80,346|8,000|50|25|Active This Week|Coal|Gold|Iron|Lumber|Marble|Fish|Uranium|Rubber|Wheat|Aluminum|0|1736258|
623087|The Dragon5|Dragonhome|Freehold of The Wolves|15157|6/6/2021 5:56:37 PM|Member|Revolutionary Government|Mixed|White|5/17/2020 6:44:47 AM|1,570.53|9,860.21|8,200.000|War Mode|Aluminum|Marble|0|68,655.335|1|93,784|8,807|0|25|Active In The Last 3 Days|Fish|Uranium|Iron|Lumber|Pigs|Cattle|Sugar|Spices|Wheat|Water|1034574|2762412|
627542|ifesbob|ifesville|New Pacific Order|10000|4/15/2021 3:59:26 PM|Member|Capitalist|Islam|Red|4/15/2021 2:17:45 PM|3,000.19|14,099.99|3,000.003|War Mode|Aluminum|Marble|0|68,618.701|5|18,448|19|0|25|Active In The Last 3 Days|Fish|Cattle|Lumber|Iron|Sugar|Spices|Uranium|Water|Wheat|Pigs|430973|1158586|
3144|Ezko|Ezko|The Order Of The Black Rose|10045|11/14/2017 2:06:15 PM|Member|Totalitarian State|Christianity|Black|2/27/2006 12:35:46 PM|8,492.75|3,619.78|28.390|Peace Mode|Aluminum|Coal|0|68,200.653|5|10,000|0|0|25|Active In The Last 3 Days|Iron|Marble|Lumber|Fish|Oil|Gold|Uranium|Spices|Wheat|Water|661905|1971818|
606440|UnitedBishop|UnitedBishops|Doom Squad|16454|5/22/2024 10:32:23 PM|Member|Capitalist|Confucianism|Black|8/12/2017 11:20:08 PM|500.34|13,999.99|3,200.849|War Mode|Iron|Lumber|0|68,135.557|1|142,380|0|0|25|Active In The Last 3 Days|Aluminum|Marble|Cattle|Wheat|Coal|Gold|Fish|Pigs|Water|Uranium|2073595|3833957|
97580|scarpia|Black Sea Kingdom|Viridian Entente|10010|3/20/2008 8:52:56 PM|Member|Monarchy|Norse|Green|1/23/2007 3:27:28 PM|3,991.11|12,942.15|0.000|War Mode|Wheat|Uranium|0|68,025.383|5|32,168|0|0|25|Active Last Week|Cattle|Sugar|Lumber|Iron|Marble|Fish|Spices|Pigs|Water|Aluminum|3273308|8608189|
143998|planetary|planetarium|CLAWS|15841|7/5/2018 11:55:21 AM|Member|Communist|Shinto|Black|6/9/2007 7:01:24 PM|1,053.98|13,447.00|2,761.384|War Mode|Uranium|Lead|0|68,017.361|1|144,688|14,433|0|18|Active In The Last 3 Days|Aluminum|Marble|Coal|Gold|Iron|Lumber|Oil|Rubber|Wheat|Fish|2660323|6298568|
590806|vocalese|Vocalese|The Imperial Entente|16809|5/21/2022 8:42:53 PM|Manager|Federal Government|Christianity|Maroon|4/30/2016 12:39:18 PM|940.80|14,535.98|3,058.806|War Mode|Pigs|Fish|4|67,864.461|1|126,306|9,966|23|6|Active In The Last 3 Days|Coal|Gold|Iron|Lumber|Marble|Aluminum|Oil|Wheat|Uranium|Lead|8558|271647|
604250|RedHawkRuler|MiamiU|New Polar Order|10006|5/21/2017 7:58:46 PM|Member|Anarchy|None|Blue|5/21/2017 7:56:13 PM|5,883.52|8,588.43|989.231|War Mode|Coal|Gold|0|67,858.544|1|2,092|0|0|25|Active In The Last 3 Days|Aluminum|Marble|Fish|Uranium|Iron|Lumber|Lead|Oil|Rubber|Pigs|98440|192306|
307315|ni431|ni nation|Non Grata|10097|3/24/2013 8:18:17 PM|Member|Anarchy|None|Maroon|3/1/2009 5:05:54 PM|9,975.04|5,496.85|0.000|War Mode|Iron|Lumber|0|67,826.166|1|10,020|0|0|9|Active In The Last 3 Days|Aluminum|Marble|Coal|Gold|Pigs|Fish|Uranium|Lead|Wheat|Oil|5349848|12579220|
523247|Umbrae Noctem|Gronland|New Pacific Order|10000|3/20/2013 7:12:17 PM|Member|Monarchy|Norse|Red|3/20/2013 5:27:02 PM|2,600.33|14,259.99|3,250.007|War Mode|Wheat|Pigs|0|67,648.098|1|37,072|0|0|25|Active In The Last 3 Days|Aluminum|Marble|Coal|Uranium|Fish|Cattle|Iron|Lumber|Spices|Sugar|791654|1782934|
263122|Uncle Don|The Tannhauser Gate|Freehold of The Wolves|15157|1/17/2019 12:19:17 AM|Member|Capitalist|Christianity|White|9/11/2008 11:38:16 PM|3,680.99|10,147.72|809.748|War Mode|Cattle|Pigs|0|67,637.000|1|92,463|1,000|0|25|Active In The Last 3 Days|Fish|Uranium|Iron|Lumber|Marble|Aluminum|Spices|Sugar|Water|Wheat|4901473|7913262|
392668|Buddy Holly|Zephyr|CLAWS|15841|11/30/2018 1:47:20 PM|Member|Revolutionary Government|None|Black|3/15/2010 11:21:35 AM|4,095.25|9,999.97|0.573|War Mode|Gold|Water|0|67,385.189|5|70,149|6,810|0|24|Active Last Week|Aluminum|Marble|Iron|Lumber|Lead|Uranium|Rubber|Oil|Wheat|Coal|1297148|2644750|
572092|Sciurus|Linden Oak||0|3/10/2015 6:13:50 PM|None|Capitalist|Norse|Purple|3/10/2015 6:13:51 PM|3,009.68|14,999.99|4,201.761|Peace Mode|Coal|Iron|0|67,201.006|5|42,500|0|0|0|Active In The Last 3 Days|Lumber|Uranium|Silver|Spices|Uranium|Sugar|Water|Gems|Wine|Fish|0|7205|
640769|Unite front|Republic of Teksas|Doom Squad|16454|11/1/2023 4:18:32 PM|Member|Democracy|Mixed|Black|10/30/2023 10:33:18 AM|2,100.00|14,000.09|8,813.986|Peace Mode|Fish|Pigs|0|66,777.842|5|20,830|0|0|8|Active In The Last 3 Days|Coal|Gold|Iron|Lumber|Marble|Aluminum|Oil|Wheat|Uranium|Lead|0|0|
452727|Avakael|Klaus Devestatorie|Nuclear Proliferation League|17228|7/10/2025 7:53:48 AM|Member|Anarchy|Norse|Brown|3/26/2011 12:15:23 AM|6,688.64|5,657.74|66.553|War Mode|Pigs|Cattle|0|66,651.271|1|52,521|4,673|0|25|Active In The Last 3 Days|Aluminum|Marble|Iron|Fish|Spices|Wheat|Sugar|Lumber|Uranium|Water|1051103|3866350|
394999|Marebito|Wild Thing|New Polar Order|10006|4/1/2010 4:43:03 PM|Member|Anarchy|Jainism|Blue|3/27/2010 4:01:40 PM|3,516.24|12,021.42|0.978|War Mode|Lumber|Water|0|66,539.314|5|348|0|0|25|Active Last Week|Aluminum|Marble|Cattle|Pigs|Coal|Oil|Fish|Uranium|Iron|Sugar|1295725|3215300|
63824|Willaim Kreiger|Germanic Empire|New Polar Order|10006|11/16/2006 5:27:01 PM|Member|Anarchy|Mixed|Blue|11/16/2006 5:27:01 PM|5,924.75|6,497.38|0.000|War Mode|Aluminum|Marble|0|66,521.728|1|58,091|5,745|0|25|Active In The Last 3 Days|Coal|Gold|Fish|Uranium|Iron|Lumber|Lead|Oil|Pigs|Rubber|8558664|13504053|
4323|Xineoph|Um|The Legion|10020|3/15/2006 11:37:48 AM|Member|Anarchy|Judaism|Purple|3/15/2006 11:37:48 AM|506.44|14,201.74|106.207|War Mode|Lead|Uranium|0|66,494.518|1|129,810|12,783|0|25|Active In The Last 3 Days|Aluminum|Lumber|Coal|Gold|Fish|Wheat|Iron|Marble|Oil|Pigs|4922072|7810798|
206391|spleen63|Isle of Steve|Fark|10002|2/19/2008 3:19:18 PM|Member|Democracy|Voodoo|Aqua|2/19/2008 3:16:05 PM|5,786.13|9,999.99|0.043|War Mode|Marble|Lumber|0|65,940.974|5|26,014|0|0|17|Active This Week|Aluminum|Iron|Coal|Oil|Lead|Rubber|Uranium|Gold|Wheat|Fish|2949581|5166383|
202168|Dr Doctor|NATO Armed Forces|NATO|10037|8/16/2012 2:33:31 PM|Member|Totalitarian State|None|Blue|2/1/2008 7:47:50 PM|100.47|17,999.99|2,642.704|War Mode|Fish|Uranium|0|65,904.660|5|59,414|0|0|25|Active In The Last 3 Days|Aluminum|Marble|Coal|Gold|Iron|Lumber|Lead|Oil|Pigs|Rubber|3468761|8171361|
604849|Razgriz90|Republic of Eurasia|New Pacific Order|10000|6/10/2017 11:36:04 PM|Member|Democracy|Judaism|Red|6/10/2017 11:35:20 PM|500.28|14,999.99|2,995.330|War Mode|Fish|Cattle|0|65,859.960|5|65,500|13,528|0|25|Active In The Last 3 Days|Coal|Uranium|Lumber|Iron|Marble|Aluminum|Spices|Sugar|Wheat|Pigs|5217778|9193447|
363769|Das Reich|Gross Deutschland|The Prussian Empire|14204|12/10/2024 5:44:13 PM|Member|Communist|Norse|Maroon|10/17/2009 2:19:37 AM|5,227.78|12,140.46|1,608.823|War Mode|Gold|Coal|0|65,833.553|5|30,001|0|1|5|Active Three Weeks Ago|Fish|Cattle|Lead|Oil|Pigs|Rubber|Wine|Fish|||321525|1859245|
56391|MexiMoot|Mooxico|DOOMBIRD DOOMCAVE|10449|1/18/2020 3:03:59 AM|Member|Capitalist|Norse|Black|10/27/2006 8:55:19 PM|2,690.79|11,084.02|424.602|War Mode|Lead|Uranium|0|65,594.769|1|64,613|6,798|0|25|Active Last Week|Iron|Lumber|Oil|Rubber|Wheat|Marble|||||3586260|8083719|
629384|Cruspad the Younger|Cittagazze|CLAWS|15841|8/10/2021 1:53:14 AM|Member|Totalitarian State|Judaism|Black|8/8/2021 5:55:59 AM|800.05|13,999.99|4,000.087|War Mode|Lead|Uranium|0|65,357.590|1|129,611|0|0|25|Active In The Last 3 Days|Aluminum|Marble|Coal|Gold|Iron|Lumber|Oil|Rubber|Wheat|Fish|851478|1868292|
621029|Le Trout|Lambo Lambo Lambo|Post Grunge Supergroup|16367|6/3/2025 4:13:44 PM|Manager|Totalitarian State|None|Brown|1/4/2020 10:09:58 AM|1,932.37|9,999.99|4,381.065|War Mode|Water|Uranium|0|65,283.485|1|96,250|10,615|0|25|Active In The Last 3 Days|Fish|Cattle|Iron|Wheat|Marble|Aluminum|Pigs|Lumber|Sugar|Spices|6567341|13044567|
603422|gonpapa|Dirang Dzong|Independent Republic Of Orange Nations|10004|4/24/2017 8:18:40 PM|Member|Capitalist|Buddhism|Orange|4/24/2017 1:39:01 AM|4,110.95|10,999.99|1,500.032|War Mode|Aluminum|Iron|0|65,004.561|5|28,991|0|0|25|Active In The Last 3 Days|Coal|Lead|Gold|Marble|Lumber|Wheat|Oil|Rubber|Uranium|Water|792934|1921471|
315967|slmarsch|Rio Grande|Freehold of The Wolves|15157|1/17/2019 7:23:05 PM|Member|Communist|Mixed|White|3/29/2009 8:01:11 PM|2,442.82|9,942.75|1,549.123|War Mode|Wheat|Water|0|64,954.193|1|122,729|12,243|0|25|Active In The Last 3 Days|Aluminum|Marble|Cattle|Pigs|Lumber|Iron|Spices|Sugar|Uranium|Fish|3384323|7348068|
4904|Celer|Celeria|New Pacific Order|10000|3/18/2006 12:16:59 AM|Member|Monarchy|Mixed|Red|3/18/2006 12:16:59 AM|5,001.04|8,100.00|0.145|Peace Mode|Lead|Uranium|0|64,870.415|5|5,000|0|0|25|Active This Week|Lumber|Iron|||||||||2935547|3930636|
569003|Nefertiti|Dahshur|New Pacific Order|10000|10/23/2017 5:35:02 PM|Member|Monarchy|Mixed|Red|1/20/2015 10:48:18 PM|100.33|14,999.99|2,000.001|War Mode|Fish|Cattle|0|64,838.933|5|37,614|0|0|25|Active In The Last 3 Days|Aluminum|Marble|Coal|Uranium|Iron|Lumber|Lead|Oil|Wheat|Pigs|3334182|6054369|
494673|Sabioviejo|Maravilloso|New Pacific Order|10000|5/7/2020 1:49:23 PM|Member|Capitalist|None|Red|4/1/2012 1:53:26 PM|2,022.92|12,940.23|234.478|War Mode|Coal|Uranium|0|64,560.227|5|116,856|11,677|0|25|Active In The Last 3 Days|Aluminum|Marble|Fish|Cattle|Iron|Lumber|Lead|Oil|Wheat|Pigs|680092|1670720|
549134|Navarone|Xenon|Mostly Harmless Alliance|14879|10/1/2016 7:59:19 PM|Member|Capitalist|Norse|Aqua|3/17/2014 12:49:48 AM|3,297.94|14,999.99|1,000.000|Peace Mode|Coal|Lumber|0|64,396.834|4|70,358|0|0|0|Active In The Last 3 Days|Gold|Rubber|Iron|Lead|Lead|Aluminum|Uranium|Oil|||0|308919|
623872|Hamshi|Erect Feathers|Independent Republic Of Orange Nations|10004|7/12/2020 11:21:29 AM|Member|Capitalist|Norse|Orange|7/12/2020 10:34:32 AM|3,936.32|10,999.99|925.641|War Mode|Cattle|Spices|0|64,165.583|5|35,779|0|0|25|Active In The Last 3 Days|Fish|Water|Iron|Marble|Sugar|Pigs|Uranium|Lumber|Wheat|Aluminum|1088021|1944702|
117871|Kamil|Nowa Polska|New Polar Order|10006|11/14/2013 5:53:15 PM|Member|Anarchy|Christianity|Blue|3/10/2007 11:20:40 PM|4,093.39|10,295.53|185.431|War Mode|Lead|Oil|0|64,153.155|1|90,312|8,980|20|21|Active In The Last 3 Days|Aluminum|Marble|Fish|Uranium|Gold|Coal|Iron|Lumber|Pigs|Rubber|2678138|5549278|
2753|He Who Has No Name|Rainier|Federation of Armed Nations|10021|8/14/2008 1:03:05 AM|Member|Capitalist|Buddhism|Yellow|2/21/2006 11:23:51 PM|5,600.14|6,999.99|8,118.825|Peace Mode|Lumber|Uranium|0|64,134.126|5|32,997|235|1|15|Active Last Week|Aluminum|Gold|Coal|Iron|Oil|Lead|Water|Rubber|Wheat|Marble|351586|705457|
629349|Parsiyan|Parsiyan|Mostly Harmless Alliance|14879|8/6/2021 12:52:42 PM|Member|Monarchy|Mixed|Aqua|8/6/2021 1:51:40 AM|3,503.08|9,250.16|4,139.565|War Mode|Lumber|Iron|0|64,069.121|5|68,694|7,500|2|17|Active In The Last 3 Days|Aluminum|Fish|Gold|Marble|Lead|Uranium|Oil|Rubber|Wheat|Coal|371457|994871|
579649|Dale Flanderlion|Flanderlion|New Pacific Order|10000|8/1/2015 12:23:46 PM|Member|Monarchy|Norse|Red|8/1/2015 12:20:02 PM|502.16|14,028.50|5,577.968|War Mode|Lumber|Iron|0|64,068.427|1|85,899|6,911|0|25|Active In The Last 3 Days|Aluminum|Marble|Coal|Uranium|Fish|Cattle|Lead|Oil|Pigs|Wheat|764283|984723|
302380|Rillarri|Empire of Rillarri|New Pacific Order|10000|6/2/2017 9:47:17 PM|Member|Republic|Mixed|Red|2/13/2009 3:11:14 PM|2,400.27|15,099.99|201.867|War Mode|Iron|Lumber|0|64,055.697|5|34,580|0|0|24|Active In The Last 3 Days|Aluminum|Marble|Coal|Uranium|Oil|Lead|Wheat|Pigs|||163385|1219157|
240196|Seagram|Siperia|Nordreich|11319|12/2/2013 3:30:05 AM|Member|Revolutionary Government|Voodoo|Maroon|6/24/2008 5:29:45 AM|4,206.00|8,999.99|0.000|War Mode|Marble|Rubber|0|63,988.817|5|23,192|0|0|25|Active Last Week|Aluminum|Gold|Lead|Oil|Lumber|Iron|Uranium|Coal|Water|Wheat|5113517|7116528|
331985|aljabarian|CrabMan|Knights Of The Round Table|10092|5/31/2025 5:49:34 AM|Member|Totalitarian State|Islam|Green|5/29/2009 7:09:24 PM|5,799.70|8,999.99|1,499.999|War Mode|Water|Wheat|0|63,978.523|5|22,002|0|0|23|Active In The Last 3 Days|Aluminum|Rubber|Coal|Iron|Gold|Oil|Lead|Uranium|Lumber|Marble|1113001|2046481|
145461|Huntersun|Pennston|Federation of Armed Nations|10021|6/13/2007 4:42:52 PM|Member|Monarchy|Norse|Yellow|6/13/2007 4:42:52 PM|2,031.49|13,998.92|0.003|Peace Mode|Oil|Lead|0|63,871.142|5|61,279|6,079|0|24|Active In The Last 3 Days|Aluminum|Gold|Iron|Coal|Lumber|Uranium|Water|Rubber|Wheat|Marble|3399125|6560638|
184221|Lizzzz|Elisabethan|Doombrella|17368|9/15/2025 11:44:04 PM|Member|Anarchy|Christianity|Maroon|11/23/2007 11:43:16 PM|6,116.17|9,756.79|985.944|Peace Mode|Uranium|Lumber|0|63,619.078|1|29,946|0|0|13|Active In The Last 3 Days|||||||||||2411218|4329552|
290230|UnLimited|Aurora Borealis|Nordreich|11319|12/2/2013 9:43:12 AM|Member|Monarchy|None|Maroon|12/30/2008 1:50:50 AM|4,392.35|8,999.99|1.110|War Mode|Sugar|Spices|0|63,278.413|5|27,500|0|0|25|Active In The Last 3 Days|Aluminum|Marble|Fish|Uranium|Iron|Lumber|Pigs|Cattle|Wheat|Water|2850503|4456991|
191967|East Westovia|East Westovia|Federation of Armed Nations|10021|7/12/2009 10:08:05 PM|Member|Communist|Confucianism|Yellow|12/23/2007 1:47:00 PM|3,372.31|7,999.99|7,108.913|War Mode|Coal|Fish|0|63,264.564|1|61,603|5,538|0|25|Active In The Last 3 Days|Aluminum|Cattle|Oil|Marble|Uranium|Pigs|||||551563|1260391|
644571|Juno02|Mystic Land|Catholic Reich|17311|9/22/2024 10:18:41 AM|Member|Communist|Christianity|Black|9/22/2024 10:06:36 AM|1,593.88|10,688.72|11,035.948|War Mode|Lead|Oil|0|63,190.802|1|50,000|8,907|0|3|Active Last Week|Aluminum|Uranium|Fish|Marble|Gold|Iron|Lumber|Wheat|||308268|396335|
528836|Dimitri|New Siberia|New Pacific Order|10000|10/15/2022 2:32:50 AM|Member|Capitalist|Mixed|Red|5/29/2013 5:50:01 AM|10.22|14,999.99|5,000.000|War Mode|Pigs|Wheat|0|63,068.362|5|40,114|0|0|25|Active This Week|Fish|Cattle|Gems|Silver|Lumber|Iron|Spices|Sugar|Uranium|Water|1673948|2977813|
127635|dewe48|tramponia|CLAWS|15841|7/10/2018 6:44:08 AM|Member|Democracy|Christianity|Black|4/24/2007 9:32:30 AM|938.22|13,999.99|5.721|War Mode|Oil|Rubber|0|63,002.617|5|15,899|0|0|25|Active In The Last 3 Days|Coal|Marble|Iron|Aluminum|Uranium|Wheat|Water|Lumber|||6311178|11911259|
579519|EatDirtFartDust|Testiclania|Doom Squad|16454|2/8/2024 8:52:47 AM|Member|Democracy|Norse|Black|7/29/2015 2:37:57 PM|1,000.00|13,999.99|5,000.012|Peace Mode|Coal|Gold|0|62,873.532|5|35,677|0|0|25|Active In The Last 3 Days|Fish|Pigs|Iron|Lumber|Marble|Aluminum|Oil|Wheat|Uranium|Lead|1296719|2596283|
430046|Beowulf88|Arcanium|Christian Coalition of Countries|10028|11/1/2010 8:32:03 PM|Member|Communist|Christianity|Maroon|10/29/2010 3:23:38 PM|6,001.50|5,999.99|39.990|War Mode|Pigs|Rubber|0|62,767.683|1|145,512|0|0|25|Active In The Last 3 Days|Aluminum|Marble|Fish|Uranium|Gold|Coal|Iron|Lumber|Lead|Oil|1072969|4076617|
281678|walruskkkch|Walrustan|Random Insanity Alliance|10038|9/20/2011 5:22:03 PM|Member|Federal Government|Mixed|Maroon|11/23/2008 7:50:03 PM|5,320.93|9,825.00|739.380|Peace Mode|Rubber|Wheat|0|62,528.703|5|25,000|0|0|22|Active In The Last 3 Days|Aluminum|Iron|Coal|Lead|Lumber|Gold|Oil|Water|Uranium|Marble|415181|2557320|
341362|Erwin Schrodinger|Bermuda Islands|Non Grata|10097|3/24/2013 9:32:05 PM|Member|Anarchy|Norse|Maroon|7/8/2009 7:03:10 PM|227.12|14,772.72|833.560|War Mode|Iron|Lumber|0|62,370.176|5|142,193|14,186|0|17|Active In The Last 3 Days|Coal|Gold|Marble|Aluminum|Oil|Wheat|Pigs|Fish|Uranium|Lead|7917879|12429534|
107905|Randall|Demon Island||0|4/27/2013 7:44:59 PM|None|Revolutionary Government|Christianity|Blue|2/15/2007 6:00:32 PM|3,000.20|14,000.00|3,000.034|Peace Mode|Lead|Iron|0|62,353.106|5|42,604|0|0|0|Active This Week|Coal|Rubber|Wheat|Lumber|||||||315710|1312358|
449358|Akari|JingJangJung|Sparta|10008|3/10/2011 7:35:12 AM|Member|Capitalist|Mixed|Black|3/5/2011 5:39:54 AM|2,694.02|9,999.99|4,643.495|War Mode|Uranium|Wheat|0|62,231.236|5|54,298|0|0|25|Active In The Last 3 Days|Aluminum|Coal|Fish|Gold|Iron|Lumber|Lead|Oil|Rubber|Water|1500252|5297541|
634182|Verrazi|Last Gate|Post Grunge Supergroup|16367|6/27/2022 5:30:00 PM|Member|Federal Government|Shinto|Brown|6/24/2022 10:22:18 PM|2,005.71|9,999.99|3,624.277|War Mode|Water|Fish|0|62,189.948|5|70,000|0|4|25|Active In The Last 3 Days|Aluminum|Marble|Iron|Pigs|Lumber|Cattle|Spices|Wheat|Sugar|Uranium|633623|1832718|
531745|armpit|Armpit|The Wolves|16660|4/6/2025 2:58:17 PM|Member|Communist|Voodoo|Maroon|7/10/2013 2:27:59 PM|3,206.77|8,999.99|5.657|War Mode|Aluminum|Marble|0|61,734.553|1|141,362|0|0|25|Active In The Last 3 Days|Coal|Gold|Fish|Uranium|Iron|Lumber|Lead|Oil|Pigs|Rubber|6781809|12464046|
481922|Saphyre|GemStone|CLAWS|15841|7/23/2018 4:16:20 PM|Member|Monarchy|Mixed|Black|11/26/2011 11:56:05 PM|3,960.81|9,966.68|1,200.005|War Mode|Aluminum|Marble|0|61,554.067|5|30,000|0|0|25|Active Last Week|Gold|Coal|Iron|Lumber|Rubber|Oil|Uranium|Lead|Wheat|Fish|2837764|5569420|
568806|Wee Wiccan|Republic of Wiccans|The Templar Knights|10012|8/13/2018 10:01:44 AM|Member|Communist|None|Maroon|1/17/2015 2:45:15 PM|7,100.24|6,000.00|1,000.000|War Mode|Uranium|Gold|0|61,551.201|1|15,000|0|0|25|Active In The Last 3 Days|||||||||||540156|923679|
633394|Drake Draconis|Draco Purpureus|The Dark Templar|10056|11/12/2022 2:17:07 PM|Member|Capitalist|Mixed|Black|5/3/2022 9:18:26 PM|5,106.68|10,999.56|1,376.386|War Mode|Marble|Aluminum|0|61,336.146|5|36,974|0|0|0|Active In The Last 3 Days|Iron|Lumber|Pigs|Fish|Wheat|Marble|||||552880|1637900|
356790|hornguard|Legend|Viridian Entente|10010|9/10/2009 3:59:33 PM|Member|Monarchy|Norse|Green|9/10/2009 3:57:26 PM|3,733.18|8,978.45|2.003|War Mode|Wheat|Sugar|0|61,182.216|5|23,659|1,849|0|25|Active In The Last 3 Days|Coal|Cattle|Furs|Wine|Gems|Fish|Gold|Pigs|Uranium|Silver|2879552|5588236|
645525|GodKing Menes|Free Republic of Kem|Nuclear Proliferation League|17228|1/22/2025 9:15:32 PM|Member|Totalitarian State|Voodoo|Aqua|1/22/2025 7:26:48 AM|100.00|12,999.00|10,409.000|War Mode|Iron|Lumber|0|61,169.740|1|102,962|0|0|20|Active In The Last 3 Days|Aluminum|Uranium|Cattle|Pigs|Fish|Water|Marble|Wheat|Spices|Sugar|0|0|
555535|Presidential|WashingtonDC|Viridian Entente|10010|6/15/2014 9:35:03 AM|Member|Federal Government|Jainism|Green|6/15/2014 8:58:14 AM|100.17|15,016.61|1,200.912|War Mode|Aluminum|Marble|0|61,051.910|5|57,383|5,411|0|25|Active In The Last 3 Days|Coal|Rubber|Iron|Oil|Lead|Uranium|Lumber|Wheat|Water|Gold|2391707|5813172|
634306|Lalaa|Lalaa|Doom Squad|16454|7/4/2022 6:55:22 PM|Member|Communist|Judaism|Black|7/4/2022 6:30:53 PM|1,007.57|13,999.80|1,702.321|Peace Mode|Fish|Pigs|0|60,989.240|1|151,424|0|0|25|Active This Week|Aluminum|Marble|Cattle|Wheat|Coal|Gold|Iron|Lumber|Water|Uranium|3645861|4191187|
542550|Jim Beam|Whiskey Land|We Are Perth Army|10036|12/15/2013 9:20:21 AM|Member|Communist|Mixed|White|12/15/2013 9:16:29 AM|4,999.18|7,999.60|186.343|War Mode|Uranium|Aluminum|0|60,937.995|1|50,000|6,219|2|25|Active In The Last 3 Days|Cattle|Sugar|Coal|Iron|Marble|Lumber|Rubber|Gems|Spices|Pigs|441675|871430|
643784|Cypher Link|Cyphristria|Post Grunge Supergroup|16367|7/8/2024 6:50:50 PM|Member|Capitalist|Judaism|Brown|7/3/2024 6:21:53 PM|3,300.40|9,999.20|7,685.011|Peace Mode|Lumber|Cattle|0|60,867.574|5|57,773|2,000|0|5|Active In The Last 3 Days|Aluminum|Marble|Iron|Pigs|Spices|Wheat|Sugar|Uranium|Water|Fish|200161|231710|
586091|Prince Henry|Great Atlanta|New Pacific Order|10000|12/31/2015 1:00:06 AM|Member|Monarchy|Christianity|Red|12/31/2015 12:54:52 AM|1,800.28|14,000.99|2,000.231|Peace Mode|Lumber|Iron|0|60,516.653|5|37,598|0|0|24|Active In The Last 3 Days|Aluminum|Marble|Fish|Cattle|Sugar|Spices|Uranium|Water|||676898|1796869|
79714|cpuwhiz11|Federal Liberty|Mostly Harmless Alliance|14879|10/1/2016 9:29:20 AM|Member|Capitalist|None|Aqua|12/15/2006 8:44:22 AM|3,006.13|12,708.45|0.083|War Mode|Gold|Rubber|0|60,448.856|5|36,137|1,600|0|25|Active In The Last 3 Days|Coal|Lumber|Iron|Lead|Iron|Lumber|Lead|Aluminum|Uranium|Oil|3009153|4836027|
637566|Teiwaz|Astea|New Pacific Order|10000|2/5/2023 5:32:15 AM|Member|Communist|Norse|Red|1/31/2023 2:15:31 PM|2,600.42|9,999.99|3,000.007|War Mode|Fish|Cattle|0|60,401.743|1|78,224|7,426|0|25|Active In The Last 3 Days|Aluminum|Marble|Coal|Uranium|Lead|Oil|Lumber|Iron|Pigs|Wheat|160746|640826|
498421|killjoy123|DAR LAND|Nuclear Proliferation League|17228|8/14/2025 12:11:36 PM|Member|Anarchy|Mixed|White|5/15/2012 11:13:35 PM|2,287.31|9,581.47|1,827.999|War Mode|Uranium|Fish|2|60,255.737|1|85,998|8,364|0|25|Active In The Last 3 Days|Aluminum|Marble|Cattle|Pigs|Lumber|Iron|Spices|Sugar|Wheat|Water|1584443|2014551|
216850|chrisalexlucero|Maharg|The Grand Lodge of Freemasons|10029|4/7/2008 7:55:08 PM|Member|Communist|Mixed|Orange|4/1/2008 7:35:02 PM|5,724.65|4,958.52|0.000|War Mode|Wheat|Rubber|0|60,219.014|1|37,881|3,788|0|25|Active In The Last 3 Days|Aluminum|Lumber|Iron|Lead|Marble|Oil|Water|Uranium|||1007564|3560241|
646570|CiceroThePoet|Ismuth|NATO|10037|5/22/2025 2:10:49 AM|Member|Capitalist|Mixed|Blue|5/21/2025 1:55:20 AM|500.00|11,999.99|12,105.640|War Mode|Fish|Uranium|0|60,109.527|5|50,555|5,000|0|12|Active In The Last 3 Days|Coal|Gold|Iron|Lumber|Lead|Oil|Marble|Aluminum|Pigs|Cattle|0|0|
44593|CaptAfro|Harbl|Viridian Entente|10010|10/14/2007 6:12:51 AM|Member|Totalitarian State|Norse|Green|9/13/2006 5:45:25 PM|5,200.07|8,500.00|5,174.979|War Mode|Pigs|Fish|0|60,032.836|5|12,000|0|17|6|Active In The Last 3 Days|Cattle|Wheat|Rubber|Lead|Spices|Sugar|||||3975570|4740463|
622116|Chibun|Smol Angry Kitten|New Pacific Order|10000|3/25/2020 10:52:03 AM|Member|Democracy|None|Red|3/25/2020 10:49:46 AM|1,217.93|14,999.99|1,420.057|Peace Mode|Fish|Cattle|0|60,019.992|5|24,005|468|0|25|Active In The Last 3 Days|Aluminum|Marble|Coal|Uranium|Lead|Oil|Lumber|Iron|Wheat|Pigs|1855758|4102783|
626161|54vee|Tallinn Compact|CLAWS|15841|8/12/2025 6:45:17 PM|Member|Communist|None|Black|1/21/2021 11:06:10 AM|100.04|13,999.99|4,503.045|War Mode|Aluminum|Lumber|0|59,813.206|1|150,164|14,576|4|20|Active In The Last 3 Days|Cattle|Wheat|Iron|Marble|Pigs|Fish|Spices|Sugar|Water|Uranium|370044|651418|
515270|Chrismathews|Empire81|Independent Republic Of Orange Nations|10004|11/7/2024 8:57:58 AM|Member|Capitalist|Islam|Orange|12/19/2012 6:07:00 AM|3,837.07|9,999.74|0.000|War Mode|Wheat|Marble|0|59,672.497|5|40,017|6,488|0|25|Active In The Last 3 Days|Aluminum|Cattle|Fish|Uranium|Iron|Pigs|Lumber|Water|Sugar|Spices|1195401|2930057|
393441|John Clark|Rainbow|Valhalla|15563|11/24/2017 1:44:44 PM|Manager|Communist|Norse|Purple|3/19/2010 11:15:33 AM|2,000.89|10,000.99|63.363|War Mode|Pigs|Uranium|0|59,627.441|1|101,419|9,858|0|25|Active In The Last 3 Days|Aluminum|Lumber|Cattle|Water|Coal|Gold|Fish|Wheat|Iron|Marble|472576|3448741|
621181|frankdtank16|Florenzia|New Pacific Order|10000|1/29/2020 6:07:40 PM|Member|Monarchy|Shinto|Red|1/16/2020 10:40:58 PM|1,800.06|13,999.99|1,300.391|War Mode|Iron|Lumber|0|59,571.916|5|45,301|0|0|21|Active In The Last 3 Days|Aluminum|Marble|Coal|Uranium|Fish|Cattle|Lead|Oil|Wheat|Pigs|1058982|2329982|
497470|Skaros Thunderbane|Shimazu Conglomerate|New Polar Order|10006|5/10/2012 5:05:12 PM|Member|Anarchy|Christianity|Blue|5/3/2012 6:23:09 PM|3,052.97|9,719.74|838.048|War Mode|Pigs|Rubber|0|59,501.098|1|92,829|9,231|0|16|Active In The Last 3 Days|Aluminum|Marble|Coal|Gold|Fish|Uranium|Lead|Oil|Lumber|Iron|5430859|9457640|
499663|Boston|Chicharito|New Pacific Order|10000|9/16/2025 6:44:02 PM|Pending|Capitalist|Mixed|Red|5/30/2012 5:29:16 PM|7,442.34|6,599.99|1,384.869|Peace Mode|Iron|Lumber|0|59,388.965|5|15,000|0|0|0|Active Three Weeks Ago|||||||||||438869|919856|
106123|hindy33|Hindistan|Fark|10002|2/13/2007 3:56:34 PM|Member|Revolutionary Government|Norse|Aqua|2/13/2007 3:56:34 PM|4,824.56|8,999.99|1,601.781|Peace Mode|Pigs|Wheat|0|59,328.774|5|25,666|0|0|23|Active In The Last 3 Days|Furs|Aluminum|Gems|Fish|Gold|Silver|Lumber|Coal|Water|Uranium|2926343|5507239|
635568|ReForce|Axors|The Dark Templar|10056|11/27/2022 12:59:05 AM|Member|Monarchy|None|Black|10/4/2022 4:46:47 AM|1,200.47|13,999.99|3,000.001|Peace Mode|Gold|Coal|0|59,315.580|5|28,163|0|0|25|Active In The Last 3 Days|Aluminum|Marble|Fish|Wheat|Lumber|Iron|Rubber|Oil|Uranium|Lead|249561|630789|
618381|Drizzy|Corneria|New Pacific Order|10000|5/16/2019 6:34:49 PM|Member|Anarchy|Mixed|Red|5/16/2019 12:27:45 AM|400.22|13,490.60|2,014.098|War Mode|Pigs|Wheat|0|59,284.838|1|124,108|11,293|0|25|Active In The Last 3 Days|Aluminum|Marble|Cattle|Fish|Coal|Uranium|Lead|Oil|Lumber|Iron|3360675|5959009|
194161|MrCynical|Brewistan|Fark|10002|1/3/2008 5:08:59 AM|Member|Revolutionary Government|Mixed|Aqua|1/3/2008 4:58:24 AM|2,172.53|15,399.99|1,000.031|War Mode|Gold|Aluminum|0|59,182.783|5|31,005|0|0|0|Active This Week|Lead|Uranium|Pigs|Lumber|Rubber|Oil|Water|Marble|Wheat|Iron|669688|1827768|
638158|TheBlob|Space Jelly|Knights Of The Round Table|10092|10/5/2024 3:48:33 PM|Member|Republic|Mixed|Red|3/10/2023 2:41:49 PM|400.18|13,000.00|5,000.000|War Mode|Sugar|Water|0|59,008.880|1|124,900|0|0|25|Active In The Last 3 Days|Aluminum|Iron|Cattle|Pigs|Marble|Lumber|Wheat|Uranium|||498096|766665|
396175|Elorian|Estolante|The Last Remnants|10098|11/28/2011 10:21:53 AM|Manager|Communist|Norse|Maroon|4/3/2010 2:37:43 AM|6,674.34|6,312.41|107.164|War Mode|Cattle|Marble|0|58,997.951|5|13,913|0|0|25|Active Three Weeks Ago|Fish|Sugar|Iron|Aluminum|Pigs|Spices|Uranium|Aluminum|Wheat|Water|203308|457308|
46419|lizardo|Crudite|Global Alliance and Treaty Organization|10003|9/19/2006 8:11:04 AM|Member|Monarchy|None|Brown|9/19/2006 8:11:04 AM|5,679.31|10,000.00|0.086|War Mode|Coal|Iron|0|58,996.685|5|30,001|0|0|0|Active This Week|Aluminum|Lumber|Cattle|Oil|Gold|Lead|Marble|Wheat|Pigs|Uranium|1446398|2375613|
553651|Stanley Steemer|Erwin Township|New Pacific Order|10000|7/14/2020 6:40:53 PM|Member|Federal Government|Sikhism|Red|5/20/2014 8:23:42 PM|200.09|13,999.99|3,017.040|War Mode|Lumber|Iron|0|58,906.471|5|76,525|0|0|25|Active This Week|Aluminum|Marble|Fish|Cattle|Sugar|Spices|Uranium|Water|Wheat|Pigs|744662|1802050|
624486|Anubis777|Flat Earth|The Prussian Empire|14204|11/22/2020 1:16:37 AM|Member|Monarchy|Mixed|Green|9/6/2020 4:29:14 AM|3,100.04|9,999.99|1,013.028|War Mode|Aluminum|Oil|0|58,789.309|5|36,260|2,922|0|25|Active In The Last 3 Days|Iron|Marble|Lead|Uranium|Lumber|Gold|Rubber|Coal|Wheat|Water|813810|1286706|
578390|iblishaitan|Jahannam|New Pacific Order|10000|7/7/2015 1:56:46 PM|Member|Monarchy|Mixed|Red|7/7/2015 1:53:49 PM|600.06|12,999.99|669.506|War Mode|Sugar|Spices|0|58,586.750|5|30,361|0|0|25|Active Last Week|Coal|Gold|Fish|Cattle|Furs|Wine|Iron|Marble|Lumber|Iron|2073070|2976203|
467779|The decimator|My new new nation|Random Insanity Alliance|10038|10/31/2011 11:46:23 PM|Manager|Anarchy|Judaism|Maroon|7/17/2011 12:22:08 AM|702.69|10,701.85|3,313.014|War Mode|Rubber|Water|0|58,412.894|1|99,774|9,872|4|25|Active In The Last 3 Days|Iron|Gold|Lumber|Aluminum|Marble|Lead|Oil|Wheat|Uranium|Coal|2848303|6272227|
325202|murtibing|Fluens|Axiom of Regularity|17122|9/21/2023 4:59:15 PM|Manager|Democracy|Christianity|Black|5/2/2009 4:35:26 AM|5,066.70|5,062.88|8,204.465|War Mode|Uranium|Fish|0|58,322.528|1|74,555|7,413|0|15|Active In The Last 3 Days|Aluminum|Iron|Coal|Wheat|Furs|Cattle|Marble|Lumber|Pigs|Oil|21979775|52623194|
559191|Darksight1|ChineseEmpire|New Pacific Order|10000|8/8/2014 10:37:26 AM|Member|Communist|None|Red|8/8/2014 9:26:37 AM|131.90|13,920.25|2,937.296|War Mode|Aluminum|Marble|0|58,264.552|1|121,807|11,923|0|24|Active In The Last 3 Days|Fish|Cattle|Lead|Oil|Lumber|Iron|Uranium|Coal|Wheat|Pigs|3427895|6900199|
637804|Not the Carlton|Margaritaville|NATO|10037|2/16/2023 6:09:51 PM|Manager|Anarchy|None|Blue|2/15/2023 8:45:12 PM|827.03|13,074.90|5,291.014|War Mode|Aluminum|Marble|0|58,125.000|1|28,773|16|0|25|Active In The Last 3 Days|Coal|Gold|Fish|Uranium|Iron|Lumber|Lead|Oil|Pigs|Rubber|2186208|2704939|
484823|Cortath|Cortath|New Pacific Order|10000|12/22/2011 5:39:34 PM|Member|Capitalist|Jainism|Red|12/22/2011 5:38:57 PM|796.34|13,951.70|600.028|War Mode|Wheat|Pigs|0|57,961.465|5|126,450|12,228|0|25|Active In The Last 3 Days|Aluminum|Marble|Fish|Cattle|Iron|Lumber|Lead|Oil|Water|Uranium|89541|1192286|
627063|Apollon007|Kingdom of Byzantium|Post Grunge Supergroup|16367|4/1/2024 3:17:47 AM|Member|Capitalist|Christianity|Brown|3/18/2021 9:06:55 AM|2,875.42|10,750.85|4,247.423|War Mode|Spices|Sugar|0|57,620.811|5|30,000|5,000|0|1|Active In The Last 3 Days|Aluminum|Marble|Iron|Fish|Pigs|Cattle|Uranium|Lumber|Water|Wheat|173699|1669155|
19893|ClashCityRocker|Garageland|CLAWS|15841|9/30/2025 10:07:37 AM|Pending|Monarchy|None|Green|6/6/2006 2:51:48 PM|1,751.39|10,008.04|1.400|War Mode|Cattle|Spices|0|57,602.212|1|88,869|8,829|0|25|Active In The Last 3 Days|Iron|Water|Lumber|Marble|Pigs|Fish|Uranium|Sugar|Wheat|Aluminum|3753888|10361899|
238472|Xerxes|New Persia|Non Grata|10097|3/24/2013 5:58:11 PM|Member|Monarchy|Hinduism|Maroon|6/18/2008 9:25:48 AM|107.22|12,999.99|84.708|Peace Mode|Marble|Aluminum|0|57,513.415|1|101,580|2,825|0|25|Active In The Last 3 Days|Coal|Gold|Fish|Pigs|Lumber|Iron|Oil|Wheat|Uranium|Lead|4022057|9224289|
450111|Crowncowboy|Confederate Isle|The Wolves|16660|3/23/2022 4:12:51 PM|Member|Capitalist|Christianity|Maroon|3/9/2011 3:44:47 PM|2,405.09|8,999.99|979.653|Peace Mode|Cattle|Wheat|0|57,484.360|5|35,486|5,942|0|25|Active This Week|Aluminum|Marble|Fish|Water|Iron|Lumber|Spices|Sugar|Uranium|Pigs|4106156|6288384|
601747|Michael Dalton|Attarnia|Global Alliance And Treaty Organization|10003|11/6/2023 1:16:20 AM|Member|Monarchy|Baha'i Faith|Brown|2/26/2017 1:05:44 AM|7,029.64|4,999.00|4,697.560|War Mode|Aluminum|Marble|0|57,441.371|1|12,492|0|0|0|Active In The Last 3 Days|Iron|Fish|Pigs|Cattle|Spices|Sugar|Uranium|Lumber|Water|Wheat|0|51368|
582992|Troopa|Southland|New Pacific Order|10000|10/12/2015 9:33:52 PM|Member|Monarchy|Mixed|Red|10/12/2015 8:23:19 PM|100.20|14,099.99|2,403.329|War Mode|Sugar|Spices|0|57,334.313|1|20,147|3,977|0|25|Active In The Last 3 Days|Aluminum|Marble|Fish|Cattle|Lumber|Iron|Uranium|Water|Wheat|Pigs|548|3339239|
514080|Disentery|Republic of Raine|The Templar Knights|10012|4/9/2014 11:59:50 AM|Member|Capitalist|Norse|Maroon|12/4/2012 6:48:21 AM|3,000.94|9,999.99|1,000.000|War Mode|Cattle|Marble|0|57,314.637|1|30,000|0|0|25|Active In The Last 3 Days|Fish|Water|Iron|Aluminum|Lumber|Sugar|Pigs|Spices|Wheat|Uranium|1946917|3751942|
231352|Wippeli|Wippelandia|Freehold of The Wolves|15157|1/23/2019 6:44:32 AM|Member|Communist|Judaism|White|5/26/2008 9:07:46 AM|517.64|11,357.73|2,246.850|War Mode|Sugar|Spices|0|57,288.933|1|98,145|9,711|0|25|Active In The Last 3 Days|Aluminum|Marble|Cattle|Pigs|Fish|Uranium|Lumber|Iron|Wheat|Water|2488115|4909766|
400076|TheDeathBringer|DeathBringerLand|MI6|10158|4/15/2013 6:14:22 PM|Manager|Capitalist|None|Black|4/23/2010 6:11:27 PM|3,362.16|10,199.99|2,008.878|Peace Mode|Oil|Gold|0|57,174.110|5|25,000|0|0|25|Active In The Last 3 Days|Aluminum|Coal|Uranium|Lead|Wheat|Water|||||1413601|2363419|
638457|AlQsar|Imbratoria|New Polar Order|10006|3/31/2023 6:33:42 AM|Member|Republic|Islam|Blue|3/31/2023 6:29:54 AM|1,000.85|11,384.40|3,095.694|Peace Mode|Gold|Coal|0|57,109.987|1|100,000|11,720|2|7|Active In The Last 3 Days|Aluminum|Marble|Fish|Uranium|Iron|Lumber|Pigs|Rubber|Water|Wheat|62495|1075844|
645124|stugots|Trumpopolis|NATO|10037|12/4/2024 2:30:18 AM|Member|Monarchy|Christianity|Blue|11/26/2024 3:51:16 AM|410.85|11,119.99|8,951.783|War Mode|Uranium|Fish|0|57,041.892|5|50,000|0|50|20|Active In The Last 3 Days|Aluminum|Marble|Gold|Coal|Iron|Lumber|Lead|Oil|Pigs|Rubber|201119|379641|
203828|Sir Humphrey|Greater Oceania|NATO|10037|3/31/2008 5:47:46 PM|Member|Democracy|Christianity|Blue|2/8/2008 10:12:31 AM|599.72|14,999.99|1,400.000|War Mode|Lead|Oil|0|56,912.873|5|28,216|0|0|25|Active In The Last 3 Days|Aluminum|Marble|Coal|Gold|Fish|Uranium|Iron|Lumber|Pigs|Rubber|6762025|12180899|
477144|delthan2|comedyoferrors|Fark|10002|10/9/2011 10:17:52 AM|Member|Democracy|Shinto|Aqua|10/9/2011 9:26:32 AM|3,927.68|7,999.42|25.993|Peace Mode|Furs|Aluminum|0|56,862.669|5|20,411|2,069|0|25|Active This Week|Gems|Fish|Gold|Silver|Lumber|Coal|Pigs|Wheat|Water|Uranium|3157369|7421700|
623136|rofrif|rofrif|Sparta|10008|7/26/2021 2:59:23 AM|Member|Capitalist|Mixed|Black|5/20/2020 8:41:33 AM|3,001.20|10,699.99|1,586.739|War Mode|Fish|Gold|0|56,833.815|5|33,586|2,840|0|25|Active In The Last 3 Days|Aluminum|Coal|Iron|Lumber|Lead|Oil|Rubber|Water|Uranium|Wheat|148927|441946|
629759|Ultraviolet0|Pinners Cove|New Pacific Order|10000|9/1/2021 4:18:35 AM|Member|Totalitarian State|Mixed|Red|9/1/2021 4:09:13 AM|700.00|13,999.99|2,900.163|Peace Mode|Fish|Cattle|0|56,812.093|5|35,594|0|0|25|Active In The Last 3 Days|Aluminum|Marble|Coal|Uranium|Iron|Lumber|Spices|Sugar|Wheat|Pigs|750473|1967586|
627412|Jason Radix|Radix|The Dark Templar|10056|4/20/2025 6:37:33 PM|Member|Anarchy|Mixed|Black|4/7/2021 4:53:50 PM|1,970.97|8,692.94|3,033.068|War Mode|Oil|Rubber|0|56,690.963|1|70,532|6,931|0|24|Active In The Last 3 Days|Aluminum|Marble|Coal|Gold|Fish|Wheat|Iron|Lumber|Lead|Uranium|68594|31405|
639937|The Evilest Eye|NeoNeftyaniki|The Dark Templar|10056|8/25/2023 1:31:55 PM|Member|Communist|Shinto|Black|8/25/2023 1:30:58 PM|624.53|9,947.06|3,404.762|War Mode|Iron|Lumber|0|56,665.608|1|87,235|8,513|0|25|Active In The Last 3 Days|Aluminum|Marble|Gold|Coal|Rubber|Oil|Uranium|Lead|Wheat|Fish|359240|877091|
615969|Al3efix|DaWeasel|The Phoenix Federation|17385|5/13/2025 11:50:34 AM|Member|Monarchy|Confucianism|Green|12/11/2018 12:41:57 AM|1,409.48|11,999.36|1,052.261|War Mode|Coal|Iron|0|56,551.084|5|79,860|0|0|25|Active Last Week|Aluminum|Rubber|Gold|Oil|Lead|Uranium|Lumber|Marble|Water|Wheat|1142951|2216576|
470911|Legatus Equus|Vicus|Argent|10063|1/21/2018 2:41:24 AM|Member|Capitalist|Voodoo|Pink|8/13/2011 3:12:28 AM|4,096.45|7,999.99|50.868|War Mode|Coal|Lead|12|56,516.187|5|20,383|0|0|25|Active In The Last 3 Days|Aluminum|Marble|Aluminum|Uranium|Lumber|Iron|Oil|Rubber|Wheat|Uranium|4779716|7767239|
533726|An Taoiseach|Eire Nua|CLAWS|15841|7/8/2018 5:10:01 PM|Member|Capitalist|Christianity|Black|8/9/2013 5:52:04 PM|1,452.84|12,031.56|2,700.000|War Mode|Gold|Coal|0|56,393.892|4|35,500|0|0|21|Active In The Last 3 Days|Aluminum|Marble|Fish|Wheat|Iron|Lumber|Lead|Uranium|Oil|Rubber|178616|1807243|
513467|master hakai|Afro Pick|Post Grunge Supergroup|16367|6/7/2025 3:54:58 PM|Manager|Democracy|Voodoo|Brown|11/26/2012 11:17:38 PM|1,000.01|11,999.98|589.033|War Mode|Pigs|Cattle|0|56,283.559|1|50,000|0|0|25|Active In The Last 3 Days|Aluminum|Marble|Iron|Fish|Sugar|Lumber|Water|Uranium|Wheat|Spices|12911033|24091859|
487608|the Overseer|Mania|Knights of the Round Table|10092|7/18/2012 9:09:17 AM|Member|Monarchy|Confucianism|Green|1/19/2012 10:20:32 AM|1,145.38|12,090.78|0.000|War Mode|Uranium|Oil|0|56,277.815|1|70,000|8,943|0|25|Active This Week|Aluminum|Coal|Gold|Marble|Iron|Rubber|Lumber|Lead|Wheat|Sugar|721719|1819378|
624965|Tector|Xindi|The Legion|10020|11/1/2020 3:34:33 AM|Member|Federal Government|None|Purple|10/24/2020 11:57:27 AM|1,499.14|14,000.08|3,002.175|Peace Mode|Iron|Marble|0|56,243.498|5|40,214|0|0|12|Active In The Last 3 Days|Aluminum|Lumber|Coal|Gold|Fish|Wheat|Oil|Pigs|Uranium|Lead|161568|531859|
351954|kobetop|Arulelea|Viridian Entente|10010|8/23/2009 5:08:48 PM|Member|Capitalist|Christianity|Green|8/18/2009 3:31:05 PM|3,420.39|7,999.99|80.714|War Mode|Aluminum|Pigs|0|56,098.197|5|20,010|0|0|25|Active In The Last 3 Days|Lumber|Iron|Spices|Fish|Uranium|Marble|Water|Cattle|Wheat|Sugar|745937|1788142|
597057|Mister Greed|Panda Box|Argent|10063|1/24/2018 2:50:58 AM|Member|Federal Government|Judaism|Pink|10/14/2016 3:07:26 PM|300.35|11,999.99|5,002.460|War Mode|Fish|Wheat|0|55,995.415|5|40,000|0|0|25|Active In The Last 3 Days|Aluminum|Coal|Iron|Lumber|Marble|Gold|Oil|Rubber|Uranium|Lead|4410234|6950946|
266131|RA2Leader|Soviet USA|Madlads Union|17130|10/20/2023 10:01:19 PM|Manager|Monarchy|None|Brown|9/22/2008 7:49:03 PM|2,281.07|10,999.99|139.106|War Mode|Lead|Marble|44|55,988.145|5|24,707|0|0|25|Active In The Last 3 Days|Fish|Coal|Gold|Lumber|Iron|Aluminum|Oil|Rubber|Wheat|Uranium|2718677|3798238|
536066|Frobozz|Kryccina|Independent Republic Of Orange Nations|10004|9/12/2013 7:35:45 PM|Member|Revolutionary Government|Judaism|Orange|9/10/2013 11:14:33 PM|1,007.21|13,058.65|3,000.213|War Mode|Coal|Gold|0|55,951.581|5|29,212|0|0|20|Active In The Last 3 Days|Lead|Rubber|Lumber|Wheat|Marble|Iron|Oil|Aluminum|Uranium|Water|1036159|1575109|
309853|Tasuki|Oniwabanshu|New Pacific Order|10000|6/7/2009 12:34:06 AM|Member|Democracy|Christianity|Red|3/9/2009 4:52:59 AM|219.56|13,900.24|275.677|War Mode|Silver|Gems|0|55,919.332|5|125,464|12,340|0|25|Active In The Last 3 Days|Fish|Cattle|Lumber|Iron|Pigs|Wheat|Sugar|Spices|Water|Uranium|6429053|12042110|
239880|cavefox|Kazekansten|CLAWS|15841|8/18/2020 8:06:47 PM|Member|Communist|Hinduism|Black|6/23/2008 2:52:07 PM|2,631.08|11,999.06|16.177|War Mode|Gold|Coal|0|55,901.987|5|23,757|0|0|25|Active In The Last 3 Days|Aluminum|Marble|Iron|Lumber|Uranium|Lead|Wheat|Fish|||430729|1441272|
139292|Sir Nightcrawler|Marine Corps Nation|Federation of Armed Nations|10021|5/31/2008 10:47:19 AM|Member|Monarchy|Norse|Yellow|5/28/2007 4:12:59 PM|5,999.96|4,999.99|0.000|Peace Mode|Aluminum|Cattle|0|55,857.995|5|22,411|2,800|0|25|Active In The Last 3 Days|Coal|Fish|Oil|Marble|Uranium|Pigs|||||704665|1797769|
635806|MikeCat|Renastasia|New Pacific Order|10000|12/22/2022 10:29:03 AM|Member|Capitalist|Confucianism|Red|10/15/2022 11:41:24 PM|200.06|14,000.00|3,400.023|Peace Mode|Fish|Cattle|0|55,744.145|5|35,450|424|0|25|Active In The Last 3 Days|Aluminum|Marble|Iron|Lumber|Lead|Oil|Uranium|Coal|Wheat|Pigs|625795|945229|
540880|Goosinater|United Mexico States|New Pacific Order|10000|6/22/2018 4:49:24 PM|Member|Republic|Mixed|Red|11/20/2013 12:17:57 PM|110.21|13,999.99|1,999.999|War Mode|Furs|Wine|0|55,739.002|5|39,400|0|0|25|Active In The Last 3 Days|Cattle|Fish|Coal|Uranium|Gems|Silver|Oil|Lead|Wheat|Pigs|3155136|7621741|
348556|Overlord Wes|wussys|Global Alliance and Treaty Organization|10003|8/16/2009 1:27:17 AM|Manager|Totalitarian State|None|Brown|8/4/2009 12:46:40 AM|100.19|13,999.99|699.994|War Mode|Oil|Rubber|0|55,735.937|5|19,000|0|0|25|Active In The Last 3 Days|Coal|Fish|Iron|Aluminum|Lead|Wheat|Lumber|Marble|Uranium|Gold|7340106|11185687|
264926|Ken T Kent|Codopia|Fark|10002|11/24/2010 2:07:42 PM|Member|Republic|None|Aqua|9/18/2008 4:07:36 AM|100.20|15,999.99|3,999.988|Peace Mode|Cattle|Spices|0|55,500.953|5|50,000|0|0|0|Active In The Last 3 Days|Aluminum|Pigs|Fish|Lumber|Iron|Water|Marble|Uranium|Sugar|Wheat|10882593|14388227|
172243|BakerHills|Activision|NATO|10037|7/16/2009 10:40:45 AM|Member|Communist|Christianity|Blue|10/10/2007 4:39:01 PM|6,328.06|3,999.99|3,501.693|War Mode|Fish|Uranium|4|55,410.632|1|13,391|0|0|25|Active In The Last 3 Days|Aluminum|Marble|Coal|Gold|Iron|Lumber|Oil|Lead|Pigs|Rubber|1117445|2661681|
632397|Gregory24|Candor|Post Grunge Supergroup|16367|2/24/2022 8:47:23 AM|Member|Federal Government|Voodoo|Brown|2/24/2022 7:19:02 AM|2,501.46|11,999.34|1,600.777|War Mode|Spices|Wheat|0|55,316.510|5|40,000|0|0|19|Active Three Weeks Ago|Aluminum|Marble|Cattle|Pigs|Fish|Uranium|Iron|Water|Lumber|Sugar|1819960|3634110|
493173|Damascis|Typhon|CLAWS|15841|7/8/2018 12:26:35 PM|Member|Republic|Christianity|Black|3/15/2012 9:43:42 PM|4,273.67|6,999.99|821.533|War Mode|Uranium|Rubber|0|55,249.890|5|45,403|4,456|0|25|Active This Week|Coal|Gold|Iron|Lumber|Lead|Oil|Marble|Fish|Wheat|Aluminum|1078838|2654728|
643135|Ferocious|Ferocious|Nuclear Proliferation League|17228|4/10/2025 3:17:40 PM|Member|Anarchy|Christianity|Black|5/4/2024 12:49:28 AM|202.28|10,737.85|9,410.408|War Mode|Gold|Coal|0|55,087.157|5|67,210|1,162|48|20|Active In The Last 3 Days|Aluminum|Marble|Iron|Lumber|Lead|Uranium|Oil|Rubber|Wheat|Fish|46218|164314|
640416|kevinbotz|Westerling|Knights Of The Round Table|10092|10/7/2023 7:47:52 AM|Member|Capitalist|Mixed|Green|10/6/2023 7:23:49 AM|2,900.53|10,499.99|3,001.572|War Mode|Lead|Rubber|0|54,944.959|5|20,000|0|0|12|Active In The Last 3 Days|Coal|Iron|Gold|Oil|Lumber|Marble|Uranium|Water|Wheat|Aluminum|19187|237518|
148460|Buds The Man|New Budsland|Doombrella|17368|4/6/2025 11:59:53 AM|Member|Anarchy|Norse|Black|6/25/2007 10:03:22 AM|8,127.88|3,943.33|0.000|War Mode|Aluminum|Marble|0|54,829.400|1|1|0|0|5|Active In The Last 3 Days|Coal|Gold|Fish|Pigs|Oil|Wheat|Sugar|Spices|Uranium|Lead|10522980|14938100|
396041|Joseph Black|Rural Route 3|Freehold of The Wolves|15157|4/17/2021 7:12:48 PM|Manager|Monarchy|Christianity|White|4/2/2010 11:44:03 AM|500.72|10,446.07|2,398.127|War Mode|Sugar|Spices|0|54,764.918|1|98,815|9,698|0|25|Active In The Last 3 Days|Aluminum|Marble|Iron|Lumber|Pigs|Cattle|Uranium|Water|Wheat|Fish|3671318|5532652|
280709|Supersub68|Subway|Sparta|10008|11/30/2008 11:33:00 AM|Member|Democracy|Christianity|Black|11/19/2008 8:52:11 PM|3,726.31|9,999.44|0.041|War Mode|Iron|Lumber|0|54,744.909|5|39,000|0|0|23|Active In The Last 3 Days|Aluminum|Coal|Fish|Gold|Oil|Marble|Water|Rubber|Wheat|Uranium|4170416|9522835|
637080|Secundum|Uhtceare|Knights Of The Round Table|10092|7/13/2023 7:18:38 PM|Member|Capitalist|Shinto|Green|12/31/2022 7:41:11 PM|100.32|14,999.99|3,012.658|War Mode|Uranium|Water|0|54,470.539|5|30,000|0|0|5|Active In The Last 3 Days|Coal|Iron|Gold|Oil|Lead|Rubber|Lumber|Marble|Wheat|Aluminum|144922|205494|
587141|cosmy6886|Dacia Apulensis|Independent Republic Of Orange Nations|10004|2/1/2016 9:47:14 AM|Member|Capitalist|Christianity|Orange|2/1/2016 9:34:31 AM|1,779.84|8,999.99|1,805.862|War Mode|Aluminum|Marble|0|54,369.520|5|20,328|0|0|25|Active This Week|Fish|Lumber|Iron|Water|Pigs|Cattle|Spices|Sugar|Uranium|Wheat|151339|749020|
237677|K1NG Z3T3|Isle del Beta|Mostly Harmless Alliance|14879|10/1/2016 12:55:17 PM|Member|Capitalist|Buddhism|White|6/15/2008 8:31:31 PM|2,600.00|11,399.99|4,200.014|Peace Mode|Cattle|Lumber|4|54,299.977|5|40,000|0|0|0|Active In The Last 3 Days|Coal|Oil|Fish|Rubber|Gold|Lead|Iron|Aluminum|Marble|Uranium|1130207|3968303|
318777|GoldenDragon888|Dragon Chasers|Independent Republic Of Orange Nations|10004|4/13/2009 5:41:22 PM|Member|Revolutionary Government|Buddhism|Orange|4/10/2009 2:28:53 AM|3,032.66|7,299.22|0.013|War Mode|Fish|Uranium|0|54,215.747|1|48,839|7,015|0|25|Active Last Week|Aluminum|Cattle|Iron|Pigs|Lumber|Water|Sugar|Spices|Wheat|Marble|2504476|5356642|
257924|Rathinosk|Vrastnok|Independent Republic Of Orange Nations|10004|9/3/2008 12:20:41 PM|Member|Capitalist|Voodoo|Orange|8/25/2008 12:24:19 PM|2,000.12|9,099.99|3,440.887|Peace Mode|Iron|Marble|0|54,036.873|5|21,500|0|0|25|Active Last Week|Cattle|Spices|Fish|Water|Sugar|Pigs|Uranium|Lumber|Wheat|Aluminum|328126|548044|
645361|jreed|Kingdom of Ignis|Post Grunge Supergroup|16367|1/13/2025 11:50:42 PM|Member|Totalitarian State|Islam|Brown|12/29/2024 4:48:54 PM|988.16|9,934.29|9,120.920|War Mode|Coal|Rubber|0|53,954.543|5|41,983|3,349|0|0|Active This Week|Aluminum|Marble|Fish|Water|Lead|Iron|Wheat|Lumber|||4947|49288|
626040|Rewan Demontay|Panagouge|New Pacific Order|10000|1/14/2021 7:31:26 AM|Member|Monarchy|Voodoo|Red|1/13/2021 10:37:42 AM|2,000.19|11,999.99|0.051|Peace Mode|Water|Uranium|0|53,937.685|5|33,835|0|0|25|Active In The Last 3 Days|Fish|Cattle|Gems|Silver|Lumber|Iron|Pigs|Wheat|Spices|Sugar|213108|473643|
155708|NKBlue|ChasingLola|The Templar Knights|10012|1/10/2020 8:31:19 AM|Member|Monarchy|Christianity|Maroon|7/21/2007 10:11:28 PM|2,502.86|8,545.42|2,100.371|War Mode|Lumber|Sugar|0|53,928.479|5|57,619|0|50|25|Active More Than Three Weeks Ago|||||||||||579584|2249407|
225963|stageidea|Provinz Sachsen|Freehold of The Wolves|15157|7/16/2017 10:02:33 PM|Member|Anarchy|Taoism|White|5/5/2008 10:56:43 AM|6,019.55|3,891.41|5,273.225|War Mode|Cattle|Pigs|0|53,855.171|5|1,668|0|0|13|Active Three Weeks Ago|Aluminum|Marble|Fish|Uranium|Lumber|Iron|Sugar|Spices|Wheat|Water|187894|1578264|
601941|tikibird|Regression|COBRA|13717|2/21/2025 12:09:50 AM|Manager|Capitalist|Islam|Brown|3/3/2017 7:57:48 PM|1,200.52|10,997.45|2,000.030|War Mode|Wheat|Spices|0|53,668.423|5|39,671|0|0|25|Active In The Last 3 Days|Aluminum|Marble|Iron|Fish|Pigs|Cattle|Sugar|Lumber|Water|Uranium|4604563|6983200|
369917|Gibsonator21|Gibsonistan|Non Grata|10097|2/8/2023 10:03:36 PM|Member|Communist|None|Maroon|11/21/2009 12:35:38 AM|1,036.45|9,981.65|260.569|War Mode|Wheat|Oil|0|53,367.662|1|90,238|8,773|2|25|Active In The Last 3 Days|Aluminum|Marble|Coal|Gold|Iron|Lumber|Lead|Uranium|Pigs|Fish|4987950|9143677|
404438|Herzog|Black Amber|Sparta|10008|3/14/2011 10:43:38 PM|Member|Capitalist|Mixed|Black|5/15/2010 12:09:52 AM|100.48|11,999.99|3,000.000|War Mode|Iron|Lumber|0|53,287.384|5|43,000|0|0|14|Active In The Last 3 Days|Aluminum|Coal|Fish|Gold|Marble|Oil|Rubber|Water|Uranium|Wheat|12661531|23719858|
638815|BushyBeaver|Beaveland|NATO|10037|5/12/2023 9:25:17 AM|Member|Anarchy|None|Blue|5/2/2023 11:11:13 AM|2,174.29|8,290.76|3,592.069|War Mode|Pigs|Rubber|0|53,239.190|1|69,295|6,868|1|21|Active In The Last 3 Days|Aluminum|Marble|Gold|Coal|Iron|Lumber|Lead|Oil|Uranium|Fish|700272|1029698|
551677|Edward I|Seleucia|New Pacific Order|10000|4/28/2014 8:22:41 PM|Member|Communist|Mixed|Red|4/20/2014 11:27:00 PM|107.92|13,864.73|0.000|War Mode|Lumber|Iron|0|53,225.011|5|125,714|12,427|0|25|Active In The Last 3 Days|Fish|Cattle|Pigs|Wheat|Silver|Gems|Sugar|Spices|Water|Uranium|3143118|6077917|
556822|Emwem|MUA land|New Pacific Order|10000|7/3/2014 9:31:11 PM|Member|Monarchy|None|Red|7/3/2014 9:29:21 PM|100.00|11,999.99|1,140.552|War Mode|Fish|Cattle|0|53,201.126|1|113,776|10,924|2|25|Active In The Last 3 Days|Aluminum|Marble|Lumber|Iron|Sugar|Spices|Uranium|Water|Wheat|Pigs|42941|326688|
508630|notkintoot|particle|Nuclear Proliferation League|17228|1/24/2025 11:35:05 PM|Member|Anarchy|Taoism|Aqua|9/25/2012 1:39:46 AM|47.46|11,206.46|6,690.086|War Mode|Spices|Sugar|0|53,125.991|1|88,620|8,384|0|24|Active In The Last 3 Days|Aluminum|Uranium|Cattle|Pigs|Fish|Water|Iron|Lumber|Marble|Wheat|93994|486036|
510139|AnthraxAnderson|Empire of Armageddon|NATO|10037|10/9/2013 10:47:26 AM|Member|Communist|Norse|Blue|10/14/2012 4:43:49 PM|100.07|12,999.99|1,305.662|War Mode|Iron|Lumber|0|52,898.829|5|50,000|0|0|25|Active In The Last 3 Days|Aluminum|Marble|Coal|Gold|Fish|Uranium|Oil|Lead|Pigs|Rubber|2484844|4806750|
455413|Duke Nukem|NukemLand|Global Alliance And Treaty Organization|10003|6/14/2017 3:13:27 PM|Member|Capitalist|Judaism|Brown|4/12/2011 6:41:01 PM|3,900.22|8,999.99|37.620|War Mode|Oil|Rubber|0|52,897.492|5|29,000|0|0|24|Active In The Last 3 Days|Aluminum|Iron|Coal|Lumber|Marble|Lead|Water|Gold|Wheat|Uranium|3242517|4788213|
646297|Snorkel|Rockies Folk State|Nuclear Proliferation League|17228|4/21/2025 7:58:16 PM|Member|Anarchy|Judaism|Aqua|4/18/2025 2:55:22 PM|646.28|9,447.68|8,247.313|War Mode|Lumber|Iron|0|52,850.825|1|66,764|6,195|0|20|Active In The Last 3 Days|Coal|Rubber|Gold|Spices|Lead|Oil|Marble|Aluminum|Uranium|Fish|5999|117055|
439042|Saladjoe|Crymsonpalooza|Argent|10063|8/18/2022 8:29:26 PM|Member|Communist|Taoism|Pink|1/3/2011 1:50:01 AM|2,150.19|8,500.99|27.206|War Mode|Oil|Pigs|0|52,769.807|5|32,475|3,603|0|25|Active In The Last 3 Days|Aluminum|Marble|Coal|Gold|Fish|Wheat|Lead|Uranium|Lumber|Iron|2166131|5216546|
360411|Judson|Opportunity|Nordreich|11319|10/1/2021 6:09:00 PM|Manager|Transitional|Norse|Maroon|9/29/2009 2:39:30 AM|4,899.84|5,999.99|1.298|War Mode|Iron|Lumber|0|52,666.284|1|15,758|0|0|25|Active In The Last 3 Days|Aluminum|Marble|Fish|Uranium|Pigs|Cattle|Sugar|Spices|Wheat|Water|2200426|4901009|
394625|Empress Elizabeth|DeWitt|Global Alliance And Treaty Organization|10003|4/18/2012 8:44:34 PM|Member|Democracy|Christianity|Brown|3/25/2010 5:48:15 PM|6,846.38|4,999.99|0.010|War Mode|Spices|Wheat|0|52,582.591|1|11,696|1,012|0|11|Active In The Last 3 Days|Aluminum|Marble|Iron|Fish|Lumber|Sugar|Pigs|Cattle|Water|Uranium|250333|916262|
525885|Zieg Know|Caldari State|CLAWS|15841|8/1/2018 10:54:35 PM|Member|Capitalist|Mixed|Black|4/22/2013 1:33:25 AM|303.00|9,999.00|2,677.091|War Mode|Wheat|Aluminum|0|52,478.392|1|64,149|6,014|0|25|Active In The Last 3 Days|Coal|Gold|Iron|Lumber|Lead|Oil|Marble|Fish|Uranium|Rubber|549944|3017522|
542424|Hermann von Salza|Neue Deutsche Reich|Nordreich|11319|12/13/2013 4:19:23 PM|Member|Monarchy|Christianity|Maroon|12/13/2013 3:48:27 PM|3,403.63|6,999.00|300.000|War Mode|Uranium|Lumber|0|52,413.193|1|17,152|0|0|25|Active Last Week|||||||||||609891|812515|
639721|TheCompany0|Malacipe|Non Grata|10097|9/4/2023 8:18:59 AM|Member|Anarchy|Shinto|Maroon|8/4/2023 2:49:53 AM|517.09|9,420.74|2,776.074|War Mode|Pigs|Fish|0|52,364.067|1|76,913|7,482|0|25|Active In The Last 3 Days|Aluminum|Marble|Coal|Gold|Iron|Lumber|Uranium|Lead|Wheat|Oil|435708|1383316|
347458|iwin90|stopwarnow|Independent Republic Of Orange Nations|10004|6/3/2015 2:07:56 PM|Member|Capitalist|Christianity|Orange|7/30/2009 2:40:14 PM|5,426.53|5,999.99|0.000|War Mode|Oil|Rubber|0|52,265.692|5|44,153|0|0|25|Active In The Last 3 Days|Aluminum|Iron|Coal|Lead|Gold|Marble|Lumber|Wheat|Uranium|Water|3350872|4168215|
193964|Yukura|DeathSeekers|New Pacific Order|10000|9/2/2025 4:16:24 AM|Member|Anarchy|Christianity|Red|1/2/2008 10:37:34 AM|3,920.99|6,887.31|8.082|War Mode|Aluminum|Marble|0|52,262.384|1|54,428|5,224|0|25|Active In The Last 3 Days|Coal|Uranium|Fish|Cattle|Iron|Lumber|Spices|Sugar|Wheat|Pigs|2193462|3741869|
168237|Ducky is King|Duckys Kingdom|Sparta|10008|4/23/2014 8:12:04 PM|Member|Democracy|Christianity|Black|9/27/2007 2:21:48 AM|5,391.65|4,999.99|2,400.000|War Mode|Cattle|Coal|0|52,208.238|5|20,001|0|0|25|Active In The Last 3 Days|Aluminum|Uranium|Gold|Oil|Spices|Sugar|Water|Gems|Wheat|Lumber|1589283|1909812|
571873|Kal Asharak|Ceska Republik|Non Grata|10097|11/25/2021 2:46:29 PM|Member|Anarchy|Mixed|Maroon|3/6/2015 5:12:43 PM|693.76|12,993.99|561.527|War Mode|Fish|Pigs|0|52,203.035|1|0|0|0|21|Active In The Last 3 Days|Aluminum|Marble|Coal|Gold|Lead|Uranium|Lumber|Iron|Wheat|Oil|6493625|11808766|
414741|Gumpper|Verbrecher|New Pacific Order|10000|12/29/2010 6:21:17 PM|Member|Capitalist|Christianity|Red|7/10/2010 8:45:16 PM|1,100.30|13,999.99|107.449|War Mode|Cattle|Fish|0|52,202.630|5|27,000|0|0|20|Active This Week|Aluminum|Marble|Coal|Uranium|Lead|Oil|Lumber|Iron|Pigs|Wheat|1833074|2751692|
122098|tylerdurden1|Baldfatastan|NATO|10037|2/26/2024 1:31:32 PM|Member|Monarchy|Buddhism|Maroon|3/26/2007 10:23:29 PM|100.61|16,837.82|0.005|War Mode|Pigs|Spices|0|52,183.236|5|56,337|0|0|2|Active In The Last 3 Days|Aluminum|Iron|Cattle|Water|Fish|Uranium|Lumber|Sugar|Wheat|Marble|3176754|4138539|
575673|aali bakht jajja|kingdom of Jajja|New Pacific Order|10000|5/16/2015 1:15:48 AM|Member|Anarchy|Islam|Red|5/13/2015 6:28:26 AM|185.77|12,870.73|995.238|War Mode|Uranium|Water|0|52,107.490|3|124,631|11,455|4|25|Active In The Last 3 Days|Fish|Cattle|Lumber|Iron|Wheat|Pigs|||||1455539|3770932|
134794|Tasker74|Thebigharbour|Freehold of The Wolves|15157|7/20/2020 8:44:34 AM|Member|Communist|Mixed|White|5/11/2007 2:54:33 PM|1,733.62|8,032.84|2,569.272|War Mode|Water|Wheat|0|51,933.106|1|69,834|6,957|0|25|Active In The Last 3 Days|Cattle|Pigs|Fish|Uranium|Iron|Lumber|Marble|Aluminum|Spices|Sugar|761904|2476215|
638461|Jerby|Simulacra|Non Grata|10097|3/31/2023 7:34:10 PM|Member|Anarchy|Sikhism|Maroon|3/31/2023 12:18:32 PM|205.54|13,093.73|128.799|War Mode|Coal|Gold|0|51,927.141|3|120,433|11,557|0|25|Active In The Last 3 Days|Aluminum|Marble|Iron|Lumber|Pigs|Fish|Uranium|Lead|Wheat|Oil|1117519|1480419|
529267|Pastor Jason|Gods Country|Doom Squad|16454|6/14/2021 8:55:38 PM|Member|Republic|Christianity|Black|6/4/2013 8:07:57 AM|110.66|10,999.99|700.115|War Mode|Iron|Lumber|0|51,882.907|1|38,372|11,685|0|25|Active In The Last 3 Days|Aluminum|Marble|Cattle|Wheat|Fish|Pigs|Sugar|Spices|Water|Uranium|6275602|14475414|
545625|Underdog|H2BKs|CLAWS|15841|7/5/2018 9:54:00 PM|Member|Revolutionary Government|Mixed|Black|1/31/2014 5:31:11 PM|3,087.82|8,999.99|2,005.124|War Mode|Aluminum|Marble|0|51,880.763|5|9,200|0|0|25|Active In The Last 3 Days|Fish|Wheat|Gold|Coal|Iron|Lumber|Lead|Uranium|Oil|Rubber|1364155|2018689|
637264|RiddervanGelre|Nieuw Gelre|CLAWS|15841|6/17/2023 4:56:52 PM|Member|Revolutionary Government|None|Black|1/11/2023 2:59:34 PM|100.17|9,999.99|3,000.548|War Mode|Lead|Uranium|0|51,836.378|5|85,986|0|50|25|Active In The Last 3 Days|Aluminum|Marble|Fish|Wheat|Gold|Coal|Iron|Lumber|Oil|Rubber|631314|1235936|
617870|Kaznawim|Kaznawim||0|2/20/2025 4:17:16 PM|None|Transitional|Christianity|White|11/13/2014 8:17:35 PM|7,731.71|1,000.48|0.000|Peace Mode|Uranium|Fish|0|51,829.971|1|8,000|800|0|25|Active In The Last 3 Days|||||||||||4339715|8818663|
196427|Knaka|Cayas|Sparta|10008|2/27/2008 12:22:36 AM|Member|Democracy|Islam|Black|1/12/2008 12:47:10 AM|300.56|15,999.00|122.537|War Mode|Water|Rubber|0|51,523.624|5|40,000|0|0|1|Active In The Last 3 Days|Aluminum|Coal|Fish|Gold|Iron|Lumber|Oil|Marble|Wheat|Uranium|2261607|10265515|
545923|VHongo|Canadian Dominanace|Green Protection Agency|10041|9/26/2017 12:26:06 AM|Member|Democracy|Christianity|Green|2/4/2014 8:06:10 PM|3,500.23|9,000.00|2,730.719|War Mode|Coal|Gold|0|51,517.248|1|40,000|0|0|0|Active In The Last 3 Days|Iron|Lumber|Lead|Aluminum|Marble|Rubber|Oil|Lead|Silver|Gems|159689|977407|
633611|Speeder|Dronterlands|Non Grata|10097|5/19/2022 12:12:28 PM|Member|Totalitarian State|None|Maroon|5/18/2022 11:06:44 AM|100.17|12,999.99|2,826.959|Peace Mode|Iron|Lumber|0|51,371.072|5|39,681|431|50|25|Active In The Last 3 Days|Aluminum|Marble|Coal|Gold|Pigs|Fish|Uranium|Lead|Wheat|Oil|1791108|4415524|
437680|uturnpanda|Szabadsag||0|3/20/2025 1:20:48 PM|None|Capitalist|Mixed|Black|12/22/2010 7:26:49 PM|5,230.94|2,200.00|4,900.009|Peace Mode|Oil|Rubber|0|51,364.726|5|80,000|7,000|50|18|Active In The Last 3 Days|Lumber|Iron|||||||||98089|846501|
558202|Doug Henning|Magic Land|Nuclear Proliferation League|17228|2/16/2025 10:19:57 PM|Member|Democracy|Christianity|Aqua|7/23/2014 8:13:19 PM|100.16|9,999.99|6,089.800|War Mode|Marble|Wheat|0|51,256.934|1|85,232|7,734|48|25|Active In The Last 3 Days|Aluminum|Uranium|Cattle|Pigs|Fish|Water|Iron|Lumber|Spices|Sugar|325246|760599|
621073|Sylvainwrath|Sylvain Land|New Pacific Order|10000|1/8/2020 12:59:37 PM|Member|Capitalist|Norse|Red|1/8/2020 12:36:32 PM|3,108.58|7,999.99|2,011.355|Peace Mode|Iron|Lumber|0|51,178.216|5|9,917|500|0|25|Active In The Last 3 Days|Aluminum|Marble|Fish|Cattle|Lead|Oil|Uranium|Coal|Wheat|Pigs|64515|2021202|
398722|James Spanier|Lowsten|Argent|10063|4/25/2012 10:48:41 PM|Manager|Totalitarian State|Mixed|Pink|4/16/2010 6:26:35 PM|603.43|9,999.02|1.412|War Mode|Oil|Rubber|16|51,033.055|5|44,360|5,198|0|25|Active In The Last 3 Days|Aluminum|Fish|Coal|Marble|Lead|Gold|Uranium|Iron|Wheat|Lumber|4695998|8086468|
424085|SuperNig|Land of SuperNig|Global Alliance And Treaty Organization|10003|12/26/2016 7:43:21 PM|Member|Dictatorship|None|Brown|9/16/2010 9:49:19 PM|4,114.03|9,999.99|0.045|War Mode|Iron|Lumber|0|50,903.225|5|16,653|0|0|0|Active This Week|Aluminum|Cattle|Marble|Pigs|Spices|Sugar|Uranium|Wheat|Water|Fish|1395539|1504827|
613764|Aggressor|Waifu Hunters|CLAWS|15841|12/9/2021 3:37:47 PM|Member|Communist|Mixed|Black|7/21/2018 3:45:41 PM|2,102.13|11,199.34|4,159.277|War Mode|Oil|Rubber|0|50,879.043|3|26,572|0|0|0|Active More Than Three Weeks Ago|Iron|Lumber|Lead|Uranium|Wheat|Marble|||||230669|1133105|
627572|Latexi|Why would I do this|Non Grata|10097|4/16/2021 5:35:30 PM|Member|Communist|Confucianism|Maroon|4/16/2021 5:29:11 PM|100.46|9,999.99|3,012.930|Peace Mode|Wheat|Oil|0|50,806.660|1|25,000|0|0|25|Active In The Last 3 Days|Aluminum|Marble|Coal|Gold|Iron|Lumber|Lead|Uranium|Pigs|Fish|1453092|2095154|
254864|morralis|Liberated Texas|The Order of the Black Rose|10045|1/23/2012 11:20:19 AM|Member|Democracy|Christianity|Black|8/15/2008 1:41:59 PM|2,357.51|8,999.99|988.714|War Mode|Iron|Lead|0|50,800.574|5|25,000|0|0|18|Active In The Last 3 Days|Coal|Uranium|Gold|Pigs|Oil|Wheat|||||352199|1554428|
533942|Saxplayer|Arstoria|New Pacific Order|10000|10/2/2024 8:47:37 PM|Member|Anarchy|Jainism|Red|8/12/2013 5:25:48 PM|4,106.94|5,654.55|3.144|War Mode|Iron|Lumber|0|50,731.767|1|10,252|321|0|25|Active In The Last 3 Days|Aluminum|Marble|Coal|Uranium|Fish|Cattle|Pigs|Wheat|Sugar|Spices|812462|1352210|
206853|Tsayka|Trisaram|NATO|10037|10/18/2017 9:54:10 PM|Member|Anarchy|Islam|Blue|2/20/2008 6:07:04 PM|518.07|12,790.66|462.862|War Mode|Coal|Gold|0|50,685.173|1|117,948|11,048|0|6|Active In The Last 3 Days|Aluminum|Marble|Fish|Uranium|Iron|Lumber|Pigs|Rubber|||3549594|5972123|
643197|HoustonBeBack|Larsden|Nuclear Proliferation League|17228|5/10/2024 4:32:30 PM|Manager|Monarchy|Shinto|Aqua|5/10/2024 4:27:06 PM|100.26|9,999.99|10,475.984|Peace Mode|Fish|Water|0|50,670.797|5|22,777|0|0|20|Active In The Last 3 Days|Aluminum|Uranium|Cattle|Pigs|Iron|Lumber|Marble|Wheat|Spices|Sugar|46918|128507|
522964|Nuclear tech 2|Nuclear tech 2|Nuclear Proliferation League|17228|8/25/2025 5:23:09 PM|Member|Communist|Christianity|Black|3/16/2013 6:22:30 PM|4,600.32|5,739.90|391.954|War Mode|Rubber|Oil|0|50,561.385|1|56,290|409|2|25|Active In The Last 3 Days|Aluminum|Marble|Coal|Gold|Iron|Lumber|Uranium|Lead|Wheat|Fish|1422723|2059967|
467217|aroswing|Land of Darkness|Freehold of The Wolves|15157|7/31/2017 3:30:57 PM|Member|Totalitarian State|Mixed|White|7/11/2011 11:45:24 PM|800.86|8,843.88|932.710|War Mode|Uranium|Fish|0|50,535.055|1|27,210|506|0|25|Active In The Last 3 Days|Aluminum|Marble|Cattle|Pigs|Lumber|Iron|Spices|Sugar|Wheat|Water|2422778|4745453|
582974|SeekerSeeks|Seeking|Doombrella|17368|5/31/2025 6:33:37 PM|Member|Communist|Mixed|Black|10/12/2015 6:57:50 AM|600.00|8,500.00|2,557.425|Peace Mode|Fish|Pigs|0|50,413.541|1|85,749|8,537|0|25|Active In The Last 3 Days|Aluminum|Marble|Coal|Gold|Oil|Wheat|Sugar|Spices|Uranium|Lead|161828|254025|
295629|jabrik|Mangkono|Freehold of The Wolves|15157|1/24/2022 7:54:06 AM|Member|Anarchy|None|White|1/23/2009 2:01:18 AM|1,754.59|8,918.19|0.000|War Mode|Fish|Uranium|0|50,341.435|5|4,752|0|0|25|Active In The Last 3 Days|Aluminum|Marble|Cattle|Pigs|Lumber|Iron|Sugar|Spices|Water|Wheat|3564014|7632627|
511247|LadyAberdeen|Aberdeenshyre|The Legion|10020|11/1/2012 1:16:35 PM|Member|Anarchy|Judaism|Purple|10/30/2012 5:17:38 AM|1,109.05|9,876.63|2,067.802|War Mode|Aluminum|Lumber|0|50,325.803|5|77,137|7,681|0|17|Active In The Last 3 Days|Coal|Gold|Fish|Wheat|Iron|Marble|Lead|Oil|Uranium|Pigs|312561|914983|
158035|Gorbachev Britovski|TheSovietUnion|Freehold of The Wolves|15157|8/13/2017 2:05:34 AM|Member|Capitalist|Norse|White|7/29/2007 8:01:14 PM|7,029.45|3,800.00|0.000|Peace Mode|Wheat|Water|0|50,237.227|5|4,000|0|0|19|Active In The Last 3 Days|Aluminum|Marble|Cattle|Pigs|Lumber|Iron|Sugar|Spices|Uranium|Fish|341736|1441629|
132715|DFA MrFox|DFA MrFox|Freehold of The Wolves|15157|7/21/2017 2:02:39 PM|Member|Communist|Mixed|White|5/6/2007 12:08:36 AM|514.15|9,491.44|260.294|War Mode|Spices|Sugar|0|50,078.122|1|89,172|8,851|0|25|Active In The Last 3 Days|Aluminum|Marble|Cattle|Pigs|Lumber|Iron|Uranium|Fish|Wheat|Water|1985184|5211770|
547395|KameraadLenin|Newfoundland SSR|Non Grata|10097|2/22/2014 9:40:23 PM|Manager|Anarchy|Shinto|Maroon|2/22/2014 9:36:24 PM|308.73|11,702.34|2,344.262|War Mode|Lead|Uranium|0|50,074.558|1|72,305|6,157|0|25|Active In The Last 3 Days|Aluminum|Marble|Coal|Gold|Iron|Lumber|Pigs|Fish|Wheat|Oil|3403559|5705955|
318508|dsavo|United Order|Independent Republic Of Orange Nations|10004|4/12/2009 9:15:17 PM|Member|Democracy|Hinduism|Orange|4/9/2009 1:45:39 AM|4,502.79|5,999.99|1.788|War Mode|Lead|Water|0|50,072.798|5|23,400|2,491|0|18|Active This Week|Lumber|Fish|Marble|Uranium|Oil|Coal|Rubber|Wheat|||717532|2196202|
639897|CaptTchalle|Akutan Island|The Dark Templar|10056|4/1/2024 9:48:22 AM|Member|Anarchy|Jainism|Brown|8/22/2023 10:06:53 AM|1,882.83|8,561.06|1,401.719|War Mode|Gold|Lumber|0|49,962.985|5|36,991|3,264|15|19|Active In The Last 3 Days|Aluminum|Iron|Coal|Fish|Marble|Lead|Rubber|Oil|Wheat|Uranium|58995|288601|
100248|Champcardon|Rudostan|Coalition of Royal Allied Powers|10051|9/11/2011 1:22:35 AM|Manager|Monarchy|Sikhism|Maroon|1/29/2007 2:16:05 AM|200.16|10,999.99|500.231|War Mode|Oil|Rubber|0|49,952.910|5|40,000|8,159|50|25|Active In The Last 3 Days|Aluminum|Coal|Gold|Iron|Lead|Lumber|Water|Uranium|Wheat|Marble|902163|2361700|
143690|Xavii|Tiltakslos|Doom Squad|16454|10/22/2022 4:54:48 PM|Member|Capitalist|Norse|Black|6/8/2007 6:32:56 PM|400.96|10,999.99|3,000.820|Peace Mode|Fish|Pigs|0|49,907.558|5|40,079|0|0|25|Active In The Last 3 Days|Aluminum|Marble|Cattle|Wheat|Iron|Lumber|Sugar|Spices|Water|Uranium|4965861|11251950|
446109|VVhite Majik|VS0P United|Doombrella|17368|7/16/2025 10:02:04 PM|Member|Anarchy|Christianity|Black|2/16/2011 12:12:04 AM|1,464.14|6,895.66|6,038.063|War Mode|Iron|Lumber|0|49,904.003|1|79,412|7,880|0|12|Active In The Last 3 Days|Aluminum|Marble|Coal|Gold|Fish|Pigs|Oil|Wheat|Uranium|Lead|2539643|4600137|
637153|DukeNash|Encantandia|COBRA|13717|6/12/2025 5:30:43 AM|Member|Monarchy|Buddhism|Brown|1/4/2023 9:25:16 PM|1,200.42|8,999.99|1,698.690|War Mode|Aluminum|Marble|0|49,885.949|1|23,541|2,500|0|25|Active In The Last 3 Days|Iron|Fish|Lumber|Sugar|Pigs|Cattle|Spices|Wheat|Water|Uranium|467722|777866|
639335|Swamplandia|Horna|NATO|10037|7/6/2023 4:18:16 PM|Member|Transitional|None|Blue|6/22/2023 5:51:22 AM|1,509.95|13,000.00|1,430.000|War Mode|Fish|Cattle|0|49,841.690|5|39,346|0|0|6|Active In The Last 3 Days|Gems|Wine|Iron|Lumber|Pigs|Wheat|Sugar|Spices|Uranium|Water|1077244|1737230|
441760|jacka|north 40|The Legion|10020|8/9/2011 5:45:09 PM|Member|Anarchy|Judaism|Purple|1/21/2011 3:19:36 PM|603.56|9,295.24|1,596.271|War Mode|Aluminum|Lumber|0|49,793.741|1|82,610|7,918|0|25|Active In The Last 3 Days|Cattle|Pigs|Coal|Gold|Fish|Wheat|Iron|Marble|Lead|Uranium|7472483|11148958|
430274|ComradeV|Centralia|Union Of Communist Republics|10060|7/11/2017 12:33:56 AM|Manager|Communist|Norse|Brown|10/31/2010 9:30:20 AM|3,714.61|6,999.99|0.055|War Mode|Iron|Fish|0|49,783.093|5|17,000|0|2|25|Active Last Week|Cattle|Uranium|Marble|Lumber|Pigs|Water|Sugar|Spices|Wheat|Aluminum|547673|984493|
491366|MikeyFlips|MikeyFlips|CLAWS|15841|7/5/2018 7:32:01 AM|Member|Communist|None|Black|2/23/2012 9:01:35 PM|7,764.90|2,073.25|43.375|War Mode|Aluminum|Marble|0|49,711.299|5|6,489|11|0|21|Active In The Last 3 Days|Coal|Uranium|Fish|Wheat|Gold|Lead|Iron|Lumber|Rubber|Oil|2180436|5656698|
630971|Jeremiah|CERAVA|Non Grata|10097|5/11/2025 7:47:57 AM|Member|Anarchy|Christianity|Maroon|11/9/2021 9:57:16 PM|120.11|14,340.24|171.733|War Mode|Lumber|Iron|0|49,642.316|1|171|0|0|24|Active In The Last 3 Days|Coal|Gold|Fish|Pigs|Marble|Aluminum|Uranium|Lead|Wheat|Oil|5087109|8513271|
539362|Carlos Danger|Death Panel|Fark|10002|10/31/2013 12:47:19 AM|Member|Monarchy|Mixed|Aqua|10/31/2013 12:45:23 AM|2,000.16|8,500.01|3,000.001|War Mode|Aluminum|Pigs|0|49,627.814|1|20,350|0|0|25|Active In The Last 3 Days|Cattle|Lumber|Iron|Wheat|Marble|Uranium|Sugar|Spices|Water|Fish|146865|553230|
599455|RearviewRover|Prossy Boat Party|Non Grata|10097|7/30/2022 3:42:26 PM|Member|Capitalist|None|Maroon|12/20/2016 2:29:06 PM|100.37|12,999.99|2,000.995|Peace Mode|Pigs|Fish|0|49,544.324|5|39,550|0|0|25|Active In The Last 3 Days|Coal|Gold|Iron|Lumber|Marble|Aluminum|Oil|Wheat|Uranium|Lead|2472151|5422753|
232881|Yashem|Yashemia|New Pacific Order|10000|6/8/2008 1:27:57 AM|Member|Revolutionary Government|Confucianism|Red|5/30/2008 3:14:46 AM|115.35|12,973.83|81.164|War Mode|Fish|Cattle|0|49,307.365|4|117,969|11,592|0|21|Active In The Last 3 Days|Gems|Silver|Lumber|Iron|Pigs|Wheat|Spices|Sugar|Water|Uranium|1046808|3300567|
645234|HARP THE GREAT|NICOLAMIA|Veneris|17356|2/2/2025 2:21:19 AM|Member|Transitional|Taoism|White|12/12/2024 3:59:43 AM|1,610.92|7,999.99|6,837.700|War Mode|Cattle|Pigs|0|49,182.610|5|19,824|0|0|25|Active In The Last 3 Days|Aluminum|Marble|Fish|Water|Iron|Lumber|Spices|Sugar|Uranium|Wheat|12067|24388|
646540|brasitolandia|brasitolandia2|The Phoenix Federation|17385|5/30/2025 8:53:38 AM|Member|Transitional|Taoism|Black|5/17/2025 12:36:46 PM|130.60|9,853.81|8,983.360|War Mode|Pigs|Fish|0|49,001.055|5|48,047|6,071|48|5|Active In The Last 3 Days|Aluminum|Lumber|Cattle|Wheat|Iron|Marble|Spices|Sugar|Water|Uranium|34686|35749|
569471|Kraftus Reckus|Dept of Defense|Independent Republic Of Orange Nations|10004|1/27/2015 10:46:10 PM|Member|Democracy|Islam|Orange|1/27/2015 10:17:51 PM|2,009.94|9,999.99|1,422.175|Peace Mode|Iron|Water|0|48,988.472|5|46,687|4,659|4|2|Active Three Weeks Ago|Aluminum|Marble|Fish|Lumber|Pigs|Cattle|Spices|Sugar|Uranium|Wheat|87521|1080763|
592448|Hakaisha|Nihon koku|Freehold of The Wolves|15157|1/30/2019 10:51:40 PM|Member|Monarchy|Shinto|White|6/9/2016 2:50:39 PM|882.77|9,772.55|2,783.323|War Mode|Sugar|Spices|0|48,988.233|1|71,457|3,963|0|25|Active In The Last 3 Days|Aluminum|Marble|Cattle|Pigs|Lumber|Iron|Uranium|Fish|Wheat|Water|730497|709728|
646886|Root3|Kansa|Nuclear Proliferation League|17228|6/28/2025 8:21:22 AM|Member|Dictatorship|Norse|Aqua|6/26/2025 3:19:43 PM|300.00|8,999.99|8,100.319|War Mode|Wheat|Fish|0|48,934.649|1|84,460|7,575|8|20|Active In The Last 3 Days|Aluminum|Spices|Iron|Marble|Lumber|Water|Sugar|Cattle|Uranium|Pigs|0|0|
589651|Chaplain of death|Bloodforthebloodgod|Independent Republic Of Orange Nations|10004|4/4/2016 12:09:29 AM|Member|Communist|Norse|Orange|4/3/2016 11:51:34 PM|500.09|11,999.99|993.167|War Mode|Lumber|Pigs|0|48,792.752|5|29,130|0|0|25|Active In The Last 3 Days|Aluminum|Sugar|Fish|Cattle|Iron|Water|Marble|Spices|Uranium|Wheat|1568637|2247633|
638147|Segoviana|Segoviana|NATO|10037|7/11/2023 2:18:30 PM|Member|Capitalist|Christianity|Blue|3/9/2023 2:05:17 PM|1,905.85|7,073.60|2,801.358|War Mode|Aluminum|Marble|0|48,719.199|5|63,106|6,300|2|20|Active This Week|Coal|Gold|Fish|Uranium|Iron|Lumber|Lead|Oil|Pigs|Rubber|183067|660673|
562339|scozy|Kenoland|The Legion|10020|10/4/2014 8:01:18 AM|Member|Anarchy|None|Purple|10/1/2014 9:13:20 AM|531.06|10,919.86|241.318|War Mode|Oil|Pigs|0|48,685.148|1|76,406|6,070|0|18|Active In The Last 3 Days|Aluminum|Lumber|Gold|Coal|Iron|Marble|Uranium|Lead|Wheat|Fish|3717011|6230970|
523607|King Matt|Michelleville|New Polar Order|10006|3/28/2013 11:37:40 AM|Member|Anarchy|Norse|Blue|3/24/2013 11:10:30 PM|4,416.89|7,182.45|0.895|War Mode|Aluminum|Marble|0|48,669.557|3|2,397|0|0|15|Active In The Last 3 Days|Coal|Gold|Fish|Uranium|Iron|Lumber|Lead|Oil|Rubber|Pigs|1206197|3576880|
221726|devildogpride8|Republic of Pronk|The Last Remnants|10098|6/25/2011 10:26:57 AM|Member|Totalitarian State|Islam|Maroon|4/19/2008 5:44:39 PM|4,203.72|8,976.93|0.000|War Mode|Water|Wheat|4|48,669.393|5|36,000|0|0|0|Active This Week|Uranium|Gold|||||||||118642|577984|
114074|Kronologic|Kronoland|World Task Force|10053|8/7/2009 6:18:41 AM|Member|Monarchy|None|Blue|3/1/2007 8:22:40 AM|427.80|15,482.69|17.946|War Mode|Gold|Wheat|0|48,614.021|5|0|0|0|0|Active This Week|Rubber|Gems|Rubber|Lead|||||||47913|292797|
550914|reilstrap|reilstrap|Independent Republic Of Orange Nations|10004|7/17/2023 2:23:48 PM|Member|Democracy|Christianity|Orange|4/9/2014 11:13:18 AM|100.39|10,999.00|5,037.747|War Mode|Lumber|Iron|0|48,390.803|5|27,605|3,554|0|25|Active This Week|Coal|Gold|Lead|Fish|Marble|Cattle|Oil|Rubber|Uranium|Aluminum|1121190|1800227|
571763|JohelleTapper|StoneSour|New Pacific Order|10000|4/13/2017 5:08:20 AM|Member|Monarchy|None|Red|3/4/2015 8:32:13 AM|2,000.12|9,149.99|647.391|Peace Mode|Fish|Cattle|0|48,319.626|5|30,773|7,855|0|25|Active In The Last 3 Days|Aluminum|Marble|Iron|Lumber|Lead|Oil|Water|Uranium|Wheat|Pigs|549308|1455913|
618150|Lyanna Mormont|Bear Island 4 Lyfe|Non Grata|10097|11/25/2021 12:56:08 PM|Manager|Anarchy|Voodoo|Maroon|4/30/2019 11:19:57 AM|500.04|9,895.38|561.180|War Mode|Coal|Gold|0|48,295.721|4|99,060|9,282|3|24|Active In The Last 3 Days|Aluminum|Marble|Iron|Lumber|Lead|Uranium|Pigs|Fish|Wheat|Oil|11851277|19467116|
639550|Burger|Neo Assyria|Doom Squad|16454|7/20/2023 2:49:18 PM|Manager|Democracy|Buddhism|Black|7/16/2023 2:03:50 PM|200.09|10,999.99|4,800.262|War Mode|Aluminum|Marble|0|48,250.840|5|35,000|0|0|25|Active In The Last 3 Days|Cattle|Wheat|Coal|Gold|Lumber|Iron|Pigs|Fish|Uranium|Water|809049|1459748|
147921|swifty|Whumbhadambha|Global Alliance and Treaty Organization|10003|10/5/2007 3:11:49 PM|Member|Republic|Christianity|Brown|6/23/2007 10:00:51 PM|2,098.64|10,851.05|0.000|Peace Mode|Wheat|Lumber|0|48,201.508|5|43,249|4,901|0|4|Active This Week|Cattle|Coal|Coal|Rubber|Gold|Oil|Lead|Iron|Water|Uranium|235288|1275525|
9233|Andymatron|Andymatron|New Polar Order|10006|11/27/2007 5:35:43 AM|Member|Transitional|Taoism|Blue|4/10/2006 8:39:55 AM|3,601.31|8,500.00|2,843.845|Peace Mode|Lumber|Iron|0|48,184.454|5|20,108|0|0|1|Active In The Last 3 Days|Coal|Gold|Fish|Uranium|Fish|Wheat|Lead|Oil|||208590|857547|
645870|Maximilian von Adler|Preussisches Kaiserr|NATO|10037|3/2/2025 2:36:29 PM|Member|Capitalist|Shinto|Blue|3/2/2025 7:40:03 AM|100.50|10,999.99|6,775.213|War Mode|Fish|Uranium|0|48,165.277|5|25,000|0|0|20|Active In The Last 3 Days|Aluminum|Marble|Coal|Gold|Iron|Lumber|Pigs|Rubber|||2394|577|
642141|Crusadan|Doimestea|The Dark Templar|10056|2/17/2024 4:40:25 PM|Member|Anarchy|Judaism|Black|2/17/2024 3:56:00 PM|1,959.60|8,579.40|2,305.614|War Mode|Uranium|Iron|0|48,065.695|1|4,664|214|0|23|Active In The Last 3 Days|Aluminum|Marble|Cattle|Wheat|Fish|Pigs|Spices|Sugar|Water|Lumber|87632|365848|
624117|General Kuro|Artemis Global Sec|Freehold of The Wolves|15157|8/2/2020 11:43:30 AM|Member|Monarchy|Islam|White|8/2/2020 11:33:41 AM|0.11|8,999.38|5,336.898|Peace Mode|Wheat|Water|0|47,921.349|5|70,744|7,054|0|25|Active In The Last 3 Days|Gems|Lumber|Lumber|Iron|Pigs|Cattle|Sugar|Spices|Uranium|Fish|555662|1260396|
626141|AWick20|Nation of Daniel|Sparta|10008|6/30/2021 12:24:53 PM|Member|Capitalist|Judaism|Black|1/19/2021 9:03:37 PM|2,142.56|9,473.28|1,822.286|War Mode|Marble|Oil|0|47,869.470|5|30,419|0|0|20|Active In The Last 3 Days|Aluminum|Coal|Fish|Gold|Iron|Lumber|Rubber|Water|Wheat|Uranium|251488|843471|
633062|SoloRocket|Rocket Republic|Post Grunge Supergroup|16367|4/30/2022 4:01:33 AM|Manager|Communist|None|Brown|4/7/2022 5:23:24 AM|2,038.36|7,914.87|746.299|War Mode|Sugar|Spices|0|47,776.420|1|71,419|7,111|2|25|Active In The Last 3 Days|Fish|Cattle|Iron|Wheat|Marble|Aluminum|Pigs|Lumber|Water|Uranium|1295424|2773808|
559866|Heel Tribe|Develyes|The Dark Templar|10056|5/5/2015 4:57:22 PM|Member|Communist|None|Black|8/19/2014 2:08:24 PM|1,600.15|8,500.99|3,000.527|Peace Mode|Rubber|Oil|0|47,694.509|5|20,500|0|0|25|Active In The Last 3 Days|Aluminum|Marble|Coal|Uranium|Fish|Wheat|Gold|Lead|Iron|Lumber|266779|867359|
136993|Hotti|Kiosk|Non Grata|10097|6/16/2021 8:18:33 AM|Member|Communist|Christianity|Maroon|5/17/2007 10:32:46 AM|400.19|9,999.99|100.000|Peace Mode|Coal|Gold|0|47,685.913|1|30,000|0|0|25|Active In The Last 3 Days|Aluminum|Marble|Iron|Lumber|Lead|Uranium|Pigs|Fish|Wheat|Oil|3150008|7880837|
406081|Valhalla|Ukropa|Viridian Entente|10010|6/14/2020 5:47:03 AM|Member|Capitalist|Norse|Green|5/21/2010 7:12:05 PM|200.28|9,999.68|1,511.975|War Mode|Wheat|Pigs|0|47,338.051|5|36,964|2,664|1|24|Active In The Last 3 Days|Lumber|Aluminum|Lumber|Marble|Marble|Spices|Oil|Rubber|Uranium|Lead|2734225|6374674|
159369|Lu Ying|Despotate of Epirus|Post Grunge Supergroup|16367|7/3/2020 11:48:24 AM|Member|Monarchy|Christianity|Brown|8/4/2007 2:38:55 AM|6,200.00|29.99|5,802.293|Peace Mode|Aluminum|Marble|0|47,274.549|5|1,557|0|0|25|Active In The Last 3 Days|Cattle|Pigs|Fish|Iron|Spices|Wheat|Sugar|Lumber|Uranium|Water|783449|1321644|
224747|shadowx381|End of The World|Viridian Entente|10010|4/23/2009 4:46:08 PM|Member|Democracy|Shinto|Green|4/30/2008 7:30:04 PM|4,955.06|3,999.99|0.000|Peace Mode|Lumber|Wheat|0|47,145.330|5|9,502|0|0|25|Active Last Week|Aluminum|Marble|Coal|Rubber|Iron|Oil|Lead|Uranium|Water|Gold|690553|1406216|
516493|The dutch Dragonborn|The Dutch Dragonborn|New Polar Order|10006|1/2/2013 5:59:25 PM|Member|Anarchy|None|Blue|12/30/2012 5:11:50 AM|3,626.78|6,552.91|201.206|War Mode|Lead|Oil|0|47,142.685|1|45,402|176|2|11|Active In The Last 3 Days|Aluminum|Marble|Coal|Gold|Fish|Uranium|Iron|Lumber|Pigs|Rubber|3077878|5028054|
544925|Jacksonians|Barataria|Global Alliance And Treaty Organization|10003|6/11/2025 5:37:57 PM|Member|Transitional|Confucianism|Brown|1/20/2014 3:43:06 AM|110.00|9,999.00|8,040.000|War Mode|Aluminum|Marble|0|47,110.000|5|25,150|0|0|20|Active In The Last 3 Days|Iron|Fish|Lumber|Sugar|Pigs|Cattle|Spices|Wheat|Uranium|Water|0|0|
646462|Stupid Sliver|Tuckvania|Doom Squad|16454|5/7/2025 2:53:36 AM|Member|Communist|Hinduism|Black|5/7/2025 2:08:38 AM|600.12|10,999.99|6,905.788|Peace Mode|Water|Uranium|0|47,056.764|5|32,517|211|0|0|Active In The Last 3 Days|Aluminum|Marble|Cattle|Wheat|Fish|Pigs|Iron|Lumber|Sugar|Spices|0|211|
626566|Peacy McPeaceface|New Olde Switzerland|Christian Coalition Of Countries|10028|2/15/2021 2:02:58 PM|Member|Monarchy|Christianity|Maroon|2/13/2021 3:30:33 PM|1,706.30|9,999.99|1,000.662|Peace Mode|Uranium|Fish|0|46,813.069|1|26,530|0|0|25|Active This Week|Coal|Gold|Iron|Lumber|Marble|Aluminum|Oil|Lead|Pigs|Rubber|1539643|4130645|
638|mikharr123|Sirrahistan|New Polar Order|10006|10/4/2007 8:19:04 AM|Member|Anarchy|Christianity|Blue|1/28/2006|1,433.42|9,117.64|232.085|War Mode|Sugar|Spices|10|46,663.232|1|91,930|4,410|0|14|Active In The Last 3 Days|Aluminum|Cattle|Fish|Iron|Lumber|Marble|Pigs|Uranium|Water|Wheat|9534521|14349320|
196816|Cryogenicland|Cryogenicland|New Polar Order|10006|7/20/2014 3:28:20 PM|Member|Anarchy|Christianity|Blue|1/13/2008 2:11:35 PM|381.89|10,493.59|129.008|War Mode|Aluminum|Lumber|0|46,474.417|1|3,285|0|0|25|Active In The Last 3 Days|Coal|Gold|Coal|Oil|Fish|Uranium|Lead|Oil|Pigs|Rubber|5511434|10711181|
625512|Princess Entrapta|Kingdom of Dryl|Argent|10063|12/4/2020 8:15:15 AM|Member|Monarchy|Buddhism|Pink|12/4/2020 7:59:06 AM|2,800.31|4,999.99|741.007|War Mode|Oil|Rubber|0|46,278.015|5|25,000|0|0|25|Active This Week|Aluminum|Coal|Fish|Wheat|Iron|Lumber|Marble|Gold|Uranium|Lead|2380907|3113433|
517415|RetiredSgt|Old Fogey Land|Christian Coalition Of Countries|10028|3/28/2020 7:48:42 AM|Member|Democracy|Christianity|Green|1/5/2013 9:56:41 PM|609.47|12,099.99|51.433|War Mode|Sugar|Spices|0|46,114.477|1|55,000|0|3|22|Active This Week|Aluminum|Fish|Pigs|Rubber|||||||211227|703759|
604229|St Mungo|Glasgow|Knights Of The Round Table|10092|7/15/2024 4:14:36 PM|Member|Communist|Christianity|Green|5/21/2017 2:53:12 AM|100.41|11,499.99|2,500.000|War Mode|Lead|Uranium|0|46,085.693|5|77,183|0|0|23|Active In The Last 3 Days|Aluminum|Oil|Iron|Marble|Lumber|Gold|Rubber|Coal|Wheat|Water|850368|3322153|
563422|nekro448|North Eugenia|Post Grunge Supergroup|16367|10/11/2023 1:15:00 PM|Member|Capitalist|Christianity|Brown|10/19/2014 7:26:49 AM|4,880.94|4,999.99|0.335|War Mode|Iron|Fish|0|45,934.818|5|13,983|0|0|25|Active In The Last 3 Days|Aluminum|Marble|Lumber|Sugar|Pigs|Cattle|Spices|Wheat|Water|Uranium|517419|1352838|
576916|Czar Cootie|Zernograd|Global Alliance And Treaty Organization|10003|6/3/2015 8:27:44 PM|Member|Capitalist|Taoism|Brown|6/3/2015 7:53:05 PM|2,300.17|7,999.99|4,004.683|War Mode|Aluminum|Marble|0|45,787.813|1|14,000|0|0|20|Active In The Last 3 Days|Iron|Fish|Lumber|Sugar|Pigs|Cattle|Water|Uranium|Wheat|Spices|31434|236892|
562556|Nicholas Strakhov|Kurkazia|Freehold of The Wolves|15157|10/28/2017 5:38:48 AM|Member|Monarchy|Judaism|White|10/4/2014 2:12:55 PM|500.15|8,932.95|2,172.627|War Mode|Fish|Uranium|0|45,761.117|1|88,368|8,501|2|25|Active In The Last 3 Days|Cattle|Pigs|Iron|Lumber|Marble|Aluminum|Spices|Sugar|Water|Wheat|3008084|5697868|
526631|Fyston|Gallifrey|New Polar Order|10006|4/30/2013 2:49:11 PM|Member|Anarchy|Sikhism|Blue|4/29/2013 2:58:26 PM|3,627.01|6,126.80|211.065|War Mode|Marble|Aluminum|0|45,666.757|1|15,484|0|0|14|Active In The Last 3 Days|Fish|Uranium|Iron|Lumber|Lead|Oil|Pigs|Rubber|Spices|Sugar|1797294|2750572|
454402|Flyin Hawaiian|Hawaiian Land|The Dark Templar|10056|1/23/2016 8:56:09 AM|Member|Anarchy|Norse|Black|4/5/2011 5:59:08 PM|291.65|8,984.51|2,837.356|War Mode|Wheat|Cattle|0|45,634.273|1|80,223|7,835|0|25|Active In The Last 3 Days|Aluminum|Marble|Coal|Gold|Fish|Pigs|Iron|Lumber|Water|Uranium|300360|541508|
487612|alghazi|Puntland|The Wolves|16660|4/12/2024 1:45:56 PM|Member|Capitalist|Islam|Maroon|1/19/2012 11:09:15 AM|4,474.63|3,215.54|13.953|Peace Mode|Uranium|Pigs|0|45,506.800|5|14,636|717|0|25|Active This Week|Aluminum|Marble|Cattle|Wheat|Fish|Water|Iron|Lumber|Spices|Sugar|2230966|4124036|
646548|mass781|Mass781|Christian Coalition Of Countries|10028|5/18/2025 4:58:33 PM|Member|Totalitarian State|Christianity|Maroon|5/18/2025 4:40:26 PM|600.00|12,259.41|730.526|War Mode|Iron|Lumber|0|45,414.368|1|27,018|0|0|20|Active In The Last 3 Days|Aluminum|Marble|Cattle|Pigs|Spices|Sugar|Uranium|Fish|Water|Wheat|0|0|
334187|Whitetigger|Bladesland|Sparta|10008|6/13/2009 10:41:36 AM|Manager|Capitalist|Christianity|Black|6/9/2009 12:47:06 PM|3,558.74|6,999.99|0.443|War Mode|Aluminum|Coal|0|45,408.328|5|18,200|0|0|25|Active In The Last 3 Days|Fish|Gold|Iron|Lumber|Marble|Oil|Rubber|Water|Uranium|Wheat|3461658|7705731|
338892|ColonelTom|Henry|New Pacific Order|10000|12/15/2018 2:20:10 AM|Pending|Monarchy|Christianity|Red|6/27/2009 3:24:28 PM|2,628.53|8,679.03|506.137|War Mode|Fish|Cattle|0|45,357.736|5|6,439|0|0|23|Active Last Week|||||||||||239437|995001|
631272|Jordo|Omicron Persei 8|Freehold of The Wolves|15157|11/29/2021 11:36:09 AM|Member|Federal Government|Christianity|White|11/29/2021 6:10:20 AM|302.68|10,395.58|3,545.282|War Mode|Cattle|Pigs|0|45,211.516|1|89,417|8,849|38|9|Active In The Last 3 Days|Aluminum|Marble|Lumber|Iron|Sugar|Spices|Uranium|Fish|Wheat|Water|266899|1332677|
610594|ADude|OceaniaRedux|Doom Squad|16454|4/16/2025 8:14:16 PM|Member|Communist|Mixed|Black|2/8/2018 1:52:53 AM|759.32|8,635.22|262.979|War Mode|Coal|Gold|0|45,168.152|1|96,981|8,959|0|25|Active In The Last 3 Days|Aluminum|Marble|Fish|Pigs|Iron|Lumber|Lead|Uranium|Wheat|Oil|16136581|20605448|
645829|blegth|irting|Nuclear Proliferation League|17228|3/15/2025 2:22:16 PM|Member|Democracy|Mixed|Aqua|2/26/2025 3:14:53 PM|0.08|7,999.99|7,833.676|War Mode|Uranium|Fish|0|45,155.182|1|53,216|50|0|25|Active In The Last 3 Days|Coal|Rubber|Gold|Spices|Lead|Oil|Lumber|Iron|Marble|Aluminum|33774|7482|
140638|ForSparta|HxC Sparta|Sparta|10008|4/14/2017 4:24:40 AM|Member|Capitalist|Christianity|Black|5/31/2007 3:27:16 PM|3,000.81|6,999.83|1,642.901|War Mode|Oil|Wheat|0|45,077.861|5|18,000|0|0|25|Active In The Last 3 Days|Aluminum|Uranium|Coal|Fish|Lumber|Marble|Pigs|Gold|Rubber|Iron|2837538|5859081|
531996|Thomas18|Terre Or|Veneris|17356|3/12/2025 5:17:00 PM|Member|Monarchy|None|White|7/14/2013 2:30:06 PM|3,000.05|6,899.99|1,734.161|War Mode|Aluminum|Iron|0|45,021.446|5|22,000|0|0|25|Active In The Last 3 Days|Cattle|Pigs|Fish|Wheat|Lumber|Sugar|Marble|Spices|Uranium|Water|295906|1622967|
198400|Bdiah|Perador|Viridian Entente|10010|3/3/2014 7:23:41 PM|Manager|Communist|Christianity|Green|1/19/2008 11:06:13 AM|699.98|8,999.99|0.057|War Mode|Gems|Fish|0|45,002.683|5|76,917|7,697|1|18|Active In The Last 3 Days|Coal|Cattle|Furs|Wine|Gold|Pigs|Uranium|Silver|Wheat|Sugar|5314188|7332725|
634903|ToasterOven|Pancake Republic|Non Grata|10097|8/21/2022 6:24:07 AM|Member|Revolutionary Government|Judaism|Maroon|8/19/2022 12:26:40 PM|100.90|10,999.99|2,300.184|Peace Mode|Wheat|Oil|0|44,772.758|5|19,900|0|0|25|Active In The Last 3 Days|Aluminum|Marble|Coal|Gold|Iron|Lumber|Pigs|Fish|Uranium|Lead|676838|3080158|
509652|Tombark|Krispy|Sparta|10008|1/13/2013 6:15:57 PM|Member|Democracy|Christianity|Black|10/8/2012 8:33:47 AM|504.91|9,999.99|1,007.857|War Mode|Rubber|Water|0|44,735.228|5|26,446|0|10|24|Active In The Last 3 Days|Aluminum|Coal|Fish|Gold|Iron|Lumber|Uranium|Wheat|||242129|809743|
35519|raybondo|Raybondoland|Knights Of The Round Table|10092|4/6/2021 3:10:08 PM|Member|Democracy|Mixed|Maroon|8/10/2006 8:31:40 PM|3,155.41|7,213.35|1,001.941|War Mode|Spices|Water|0|44,696.691|5|13,083|1,800|0|0|Active Last Week|||||||||||5867|195281|
627722|Mustard Pougy|Frog Flats|Knights Of The Round Table|10092|4/27/2021 6:12:22 AM|Member|Republic|None|Green|4/26/2021 6:03:42 PM|100.20|7,999.00|3,000.000|War Mode|Water|Wheat|0|44,453.020|1|25,000|0|0|25|Active In The Last 3 Days|Aluminum|Iron|Cattle|Uranium|Fish|Pigs|Marble|Lumber|Sugar|Spices|1472514|2201619|
79318|Emperor Norton I|Fernando Poo|Fark|10002|12/14/2006 1:37:38 PM|Member|Democracy|None|Aqua|12/14/2006 1:37:38 PM|3,147.66|6,626.17|0.000|War Mode|Sugar|Wheat|0|44,271.880|1|14,004|0|0|5|Active Last Week|||||||||||2716408|6037317|
633077|DarkStar1348|Aoxomoxoa|The Legion|10020|1/14/2023 4:17:54 PM|Member|Anarchy|Mixed|Purple|4/8/2022 11:23:32 PM|1,087.88|11,817.06|1,081.726|War Mode|Uranium|Lead|0|44,250.240|3|103|0|0|13|Active In The Last 3 Days|Aluminum|Lumber|Coal|Gold|Fish|Wheat|Iron|Marble|Oil|Pigs|433624|958615|
644760|Chistoph91|Otnorot|Nuclear Proliferation League|17228|9/7/2025 12:55:11 PM|Member|Monarchy|Christianity|Red|10/12/2024 4:44:38 AM|1,250.10|7,000.00|7,858.778|War Mode|Iron|Uranium|0|44,153.655|5|50,000|5,000|30|0|Active In The Last 3 Days|Lumber|Lead|Oil|Aluminum|Spices|Sugar|Water|Wheat|Wine|Furs|0|71987|
645561|BriskyHaze|Pareamaztopia|Doom Squad|16454|3/18/2025 10:46:25 PM|Member|Dictatorship|Islam|Black|1/26/2025 10:47:34 PM|200.86|9,999.99|6,829.817|Peace Mode|Wheat|Fish|0|43,968.978|5|25,000|100|45|0|Active In The Last 3 Days|Aluminum|Iron|Coal|Gold|Lead|Lumber|Marble|Oil|Uranium|Rubber|2129|1376|
570802|IlDuce|ItaliaSS|CLAWS|15841|7/5/2018 3:00:53 AM|Member|Monarchy|Christianity|Black|2/18/2015 8:52:53 AM|200.43|10,310.90|600.011|War Mode|Wheat|Fish|0|43,964.658|5|28,558|2,793|10|25|Active In The Last 3 Days|Aluminum|Marble|Gold|Coal|Iron|Lumber|Rubber|Oil|Uranium|Lead|995283|4434590|
633463|Mein Kaiser|DasVaterland|Church of the Holy Platypus|17265|6/1/2025 6:50:42 AM|Member|Republic|Christianity|Green|5/7/2022 11:02:17 PM|1,900.31|8,999.31|302.090|War Mode|Rubber|Gold|0|43,850.551|1|24,515|751|2|25|Active In The Last 3 Days|Aluminum|Lumber|Coal|Oil|Iron|Water|Uranium|Lead|Wheat|Marble|539287|1243633|
631302|Gatherum|Vermis|Non Grata|10097|12/2/2021 12:06:43 AM|Member|Anarchy|Norse|Maroon|12/2/2021 12:02:50 AM|442.69|10,736.63|1,170.845|War Mode|Fish|Pigs|0|43,625.303|1|23,776|4,601|2|22|Active In The Last 3 Days|Coal|Gold|Lumber|Iron|Marble|Aluminum|Uranium|Lead|Wheat|Oil|1100765|3012223|
412825|TravisPernell|Kingdom of Islam|The Legion|10020|2/25/2024 7:55:37 AM|Member|Anarchy|Hinduism|Purple|6/27/2010 8:22:47 PM|3,098.49|6,227.98|4,055.168|War Mode|Fish|Wheat|0|43,610.781|5|66|0|11|13|Active This Week|Aluminum|Lumber|Gold|Coal|Iron|Marble|Pigs|Cattle|Uranium|Lead|99062|668691|
637933|shadw|Already in use|Independent Republic Of Orange Nations|10004|2/23/2023 3:08:50 PM|Member|Revolutionary Government|Voodoo|Orange|2/23/2023 11:51:40 AM|1,000.07|8,999.00|3,019.255|War Mode|Aluminum|Gold|0|43,420.237|5|25,000|720|0|25|Active In The Last 3 Days|Fish|Wheat|Iron|Lead|Lumber|Uranium|Marble|Coal|Oil|Rubber|443085|634982|
634284|mikeymikes|batmanism|Doombrella|17368|6/15/2025 4:00:06 PM|Member|Anarchy|Voodoo|Black|7/3/2022 3:57:24 PM|832.78|9,142.11|5,294.428|War Mode|Oil|Rubber|0|43,264.165|1|615|0|0|9|Active In The Last 3 Days|Aluminum|Marble|Fish|Wheat|Gold|Coal|Iron|Lumber|Lead|Uranium|668397|1379054|
373428|Brian|The Looking Glass|Christian Coalition Of Countries|10028|1/8/2023 10:50:12 AM|Member|Capitalist|Christianity|Maroon|12/9/2009 2:59:57 PM|1,000.40|8,999.99|0.231|War Mode|Lead|Oil|0|43,192.313|1|42,000|0|0|25|Active In The Last 3 Days|Aluminum|Marble|Coal|Gold|Fish|Uranium|Iron|Lumber|Pigs|Rubber|1286004|2736073|
574720|tuhar|pastia|Knights Of The Round Table|10092|2/3/2023 3:45:28 AM|Member|Republic|Hinduism|Green|4/26/2015 2:01:52 AM|100.12|11,300.00|1,241.425|War Mode|Lumber|Water|0|43,189.374|5|33,832|0|0|25|Active In The Last 3 Days|Cattle|Pigs|Fish|Aluminum|Iron|Marble|Spices|Sugar|Uranium|Wheat|103429|1321552|
635131|Thandrumland|Thandrumland|Independent Republic Of Orange Nations|10004|9/9/2022 5:05:49 PM|Member|Capitalist|Baha'i Faith|Orange|9/4/2022 4:57:21 PM|300.01|9,999.99|3,575.646|War Mode|Lead|Rubber|0|43,063.518|5|22,000|0|0|24|Active In The Last 3 Days|Coal|Gold|Lumber|Wheat|Marble|Iron|Oil|Aluminum|Uranium|Water|636751|1164458|
641418|The Gingerbread Man|The edge of a wood|Knights Of The Round Table|10092|12/26/2023 2:44:00 PM|Member|Republic|None|Green|12/23/2023 1:37:30 PM|800.16|8,500.00|3,600.000|War Mode|Spices|Sugar|0|43,015.828|1|73,000|0|0|20|Active In The Last 3 Days|Cattle|Pigs|Iron|Uranium|Lumber|Aluminum|Oil|Marble|Water|Wheat|288104|426710|
638157|Karifire|Hogsmead|Doom Squad|16454|3/10/2023 2:03:01 PM|Member|Totalitarian State|Sikhism|Black|3/10/2023 2:02:23 PM|200.00|9,999.99|3,387.416|Peace Mode|Oil|Wheat|0|42,971.097|5|32,000|0|0|25|Active In The Last 3 Days|Aluminum|Marble|Coal|Gold|Fish|Pigs|Iron|Lumber|Uranium|Lead|361553|1240718|
504047|TankKiller|Kortaenica|North Atlantic Defense Coalition|17092|7/21/2023 1:19:59 PM|Manager|Democracy|Mixed|Maroon|7/25/2012 4:50:46 PM|1,938.08|6,999.99|327.566|War Mode|Wheat|Rubber|0|42,873.845|5|14,606|0|0|18|Active In The Last 3 Days|Coal|Marble|Lumber|Lead|Oil|Iron|Uranium|Aluminum|Water|Gold|1037249|2073710|
620598|Alexhigh|Nation of Alexander|The Prussian Empire|14204|8/21/2022 12:35:48 PM|Member|Democracy|Christianity|Green|11/24/2019 4:12:56 PM|300.24|7,699.56|5,119.900|War Mode|Wheat|Marble|0|42,693.421|5|35,544|3,764|0|25|Active In The Last 3 Days|Aluminum|Lumber|Coal|Oil|Iron|Water|Rubber|Gold|Uranium|Lead|143051|771737|
639843|TheChickenRun|Costco Wholesale|The Dark Templar|10056|8/15/2023 12:56:15 AM|Member|Monarchy|Taoism|Black|8/14/2023 11:45:35 PM|206.01|8,999.99|1,744.723|Peace Mode|Fish|Wheat|0|42,687.122|5|22,500|0|0|25|Active In The Last 3 Days|Aluminum|Marble|Coal|Gold|Iron|Lumber|Lead|Uranium|Oil|Rubber|365720|837130|
282939|OsRavan|OsRavania|Orange Defense Network|17435|8/16/2025 6:24:08 AM|Manager|Monarchy|Judaism|Orange|11/28/2008 10:55:24 AM|7,636.41|1,017.69|0.000|Peace Mode|Aluminum|Cattle|0|42,675.097|1|0|0|0|12|Active In The Last 3 Days|Uranium|Wheat|||||||||3964665|6925012|
78691|konkrage1|konkrage1|The Legion|10020|7/17/2013 3:51:34 PM|Member|Anarchy|Christianity|Purple|11/13/2006 7:18:40 AM|395.72|8,301.04|67.007|War Mode|Pigs|Uranium|0|42,652.779|1|81,028|7,725|2|21|Active In The Last 3 Days|Aluminum|Lumber|Coal|Gold|Marble|Iron|Oil|Lead|Wheat|Fish|12818949|22627062|
5721|Bisected8|Panspermia||0|3/21/2006 1:27:22 PM|None|Republic|Mixed|Orange|3/21/2006 1:27:22 PM|3,039.39|7,420.44|3,229.209|Peace Mode|Lead|Iron|0|42,637.094|5|16,250|0|0|1|Active In The Last 3 Days|Furs|Cattle|Lumber|Aluminum|Lumber|Oil|Uranium|Coal|||185|19215|
286897|orbtron|Euroka|Mostly Harmless Alliance|14879|10/3/2016 6:49:04 AM|Member|Democracy|Judaism|Aqua|12/13/2008 6:27:46 PM|502.88|11,999.99|2,300.000|Peace Mode|Pigs|Lumber|0|42,594.377|5|30,000|100|0|1|Active More Than Three Weeks Ago|||||||||||14862|330238|
566765|Rey the Great|Neo Uruk|Argent|10063|6/15/2021 6:14:59 PM|Member|Communist|Baha'i Faith|Pink|12/10/2014 4:46:12 AM|1,500.13|7,999.99|168.876|War Mode|Iron|Aluminum|0|42,559.980|1|25,302|0|2|25|Active Last Week|Fish|Wheat|Gold|Oil|Lead|Uranium|Marble|Lumber|Rubber|Coal|795714|1038609|
602798|Tharu|Thunnalai|New Polar Order|10006|4/4/2017 7:24:14 AM|Member|Anarchy|Mixed|Blue|4/4/2017 5:11:06 AM|2,533.63|8,267.80|41.880|War Mode|Pigs|Rubber|0|42,380.014|1|283|0|0|22|Active In The Last 3 Days|Fish|Uranium|Iron|Lumber|Lead|Oil|Marble|Aluminum|Spices|Sugar|283271|1942379|
462644|Notsobad|Greatland|Post Grunge Supergroup|16367|6/11/2021 12:53:41 AM|Member|Monarchy|Mixed|Brown|6/3/2011 2:55:59 PM|1,059.15|9,999.99|0.648|War Mode|Aluminum|Marble|0|42,047.380|5|25,036|0|0|25|Active In The Last 3 Days|Coal|Rubber|Water|Pigs|||||||981363|2021811|
646409|Kingdjthadestroyer|King Dj|Global Alliance And Treaty Organization|10003|5/5/2025 6:29:26 AM|Member|Federal Government|Judaism|Brown|4/30/2025 3:05:11 PM|200.00|9,299.00|8,400.000|War Mode|Pigs|Cattle|0|42,000.500|5|25,175|0|0|0|Active In The Last 3 Days|Iron|Fish|Marble|Aluminum|Spices|Wheat|Water|Uranium|||0|0|
588320|RUB10|Establishmentaria|Non Grata|10097|7/13/2025 5:24:29 AM|Member|Anarchy|Christianity|Maroon|3/1/2016 10:21:48 PM|518.37|8,386.15|1,122.755|War Mode|Aluminum|Marble|0|41,854.264|1|86,363|8,563|0|6|Active In The Last 3 Days|Coal|Gold|Fish|Pigs|Lead|Uranium|Lumber|Iron|Wheat|Oil|6607077|8240675|
262614|aml520|Hantou|New Polar Order|10006|9/14/2008 2:57:13 PM|Member|Anarchy|Mixed|Blue|9/10/2008 1:24:19 AM|500.52|7,976.13|1,784.500|War Mode|Fish|Uranium|0|41,826.434|2|71,904|7,153|0|25|Active In The Last 3 Days|Aluminum|Marble|Coal|Gold|Iron|Lumber|Lead|Oil|Rubber|Pigs|3506124|5963808|
535865|Donbo McSlay|Donbo Land|Federation Of Armed Nations|10021|9/8/2013 9:53:01 PM|Member|Democracy|Christianity|Yellow|9/7/2013 11:26:40 PM|104.08|7,999.99|606.226|War Mode|Rubber|Aluminum|0|41,802.207|5|127,525|8,860|0|25|Active In The Last 3 Days|Cattle|Fish|Iron|Oil|Marble|Wheat|Pigs|Coal|Uranium|Lumber|1709061|3452898|
625574|torquewench|Solo Donne|Doom Squad|16454|2/7/2023 6:41:58 PM|Member|Republic|Hinduism|Black|12/8/2020 7:13:46 PM|200.08|8,999.99|900.084|Peace Mode|Uranium|Lead|0|41,782.024|1|87,626|1,495|0|25|Active In The Last 3 Days|Aluminum|Marble|Coal|Gold|Fish|Pigs|Iron|Lumber|Oil|Wheat|948786|2180387|
383462|Yeshua Soloman|Incar|Christian Coalition of Countries|10028|2/1/2010 12:01:25 AM|Member|Totalitarian State|Christianity|Maroon|1/30/2010 11:00:32 PM|300.27|9,198.92|4,811.491|Peace Mode|Iron|Lumber|0|41,520.336|5|24,000|0|0|0|Active In The Last 3 Days|Aluminum|Marble|Fish|Uranium|Gold|Coal|Lead|Oil|Pigs|Rubber|6380787|10292204|
419699|Horizon|Cyrodil|Swash Plates And Tail Rotors|10126|8/3/2013 7:59:16 AM|Manager|Capitalist|Taoism|Pink|8/13/2010 3:59:55 PM|3,501.82|3,999.99|2,346.816|War Mode|Coal|Wheat|0|41,511.485|5|42,610|0|0|25|Active In The Last 3 Days|Aluminum|Iron|Furs|Cattle|Marble|Lumber|Pigs|Oil|Uranium|Fish|2318178|6600504|
580046|Body Jryant|Conservative South|Christian Coalition Of Countries|10028|4/10/2020 10:51:59 AM|Member|Monarchy|Christianity|Maroon|8/9/2015 9:10:16 PM|400.07|9,999.99|902.482|War Mode|Fish|Uranium|0|41,501.385|1|22,867|0|0|25|Active In The Last 3 Days|Aluminum|Marble|Coal|Gold|Iron|Lumber|Lead|Oil|Pigs|Rubber|535460|1109114|
526750|Christopher Sedgwick|Wickillian Highlands|Knights Of The Round Table|10092|3/6/2015 5:17:22 PM|Member|Monarchy|Christianity|Green|5/1/2013 12:27:35 AM|3,200.84|8,300.00|0.009|Peace Mode|Lumber|Iron|0|41,494.737|5|29,526|0|0|0|Active In The Last 3 Days|Aluminum|Marble|Pigs|Uranium|Sugar|Spices|Water|Cattle|Wheat|Fish|5386|246071|
635667|Steves|Steveland|Fark|10002|9/6/2023 2:05:41 PM|Member|Democracy|Christianity|Aqua|10/8/2022 6:43:19 PM|600.00|9,999.00|4,999.990|Peace Mode|Aluminum|Pigs|0|41,196.985|5|35,000|0|0|0|Active In The Last 3 Days|Cattle|Spices|Fish|Lumber|Iron|Water|Marble|Uranium|Sugar|Wheat|0|0|
635658|Chaotican|United CroatiaUC|Wurst Alliance|16919|10/9/2022 2:03:55 PM|Manager|Revolutionary Government|Christianity|Green|10/8/2022 8:12:30 AM|0.05|9,999.99|2,499.999|War Mode|Coal|Rubber|0|41,130.235|5|50,000|0|0|15|Active This Week|Aluminum|Marble|Iron|Oil|Lead|Uranium|Lumber|Wheat|Water|Gold|870857|1330934|
112897|Gunnm|Bear Flag Republic||0|6/10/2013 10:13:08 PM|None|Republic|Norse|Purple|2/26/2007 11:52:37 AM|2,600.42|8,000.00|2,500.138|Peace Mode|Marble|Rubber|0|41,012.321|5|13,000|0|0|0|Active This Week|Coal|Gold|Fish|Wheat|Lumber|Oil|Uranium|Spices|||390362|1361652|
471972|Monkzaon|Ecliptonia|United Equestria|10101|8/22/2011 4:12:15 PM|Manager|Monarchy|Norse|Pink|8/22/2011 4:10:43 PM|100.22|9,999.99|6,312.636|War Mode|Uranium|Lead|0|40,920.107|1|35,005|0|0|5|Active In The Last 3 Days|Aluminum|Coal|Fish|Wheat|Iron|Lumber|Marble|Gold|Oil|Rubber|19595|423637|
638884|WideVader|Balkan Union Pact|Interkosmos|16298|11/20/2023 7:55:01 PM|Member|Capitalist|None|Green|5/8/2023 3:52:30 PM|500.41|8,204.47|3,017.018|War Mode|Oil|Water|0|40,871.008|5|21,000|200|50|7|Active This Week|Aluminum|Iron|Gold|Uranium|Lead|Rubber|Lumber|Marble|||2248|2786|
625051|Troopers|Colonist|CLAWS|15841|11/26/2020 12:59:25 AM|Member|Revolutionary Government|Buddhism|Black|10/31/2020 6:09:31 AM|200.02|9,999.00|1,882.391|War Mode|Coal|Gold|0|40,670.751|5|30,004|0|0|25|Active In The Last 3 Days|Aluminum|Marble|Fish|Wheat|Iron|Lumber|Lead|Uranium|Oil|Rubber|829643|1681237|
644638|AbundantAura420|You Have No Aura|Catholic Reich|17311|9/29/2024 6:52:40 PM|Member|Anarchy|Christianity|Black|9/29/2024 6:50:58 PM|504.06|7,819.00|9,485.223|War Mode|Gold|Iron|0|40,557.210|5|16,603|0|2|0|Active Last Week|Aluminum|Uranium|Fish|Marble|Lead|Oil|Lumber|Wheat|||225712|391585|
437779|Clayton Lilleby|Lilleby|Nordreich|11319|12/2/2013 8:42:36 PM|Member|Monarchy|Judaism|Maroon|12/23/2010 12:33:46 PM|7.92|10,087.55|2.908|War Mode|Aluminum|Gold|0|40,556.622|5|20,000|0|0|25|Active This Week|Lead|Oil|Lumber|Iron|Marble|Rubber|Uranium|Coal|Water|Wheat|7218122|8910312|
487765|Wing Zero|Lorien|The Wolves|16660|4/7/2025 3:40:47 PM|Member|Democracy|Christianity|Maroon|1/20/2012 5:57:26 PM|5,561.16|3,999.99|0.000|Peace Mode|Pigs|Rubber|0|40,552.989|1|37,361|0|0|0|Active In The Last 3 Days|Coal|Gold|Iron|Lumber|Marble|Aluminum|Oil|Lead|Uranium|Fish|77393|872495|
620004|Joesph Stalin|Ressurectioned USSR|Union Of Communist Republics|10060|10/8/2019 4:14:43 PM|Manager|Monarchy|Christianity|Brown|10/8/2019 11:45:19 AM|1,406.14|6,999.99|1,902.158|War Mode|Lumber|Fish|44|40,386.625|5|34,796|3,684|0|25|Active Last Week|Aluminum|Cattle|Pigs|Marble|Sugar|Wheat|Uranium|Iron|Water|Spices|1313583|1771327|
639275|Giultyspark|Arborija|Post Grunge Supergroup|16367|12/29/2023 8:23:33 AM|Member|Democracy|None|Brown|6/15/2023 8:56:04 AM|500.00|9,699.00|5,517.000|War Mode|Sugar|Lumber|0|40,372.500|5|25,000|0|0|0|Active In The Last 3 Days|Aluminum|Marble|Iron|Fish|Pigs|Cattle|Water|Uranium|Wheat|Spices|0|0|
635294|King Afonso|Porto Novo|Wurst Alliance|16919|4/27/2025 7:09:36 AM|Manager|Monarchy|Christianity|Green|9/15/2022 4:21:04 PM|249.53|10,899.99|3,610.028|War Mode|Lumber|Gold|0|40,362.637|5|50,000|0|0|0|Active Last Week|Aluminum|Oil|Iron|Marble|Lead|Uranium|Rubber|Coal|Wheat|Water|0|57649|
111208|ElectricSheep|The Androids Dream|The Imperial Entente|16809|1/29/2023 9:51:16 AM|Member|Capitalist|Judaism|Maroon|2/22/2007 3:12:34 PM|1,333.23|9,850.88|1,100.000|Peace Mode|Sugar|Lumber|0|40,313.161|5|41,219|4,500|23|7|Active Last Week|||||||||||602419|1968179|
621241|John Mathews|Earth Three|Fark|10002|10/29/2024 11:01:09 PM|Member|Capitalist|Norse|Aqua|1/20/2020 8:03:31 PM|2,700.39|4,999.99|600.523|Peace Mode|Water|Fish|0|40,208.894|1|47,808|0|0|25|Active This Week|Aluminum|Pigs|Cattle|Lumber|Iron|Wheat|Marble|Uranium|Sugar|Spices|348259|1659363|
263777|LittleRena|Anyplace|Argent|10063|4/8/2021 8:56:42 AM|Member|Monarchy|None|Pink|9/14/2008 8:51:18 AM|1,500.68|6,999.99|601.620|War Mode|Lead|Uranium|10|40,105.807|5|35,000|0|0|25|Active In The Last 3 Days|Fish|Wheat|Gold|Oil|Iron|Aluminum|Marble|Lumber|Rubber|Coal|1392585|2978881|
622072|Tmac73|Norway2|The Dark Templar|10056|9/11/2025 1:52:33 PM|Member|Capitalist|Christianity|Black|3/22/2020 3:49:43 PM|300.13|7,999.99|6,158.221|Peace Mode|Uranium|Lead|0|40,098.941|5|22,050|0|0|16|Active In The Last 3 Days|Coal|Gold|Iron|Lumber|Marble|Aluminum|Oil|Rubber|Wheat|Fish|1630|180|
310672|King Wally|Rep of Queensland|Nuclear Proliferation League|17228|5/9/2024 8:30:46 AM|Manager|Anarchy|Voodoo|Aqua|3/12/2009 4:44:32 AM|115.05|6,624.34|5,618.277|War Mode|Spices|Sugar|0|39,544.513|1|58,588|5,585|0|25|Active In The Last 3 Days|Aluminum|Marble|Fish|Uranium|Iron|Lumber|Pigs|Cattle|Water|Wheat|3513547|6188639|
294223|ErpichtAuf|Ijogg|Sparta|10008|2/12/2014 10:10:04 AM|Member|Capitalist|None|Black|1/17/2009 9:58:19 AM|702.62|9,999.99|0.026|War Mode|Uranium|Wheat|0|39,531.690|1|80,000|3,052|0|7|Active In The Last 3 Days|Coal|Oil|Lumber|Oil|Water|Gems|||||3248842|13485444|
445021|Mogar|Mogatopia|Doombrella|17368|9/6/2025 7:23:35 PM|Member|Anarchy|Shinto|Brown|2/8/2011 10:40:06 PM|397.86|9,285.20|740.613|War Mode|Cattle|Wheat|11|39,462.726|4|92,014|8,833|0|2|Active In The Last 3 Days|Aluminum|Spices|Fish|Sugar|Iron|Lumber|Pigs|Marble|Uranium|Water|6375410|16225633|
600004|mynameisZela|Zeltopia|CLAWS|15841|7/8/2018 6:15:16 AM|Member|Republic|Christianity|Black|1/8/2017 6:03:16 PM|1,000.77|9,999.99|1,386.409|War Mode|Iron|Lumber|0|39,451.166|5|33,887|0|0|13|Active In The Last 3 Days|Aluminum|Marble|Coal|Gold|Fish|Wheat|Lead|Uranium|Oil|Rubber|2443583|4062245|
618985|Comrade Sauce|Triotho|Madlads Union|17130|10/20/2023 10:23:46 PM|Manager|Revolutionary Government|Islam|Brown|7/3/2019 7:52:51 PM|800.34|7,999.99|818.082|War Mode|Water|Spices|0|39,368.816|1|20,000|0|0|20|Active In The Last 3 Days|Aluminum|Cattle|Lumber|Fish|Pigs|Marble|Sugar|Wheat|Uranium|Iron|666459|1368603|
600658|captainjf|New Mombassa|Independent Republic Of Orange Nations|10004|1/29/2017 1:36:58 AM|Manager|Capitalist|Voodoo|Orange|1/28/2017 5:32:13 PM|200.46|10,999.99|601.519|War Mode|Coal|Gold|0|39,324.428|5|40,494|0|0|19|Active In The Last 3 Days|Lead|Fish|Lumber|Iron|Marble|Cattle|Oil|Rubber|Uranium|Aluminum|2544921|4107385|
634521|Kapleo|Kapleo|The Phoenix Federation|17385|5/21/2025 8:10:36 PM|Manager|Anarchy|Christianity|Black|7/22/2022 10:28:16 PM|164.55|9,701.09|2,188.394|War Mode|Oil|Rubber|0|39,143.936|1|77,745|7,748|0|12|Active In The Last 3 Days|Aluminum|Marble|Coal|Gold|Iron|Lumber|Lead|Uranium|Wheat|Fish|1049642|1550135|
132067|Merick|Panamkey|The Templar Knights|10012|5/12/2008 2:47:59 PM|Manager|Capitalist|Mixed|Maroon|5/4/2007 9:03:19 AM|0.42|7,948.87|3,039.206|War Mode|Pigs|Spices|0|39,052.326|1|25,000|1,374|0|25|Active In The Last 3 Days|Cattle|Marble|Fish|Water|Iron|Aluminum|Lumber|Sugar|Wheat|Uranium|973431|2685584|
251551|TSLOLWedgeAntill|TSL KINGDOM|New Pacific Order|10000|9/17/2008 9:24:45 PM|Member|Democracy|Baha'i Faith|Red|8/3/2008 6:51:05 PM|900.93|6,999.99|5,600.000|War Mode|Fish|Cattle|0|39,044.947|5|54,436|258|0|20|Active This Week|Gems|Silver|Lumber|Iron|Pigs|Wheat|Spices|Sugar|Uranium|Water|989226|3113430|
639322|Kaenver|PDR Muog|Madlads Union|17130|10/23/2023 12:18:21 AM|Member|Communist|None|Brown|6/21/2023 7:40:32 AM|2,700.07|5,999.99|1,489.444|War Mode|Aluminum|Marble|0|38,794.510|5|25,001|0|0|9|Active In The Last 3 Days|Fish|Iron|Lumber|Cattle|Spices|Wheat|Uranium|Sugar|||146120|554242|
207736|maxpower316|Lunatic Pandora|New Pacific Order|10000|6/17/2008 11:32:08 AM|Member|Transitional|Buddhism|Red|2/23/2008 4:32:04 PM|110.06|8,499.00|2,403.295|War Mode|Lead|Oil|0|38,775.027|1|74,399|6,924|0|25|Active In The Last 3 Days|Aluminum|Marble|Coal|Uranium|Fish|Cattle|Iron|Lumber|Pigs|Wheat|3388468|5521953|
626587|Iogaro12|Iberia del Norte|Freehold of The Wolves|15157|2/21/2021 2:19:22 AM|Member|Dictatorship|Christianity|White|2/15/2021 12:46:27 PM|100.09|8,999.39|851.642|Peace Mode|Sugar|Spices|0|38,774.766|1|74,423|7,201|2|25|Active In The Last 3 Days|Aluminum|Marble|Cattle|Pigs|Fish|Uranium|Lumber|Iron|Water|Wheat|991619|1844043|
618522|Don Flippers|Penguinland|Freehold of The Wolves|15157|7/3/2024 3:45:51 AM|Member|Capitalist|None|White|5/24/2019 8:46:48 PM|3,360.52|4,933.78|0.000|War Mode|Fish|Coal|0|38,590.223|5|36,814|0|0|25|Active This Week|||||||||||1340662|3239154|
519410|Ipank El Zhenda|Dinasty Arnif|Knights Of The Round Table|10092|2/4/2018 7:37:16 AM|Member|Transitional|Islam|Green|2/1/2013 10:05:54 AM|1,035.34|7,095.56|5.156|War Mode|Water|Aluminum|0|38,540.367|5|14,213|0|0|25|Active In The Last 3 Days|Cattle|Sugar|Lumber|Iron|Marble|Fish|Spices|Pigs|Wheat|Uranium|6455168|8179356|
212252|TheAsD|Wankerstein|Viridian Entente|10010|6/19/2010 10:57:42 PM|Member|Democracy|None|Green|3/13/2008 6:09:22 AM|1,645.97|4,074.87|0.000|War Mode|Cattle|Uranium|0|38,481.564|5|46,397|4,621|0|25|Active In The Last 3 Days|Aluminum|Iron|Fish|Pigs|Marble|Lumber|Sugar|Spices|Water|Wheat|2958527|6713266|
548266|Printer635|Faralament|Green Protection Agency|10041|2/16/2023 1:26:45 AM|Manager|Capitalist|Jainism|Green|3/6/2014 3:47:28 AM|839.70|9,999.99|120.384|War Mode|Lumber|Iron|0|38,450.524|1|40,225|2,685|0|1|Active In The Last 3 Days|Aluminum|Pigs|Oil|Rubber|Uranium|Marble|Water|Cattle|Wheat|Sugar|612769|1273327|
49522|Croix|Edjaal|Random Insanity Alliance|10038|10/4/2010 5:07:49 PM|Manager|Revolutionary Government|None|Maroon|10/1/2006 11:36:42 AM|100.10|12,499.99|3.013|Peace Mode|Water|Uranium|0|38,354.310|5|17,465|0|0|0|Active In The Last 3 Days|Aluminum|Coal|Gold|Iron|Lead|Lumber|Oil|Rubber|Wheat|Marble|3267361|4343075|
415645|Lortharian|Watsonia|The Last Remnants|10098|8/13/2012 11:18:06 AM|Member|Communist|Confucianism|Maroon|7/17/2010 5:47:32 AM|2,080.92|6,058.51|400.048|War Mode|Lumber|Marble|0|38,118.515|5|17,256|2,016|20|22|Active In The Last 3 Days|Gold|Water|Iron|Aluminum|Rubber|Coal|Uranium|Lead|Wheat|Oil|347520|1815719|
644916|Alexander Falkor|Adalwolf|Post Grunge Supergroup|16367|12/1/2024 10:50:02 AM|Member|Capitalist|Judaism|Brown|10/30/2024 3:12:47 PM|500.29|8,199.99|3,829.550|War Mode|Iron|Fish|0|38,105.776|5|64,002|6,400|0|0|Active In The Last 3 Days|Aluminum|Sugar|Lumber|Marble|Pigs|Cattle|Spices|Wheat|Water|Uranium|0|39142|
643887|SilenttShadow27|Temnota|NATO|10037|7/15/2024 10:05:27 PM|Member|Communist|None|Blue|7/12/2024 1:24:06 PM|500.21|6,999.99|5,289.948|War Mode|Marble|Aluminum|0|38,075.958|5|19,000|0|1|25|Active In The Last 3 Days|Coal|Gold|Fish|Uranium|Iron|Lumber|Lead|Oil|Pigs|Cattle|473033|921868|
643741|Danteeternity|Balan|Post Grunge Supergroup|16367|7/4/2024 7:05:40 AM|Member|Capitalist|None|Brown|6/29/2024 8:15:21 PM|200.00|7,299.99|9,266.888|War Mode|Water|Uranium|0|38,040.314|5|30,000|0|0|8|Active In The Last 3 Days|Aluminum|Marble|Iron|Fish|Pigs|Cattle|Sugar|Lumber|Wheat|Spices|3745|327280|
645733|vankopavlov|KazanlakBG|Christian Coalition Of Countries|10028|6/5/2025 1:48:28 AM|Member|Democracy|Christianity|Maroon|2/16/2025 3:23:56 PM|1,410.00|5,000.00|4,400.000|War Mode|Fish|Uranium|0|38,037.600|1|38,570|3,856|50|12|Active In The Last 3 Days|Lead|Oil|Pigs|Rubber|Rubber|Uranium|||||0|0|
395389|Temporal91|Aikion|NATO|10037|4/1/2010 7:53:25 PM|Member|Democracy|Mixed|Blue|3/29/2010 4:02:31 PM|100.10|8,999.89|1.481|War Mode|Lead|Oil|0|37,968.989|5|45,021|4,356|7|25|Active In The Last 3 Days|Aluminum|Marble|Coal|Gold|Fish|Uranium|Iron|Lumber|Pigs|Rubber|1970088|2874094|
642338|Kauppinen|Savruotland|The Dark Templar|10056|3/4/2024 7:23:38 PM|Member|Monarchy|Christianity|Black|3/3/2024 11:21:22 PM|1,604.79|8,501.00|1,000.063|Peace Mode|Cattle|Wheat|0|37,947.035|5|18,000|0|0|16|Active In The Last 3 Days|Aluminum|Marble|Coal|Gold|Lumber|Iron|Pigs|Fish|Uranium|Water|69770|265947|
181640|medic32|Ecateca|New Polar Order|10006|12/20/2022 10:33:56 AM|Manager|Anarchy|Christianity|Blue|11/14/2007 8:28:21 PM|2,017.29|8,546.73|11.938|War Mode|Lead|Oil|42|37,884.806|1|9,014|0|0|14|Active In The Last 3 Days|Coal|Gold|Fish|Uranium|Iron|Lumber|Rubber|Pigs|||1854423|5875668|
647027|HorseElectrolytes|Greater Mustangistan|Global Alliance And Treaty Organization|10003|7/16/2025 7:51:47 PM|Member|Democracy|Baha'i Faith|Brown|7/16/2025 7:47:33 PM|300.00|9,000.00|6,000.000|War Mode|Wheat|Spices|0|37,852.394|5|17,500|12|0|0|Active In The Last 3 Days|Aluminum|Marble|Iron|Fish|Lumber|Sugar|Pigs|Cattle|Water|Uranium|0|0|
555334|Gveil|Giantland|The Legion|10020|6/12/2014 8:17:02 PM|Member|Anarchy|Mixed|Purple|6/12/2014 8:04:36 PM|341.80|6,632.71|587.519|War Mode|Iron|Marble|0|37,807.059|1|53,932|5,300|2|24|Active In The Last 3 Days|Aluminum|Lumber|Coal|Gold|Fish|Wheat|Oil|Pigs|Uranium|Sugar|1053439|1883515|
160240|Pamacii|Speedy Cats|Freehold of The Wolves|15157|1/28/2019 4:18:00 PM|Member|Capitalist|Mixed|White|8/7/2007 5:34:08 AM|296.78|6,482.45|4,000.117|War Mode|Uranium|Fish|0|37,728.982|1|42,349|3,878|0|25|Active In The Last 3 Days|Aluminum|Marble|Cattle|Pigs|Lumber|Iron|Sugar|Spices|Wheat|Water|1192430|3381319|
193621|necrodom|Necrosia||0|12/31/2007 5:24:41 PM|None|Dictatorship|None|Green|12/31/2007 5:24:41 PM|2,108.98|6,100.43|5,577.678|Peace Mode|Lumber|Water|0|37,653.592|5|12,046|0|6|0|Active In The Last 3 Days|Cattle|Spices|Coal|Lead|Iron|Marble|Uranium|Fish|Uranium|Spices|0|13764|
181481|HammerMan|Dooche|Non Grata|10097|3/25/2013 8:55:42 AM|Member|Democracy|Norse|Maroon|11/14/2007 10:31:54 AM|100.07|9,999.99|59.511|Peace Mode|Coal|Gold|0|37,301.913|5|23,116|0|0|25|Active In The Last 3 Days|Aluminum|Marble|Iron|Lumber|Lead|Uranium|Pigs|Fish|Wheat|Oil|4897730|8848260|
407151|Dre4mwe4ver|Fidensgen|Global Alliance And Treaty Organization|10003|3/19/2016 1:38:08 AM|Member|Capitalist|Mixed|Brown|5/26/2010 10:23:07 PM|100.39|9,999.99|17.851|War Mode|Lumber|Marble|0|37,241.787|1|23,156|0|0|25|Active In The Last 3 Days|Aluminum|Sugar|Iron|Fish|Pigs|Cattle|Spices|Wheat|Water|Uranium|1997998|3439527|
645029|ZeroNinjaGT|Adventis|New Pacific Order|10000|11/16/2024 3:36:03 PM|Member|Democracy|Norse|Red|11/12/2024 7:10:57 PM|585.62|6,894.25|4,244.943|War Mode|Aluminum|Marble|0|37,236.714|3|64,873|6,309|0|0|Active In The Last 3 Days|Fish|Cattle|Lumber|Iron|Sugar|Spices|Wheat|Pigs|||55937|175976|
365705|rileyaddaff|legalized|Doom Squad|16454|3/31/2021 4:35:41 PM|Member|Republic|Norse|Black|10/27/2009 10:49:10 AM|621.09|7,999.99|371.908|War Mode|Aluminum|Marble|0|37,186.191|5|45,719|5,953|0|20|Active In The Last 3 Days|Cattle|Wheat|Fish|Pigs|Iron|Lumber|Sugar|Spices|Water|Uranium|4105308|6533200|
155356|Thuru|Thuru|Christian Coalition Of Countries|10028|3/16/2011 3:20:09 PM|Member|Monarchy|Christianity|Maroon|7/21/2007 11:11:19 AM|3,146.27|4,999.00|2,861.953|War Mode|Water|Wheat|0|37,181.276|5|10,000|0|0|14|Active In The Last 3 Days|Sugar|Spices|||||||||904625|1483989|
604964|SirDog|Wollemi|Avalanche|10078|6/14/2017 3:43:38 AM|Manager|Monarchy|Christianity|Blue|6/14/2017 3:42:49 AM|200.00|9,999.99|3,000.000|War Mode|Lead|Oil|0|37,142.390|1|81,621|0|0|1|Active In The Last 3 Days|Aluminum|Marble|Fish|Uranium|Iron|Lumber|Pigs|Rubber|Spices|Sugar|0|0|
374512|1naruto9|Fire Burning|Post Grunge Supergroup|16367|7/1/2021 3:03:53 PM|Member|Federal Government|Buddhism|Brown|12/15/2009 1:53:32 PM|2,937.38|5,361.75|1,448.604|War Mode|Fish|Iron|0|36,875.264|5|16,010|0|0|19|Active This Week|Aluminum|Marble|Cattle|Pigs|Spices|Wheat|Sugar|Lumber|||717636|2961425|
144357|High Class|Systemodex|Post Grunge Supergroup|16367|12/29/2024 8:34:40 PM|Member|Monarchy|Christianity|Maroon|6/10/2007 11:39:17 PM|7,284.47|0.00|0.000|War Mode|Marble|Aluminum|0|36,442.360|5|1,001|0|0|0|Active Last Week|||||||||||182391|1025260|
643549|KingDutchison|KingDutchison|The Legion|10020|6/24/2024 5:59:25 PM|Member|Democracy|Buddhism|Purple|6/9/2024 8:46:29 PM|299.53|8,999.99|686.774|Peace Mode|Oil|Pigs|0|36,434.663|1|73,383|7,196|0|20|Active In The Last 3 Days|Aluminum|Lumber|Fish|Wheat|Gold|Coal|Iron|Marble|Uranium|Lead|197160|443054|
540745|Steinaech|Kydall|Argent|10063|6/15/2019 3:51:15 PM|Member|Democracy|Judaism|Pink|11/18/2013 12:36:41 PM|2,820.45|6,262.98|1,266.861|Peace Mode|Iron|Lumber|0|36,342.019|4|37,847|3,593|0|0|Active This Week|Aluminum|Lead|Fish|Marble|Gold|Oil|Rubber|Coal|Uranium|Wheat|94419|216702|
633601|Alto389|Nokia3310|Madlads Union|17130|12/27/2023 11:47:15 PM|Member|Capitalist|Christianity|Brown|5/17/2022 2:28:01 PM|1,700.73|6,399.00|1,317.388|War Mode|Fish|Marble|0|36,306.768|5|19,000|0|0|25|Active Last Week|Aluminum|Cattle|Pigs|Spices|Sugar|Lumber|Uranium|Wheat|Water|Iron|95367|318001|
616289|Kingzing|Glister|The Legion|10020|1/4/2019 7:02:14 PM|Member|Federal Government|Judaism|Purple|1/3/2019 8:45:15 PM|600.94|5,999.99|73.874|Peace Mode|Fish|Wheat|0|36,294.581|1|23,456|0|0|25|Active In The Last 3 Days|Aluminum|Lumber|Cattle|Pigs|Coal|Gold|Iron|Marble|Lead|Uranium|1413176|1687055|
639137|KingCornyCob|Marshmallowtopia|Post Grunge Supergroup|16367|5/31/2023 3:10:32 PM|Member|Dictatorship|Christianity|Brown|5/31/2023 2:59:35 PM|800.00|7,998.38|3,000.595|War Mode|Pigs|Cattle|0|36,226.034|5|42,000|0|0|17|Active In The Last 3 Days|Aluminum|Marble|Iron|Fish|Lumber|Sugar|Spices|Wheat|Water|Uranium|33758|224701|
640620|Frioz|Lusitania Portugalia|Post Grunge Supergroup|16367|10/31/2023 7:44:06 AM|Manager|Dictatorship|Christianity|Brown|10/21/2023 2:00:11 PM|100.09|8,999.99|1,163.953|War Mode|Iron|Pigs|0|35,916.352|5|21,000|0|0|25|Active In The Last 3 Days|Aluminum|Marble|Lumber|Cattle|Spices|Wheat|Sugar|Uranium|Water|Fish|262912|350312|
643321|KerouacLives|Astorion|Knights Of The Round Table|10092|5/24/2024 7:50:53 AM|Member|Dictatorship|Christianity|Green|5/23/2024 12:09:56 AM|500.00|8,900.00|3,822.226|Peace Mode|Rubber|Lumber|0|35,618.329|5|16,250|0|0|6|Active In The Last 3 Days|Aluminum|Marble|Gold|Iron|Lead|Uranium|Oil|Water|Wheat|Coal|0|0|
631385|Kingdom of Denmark|Jutland Germany|The Prussian Empire|14204|12/8/2021 1:18:29 AM|Member|Monarchy|Christianity|Green|12/7/2021 11:10:44 PM|100.09|7,999.99|525.535|War Mode|Aluminum|Lumber|0|35,606.939|5|15,792|762|0|25|Active In The Last 3 Days|Iron|Water|Rubber|Gold|Uranium|Lead|Wheat|Marble|||296793|661543|
357423|claude|Doom House|Doom Squad|16454|8/22/2021 12:00:15 PM|Manager|Capitalist|Judaism|Black|9/13/2009 5:24:41 PM|207.75|8,999.51|71.787|Peace Mode|Cattle|Wheat|0|35,407.071|5|29,276|1,083|21|25|Active In The Last 3 Days|Aluminum|Marble|Coal|Gold|Fish|Pigs|Iron|Lumber|Water|Uranium|4061400|7374598|
638831|Donny|Hunns|The Legion|10020|5/4/2023 3:38:07 AM|Member|Anarchy|Mixed|Purple|5/4/2023 3:36:08 AM|155.90|7,991.35|97.092|War Mode|Uranium|Lead|0|35,113.076|1|62,269|6,133|0|25|Active In The Last 3 Days|Aluminum|Lumber|Fish|Wheat|Gold|Coal|Iron|Marble|Pigs|Cattle|70756|198408|
623966|TrueBlue|Bulloch|Christian Coalition Of Countries|10028|7/20/2020 4:34:52 PM|Member|Revolutionary Government|Christianity|Maroon|7/20/2020 4:34:21 PM|501.98|10,000.00|1,342.056|Peace Mode|Iron|Lumber|0|34,988.203|5|22,760|0|0|1|Active In The Last 3 Days|Aluminum|Marble|Coal|Gold|Fish|Uranium|Lead|Oil|Pigs|Rubber|595852|1296566|
646916|SmugglyMcWeed|SmugglyMcWeed|Post Grunge Supergroup|16367|6/30/2025 8:40:10 AM|Member|Capitalist|Christianity|Brown|6/30/2025 8:03:46 AM|215.00|7,999.99|2,660.000|War Mode|Water|Wheat|0|34,984.970|1|70,000|8,000|10|0|Active In The Last 3 Days|Aluminum|Marble|Iron|Fish|Pigs|Cattle|Spices|Sugar|Uranium|Lumber|0|0|
627177|SupaSural|Suraltopia|Post Grunge Supergroup|16367|4/7/2021 10:10:32 AM|Member|Communist|Sikhism|Brown|3/25/2021 2:07:35 PM|105.26|8,999.39|3,000.200|War Mode|Iron|Water|0|34,903.023|1|15,912|0|0|16|Active In The Last 3 Days|Aluminum|Marble|Cattle|Pigs|Fish|Uranium|Lumber|Sugar|Spices|Wheat|849784|1212248|
388182|lucky6|Direct Impingement|Federation of Armed Nations|10021|5/14/2010 12:38:34 PM|Member|Monarchy|None|Yellow|2/21/2010 9:47:30 AM|100.49|7,999.99|3.232|War Mode|Pigs|Coal|0|34,861.454|1|28,575|1,051|0|25|Active In The Last 3 Days|Iron|Aluminum|Lumber|Marble|Sugar|Spices|Water|Fish|Wheat|Uranium|609193|1740168|
339168|Celess|Celess Mob|New Polar Order|10006|7/1/2009 7:55:37 PM|Member|Anarchy|None|Blue|6/28/2009 9:26:24 PM|1,280.07|7,810.31|14.969|War Mode|Pigs|Rubber|0|34,854.382|5|32|0|0|15|Active This Week|Aluminum|Marble|Coal|Gold|Iron|Lumber|Lead|Oil|Uranium|Fish|6207674|12018486|
627747|bretrun|Togrador|CLAWS|15841|5/10/2021 1:42:14 AM|Member|Federal Government|Mixed|Black|4/29/2021 1:54:14 PM|1,020.67|7,100.19|2,668.443|War Mode|Coal|Gold|0|34,811.710|5|19,007|500|10|5|Active In The Last 3 Days|Aluminum|Marble|Iron|Lumber|Oil|Rubber|Uranium|Lead|Wheat|Fish|0|945363|
637471|Branjawn|United Bishops|Post Grunge Supergroup|16367|2/10/2023 10:51:43 AM|Member|Capitalist|Christianity|Brown|1/24/2023 9:55:03 AM|359.79|10,000.00|1,573.535|War Mode|Aluminum|Marble|0|34,799.223|5|31,500|0|0|1|Active In The Last 3 Days|Iron|Fish|Lumber|Sugar|Pigs|Cattle|Spices|Wheat|Water|Uranium|288414|1179413|
117175|ampinstein|Ampinsteinia|Boards Alliance of Protectorate States|10039|4/6/2008 5:39:22 PM|Member|Democracy|Buddhism|Purple|3/9/2007 2:57:35 AM|829.54|9,696.75|112.581|Peace Mode|Aluminum|Marble|0|34,762.138|5|43,517|0|7|1|Active Last Week|Fish|Water|Iron|Lumber|||||||430148|1826457|
645740|ShadowSleeper|Noevgono|Nuclear Proliferation League|17228|2/20/2025 11:33:01 AM|Member|Revolutionary Government|Voodoo|Aqua|2/17/2025 9:32:12 AM|205.10|5,999.40|5,027.624|War Mode|Marble|Aluminum|0|34,649.169|1|46,482|5,172|50|20|Active In The Last 3 Days|Coal|Rubber|Gold|Spices|Lead|Oil|Lumber|Iron|Uranium|Fish|311|313|
646771|King Chocolate|Chocolate Cookie|Nuclear Proliferation League|17228|6/13/2025 9:57:56 PM|Member|Anarchy|Christianity|Aqua|6/13/2025 9:25:05 PM|20.00|8,099.00|6,300.000|War Mode|Lumber|Water|0|34,507.000|1|0|1,000|0|6|Active In The Last 3 Days|Aluminum|Spices|Iron|Marble|Sugar|Cattle|Uranium|Pigs|Wheat|Fish|251|0|
529189|Combat Pope|Vaticana|Global Alliance And Treaty Organization|10003|10/2/2024 5:04:08 PM|Member|Monarchy|Christianity|Brown|6/3/2013 9:45:28 AM|2,604.88|5,999.99|1,899.609|War Mode|Spices|Wheat|0|34,423.806|5|15,000|0|0|5|Active Last Week|Aluminum|Sugar|Iron|Fish|Lumber|Marble|Pigs|Cattle|Water|Uranium|247099|575262|
628662|Theletas|The Toastian Republi|Madlads Union|17130|10/21/2023 1:56:41 AM|Member|Democracy|Confucianism|Brown|6/21/2021 2:41:22 PM|800.89|5,999.99|1,387.301|War Mode|Water|Iron|0|34,405.360|5|40,000|4,000|50|20|Active In The Last 3 Days|Aluminum|Cattle|Fish|Marble|Pigs|Spices|Sugar|Lumber|Uranium|Wheat|159828|493866|
633448|rageproject|LaVale|Independent Republic Of Orange Nations|10004|5/16/2022 1:37:31 AM|Member|Capitalist|Sikhism|Orange|5/7/2022 1:04:22 AM|1,009.74|6,999.99|3,000.975|War Mode|Rubber|Lumber|0|34,340.129|5|15,000|0|0|12|Active This Week|Aluminum|Uranium|Coal|Water|Gold|Lead|Iron|Wheat|Oil|Marble|364864|845169|
639165|Otto Die Heilige|Holy Roman Reich|The Prussian Empire|14204|6/3/2023 10:19:03 AM|Member|Monarchy|Christianity|Green|6/2/2023 10:30:31 PM|1,300.68|6,999.99|1,137.608|War Mode|Wheat|Aluminum|0|34,029.759|1|16,000|0|50|20|Active More Than Three Weeks Ago|Coal|Iron|Gold|Oil|Lead|Rubber|Lumber|Marble|Uranium|Water|0|52500|
645768|Sitthemdown|Emperor Protects|Doombrella|17368|5/26/2025 10:43:55 PM|Member|Communist|Confucianism|Black|2/20/2025 3:36:20 PM|200.12|6,999.99|4,184.164|Peace Mode|Coal|Gold|0|33,929.675|1|17,322|6,532|0|20|Active In The Last 3 Days|Aluminum|Marble|Fish|Pigs|Oil|Wheat|Sugar|Spices|Uranium|Lead|0|2244|
405801|Morriarty|Farandaway|Random Insanity Alliance|10038|2/2/2011 10:11:48 AM|Member|Anarchy|Buddhism|Maroon|5/20/2010 10:09:38 AM|5,201.63|2,568.88|0.000|War Mode|Coal|Lead|0|33,808.102|4|166|0|0|3|Active In The Last 3 Days|Aluminum|Iron|Lumber|Gold|Oil|Water|Rubber|Wheat|Uranium|Marble|0|1392889|
6155|Macbeth|Dunsinane|New Polar Order|10006|3/23/2006 6:14:00 PM|Member|Capitalist|Norse|Blue|3/23/2006 6:14:00 PM|2,066.85|5,068.68|0.087|Peace Mode|Silver|Gems|0|33,705.486|5|7,004|0|0|0|Active In The Last 3 Days|Coal|Gold|Fish|Cattle|Iron|Lead|Pigs|Rubber|||227598|2906745|
635907|Yuan Tsui|Saulteran|The Prussian Empire|14204|10/27/2022 6:23:25 AM|Member|Monarchy|Mixed|Green|10/21/2022 5:07:42 AM|800.01|7,999.89|2,133.690|War Mode|Iron|Water|0|33,600.265|5|22,000|0|0|14|Active In The Last 3 Days|Aluminum|Lumber|Coal|Oil|Rubber|Gold|Uranium|Lead|Wheat|Marble|6498|116332|
479290|Sauron1|Mordor1|Christian Coalition of Countries|10028|11/9/2011 12:41:17 PM|Member|Monarchy|Christianity|Maroon|10/31/2011 10:17:17 AM|200.10|7,999.26|1,000.068|War Mode|Marble|Aluminum|0|33,548.394|5|40,000|0|0|25|Active In The Last 3 Days|Coal|Gold|Iron|Lumber|Oil|Lead|Pigs|Rubber|Uranium|Fish|1408028|2384983|
253222|SlimCad|Cadii|Global Alliance And Treaty Organization|10003|1/3/2017 11:43:40 AM|Member|Communist|Mixed|Brown|8/9/2008 5:36:04 PM|4,162.81|3,099.99|0.000|War Mode|Gold|Lumber|0|33,448.996|5|20,000|0|0|11|Active In The Last 3 Days|Fish|Coal|Iron|Aluminum|Lead|Marble|Oil|Rubber|Wheat|Uranium|441093|994705|
2099|Pingu|Free Radicals|Orange Defense Network|17435|8/17/2025 3:56:16 PM|Member|Revolutionary Government|None|Orange|2/13/2006 10:10:11 PM|1,652.45|4,680.45|7.802|War Mode|Uranium|Sugar|0|33,354.357|1|23,312|2,289|0|19|Active This Week|Cattle|Spices|Coal|Iron|Fish|Pigs|Iron|Lumber|Spices|Marble|1696846|4036665|
582707|Balthier|Dalmascan Ruins|Sparta|10008|10/6/2015 4:42:43 PM|Manager|Monarchy|None|Black|10/6/2015 4:36:06 PM|100.22|6,999.99|2,473.749|War Mode|Marble|Oil|0|33,301.715|5|17,000|0|0|25|Active In The Last 3 Days|Aluminum|Coal|Fish|Gold|Iron|Lumber|Rubber|Water|Uranium|Wheat|151327|287995|
642107|xUnwanteDx|xNazaricKx|New Pacific Order|10000|2/15/2024 6:13:27 PM|Member|Monarchy|Mixed|Red|2/14/2024 3:56:32 PM|210.43|5,999.99|3,000.000|War Mode|Aluminum|Marble|0|33,287.934|1|54,031|5,151|0|25|Active In The Last 3 Days|Fish|Cattle|Iron|Lumber|Lead|Oil|Water|Uranium|Wheat|Pigs|228257|1057866|
112393|Phillip Davis|Centrino||0|2/24/2007 11:53:55 PM|None|Monarchy|None|None|2/24/2007 11:53:55 PM|1,000.18|7,799.36|3,000.828|Peace Mode|Coal|Rubber|0|33,237.192|5|16,848|0|0|0|Active In The Last 3 Days|Aluminum|Oil|Fish|Iron|Marble|Iron|Silver|Lumber|Uranium|Lead|0|3220|
645427|Clank|Clank|Doombrella|17368|6/1/2025 12:54:56 AM|Member|Communist|Taoism|Black|1/8/2025 2:43:35 AM|300.62|7,999.99|2,078.314|Peace Mode|Oil|Wheat|0|33,216.540|1|66,799|6,000|0|9|Active In The Last 3 Days|Aluminum|Marble|Coal|Gold|Fish|Pigs|Sugar|Spices|Uranium|Lead|5256|18735|
515467|Nanobreaker|breaker|New Pacific Order|10000|12/18/2017 3:45:17 PM|Member|Republic|Christianity|Red|12/22/2012 12:05:12 AM|110.29|7,999.99|23.938|War Mode|Sugar|Spices|0|33,204.432|5|13,855|875|0|25|Active This Week|Aluminum|Marble|Fish|Cattle|Iron|Lumber|Pigs|Wheat|||1663762|2599163|
552125|Mouseman490|The Empire of Klein|New Pacific Order|10000|12/11/2014 4:00:58 PM|Member|Anarchy|None|Red|4/27/2014 1:48:45 PM|141.36|7,765.26|1.174|War Mode|Iron|Lumber|0|33,168.228|1|62,233|5,871|0|23|Active In The Last 3 Days|Aluminum|Marble|Coal|Uranium|Fish|Cattle|Lead|Oil|Pigs|Wheat|488068|1375891|
464233|Iain Llewellyn|Halechem|Argent|10063|6/21/2018 10:17:16 PM|Member|Monarchy|Judaism|Pink|6/16/2011 7:58:35 PM|464.44|7,999.99|0.021|War Mode|Coal|Marble|0|33,047.967|1|10,289|0|0|25|Active This Week|Aluminum|Fish|Lead|Gold|Oil|Rubber|Uranium|Iron|Wheat|Lumber|1056130|2429763|
643449|Esabbi|Liberation Islands|Post Grunge Supergroup|16367|6/2/2024 1:00:29 AM|Member|Democracy|None|Brown|6/1/2024 8:54:28 PM|100.00|8,999.99|2,964.695|War Mode|Aluminum|Cattle|0|33,002.012|5|25,000|25|0|0|Active In The Last 3 Days|Fish|Marble|Pigs|Spices|Sugar|Lumber|Uranium|Wheat|Water|Iron|0|0|
600402|Makao|El Varal|Union Of Communist Republics|10060|2/26/2017 4:48:23 AM|Member|Revolutionary Government|Islam|Brown|1/22/2017 2:15:13 AM|1,251.75|5,999.99|1,400.000|War Mode|Uranium|Water|0|32,938.734|5|16,500|0|0|25|Active Last Week|Aluminum|Marble|Cattle|Pigs|Sugar|Lumber|||||7865|138757|
209648|neonthefox|waltoria|NATO|10037|8/13/2012 7:14:23 PM|Member|Republic|Mixed|Blue|3/2/2008 6:55:24 PM|1,009.91|8,132.45|413.953|Peace Mode|Pigs|Rubber|0|32,892.130|1|44,295|3,642|0|11|Active In The Last 3 Days|Aluminum|Marble|Coal|Gold|Fish|Uranium|Iron|Lumber|||1446907|2214372|
624649|arif2016|TheIndomitableEmpire|COBRA|13717|11/27/2024 4:11:59 PM|Member|Federal Government|Christianity|Brown|9/20/2020 6:46:38 PM|0.02|4,599.48|6,105.670|War Mode|Iron|Lumber|0|32,774.108|5|22,645|1,621|0|25|Active In The Last 3 Days|Aluminum|Spices|Cattle|Wheat|Fish|Sugar|Pigs|Marble|Uranium|Water|338358|236050|
612276|Ascended Dio|The Nootropics|Non Grata|10097|7/28/2021 2:20:21 AM|Member|Capitalist|Christianity|Maroon|5/6/2018 2:29:57 PM|375.42|6,999.99|58.792|Peace Mode|Marble|Aluminum|0|32,645.751|5|12,178|5,246|0|25|Active In The Last 3 Days|Coal|Gold|Iron|Lumber|Oil|Wheat|Pigs|Fish|Uranium|Lead|256647|576206|
642970|Rhett Kahn|Retconia|New Pacific Order|10000|4/22/2024 8:49:10 AM|Member|Capitalist|Christianity|Red|4/22/2024 7:56:05 AM|100.25|6,999.99|2,400.062|War Mode|Wheat|Pigs|0|32,612.861|5|33,077|0|0|25|Active In The Last 3 Days|Coal|Uranium|Fish|Cattle|Lumber|Iron|Marble|Aluminum|Spices|Sugar|150860|365209|
486033|CobaltBlazer|Cobalt27|United Equestria|10101|11/16/2013 6:30:31 PM|Member|Republic|Mixed|Pink|1/4/2012 1:09:43 AM|200.67|8,999.99|2,753.000|War Mode|Marble|Gold|0|32,607.538|5|18,045|369|3|1|Active In The Last 3 Days|Aluminum|Coal|Fish|Wheat|Iron|Lumber|Oil|Rubber|Uranium|Lead|29436|164954|
638860|Adrius Adler|Trostland|New Pacific Order|10000|5/7/2023 3:05:10 PM|Member|Capitalist|Mixed|Red|5/6/2023 5:25:50 PM|305.09|4,999.99|3,597.332|War Mode|Lead|Oil|0|32,599.101|1|42,235|4,061|0|25|Active In The Last 3 Days|Aluminum|Marble|Fish|Cattle|Iron|Lumber|Uranium|Coal|Wheat|Pigs|592761|979135|
631569|CaesarGorandius|Ohiostan|Non Grata|10097|12/22/2021 6:51:19 PM|Member|Capitalist|Christianity|Maroon|12/22/2021 6:12:32 PM|100.24|7,999.99|846.309|Peace Mode|Fish|Pigs|0|32,434.582|5|20,696|0|0|25|Active In The Last 3 Days|Aluminum|Marble|Coal|Gold|Iron|Lumber|Lead|Uranium|Oil|Wheat|223612|2199093|
279200|Boraten|Boraten|Mostly Harmless Alliance|14879|10/2/2016 12:49:41 AM|Member|Capitalist|Christianity|Aqua|11/13/2008 8:27:49 PM|1,504.64|7,999.99|0.000|War Mode|Lead|Aluminum|0|32,387.440|5|18,214|0|50|0|Active In The Last 3 Days|Coal|Lumber|Fish|Wheat|Gold|Rubber|Iron|Lead|Uranium|Oil|942626|3367000|
270473|Razorpara|Batavieren|Orange Defense Network|17435|8/17/2025 3:57:20 PM|Member|Capitalist|None|Orange|10/10/2008 9:09:46 AM|3,717.93|4,451.52|0.000|War Mode|Wheat|Uranium|0|32,308.654|5|10,223|0|0|4|Active In The Last 3 Days|Fish|Water|||||||||948987|3713122|
228721|Hob Dobson|Uustonia|Viridian Entente|10010|10/5/2008 9:56:30 PM|Member|Transitional|Voodoo|Green|5/16/2008 10:35:01 AM|122.24|6,999.64|0.023|War Mode|Lumber|Fish|0|32,305.634|1|20,773|0|0|25|Active In The Last 3 Days|Aluminum|Coal|Gold|Marble|Iron|Uranium|Lead|Water|Wheat|Oil|5752986|12060437|
645946|LiFeng|Qwertyiop|Non Grata|10097|3/11/2025 2:43:20 AM|Member|Capitalist|Mixed|Maroon|3/10/2025 6:08:28 AM|311.25|8,249.99|2,984.782|Peace Mode|Lead|Uranium|0|32,240.659|5|32,362|0|0|9|Active In The Last 3 Days|Aluminum|Marble|Coal|Gold|Iron|Lumber|Pigs|Fish|Wheat|Oil|22588|22074|
287231|Bolivar|Bolivar|Libertarian Socialist Federation|10027|4/9/2009 3:28:54 PM|Member|Capitalist|Mixed|Brown|12/15/2008 2:43:50 PM|600.00|7,000.09|1.464|War Mode|Uranium|Iron|0|32,126.800|5|17,576|1,614|0|25|Active In The Last 3 Days|Aluminum|Cattle|Lumber|Fish|Pigs|Marble|Sugar|Wheat|Water|Spices|1244505|4611938|
634503|BettaChecka|Mancunian Animals|Argent|10063|7/20/2022 5:52:31 PM|Member|Democracy|Shinto|Pink|7/20/2022 5:50:10 PM|1,100.04|7,999.99|900.000|Peace Mode|Fish|Wheat|0|32,086.156|5|11,800|0|0|10|Active Last Week|Aluminum|Marble|Coal|Gold|Lead|Uranium|Lumber|Iron|Oil|Pigs|117548|147121|
641018|xxPocketxx|Savere|The Legion|10020|11/19/2023 12:33:15 AM|Member|Anarchy|None|Purple|11/16/2023 11:25:55 PM|263.45|7,365.51|520.541|War Mode|Lead|Marble|0|32,071.393|1|58,204|5,672|0|20|Active In The Last 3 Days|Aluminum|Lumber|Coal|Gold|Iron|Uranium|Oil|Pigs|Wheat|Fish|283806|501084|
579001|Deatvert|Tyrland|New Pacific Order|10000|7/19/2015 5:02:56 PM|Member|Monarchy|Voodoo|Red|7/19/2015 3:53:07 PM|100.20|7,999.99|600.006|War Mode|Silver|Gems|0|32,012.407|5|18,073|0|0|25|Active In The Last 3 Days|||||||||||167322|417335|
637944|Hasan AlQaziz|South Maghrebia|The Legion|10020|2/24/2023 1:18:02 PM|Member|Communist|Islam|Purple|2/24/2023 1:13:50 PM|1,038.01|6,276.42|731.366|War Mode|Oil|Iron|0|31,992.480|1|43,619|25|4|19|Active In The Last 3 Days|Coal|Wheat|Fish|Wheat|Rubber|Gems|Silver|Lumber|Uranium|Gold|495|21527|
546488|levothy|mycybernation|Knights Of The Round Table|10092|3/11/2017 1:38:11 PM|Member|Republic|Mixed|Green|2/11/2014 1:57:43 PM|100.19|8,994.20|2,087.678|War Mode|Uranium|Iron|0|31,965.044|1|67,499|0|0|0|Active In The Last 3 Days|Coal|Lead|Gold|Wheat|Lumber|Water|Marble|Aluminum|Oil|Rubber|1380043|2714535|
631706|Silver Witch|Virtual Empire|The Legion|10020|1/5/2022 8:47:01 AM|Member|Anarchy|Confucianism|Purple|1/5/2022 8:33:01 AM|110.07|8,203.14|40.402|War Mode|Lead|Uranium|0|31,939.309|1|63,447|6,200|0|19|Active In The Last 3 Days|Aluminum|Lumber|Coal|Gold|Fish|Wheat|Iron|Marble|Oil|Pigs|217796|264050|
360918|thelittlejd|blahr|The Dark Templar|10056|10/17/2013 3:17:19 AM|Member|Anarchy|None|Black|10/1/2009 5:48:26 PM|126.15|7,303.79|815.000|War Mode|Rubber|Oil|0|31,907.677|1|67,139|6,432|0|21|Active In The Last 3 Days|Aluminum|Marble|Fish|Wheat|Gold|Coal|Lumber|Iron|Uranium|Lead|2369705|4713096|
640189|Jeeves|Only Cool People|COBRA|13717|6/17/2024 6:57:44 PM|Manager|Democracy|Christianity|Brown|9/17/2023 12:26:06 PM|590.82|6,999.99|4,172.154|War Mode|Lumber|Iron|0|31,894.648|5|53,147|1,847|0|5|Active In The Last 3 Days|Aluminum|Marble|Coal|Gold|Lead|Uranium|Pigs|Fish|Wheat|Oil|287138|495305|
612844|Thomas Jackson|Greater Confederacy|The Prussian Empire|14204|6/2/2018 12:21:55 PM|Member|Monarchy|Norse|Green|5/27/2018 1:52:46 PM|300.76|7,637.23|4,730.253|War Mode|Aluminum|Iron|0|31,850.848|5|17,000|0|0|0|Active In The Last 3 Days|||||||||||232919|596896|
634140|FabricatorGeneral|Metalocolypse|The Legion|10020|6/25/2022 9:48:47 PM|Member|Dictatorship|Voodoo|Purple|6/20/2022 6:41:37 AM|600.46|7,493.28|3,913.123|War Mode|Aluminum|Lumber|0|31,751.832|3|20,000|0|0|0|Active In The Last 3 Days|Coal|Gold|Fish|Wheat|Iron|Marble|Lead|Uranium|Oil|Pigs|8238|41792|
624651|Elma Heckler|Blancbourg Committee|New Pacific Order|10000|9/21/2020 3:01:18 AM|Member|Democracy|Mixed|Red|9/21/2020 2:43:49 AM|110.14|7,999.99|201.396|War Mode|Coal|Uranium|0|31,502.769|5|20,000|0|0|25|Active In The Last 3 Days|Fish|Cattle|Lumber|Iron|Marble|Aluminum|Spices|Sugar|Wheat|Pigs|2604578|3102703|
293406|Jeffimus|Smoothwater|The Dark Templar|10056|5/1/2009 1:10:10 AM|Member|Anarchy|Christianity|Black|1/13/2009 8:37:53 PM|473.69|3,986.71|763.948|War Mode|Rubber|Oil|0|31,425.630|1|41,035|4,084|0|23|Active In The Last 3 Days|Aluminum|Marble|Gold|Water|Iron|Lumber|Lead|Uranium|Wheat|Coal|1299883|2729893|
625646|muji111|muji111|Random Insanity Alliance|10038|12/13/2020 9:49:18 PM|Member|Anarchy|None|Maroon|12/13/2020 8:46:54 PM|45.89|9,742.46|398.000|War Mode|Aluminum|Iron|0|31,373.506|1|38,463|302|0|7|Active In The Last 3 Days|Coal|Lead|Lumber|Gold|Oil|Water|Rubber|Wheat|Uranium|Marble|878384|2450386|
627684|Reginald Stuart III|New Ventris|Freehold of The Wolves|15157|5/2/2021 4:39:02 PM|Member|Transitional|Shinto|White|4/24/2021 3:17:19 PM|92.47|7,282.37|383.074|War Mode|Iron|Lumber|0|31,056.072|1|15,541|1,606|0|25|Active In The Last 3 Days|Aluminum|Marble|Fish|Uranium|Pigs|Cattle|Sugar|Spices|Wheat|Water|1244034|1825673|
431619|rotinom|Gideons|Sparta|10008|11/10/2010 9:55:31 AM|Member|Federal Government|Mixed|Black|11/10/2010 8:03:30 AM|0.25|9,995.91|0.127|War Mode|Iron|Lumber|0|31,049.166|5|50,000|0|2|2|Active This Week|Aluminum|Coal|Fish|Gold|Lead|Oil|Rubber|Water|Uranium|Wheat|833636|3067013|
538690|CrinkledStraw|The Fierce Crown|Non Grata|10097|9/1/2023 10:05:39 PM|Member|Anarchy|None|Maroon|10/20/2013 11:37:55 PM|119.72|7,890.97|2,248.368|War Mode|Wheat|Oil|0|31,035.833|1|75,126|7,354|2|4|Active In The Last 3 Days|Aluminum|Marble|Coal|Gold|Fish|Pigs|Lead|Uranium|Lumber|Iron|4151649|7250961|
626894|Gamestonk|GameStonk|COBRA|13717|3/6/2021 1:15:56 PM|Manager|Democracy|Mixed|Brown|3/6/2021 1:15:31 PM|163.15|7,999.99|802.139|War Mode|Aluminum|Marble|0|30,812.890|5|17,728|1,622|6|20|Active In The Last 3 Days|Coal|Gold|Lead|Uranium|Lumber|Iron|Pigs|Fish|Wheat|Oil|628741|905524|
644785|Optimus881|Wakanda881|Post Grunge Supergroup|16367|10/16/2024 9:31:40 AM|Member|Capitalist|Judaism|Brown|10/15/2024 2:13:49 AM|100.08|8,099.60|1,097.363|War Mode|Uranium|Lumber|0|30,798.157|1|17,646|0|0|20|Active In The Last 3 Days|Aluminum|Marble|Iron|Fish|Pigs|Cattle|Spices|Sugar|Water|Wheat|85807|76900|
646779|RedMetal|Soviet Canuckitstan|Doom Squad|16454|6/14/2025 5:44:41 PM|Member|Republic|Buddhism|Black|6/14/2025 5:35:13 PM|525.00|7,249.99|3,950.000|Peace Mode|Cattle|Wheat|0|30,699.970|5|20,000|0|0|0|Active In The Last 3 Days|Aluminum|Marble|Iron|Lumber|Lead|Uranium|Pigs|Fish|Sugar|Spices|36|0|
638702|Vins10|Quebec Second|Post Grunge Supergroup|16367|4/21/2023 4:06:58 PM|Member|Republic|Mixed|Brown|4/21/2023 11:42:39 AM|400.40|7,999.99|2,261.860|War Mode|Cattle|Pigs|0|30,613.211|5|20,423|0|0|9|Active In The Last 3 Days|Aluminum|Marble|Fish|Iron|Spices|Wheat|Sugar|Lumber|Uranium|Water|185077|1287873|
645347|Randomnameguy|New England INC|Post Grunge Supergroup|16367|12/28/2024 1:08:58 PM|Member|Democracy|None|Brown|12/27/2024 7:51:50 PM|100.28|7,999.99|1,081.021|War Mode|Pigs|Cattle|0|30,603.514|1|19,531|0|0|20|Active In The Last 3 Days|Aluminum|Sugar|Iron|Fish|Lumber|Marble|Spices|Wheat|Water|Uranium|10674|13157|
29506|ShadowDragon|The Cheeselands|Random Insanity Alliance|10038|7/23/2006 3:21:51 PM|Manager|Anarchy|Taoism|Maroon|7/23/2006 3:21:51 PM|839.11|5,480.24|5,053.400|War Mode|Pigs|Cattle|0|30,176.392|5|0|0|0|14|Active This Week|Aluminum|Marble|Fish|Uranium|Iron|Lumber|Sugar|Spices|Water|Wheat|3797972|7370481|
644711|CatDog|NicholasJoseph|Catholic Reich|17311|11/27/2024 1:16:34 PM|Member|Dictatorship|Islam|Black|10/7/2024 12:26:13 PM|383.45|6,017.59|4,965.637|War Mode|Fish|Marble|0|30,166.074|5|33,881|0|0|0|Active In The Last 3 Days|Aluminum|Uranium|Gold|Iron|Lead|Oil|Lumber|Wheat|||32750|291318|
633305|Angel Ray|Tecnia|Knights Of The Round Table|10092|5/19/2022 11:35:45 AM|Member|Communist|None|Green|4/27/2022 5:09:06 PM|100.38|6,896.36|502.370|War Mode|Gold|Oil|0|30,162.768|1|31,583|58|50|25|Active In The Last 3 Days|Aluminum|Rubber|Coal|Iron|Lead|Uranium|Lumber|Marble|Water|Wheat|526150|992986|
646799|Salt Meat|Ghost Sea|Doom Squad|16454|6/16/2025 5:26:36 PM|Member|Revolutionary Government|Taoism|Black|6/16/2025 5:24:45 PM|300.00|6,999.99|3,320.190|Peace Mode|Aluminum|Marble|0|29,931.155|5|17,545|0|0|0|Active In The Last 3 Days|Cattle|Wheat|Iron|Lumber|Lead|Uranium|Pigs|Fish|Sugar|Spices|2125|0|
627875|Goddess Fluttershy|Flutter Empire|Post Grunge Supergroup|16367|2/14/2023 11:47:51 AM|Member|Dictatorship|None|Yellow|5/6/2021 4:12:39 PM|100.08|8,999.99|923.511|War Mode|Water|Wheat|0|29,886.963|5|38,288|1,178|0|0|Active In The Last 3 Days|Cattle|Pigs|Iron|Lumber|Marble|Fish|Sugar|Spices|Uranium|Aluminum|270050|958879|
646836|Keyzlt5|Chi Seeds|Doom Squad|16454|6/20/2025 11:17:14 AM|Member|Democracy|Shinto|Black|6/20/2025 9:07:40 AM|200.00|7,999.99|2,600.000|Peace Mode|Oil|Rubber|0|29,818.250|5|15,914|0|0|0|Active In The Last 3 Days|Aluminum|Marble|Fish|Pigs|Gold|Coal|Iron|Lumber|Lead|Uranium|0|0|
646327|KittenGosCrazy|Aura Kingdom|Global Alliance And Treaty Organization|10003|4/21/2025 4:37:31 PM|Member|Capitalist|Judaism|Brown|4/21/2025 4:31:01 PM|3,200.00|3,999.99|999.990|War Mode|Lead|Wheat|0|29,617.455|5|5,875|0|0|0|Active In The Last 3 Days|Coal|Fish|Iron|Aluminum|Lumber|Marble|Oil|Rubber|Uranium|Gold|0|0|
257166|Yggdrazil|Ginginugap|Independent Republic Of Orange Nations|10004|5/10/2010 7:19:25 PM|Member|Capitalist|None|Orange|8/22/2008 11:45:06 PM|0.32|7,462.36|0.005|War Mode|Spices|Water|0|29,574.752|5|46,303|0|0|24|Active In The Last 3 Days|Aluminum|Iron|Lumber|Fish|Marble|Uranium|Pigs|Sugar|Wheat|Cattle|2627427|4132330|
642947|Buruguduystunstuguy|Buruguduystuguduy|Knights Of The Round Table|10092|6/1/2024 3:38:35 AM|Member|Federal Government|Shinto|Green|4/21/2024 12:21:35 AM|1,000.62|5,773.00|3,579.388|War Mode|Uranium|Water|0|29,551.201|5|40,000|3,000|2|0|Active In The Last 3 Days|Cattle|Pigs|Wheat|Coal|Wine|Fish|||||10464|77687|
161791|starschwar|Curitstan|Union Of Communist Republics|10060|2/9/2019 5:22:46 PM|Manager|Communist|Mixed|Brown|8/29/2007 3:51:53 PM|506.90|4,999.99|0.058|War Mode|Cattle|Uranium|0|29,389.143|1|48,249|5,198|0|25|Active In The Last 3 Days|Iron|Fish|Marble|Lumber|Pigs|Water|Sugar|Spices|Wheat|Aluminum|3741995|6366971|
23377|Pippedy|Lauran|Green Protection Agency|10041|6/27/2006 12:27:12 PM|Manager|Capitalist|None|Green|6/27/2006 12:27:12 PM|550.54|6,563.54|2,837.465|Peace Mode|Lumber|Water|0|29,193.907|5|64,720|0|0|1|Active In The Last 3 Days|Aluminum|Sugar|Cattle|Uranium|Fish|Wheat|Iron|Lead|Spices|Pigs|934132|3991169|
646497|Arcanium|Averium|Nuclear Proliferation League|17228|5/28/2025 8:04:46 AM|Member|Monarchy|Taoism|Aqua|5/12/2025 12:28:47 AM|100.00|5,999.90|4,256.510|Peace Mode|Uranium|Pigs|0|29,184.462|5|15,000|0|0|20|Active In The Last 3 Days|Aluminum|Spices|Iron|Marble|Lumber|Water|Sugar|Cattle|Wheat|Fish|0|616|
645156|RekEm Republic|RekEm Republic|The Legion|10020|11/30/2024 11:43:15 PM|Member|Anarchy|Mixed|Purple|11/30/2024 5:53:04 PM|505.23|5,888.39|4,052.631|War Mode|Oil|Pigs|0|29,045.124|1|24,244|0|0|1|Active In The Last 3 Days|Aluminum|Lumber|Coal|Gold|Fish|Wheat|Iron|Marble|Lead|Uranium|184913|178687|
604148|US Chrisderica|US of Chrisderica|Freehold of The Wolves|15157|12/1/2018 2:47:06 PM|Member|Federal Government|Christianity|White|5/18/2017 12:56:59 PM|500.66|6,099.99|0.621|War Mode|Cattle|Pigs|0|28,956.965|1|27,639|0|0|20|Active In The Last 3 Days|Aluminum|Marble|Lumber|Iron|Spices|Sugar|Uranium|Fish|Wheat|Water|519025|1164972|
25527|Flembosh|Randall|Mostly Harmless Alliance|14879|9/14/2023 6:28:26 PM|Member|Federal Government|Christianity|Aqua|7/10/2006 5:44:54 AM|100.88|9,199.65|0.000|War Mode|Wheat|Uranium|0|28,709.597|5|23,064|0|0|1|Active In The Last 3 Days|Aluminum|Iron|Gold|Marble|Oil|Lead|Sugar|Water|||1173795|2950932|
556496|rheebrosinc|SwagJuice|Christian Coalition Of Countries|10028|3/11/2016 10:26:24 PM|Member|Capitalist|Christianity|Maroon|6/29/2014 1:14:08 PM|204.88|5,999.99|887.019|War Mode|Fish|Uranium|0|28,631.949|1|20,352|0|2|25|Active In The Last 3 Days|Aluminum|Marble|Coal|Gold|Iron|Lumber|Lead|Oil|Pigs|Rubber|1126809|5521382|
628732|celticguy40|New Glockinshire|Independent Republic Of Orange Nations|10004|6/25/2021 12:18:12 PM|Member|Capitalist|Baha'i Faith|Orange|6/25/2021 12:13:39 PM|600.07|6,534.34|3,799.379|War Mode|Uranium|Water|0|28,626.424|5|16,200|0|0|0|Active In The Last 3 Days|Coal|Gold|Lead|Rubber|Lumber|Wheat|Marble|Iron|Oil|Aluminum|200769|584908|
623702|LordTGT|Indigo Federation|The Legion|10020|6/29/2020 4:41:10 PM|Member|Communist|Mixed|Purple|6/28/2020 9:23:57 PM|297.82|6,984.71|300.012|War Mode|Fish|Wheat|0|28,590.152|1|42,875|2,397|0|16|Active In The Last 3 Days|Aluminum|Lumber|Cattle|Water|Coal|Gold|Iron|Marble|Pigs|Uranium|217084|881541|
268021|Mandarijn|Mandarijni|Independent Republic of Orange Nations|10004|10/1/2008 8:33:35 AM|Member|Totalitarian State|Baha'i Faith|Orange|9/30/2008 9:06:12 AM|0.43|9,265.58|0.017|War Mode|Oil|Lead|0|28,556.690|5|25,387|0|0|5|Active Three Weeks Ago|Aluminum|Lumber|Coal|Gold|Iron|Fish|Marble|Wheat|Pigs|Uranium|6370989|11925384|
101986|windir|Technology|Global Alliance and Treaty Organization|10003|2/1/2007 12:53:25 PM|Member|Democracy|Mixed|Brown|2/1/2007 12:53:25 PM|100.66|6,999.99|8.348|War Mode|Coal|Lumber|0|28,459.790|1|30,000|470|0|25|Active In The Last 3 Days|Aluminum|Iron|Marble|Lead|Oil|Rubber|Water|Gold|Wheat|Uranium|57581|769293|
630683|Queen Aurore|Turnopia|Christian Coalition Of Countries|10028|10/23/2021 8:17:15 AM|Member|Capitalist|Christianity|Maroon|10/23/2021 8:06:02 AM|200.34|8,124.05|1,346.028|Peace Mode|Pigs|Rubber|0|28,432.925|5|13,000|0|18|0|Active In The Last 3 Days|Aluminum|Marble|Coal|Gold|Fish|Uranium|Iron|Lumber|Lead|Oil|29449|316415|
634256|I Win You Lose|I Win You Loose|The Phoenix Federation|17385|6/13/2025 7:19:30 PM|Member|Anarchy|Mixed|Black|7/1/2022 8:00:29 PM|109.39|6,462.22|805.246|War Mode|Water|Uranium|7|28,408.414|4|64,636|1,071|0|24|Active In The Last 3 Days|Aluminum|Lumber|Cattle|Wheat|Iron|Marble|Pigs|Fish|Spices|Sugar|3972906|4777825|
646840|Elowen Tharne|Veridanya|Nuclear Proliferation League|17228|6/23/2025 4:47:09 PM|Member|Capitalist|Christianity|Aqua|6/20/2025 7:36:18 PM|300.12|5,999.99|4,516.312|War Mode|Sugar|Cattle|0|28,385.079|1|53,271|5,223|0|0|Active In The Last 3 Days|Aluminum|Spices|Iron|Marble|Lumber|Water|Uranium|Pigs|Wheat|Fish|0|365|
645526|Khanya The Great|Triangula|Veneris|17356|2/1/2025 8:25:07 AM|Member|Republic|Judaism|White|1/22/2025 9:22:14 AM|0.14|6,999.99|1,000.000|War Mode|Cattle|Pigs|0|28,290.663|5|25,000|0|0|23|Active In The Last 3 Days|Aluminum|Iron|Fish|Wheat|Lumber|Sugar|Marble|Spices|Uranium|Water|6515|29529|
185460|905TF|Nachoburrito|Fark|10002|10/15/2018 11:01:30 AM|Member|Capitalist|Judaism|Aqua|11/29/2007 1:05:11 AM|1,596.50|5,999.99|1,104.534|War Mode|Marble|Uranium|0|28,139.276|5|25,000|0|0|0|Active Three Weeks Ago|Aluminum|Pigs|Cattle|Lumber|Iron|Wheat|Sugar|Spices|Water|Fish|2566305|4279603|
427182|Icepick|New Columbus|New Pacific Order|10000|5/13/2019 3:01:54 AM|Member|Monarchy|None|Red|10/8/2010 9:52:38 AM|110.06|6,999.99|0.207|War Mode|Coal|Uranium|0|28,120.577|5|16,000|0|0|25|Active In The Last 3 Days|Aluminum|Marble|Fish|Cattle|Iron|Lumber|Pigs|Wheat|||773557|1531328|
216250|LexusGS400RacerX|Lexus|CLAWS|15841|7/17/2018 1:33:25 AM|Member|Federal Government|Mixed|Black|3/30/2008 10:43:52 AM|1,399.99|3,999.99|1,545.366|War Mode|Iron|Lumber|0|28,053.846|5|19,433|486|0|25|Active This Week|Gold|Coal|Lead|Uranium|Oil|Rubber|Wheat|Fish|||575391|2816654|
647190|Tomato Emperor|Cabbage Empire|Christian Coalition Of Countries|10028|8/11/2025 2:12:27 AM|Member|Democracy|Hinduism|Maroon|8/6/2025 3:32:12 PM|608.76|6,259.92|1,742.230|War Mode|Lead|Oil|0|27,931.729|1|15,113|913|0|0|Active In The Last 3 Days|Aluminum|Marble|Fish|Uranium|Gold|Coal|Lumber|Iron|Pigs|Rubber|22372|3206|
638135|Lord Terrence Hood|Esteron|New Pacific Order|10000|7/30/2023 12:23:32 PM|Member|Republic|Christianity|Red|3/8/2023 6:58:18 PM|110.25|7,999.99|1,394.822|War Mode|Wheat|Pigs|0|27,823.454|5|20,000|1,400|50|0|Active In The Last 3 Days|Aluminum|Marble|Fish|Cattle|Lumber|Iron|Sugar|Spices|Uranium|Water|4022|281923|
551356|NuclearGlow|Dawg Nation|The Templar Knights|10012|11/8/2018 7:27:26 PM|Member|Republic|Voodoo|Maroon|4/15/2014 4:28:31 PM|650.49|5,999.99|0.245|War Mode|Fish|Uranium|0|27,792.779|5|14,500|0|0|25|Active This Week|Aluminum|Marble|Iron|Lumber|Pigs|Cattle|Sugar|Spices|Water|Wheat|149635|596220|
496717|Hertt|Worcester|Independent Republic Of Orange Nations|10004|4/25/2012 1:29:53 AM|Member|Revolutionary Government|Mixed|Orange|4/25/2012 1:28:57 AM|1,100.65|5,091.86|23.376|War Mode|Coal|Gold|0|27,627.542|5|28,181|0|0|25|Active Three Weeks Ago|||||||||||237102|1523090|
618189|Curiosity|Illusion|New Pacific Order|10000|5/3/2019 7:51:27 AM|Member|Transitional|None|Red|5/3/2019 1:58:41 AM|300.96|6,999.99|500.091|War Mode|Lumber|Iron|0|27,578.310|5|16,171|0|0|20|Active In The Last 3 Days|Aluminum|Marble|Fish|Cattle|Spices|Sugar|Water|Uranium|Wheat|Pigs|121339|225091|
637489|Osirispuprex|Osirispuprex|Post Grunge Supergroup|16367|4/13/2023 3:10:04 PM|Member|Capitalist|Christianity|Brown|1/25/2023 2:09:21 PM|320.00|4,999.99|1,495.666|War Mode|Pigs|Cattle|0|27,573.481|5|14,000|500|0|25|Active In The Last 3 Days|Aluminum|Marble|Iron|Fish|Spices|Sugar|Uranium|Lumber|Water|Wheat|32471|292817|
641533|Haamu|Sampo|WWF|14310|10/27/2024 12:02:41 PM|Member|Democracy|Taoism|Blue|1/5/2024 4:32:01 AM|100.25|8,499.99|848.596|War Mode|Iron|Lumber|0|27,561.497|5|14,368|0|0|0|Active In The Last 3 Days|Fish|Cattle|Gems|Wine|Pigs|Wheat|Sugar|Spices|Uranium|Water|77904|104443|
642140|Venusia|Tenebris|Post Grunge Supergroup|16367|2/17/2024 4:00:40 PM|Member|Totalitarian State|Confucianism|Brown|2/17/2024 3:51:03 PM|100.27|6,999.99|955.694|War Mode|Fish|Iron|0|27,456.678|1|23,090|300|0|20|Active In The Last 3 Days|Aluminum|Marble|Lumber|Cattle|Spices|Wheat|Uranium|Sugar|Water|Pigs|180|14|
643971|Blaze I|Brozil|Global Alliance And Treaty Organization|10003|6/13/2025 6:26:00 AM|Member|Communist|Voodoo|Brown|7/19/2024 8:19:53 PM|315.13|6,599.99|3,277.292|War Mode|Spices|Wheat|0|27,380.684|1|54,456|0|0|0|Active In The Last 3 Days|Aluminum|Marble|Iron|Fish|Lumber|Sugar|Pigs|Cattle|Water|Uranium|5840|0|
201835|Samwise|Gladius|Viridian Entente|10010|2/27/2018 10:51:34 PM|Member|Republic|Christianity|Green|1/31/2008 5:11:39 PM|1,032.46|3,339.29|2,099.999|War Mode|Uranium|Fish|41|27,373.000|5|10,393|0|0|9|Active More Than Three Weeks Ago|Cattle|Sugar|Iron|Lumber|Marble|Aluminum|Pigs|Spices|Water|Wheat|8758447|14791122|
344317|Caeiro|Ascardia|The Legion|10020|7/29/2009 12:56:56 PM|Member|Anarchy|None|Purple|7/20/2009 2:58:41 PM|458.25|4,061.90|12.578|War Mode|Marble|Iron|0|27,285.713|1|1,545|1,745|0|25|Active In The Last 3 Days|Aluminum|Lumber|Coal|Gold|Oil|Lead|Pigs|Uranium|Wheat|Fish|2527766|2979614|
645707|The Goddess|Cotyttia|Veneris|17356|2/13/2025 9:40:27 AM|Manager|Republic|Norse|White|2/13/2025 2:15:57 AM|100.10|5,999.99|1,545.903|War Mode|Fish|Wheat|0|27,250.700|5|9,069|0|0|25|Active In The Last 3 Days|Aluminum|Iron|Cattle|Pigs|Lumber|Sugar|Marble|Spices|Uranium|Water|73998|58519|
609716|xander99|Melton|New Pacific Order|10000|12/27/2017 1:29:30 PM|Member|Revolutionary Government|Mixed|Red|12/23/2017 12:29:20 PM|121.56|5,870.83|66.643|War Mode|Coal|Uranium|0|27,246.755|1|45,545|4,328|0|25|Active In The Last 3 Days|Aluminum|Marble|Fish|Cattle|Lead|Oil|Lumber|Iron|Wheat|Pigs|222208|561908|
532609|KingJohnny|Nechian Empire|Doom Squad|16454|5/30/2025 2:10:41 PM|Member|Republic|Mixed|Black|7/23/2013 7:58:07 PM|100.28|6,999.99|3,558.136|Peace Mode|Spices|Sugar|0|27,238.547|5|20,000|0|0|0|Active In The Last 3 Days|Aluminum|Marble|Cattle|Wheat|Fish|Pigs|Uranium|Iron|Water|Lumber|18296|12634|
558318|Falcon9|Darkest Chandler|Fark|10002|7/25/2014 11:23:12 AM|Member|Capitalist|None|Aqua|7/25/2014 11:22:45 AM|209.90|4,999.99|3,000.038|War Mode|Iron|Water|0|27,220.538|1|13,050|0|0|25|Active In The Last 3 Days|Aluminum|Pigs|Cattle|Spices|Fish|Lumber|Marble|Uranium|Sugar|Wheat|332440|821376|
640096|recockulous|Yuge Indictments|Fark|10002|9/7/2023 11:47:40 PM|Member|Capitalist|Mixed|Aqua|9/7/2023 11:46:55 PM|200.17|4,999.99|3,000.009|War Mode|Water|Uranium|0|27,094.862|1|12,700|0|0|25|Active In The Last 3 Days|Furs|Aluminum|Gems|Fish|Gold|Silver|Lumber|Coal|Pigs|Wheat|119270|275062|
644461|Aran Belmont|Metroidvania|Veneris|17356|1/30/2025 1:25:26 PM|Manager|Monarchy|Sikhism|White|9/12/2024 12:30:24 PM|100.07|5,999.99|1,305.983|War Mode|Lumber|Sugar|0|26,916.232|5|10,347|0|0|25|Active In The Last 3 Days|Aluminum|Iron|Cattle|Pigs|Fish|Wheat|Marble|Spices|Uranium|Water|147878|184474|
567239|GrumpyOldFool|Sugarstan|Fark|10002|12/18/2014 9:23:27 PM|Member|Capitalist|None|Aqua|12/18/2014 9:17:34 PM|100.25|6,865.39|603.214|War Mode|Iron|Wheat|0|26,847.074|5|22,742|0|0|13|Active This Week|Aluminum|Pigs|Cattle|Lumber|Marble|Uranium|Sugar|Spices|Water|Fish|344143|362770|
647124|Pocky|Pocky Two|Global Alliance And Treaty Organization|10003|7/27/2025 10:33:11 PM|Member|Communist|Confucianism|Brown|7/27/2025 10:32:42 PM|200.00|5,201.00|4,405.000|War Mode|Water|Uranium|0|26,836.600|5|12,525|1,728|50|0|Active In The Last 3 Days|Aluminum|Marble|Iron|Fish|Lumber|Sugar|Pigs|Cattle|Wheat|Spices|0|0|
632534|valves|valves2|Avalanche|10078|3/4/2022 7:41:14 PM|Member|Capitalist|Shinto|Blue|3/4/2022 7:38:48 PM|10.00|6,999.99|1,509.110|War Mode|Pigs|Uranium|0|26,813.630|5|13,000|0|0|18|Active In The Last 3 Days|Aluminum|Cattle|Fish|Iron|Lumber|Marble|Sugar|Spices|Water|Wheat|22857|47395|
638567|Cobert|Brightwood|Non Grata|10097|4/10/2023 3:27:27 PM|Member|Anarchy|Jainism|Maroon|4/10/2023 3:24:08 PM|46.03|8,491.24|87.868|War Mode|Iron|Lumber|0|26,749.968|1|1,251|0|2|8|Active In The Last 3 Days|Aluminum|Marble|Coal|Gold|Pigs|Fish|Uranium|Lead|Wheat|Oil|836110|2722104|
646568|Joan De Marquinly|Rallende|Nuclear Proliferation League|17228|5/21/2025 6:42:54 PM|Member|Transitional|Mixed|Aqua|5/20/2025 8:27:57 PM|161.50|5,999.00|5,030.000|War Mode|Gold|Spices|0|26,681.200|1|14,585|0|0|2|Active This Week|Coal|Rubber|Lead|Oil|Lumber|Iron|Marble|Aluminum|Uranium|Fish|0|0|
559650|frostde|palet|Independent Republic Of Orange Nations|10004|12/1/2024 4:17:26 AM|Member|Monarchy|Mixed|Orange|8/15/2014 6:31:24 PM|802.27|6,899.00|1,006.438|War Mode|Marble|Wheat|0|26,568.039|5|17,500|0|0|0|Active In The Last 3 Days|Aluminum|Lumber|Coal|Gold|Iron|Fish|Oil|Lead|Pigs|Uranium|82114|195572|
644680|Cutnpaste|Cutnpaste Island|NATO|10037|10/4/2024 5:49:57 PM|Member|Capitalist|Jainism|Blue|10/3/2024 10:44:51 PM|100.42|6,999.99|1,434.322|War Mode|Lead|Oil|0|26,517.261|5|15,185|0|0|16|Active In The Last 3 Days|Aluminum|Marble|Coal|Gold|Fish|Uranium|Iron|Lumber|Pigs|Rubber|128391|257385|
325990|Bleak Outlook|New Dun Likus|Fark|10002|5/4/2009 6:41:46 PM|Member|Communist|Shinto|Aqua|5/4/2009 6:41:13 PM|305.47|3,999.46|1,100.857|War Mode|Lead|Uranium|0|26,507.090|1|25,409|2,346|2|25|Active In The Last 3 Days|Gold|Aluminum|Pigs|Lumber|Rubber|Oil|Water|Marble|Wheat|Iron|1648195|3028924|
44453|bussie|Bussie|Veterans Hospital|17332|12/31/2024 7:51:08 PM|Manager|Monarchy|None|Black|9/13/2006 4:46:42 AM|2,222.54|3,999.39|1,889.628|Peace Mode|Lumber|Iron|0|26,505.289|5|15,000|0|1|5|Active In The Last 3 Days|Fish|Water|Lead|Aluminum|Marble|Uranium|||||113166|2060775|
620328|Albasti|Kayi Tribe|New Pacific Order|10000|11/1/2019 9:41:29 PM|Member|Monarchy|Mixed|Red|11/1/2019 9:40:53 PM|344.82|4,999.99|1,410.706|War Mode|Spices|Sugar|0|26,434.793|5|44,234|1,300|4|25|Active This Week|Aluminum|Marble|Coal|Uranium|Fish|Cattle|Iron|Lumber|Wheat|Pigs|1114346|2513168|
632766|Legne|WINSS|The Legion|10020|7/27/2022 8:19:10 AM|Member|Anarchy|Norse|Purple|3/20/2022 3:45:22 PM|804.34|3,292.36|7,374.416|War Mode|Iron|Uranium|0|26,420.407|1|0|0|25|11|Active In The Last 3 Days|Aluminum|Lumber|Coal|Gold|Lead|Marble|Oil|Pigs|Wheat|Fish|33819|161017|
646764|Reverend Edo|Outopostan|Global Alliance And Treaty Organization|10003|6/12/2025 9:09:34 PM|Member|Monarchy|Baha'i Faith|Brown|6/12/2025 8:01:34 PM|100.00|6,211.00|4,411.000|War Mode|Pigs|Cattle|0|26,251.500|1|25,000|10|0|0|Active In The Last 3 Days|Aluminum|Marble|Iron|Fish|Lumber|Sugar|Spices|Wheat|Water|Uranium|0|0|
645303|Leviticus|Hedonia Senae|Church of the Holy Platypus|17265|12/24/2024 8:25:13 PM|Member|Communist|Christianity|Brown|12/21/2024 1:15:21 AM|300.00|5,387.46|5,336.831|Peace Mode|Aluminum|Spices|0|26,127.632|5|23,000|0|0|0|Active In The Last 3 Days|Cattle|Wheat|Fish|Sugar|Iron|Lumber|Pigs|Marble|Uranium|Water|59018|213452|
481103|AzureShadow|Coobie|Doombrella|17368|6/15/2025 2:20:01 PM|Member|Communist|Mixed|Black|11/18/2011 10:58:15 PM|300.46|4,999.99|600.000|Peace Mode|Lead|Uranium|0|26,025.113|1|55,692|5,545|0|20|Active In The Last 3 Days|Aluminum|Marble|Cattle|Wheat|Iron|Lumber|Pigs|Fish|Sugar|Spices|254004|478894|
643876|LordInfamous|Swindlerstan|Independent Republic Of Orange Nations|10004|7/11/2024 7:36:47 PM|Member|Revolutionary Government|Mixed|Orange|7/11/2024 6:53:55 PM|100.39|5,999.99|560.813|War Mode|Aluminum|Coal|0|25,904.370|5|15,560|0|0|25|Active In The Last 3 Days|Gold|Lead|Iron|Lumber|Marble|Wheat|Oil|Uranium|Rubber|Water|240841|406117|
645105|Trench Foast|TrenchFoastia|Christian Coalition Of Countries|10028|12/10/2024 4:07:27 PM|Member|Communist|Christianity|Maroon|11/24/2024 11:39:34 AM|100.23|5,999.99|563.571|War Mode|Lead|Oil|0|25,900.966|1|15,226|0|0|25|Active In The Last 3 Days|Aluminum|Marble|Coal|Gold|Fish|Uranium|Iron|Lumber|Pigs|Rubber|42407|114480|
626678|slothix|Kevin|Non Grata|10097|7/20/2024 7:14:09 PM|Member|Communist|Jainism|Maroon|2/21/2021 9:56:32 PM|300.00|5,999.99|1,203.923|Peace Mode|Wheat|Oil|0|25,896.256|5|14,269|400|0|20|Active In The Last 3 Days|Aluminum|Marble|Coal|Gold|Lead|Uranium|Lumber|Iron|Pigs|Fish|93549|209212|
644426|Bram Walt Schirkophf|Texkentuck|Catholic Reich|17311|9/15/2024 5:35:11 PM|Manager|Anarchy|Christianity|Black|9/8/2024 8:29:01 PM|0.00|4,960.45|7,331.136|War Mode|Lumber|Wheat|0|25,878.059|2|0|0|0|0|Active Last Week|Aluminum|Uranium|Fish|Marble|Gold|Iron|Lead|Oil|Spices|Sugar|185866|657767|
533529|NustyPistachio|Isle of Noot|Post Grunge Supergroup|16367|9/15/2023 4:47:00 PM|Member|Republic|Voodoo|Brown|8/6/2013 7:31:36 PM|200.90|7,999.00|0.280|War Mode|Uranium|Sugar|0|25,853.361|1|42,572|0|0|0|Active In The Last 3 Days|Aluminum|Marble|Fish|Iron|Lumber|Cattle|Spices|Wheat|Water|Pigs|251009|211672|
645205|Escable|Dredal|Independent Republic Of Orange Nations|10004|12/7/2024 10:36:11 PM|Member|Totalitarian State|Voodoo|Orange|12/6/2024 9:05:35 PM|600.17|4,999.00|4,928.644|War Mode|Marble|Cattle|0|25,616.958|5|10,808|0|0|1|Active Three Weeks Ago|Coal|Gold|Lead|Fish|Lumber|Iron|Oil|Rubber|Uranium|Aluminum|56155|118053|
167138|Wad of Lint|Back Pocket|New Sith Order|17430|7/31/2025 2:48:03 PM|Manager|Monarchy|Norse|White|9/24/2007 10:50:21 AM|814.85|4,988.75|29.603|Peace Mode|Iron|Uranium|0|25,559.193|5|11,216|0|0|25|Active In The Last 3 Days|Marble|Aluminum|Wheat|Water|||||||2258852|4141815|
279053|Thom98|Swampville|The Wolves|16660|3/23/2022 2:02:14 PM|Member|Democracy|Voodoo|Maroon|11/13/2008 10:37:16 AM|300.79|4,363.07|2,800.223|War Mode|Fish|Water|0|25,514.488|5|15,049|2,000|0|24|Active In The Last 3 Days|Aluminum|Marble|Cattle|Wheat|Iron|Lumber|Spices|Sugar|Uranium|Pigs|6592586|12319368|
558538|Seiryuu|Kingdom of the Azure|Global Alliance And Treaty Organization|10003|9/18/2025 2:07:02 PM|Member|Capitalist|Mixed|Brown|7/28/2014 8:27:01 PM|4,922.63|25.12|455.788|War Mode|Water|Wheat|0|25,378.135|5|298|0|0|0|Active In The Last 3 Days|Aluminum|Marble|Cattle|Pigs|Fish|Uranium|Lumber|Iron|Sugar|Spices|1035450|2371061|
542485|RedQueen|Myotistan|Post Grunge Supergroup|16367|10/1/2024 4:51:04 AM|Member|Capitalist|Taoism|Brown|12/14/2013 9:10:05 AM|101.63|4,901.55|3.728|War Mode|Spices|Wheat|0|25,355.560|1|12,858|0|0|25|Active In The Last 3 Days|Aluminum|Marble|Iron|Pigs|Lumber|Cattle|Sugar|Uranium|Water|Fish|839255|1637730|
259695|OTTOTTO|OTTOTTO||0|7/3/2025 10:22:10 PM|None|Anarchy|None|Red|8/31/2008 6:56:01 AM|2,712.65|3,854.02|0.000|War Mode|Fish|Wheat|0|25,304.741|3|39|0|0|0|Active This Week|||||||||||3216790|5663961|
46495|Magnus|Tritoria|Independent Republic Of Orange Nations|10004|8/24/2009 12:36:41 PM|Member|Revolutionary Government|None|Orange|9/19/2006 1:24:27 PM|447.90|2,999.61|1,262.247|War Mode|Rubber|Water|0|25,274.959|5|24,353|2,431|0|25|Active In The Last 3 Days|Aluminum|Coal|Gold|Lead|Iron|Lumber|Marble|Wheat|Oil|Uranium|808112|1718463|
632290|JT the Lionheart|Empire of the Rock|The Wolves|16660|2/25/2022 9:36:00 AM|Member|Monarchy|Christianity|Maroon|2/16/2022 10:36:27 AM|101.95|5,899.99|304.202|War Mode|Iron|Lumber|0|25,216.271|5|15,014|0|0|25|Active This Week|Aluminum|Marble|Cattle|Wheat|Fish|Water|Spices|Sugar|Uranium|Pigs|708405|914916|
616302|Ashwyesum|The Ashes State|New Pacific Order|10000|1/4/2019 8:03:11 PM|Member|Capitalist|Buddhism|Red|1/4/2019 7:40:22 PM|110.05|5,999.99|0.003|War Mode|Wheat|Pigs|0|24,994.977|5|9,738|0|0|25|Active Last Week|Cattle|Fish|Coal|Uranium|Furs|Wine|Gems|Silver|Oil|Lead|462455|1589453|
624193|The1nonlykk|Biourja|Non Grata|10097|6/12/2023 11:39:38 PM|Member|Anarchy|Taoism|Maroon|8/9/2020 6:30:27 AM|68.89|8,154.88|4.821|War Mode|Wheat|Oil|0|24,984.324|1|8,401|0|0|0|Active In The Last 3 Days|Aluminum|Marble|Coal|Gold|Iron|Lumber|Pigs|Fish|Uranium|Lead|443126|2133089|
640191|Landowner|Free Land for Sale|COBRA|13717|6/18/2024 12:21:50 PM|Member|Monarchy|Mixed|Brown|9/17/2023 12:34:22 PM|121.33|7,099.02|1,609.665|War Mode|Fish|Sugar|0|24,859.036|1|26,040|100|0|0|Active In The Last 3 Days|Aluminum|Spices|Cattle|Wheat|Iron|Lumber|Pigs|Marble|Uranium|Water|94406|152939|
639953|Mihail the Just|Republic of Onivlac|New Polar Order|10006|8/28/2023 4:05:21 PM|Member|Communist|Mixed|Blue|8/26/2023 5:18:51 PM|122.46|4,900.77|405.320|War Mode|Coal|Oil|0|24,849.451|1|37,026|3,702|0|25|Active In The Last 3 Days|Aluminum|Marble|Cattle|Pigs|Fish|Uranium|Iron|Sugar|Lumber|Water|445391|601679|
591794|Raden Wijaya|Kerajaan Majapahit|New Polar Order|10006|5/24/2016 7:09:35 AM|Member|Anarchy|Mixed|Green|5/24/2016 12:49:19 AM|382.67|5,421.89|125.566|War Mode|Spices|Sugar|0|24,813.271|2|46,979|4,519|0|17|Active In The Last 3 Days|Cattle|Pigs|Fish|Aluminum|Iron|Marble|Lumber|Water|Uranium|Wheat|562288|1483536|
641723|New Rome|Prussia the Great|The Prussian Empire|14204|10/17/2024 6:05:57 PM|Member|Monarchy|Norse|Orange|1/11/2024 6:33:25 PM|525.00|6,330.00|410.392|War Mode|Coal|Oil|0|24,730.602|5|12,500|0|0|0|Active In The Last 3 Days|Gold|Water|Lumber|Aluminum|Rubber|Lead|Uranium|Wheat|||3292|21128|
644899|Hive Fleet Kronos|Hive Fleet Kronos|The Legion|10020|10/28/2024 1:14:09 PM|Member|Communist|Voodoo|Purple|10/28/2024 1:00:37 PM|102.23|4,872.76|5,138.083|War Mode|Coal|Gold|0|24,694.734|1|41,237|4,058|0|0|Active In The Last 3 Days|Aluminum|Lumber|Iron|Uranium|Lead|Marble|Oil|Pigs|Wheat|Fish|50101|5223|
598596|XxWatchmanxX|Northern America|New Polar Order|10006|11/29/2016 8:28:31 PM|Member|Anarchy|Christianity|Blue|11/25/2016 1:34:51 AM|2,624.57|3,205.35|741.110|War Mode|Rubber|Pigs|0|24,640.637|5|3|0|0|5|Active This Week|Aluminum|Marble|Coal|Gold|Fish|Uranium|Iron|Lumber|Lead|Oil|964614|2022950|
5921|Mary the Fantabulous|Rothinzil|New Pacific Order|10000|4/19/2008 2:54:19 PM|Member|Democracy|Voodoo|Green|3/22/2006 11:52:22 AM|598.85|4,999.59|0.000|War Mode|Marble|Fish|0|24,563.020|5|16,000|0|0|25|Active In The Last 3 Days|Cattle|Sugar|Lumber|Iron|Spices|Pigs|Water|Aluminum|Wheat|Uranium|3325861|5523335|
506358|lightningjim|Fulmen Ingenium|Doom Squad|16454|6/15/2025 1:32:23 PM|Member|Communist|Buddhism|Black|8/25/2012 10:16:39 AM|90.00|6,699.99|2,000.693|Peace Mode|Iron|Lumber|0|24,562.488|1|39,074|0|0|0|Active This Week|Aluminum|Marble|Cattle|Wheat|Lead|Uranium|Pigs|Fish|Sugar|Spices|60213|144695|
566736|amossio|amossio|Doombrella|17368|6/12/2025 6:20:55 AM|Member|Communist|Shinto|Black|12/9/2014 7:44:32 PM|200.32|5,999.00|1,275.866|Peace Mode|Uranium|Lead|0|24,544.253|1|55,003|5,159|0|0|Active In The Last 3 Days|Aluminum|Marble|Fish|Wheat|Gold|Coal|Lumber|Iron|Rubber|Oil|31998|35013|
642110|Warden of 24 thralls|Hellionia|The Dark Templar|10056|2/25/2024 11:03:50 AM|Member|Monarchy|Voodoo|Black|2/14/2024 6:00:11 PM|100.00|4,999.99|1,642.310|Peace Mode|Aluminum|Marble|0|24,427.440|5|35,200|0|0|24|Active In The Last 3 Days|Fish|Pigs|Iron|Lumber|Sugar|Spices|Uranium|Water|Wheat|Cattle|88|0|
640557|CrixKringle|Paragonia|Viridian Entente|10010|10/19/2023 3:08:12 PM|Member|Capitalist|Christianity|Green|10/16/2023 9:25:47 PM|10.00|7,799.09|426.834|War Mode|Spices|Fish|0|24,369.735|4|14,110|0|0|0|Active In The Last 3 Days|Aluminum|Pigs|Cattle|Sugar|Uranium|Marble|Water|Cattle|Wheat|Sugar|15350|200602|
645139|4 Marzo|Nuova Sicilia|Veneris|17356|1/30/2025 9:00:02 AM|Manager|Capitalist|None|White|11/28/2024 6:00:03 AM|100.05|4,999.99|1,595.996|War Mode|Uranium|Water|27|24,345.096|5|10,045|0|0|25|Active In The Last 3 Days|Aluminum|Iron|Cattle|Pigs|Fish|Wheat|Lumber|Sugar|Marble|Spices|306921|754640|
561416|CaptainBBear|Arctic Bearland|AGW Overlords|10043|9/15/2014 8:28:18 AM|Member|Capitalist|Norse|Black|9/15/2014 7:46:46 AM|30.45|4,999.99|4,999.999|War Mode|Water|Lumber|0|24,158.113|5|11,946|35|2|2|Active In The Last 3 Days|Coal|Marble|Iron|Aluminum|Oil|Rubber|Uranium|Wheat|||63797|158589|
551982|Jason Cyberius|Cyberium|Global Alliance And Treaty Organization|10003|7/11/2025 3:25:36 PM|Member|Revolutionary Government|Voodoo|Brown|4/25/2014 3:05:50 PM|100.00|5,999.99|3,450.000|War Mode|Sugar|Lumber|0|24,128.950|5|22,499|20|0|0|Active In The Last 3 Days|Aluminum|Marble|Iron|Fish|Pigs|Cattle|Spices|Wheat|Uranium|Water|0|0|
483058|Dubh Caireallain|Roisin Dubh|New Polar Order|10006|12/10/2011 7:50:49 AM|Member|Anarchy|Mixed|Blue|12/7/2011 12:23:48 PM|217.63|5,797.59|21.860|War Mode|Uranium|Fish|0|24,084.756|1|40,510|3,556|0|14|Active In The Last 3 Days|Coal|Gold|Iron|Lumber|Marble|Aluminum|Pigs|Rubber|Water|Wheat|3746511|6611784|
646383|Son Of Him|Land of Forever|aNiMaLz|17433|8/8/2025 8:45:44 PM|Manager|Anarchy|Christianity|Black|4/27/2025 4:23:04 PM|215.16|4,576.94|3,749.393|War Mode|Aluminum|Uranium|0|24,064.192|1|173|0|0|18|Active In The Last 3 Days|Fish|Marble|Gold|Iron|Lead|Oil|Lumber|Wheat|Wine|Fish|71133|144222|
635734|Monyulking|Bomdi La|Independent Republic Of Orange Nations|10004|10/12/2022 9:51:35 AM|Member|Monarchy|Buddhism|Orange|10/12/2022 9:36:22 AM|0.14|5,499.99|3,001.488|War Mode|Lead|Rubber|0|24,032.707|5|13,989|0|0|15|Active In The Last 3 Days|Aluminum|Iron|Lumber|Marble|Oil|Gold|Uranium|Coal|Wheat|Fish|14234|235169|
555876|Khandov|Polonia Overlordship|New Pacific Order|10000|6/20/2014 11:20:57 AM|Member|Dictatorship|Christianity|Red|6/19/2014 5:23:27 PM|100.24|6,999.56|14.540|Peace Mode|Oil|Lead|0|24,019.180|5|18,124|875|0|14|Active In The Last 3 Days|Cattle|Fish|Coal|Uranium|Furs|Wine|Wheat|Pigs|||885019|1267847|
560469|draggie|Aporia|Non Grata|10097|5/12/2023 4:58:21 PM|Member|Communist|None|Maroon|8/29/2014 6:01:03 PM|400.13|6,999.99|7.556|Peace Mode|Coal|Gold|0|23,957.516|5|15,278|0|0|8|Active In The Last 3 Days|Iron|Lumber|Marble|Aluminum|Oil|Wheat|Pigs|Fish|Uranium|Lead|94679|222590|
646804|dragonshardz|Cruinneachadh|Doom Squad|16454|6/16/2025 8:08:52 PM|Member|Communist|Christianity|Black|6/16/2025 8:08:15 PM|200.00|5,999.99|3,045.642|Peace Mode|Sugar|Spices|0|23,868.186|5|14,987|0|0|0|Active This Week|Aluminum|Marble|Cattle|Wheat|Iron|Lumber|Lead|Uranium|Pigs|Fish|0|0|
643162|DarkDefiance|United Defiance|New Pacific Order|10000|5/7/2024 2:38:21 AM|Member|Anarchy|Christianity|Red|5/7/2024 2:33:44 AM|110.48|5,225.04|1,006.132|War Mode|Pigs|Wheat|0|23,725.315|1|38,526|3,828|0|20|Active In The Last 3 Days|Aluminum|Marble|Coal|Uranium|Fish|Cattle|Lead|Oil|Lumber|Iron|27672|174210|
621333|The 73MPL4R|Omsmos|New Polar Order|10006|1/27/2020 2:46:16 AM|Member|Anarchy|None|Blue|1/27/2020 2:43:49 AM|170.73|6,577.68|1,108.172|War Mode|Fish|Uranium|0|23,526.957|5|0|40|0|10|Active In The Last 3 Days|Aluminum|Marble|Gold|Coal|Iron|Lumber|Lead|Oil|Pigs|Rubber|902645|2234700|
572053|Antiega|Serdio|New Pacific Order|10000|3/20/2015 9:07:27 PM|Member|Republic|Shinto|Red|3/9/2015 10:23:31 PM|132.73|4,947.96|383.977|War Mode|Coal|Uranium|0|23,519.878|5|33,220|3,479|0|24|Active In The Last 3 Days|Aluminum|Marble|Fish|Cattle|Lead|Oil|Lumber|Iron|Pigs|Wheat|1312608|2818766|
637699|0xRedd|CyberIndo|New Pacific Order|10000|2/9/2023 6:09:25 PM|Member|Monarchy|Mixed|Red|2/9/2023 5:59:06 PM|100.40|4,999.99|1,000.196|War Mode|Oil|Lead|0|23,497.993|1|12,286|0|0|25|Active In The Last 3 Days|Aluminum|Marble|Cattle|Fish|Iron|Lumber|Water|Uranium|Wheat|Pigs|112327|292318|
634418|Oscarcars|PrussiaBavaria|The Legion|10020|7/15/2022 12:36:07 PM|Member|Democracy|None|Purple|7/14/2022 7:36:17 AM|100.05|6,999.99|710.226|Peace Mode|Fish|Wheat|0|23,472.526|5|20,850|0|0|0|Active In The Last 3 Days|Aluminum|Lumber|Coal|Gold|Iron|Marble|Lead|Uranium|Oil|Pigs|4500|8952|
645984|keyman|Bonland|Nuclear Proliferation League|17228|4/24/2025 6:00:56 PM|Member|Federal Government|Christianity|Aqua|3/15/2025 2:32:56 PM|100.97|5,999.13|2,269.785|War Mode|Sugar|Wheat|0|23,337.312|1|16,770|0|14|9|Active In The Last 3 Days|Aluminum|Pigs|Cattle|Spices|Fish|Lumber|Iron|Water|Marble|Uranium|2550|9315|
426185|DeathAdder|Westfalen|Doombrella|17368|4/7/2025 8:20:20 PM|Member|Anarchy|Norse|Black|10/1/2010 12:47:12 AM|52.85|6,718.82|115.187|War Mode|Uranium|Lead|0|23,334.972|1|11,316|1,502|2|8|Active In The Last 3 Days|Cattle|Wheat|Coal|Gold|Fish|Pigs|Lumber|Iron|Marble|Aluminum|6681497|11306342|
151549|bros2|LUEshida|Mushroom Kingdom|17088|7/19/2023 8:40:38 PM|Member|Anarchy|Buddhism|Maroon|7/4/2007 11:26:58 PM|1,528.59|4,543.64|47.697|War Mode|Fish|Uranium|0|23,290.426|5|0|0|0|8|Active In The Last 3 Days|||||||||||1143530|3221997|
558909|InvaderZim1987|Robonia|Fark|10002|8/3/2014 9:15:27 PM|Member|Capitalist|Shinto|Aqua|8/3/2014 2:37:10 PM|600.00|4,999.99|111.681|Peace Mode|Pigs|Lumber|0|23,233.491|5|8,500|4,080|12|2|Active In The Last 3 Days|Gold|Aluminum|Lead|Uranium|Rubber|Oil|Water|Marble|Wheat|Iron|117952|585171|
646839|rickm27|Balmoria|Nuclear Proliferation League|17228|6/20/2025 7:09:08 PM|Member|Anarchy|Hinduism|Aqua|6/20/2025 6:32:06 PM|121.48|3,132.22|5,347.040|War Mode|Aluminum|Spices|0|23,208.071|2|28,461|2,571|2|20|Active In The Last 3 Days|Iron|Marble|Lumber|Water|Sugar|Cattle|Uranium|Pigs|Wheat|Fish|0|135610|
554906|Terekhov|Revenge of Gravity|New Pacific Order|10000|6/6/2014 5:53:17 PM|Member|Monarchy|Christianity|Red|6/6/2014 5:52:19 PM|110.04|5,699.99|819.485|Peace Mode|Uranium|Water|0|23,085.366|5|10,299|0|0|20|Active In The Last 3 Days|Aluminum|Marble|Cattle|Fish|Sugar|Spices|Wheat|Pigs|||278385|352469|
599846|RandomWon|Hangry|Sparta|10008|1/4/2017 9:02:53 PM|Member|Monarchy|Christianity|Green|1/2/2017 1:48:18 PM|300.00|4,999.99|4,094.468|War Mode|Aluminum|Rubber|0|23,035.715|5|11,702|0|0|4|Active In The Last 3 Days|Coal|Iron|Gold|Oil|Lead|Uranium|Lumber|Marble|Water|Wheat|29634|56238|
645053|Geezy VIII|SOS Empire|Independent Republic Of Orange Nations|10004|11/16/2024 8:55:28 PM|Member|Federal Government|Sikhism|Orange|11/16/2024 8:44:53 PM|100.50|6,999.00|667.565|War Mode|Aluminum|Cattle|0|23,004.181|5|14,588|1,058|0|0|Active In The Last 3 Days|Fish|Uranium|Iron|Pigs|Lumber|Water|Sugar|Spices|Wheat|Marble|3832|1257|
646473|Pegasus Gold Saint|Saint Seiya|Veneris|17356|6/5/2025 6:10:20 AM|Member|Dictatorship|Jainism|White|5/9/2025 2:55:20 AM|100.33|4,999.99|1,080.998|War Mode|Cattle|Spices|0|22,994.952|5|5,592|0|0|24|Active In The Last 3 Days|Aluminum|Fish|Marble|Lumber|Pigs|Iron|Uranium|Water|Wheat|Sugar|19085|16107|
301419|SirTwist|Twistland|The Grand Lodge Of Freemasons|10029|10/12/2019 12:14:21 PM|Member|Capitalist|Norse|Orange|2/10/2009 11:55:47 AM|1,180.22|5,599.99|0.049|War Mode|Marble|Oil|0|22,946.147|5|12,250|0|0|0|Active In The Last 3 Days|Aluminum|Lumber|Iron|Lead|Water|Uranium|Wheat|Rubber|||22218|624929|
356682|Logic|8Bit Nation|Doombrella|17368|6/1/2025 6:01:14 PM|Member|Anarchy|Buddhism|Black|9/10/2009 2:04:07 AM|315.37|5,164.82|38.058|War Mode|Uranium|Lead|0|22,921.230|1|49,290|4,628|0|12|Active In The Last 3 Days|Aluminum|Marble|Coal|Gold|Fish|Pigs|Oil|Wheat|Sugar|Spices|615113|1377260|
640161|ToiletGaming3000|Good Game|New Polar Order|10006|1/16/2024 10:20:16 AM|Member|Anarchy|Mixed|Blue|9/14/2023 11:54:12 AM|500.25|4,999.99|649.667|War Mode|Pigs|Rubber|1|22,852.075|1|42,128|4,169|0|0|Active In The Last 3 Days|Coal|Gold|Iron|Lumber|Marble|Aluminum|Uranium|Fish|Water|Wheat|386633|1160362|
233988|Antiglams|Benerilandia|NATO|10037|4/11/2022 5:49:41 PM|Member|Monarchy|Mixed|Blue|6/3/2008 12:34:50 PM|200.24|2,500.00|3,801.032|War Mode|Gold|Coal|0|22,732.764|5|12,000|0|0|25|Active In The Last 3 Days|Aluminum|Marble|Fish|Uranium|Iron|Lumber|Lead|Oil|Pigs|Rubber|1500530|4023867|
631459|Gorbachov|Soviet Union|COMECON|16703|12/14/2021 4:10:06 PM|Manager|Communist|None|Red|12/14/2021 7:28:27 AM|100.44|7,300.00|0.000|War Mode|Water|Wheat|4|22,722.204|5|16,000|0|0|0|Active In The Last 3 Days|Cattle|Pigs|Fish|Lumber|Iron|Uranium|Oil|Aluminum|Silver|Spices|85965|359038|
355527|MP2012|TerRep|WWF|14310|2/23/2023 11:53:59 AM|Member|Revolutionary Government|Mixed|Green|9/5/2009 2:27:32 PM|0.12|4,999.99|0.110|War Mode|Pigs|Fish|0|22,550.736|5|0|0|4|25|Active Last Week|Iron|Lumber|Spices|Marble|||||||506210|1184181|
641765|Chandragupta Maurya|Maurya Dynasty|New Polar Order|10006|1/14/2024 9:29:52 AM|Member|Anarchy|Hinduism|Blue|1/14/2024 7:50:01 AM|88.93|5,918.25|117.134|War Mode|Aluminum|Marble|0|22,494.811|1|46,767|4,272|0|12|Active In The Last 3 Days|Coal|Gold|Iron|Lumber|Lead|Oil|Pigs|Rubber|Uranium|Fish|425170|723445|
643658|jazzjambos|Fruiland|New Pacific Order|10000|6/23/2024 2:27:05 AM|Member|Communist|Christianity|Red|6/20/2024 9:33:13 AM|105.00|4,999.99|500.000|War Mode|Lumber|Iron|0|22,456.302|1|37,186|3,614|0|20|Active In The Last 3 Days|Aluminum|Marble|Coal|Uranium|Fish|Cattle|Lead|Oil|Pigs|Wheat|116343|168049|
588353|FieryVixen|Craptonia|Global Alliance And Treaty Organization|10003|7/3/2025 2:28:19 PM|Member|Capitalist|Islam|Brown|3/2/2016 8:01:59 PM|100.38|4,999.00|4,422.343|War Mode|Water|Uranium|0|22,353.564|5|11,058|0|0|0|Active In The Last 3 Days|Aluminum|Marble|Iron|Fish|Lumber|Sugar|Pigs|Cattle|Spices|Wheat|292|4743|
620036|Vex L Zher|Lodraland|Nuclear Proliferation League|17228|5/10/2025 3:29:38 PM|Member|Anarchy|None|White|10/11/2019 9:11:15 PM|79.88|4,940.80|2,978.471|War Mode|Coal|Oil|0|22,307.917|5|33,020|3,140|24|9|Active In The Last 3 Days|Cattle|Lumber|Fish|Rubber|Gold|Lead|Iron|Aluminum|Marble|Uranium|35639|66455|
644042|calicocatface|Calico Islands|Non Grata|10097|8/5/2024 12:24:07 AM|Member|Communist|None|Maroon|7/28/2024 6:17:46 PM|315.49|4,999.99|1,000.000|Peace Mode|Coal|Gold|0|22,297.440|5|11,000|0|0|20|Active In The Last 3 Days|Iron|Lumber|Marble|Aluminum|Oil|Wheat|Pigs|Fish|Uranium|Lead|223580|300444|
645082|TowerQueen|Turrim|New Pacific Order|10000|11/21/2024 12:56:04 AM|Member|Anarchy|Mixed|Red|11/21/2024 12:53:58 AM|105.08|4,725.04|1,341.869|War Mode|Aluminum|Marble|0|22,229.675|1|34,057|3,201|0|20|Active In The Last 3 Days|Coal|Uranium|Fish|Cattle|Iron|Lumber|Lead|Oil|Pigs|Wheat|40915|50059|
638658|Willismf1|Kraminator|Independent Republic Of Orange Nations|10004|4/19/2023 8:50:00 AM|Member|Capitalist|Sikhism|Orange|4/18/2023 1:45:48 PM|551.35|5,499.50|1,587.438|War Mode|Aluminum|Lumber|0|22,150.269|5|21,192|0|0|3|Active In The Last 3 Days|Coal|Gold|Iron|Uranium|Lead|Marble|Rubber|Oil|Water|Wheat|190511|641501|
645571|cantbelieveimback|Techlandia|Doombrella|17368|2/23/2025 1:33:10 AM|Member|Communist|None|Black|1/27/2025 9:28:00 PM|100.71|5,300.01|2,698.824|Peace Mode|Sugar|Spices|0|22,052.531|5|50,036|0|10|0|Active This Week|Aluminum|Marble|Coal|Gold|Fish|Pigs|Oil|Wheat|Uranium|Lead|10807|4795|
543972|zachart|The Father Land|New Pacific Order|10000|7/31/2015 3:35:52 PM|Member|Democracy|Jainism|Red|1/6/2014 6:30:56 PM|100.00|4,999.03|0.000|War Mode|Uranium|Water|0|21,997.777|5|12,534|0|0|25|Active In The Last 3 Days|Aluminum|Marble|Fish|Cattle|Lumber|Iron|Sugar|Spices|Wheat|Pigs|320019|3397508|
86125|ulrik|Ultrama|Pirates Of The Parrot Order|10059|10/30/2015 10:19:11 PM|Member|Monarchy|Shinto|White|12/30/2006 6:25:03 PM|1,294.06|4,895.00|0.058|War Mode|Lumber|Aluminum|0|21,927.670|5|6,115|0|1|8|Active Last Week|||||||||||425579|719474|
41084|ViceOverlord|Bettongia|New Pacific Order|10000|8/31/2006 2:51:29 AM|Pending|Monarchy|None|Red|8/31/2006 2:51:29 AM|106.82|4,950.96|0.428|War Mode|Gems|Furs|0|21,807.607|5|14,000|0|0|21|Active In The Last 3 Days|Silver|Spices|||||||||998398|3083564|
605|Dilber|Dilber|New Pacific Order|10000|4/28/2018 12:16:45 AM|Member|Revolutionary Government|Judaism|Red|1/27/2006|938.35|5,499.99|0.000|War Mode|Uranium|Rubber|0|21,671.966|5|16,013|0|0|4|Active Last Week|||||||||||2260357|2788200|
248201|gegthomas|Lzarja|Freehold of The Wolves|15157|12/2/2018 8:41:33 PM|Member|Communist|Norse|White|7/23/2008 3:40:24 AM|100.38|2,999.99|3,330.708|War Mode|Aluminum|Marble|0|21,637.911|1|15,000|2,725|0|25|Active In The Last 3 Days|Cattle|Pigs|Lumber|Iron|Spices|Sugar|Uranium|Fish|Wheat|Water|389287|1496111|
625902|Patrick Stewart|Republic of Yorkshir|Non Grata|10097|1/2/2021 6:03:15 PM|Member|Democracy|Jainism|Maroon|1/2/2021 6:00:52 PM|100.10|3,999.35|3,001.906|Peace Mode|Coal|Gold|0|21,617.420|5|9,301|0|2|21|Active This Week|Fish|Pigs|Lumber|Iron|Marble|Aluminum|Oil|Wheat|Uranium|Lead|38640|194310|
646947|Hawggystyle|Djibigbouti|Doombrella|17368|7/3/2025 9:21:06 PM|Member|Communist|Christianity|Black|7/3/2025 9:13:38 PM|199.55|5,499.99|1,399.634|Peace Mode|Aluminum|Marble|0|21,601.220|5|52,594|4,761|0|0|Active This Week|Cattle|Wheat|Coal|Gold|Iron|Lumber|Pigs|Fish|Spices|Sugar|1364|0|
644690|kylelandia|Kylelandia|Nuclear Proliferation League|17228|5/13/2025 3:55:18 PM|Member|Communist|Islam|Aqua|10/5/2024 4:29:37 PM|502.10|3,595.69|2,930.462|War Mode|Iron|Marble|0|21,566.492|5|24,493|940|0|4|Active In The Last 3 Days|Aluminum|Spices|Lumber|Water|Sugar|Cattle|Uranium|Pigs|Wheat|Fish|64331|47726|
379932|VickiB|Quantum Leap|New Polar Order|10006|1/15/2010 7:32:32 PM|Manager|Revolutionary Government|Taoism|Blue|1/14/2010 6:04:58 PM|1,160.83|2,408.27|1.830|War Mode|Iron|Sugar|0|21,551.959|1|10,364|340|1|24|Active In The Last 3 Days|Aluminum|Marble|Coal|Oil|Fish|Uranium|Lumber|Water|||1972859|4077981|
637223|ItsShader|Empire of Kazdouria|Knights Of The Round Table|10092|8/28/2023 9:42:37 AM|Member|Revolutionary Government|Taoism|Green|1/9/2023 7:04:50 PM|0.35|5,057.17|3,800.000|War Mode|Sugar|Spices|0|21,514.137|5|21,044|0|0|1|Active In The Last 3 Days|Aluminum|Iron|Cattle|Uranium|Fish|Pigs|Marble|Lumber|Water|Wheat|57143|568002|
646800|Brotherlouie27|Louimerica II|Global Alliance And Treaty Organization|10003|6/16/2025 6:19:45 PM|Member|Monarchy|Mixed|Brown|6/16/2025 6:09:01 PM|110.29|4,999.99|2,733.656|War Mode|Lumber|Sugar|0|21,428.119|1|11,541|2|0|0|Active In The Last 3 Days|Aluminum|Marble|Iron|Fish|Pigs|Cattle|Spices|Wheat|Water|Uranium|6021|1336|
188606|Lietuva Mafia|LietuvaMafia|Alpha Wolves|15855|7/16/2018 9:50:17 AM|Manager|Capitalist|Judaism|Orange|12/11/2007 9:29:38 AM|1,007.14|4,300.00|2,132.302|Peace Mode|Cattle|Pigs|2|21,339.724|5|8,409|37|3|0|Active In The Last 3 Days|Aluminum|Uranium|Iron|Uranium|Spices|Sugar|Sugar|Water|Uranium|Water|10766|111039|
646025|Hiten21|HAPUD|The Dark Templar|10056|5/30/2025 6:41:54 AM|Member|Monarchy|Jainism|Black|3/19/2025 9:22:50 AM|400.00|4,999.60|1,100.000|Peace Mode|Gold|Lead|0|21,260.520|5|18,086|0|0|15|Active In The Last 3 Days|Aluminum|Marble|Coal|Uranium|Fish|Wheat|Iron|Lumber|Rubber|Oil|0|0|
630674|Ghostruler1|Winterfelllllll|New Pacific Order|10000|1/24/2023 4:40:06 PM|Member|Dictatorship|Judaism|Red|10/22/2021 8:51:39 PM|100.04|4,999.99|214.511|War Mode|Fish|Cattle|0|21,212.221|5|6,276|1,249|0|21|Active In The Last 3 Days|Aluminum|Marble|Coal|Uranium|Iron|Lumber|Lead|Oil|Pigs|Wheat|678476|1330176|
631191|Magnus IV|Kingdom of Ars Magna|CLAWS|15841|11/30/2021 2:50:24 AM|Member|Anarchy|Christianity|Black|11/23/2021 4:40:46 AM|455.70|2,809.00|1,546.258|War Mode|Aluminum|Marble|0|21,049.996|1|1,512|1,527|0|25|Active In The Last 3 Days|Coal|Gold|Iron|Lumber|Oil|Rubber|Uranium|Lead|Wheat|Fish|145074|1071980|
288817|General Eze|Big Blue Nation|Christian Coalition Of Countries|10028|11/15/2013 7:54:55 AM|Member|Republic|Christianity|Maroon|12/23/2008 7:48:48 AM|100.85|5,435.17|1,486.448|War Mode|Pigs|Rubber|0|20,978.013|1|41,179|1,000|0|8|Active In The Last 3 Days|Fish|Uranium|Gold|Coal|Lead|Oil|Lumber|Iron|Sugar|Spices|694547|1648290|
599547|LongFist|Gemini Technocracy|New Polar Order|10006|12/23/2016 12:45:55 PM|Member|Anarchy|Shinto|Blue|12/23/2016 12:37:33 PM|500.01|2,987.77|4,301.040|War Mode|Iron|Lumber|0|20,958.577|1|22,901|2,071|0|0|Active In The Last 3 Days|Coal|Gold|Fish|Uranium|Lead|Oil|Rubber|Pigs|||68993|204070|
638530|HalfChub|Eronia|NATO|10037|8/10/2025 8:12:08 PM|Member|Capitalist|Judaism|Blue|4/7/2023 11:13:22 AM|110.24|5,999.99|1,000.000|War Mode|Cattle|Fish|0|20,941.172|5|13,000|0|0|0|Active Last Week|Iron|Aluminum|Marble|Lumber|||||||9|11859|
644454|Mike Oxlong|Dixie Wrecked|Global Alliance And Treaty Organization|10003|1/8/2025 6:45:35 AM|Member|Capitalist|Voodoo|Brown|9/11/2024 8:07:41 AM|100.20|6,000.00|1,204.706|War Mode|Cattle|Fish|0|20,908.083|2|30,000|0|0|0|Active In The Last 3 Days|Iron|Wheat|Lumber|Pigs|Marble|Aluminum|Spices|Sugar|Uranium|Water|4767|7369|
267010|Baron Aaron|baron aarons empire|Independent Republic Of Orange Nations|10004|9/26/2008 1:59:31 PM|Member|Monarchy|Mixed|Orange|9/26/2008 10:34:30 AM|200.00|4,999.99|510.188|War Mode|Iron|Fish|0|20,875.267|5|25,000|0|0|19|Active In The Last 3 Days|Aluminum|Lumber|Coal|Gold|Marble|Wheat|Oil|Lead|Pigs|Uranium|1067562|3571043|
133623|Yelsew|Heradia|New Pacific Order|10000|3/2/2018 8:50:38 AM|Pending|Monarchy|Christianity|Red|5/8/2007 3:27:41 PM|1,089.08|3,134.10|0.000|War Mode|Uranium|Gems|0|20,871.881|1|21,448|2,076|50|15|Active In The Last 3 Days|||||||||||81729|1453202|
642764|Nerdslayerx|Friheden|New Polar Order|10006|4/9/2024 5:22:34 AM|Member|Anarchy|Norse|Blue|4/9/2024 5:19:16 AM|105.32|4,242.61|89.922|War Mode|Aluminum|Marble|0|20,780.996|3|33,105|2,998|0|23|Active In The Last 3 Days|Coal|Gold|Fish|Uranium|Lead|Oil|Lumber|Iron|Pigs|Rubber|447569|577672|
585403|Nightside|Jumhuriyyat al Sham|CLAWS|15841|5/26/2024 4:43:30 PM|Member|Revolutionary Government|Islam|Maroon|12/10/2015 2:32:29 AM|300.00|4,199.91|0.976|War Mode|Lumber|Sugar|0|20,751.190|5|20,000|0|0|25|Active In The Last 3 Days|Cattle|Marble|Fish|Water|Iron|Aluminum|Pigs|Spices|Wheat|Uranium|319178|1186025|
91872|PuliSher|Kerj&#228;l&#228;|Non Grata|10097|3/21/2021 11:53:26 AM|Member|Anarchy|Norse|Maroon|1/12/2007 2:27:58 PM|502.92|2,786.29|395.512|War Mode|Uranium|Coal|0|20,720.755|3|26,101|2,485|0|4|Active In The Last 3 Days|Aluminum|Gold|Lead|Oil|Lumber|Iron|Marble|Rubber|Water|Wheat|8185997|10650456|
637646|Anarch Nexus|Aevum Providence|Christian Coalition Of Countries|10028|8/13/2025 7:09:59 PM|Member|Transitional|Christianity|Maroon|2/5/2023 7:25:54 PM|100.75|5,000.00|1,698.594|War Mode|Spices|Sugar|0|20,688.143|5|18,823|1,751|0|0|Active In The Last 3 Days|Aluminum|Marble|Cattle|Pigs|Iron|Lumber|Uranium|Fish|Water|Wheat|2435|2912|
644206|RubyGloom|Big Scania|COBRA|13717|9/7/2024 11:18:30 AM|Member|Communist|Christianity|Green|8/14/2024 12:05:18 PM|0.00|5,000.00|2,116.268|War Mode|Lumber|Marble|0|20,667.154|5|23,637|0|2|0|Active In The Last 3 Days|Aluminum|Wheat|Cattle|Pigs|Fish|Uranium|Spices|Sugar|Water|Iron|50358|70231|
594363|Greatkitteh|Guahan|New Pacific Order|10000|10/6/2016 6:43:34 PM|Member|Anarchy|Hinduism|Red|8/1/2016 8:11:14 AM|247.27|4,747.42|2.074|War Mode|Pigs|Wheat|0|20,614.223|1|20,754|2,687|0|20|Active In The Last 3 Days|Aluminum|Marble|Coal|Uranium|Fish|Cattle|Iron|Lumber|Lead|Oil|92807|153566|
627708|peebreak|Guzlin||0|4/26/2021 7:57:48 AM|None|Revolutionary Government|None|None|4/26/2021 7:57:48 AM|500.00|5,299.00|1,300.000|Peace Mode|Aluminum|Marble|0|20,551.920|5|10,246|0|0|0|Active In The Last 3 Days|Coal|Wheat|Gems|Wine|Iron|Lumber|Lead|Oil|Silver|Gold|0|0|
531189|Peroman200|Petrolandija|Global Alliance And Treaty Organization|10003|7/8/2013 6:30:29 PM|Member|Capitalist|Judaism|Brown|7/2/2013 6:55:29 PM|100.16|4,999.99|169.375|War Mode|Marble|Aluminum|0|20,516.478|1|33,372|3,171|0|16|Active In The Last 3 Days|Cattle|Fish|Iron|Wheat|Lumber|Pigs|Spices|Sugar|Uranium|Water|882374|1061608|
584020|Visaya I|Union of Myr|New Polar Order|10006|11/8/2015 12:45:38 AM|Member|Anarchy|Baha'i Faith|Blue|11/8/2015 12:18:11 AM|348.17|4,423.33|1,388.018|War Mode|Cattle|Sugar|0|20,461.726|1|33,284|3,066|26|0|Active In The Last 3 Days|Furs|Coal|||||||||0|29357|
634586|Rebel21|Rebelia|The Legion|10020|8/9/2022 12:09:08 PM|Member|Capitalist|Judaism|Purple|7/28/2022 7:13:35 PM|100.00|4,999.99|3,000.001|War Mode|Cattle|Pigs|0|20,304.621|5|15,233|0|0|0|Active In The Last 3 Days|||||||||||33335|44871|
623644|Van Hoo X|Hoovokia|Non Grata|10097|10/23/2024 7:41:34 PM|Member|Anarchy|None|White|6/23/2020 9:49:44 AM|495.53|4,409.49|29.441|War Mode|Gold|Lead|0|20,263.781|1|26,405|2,627|0|7|Active In The Last 3 Days|Cattle|Lumber|Coal|Oil|Fish|Rubber|Iron|Aluminum|Marble|Uranium|847830|1218658|
616294|Japanese Schoolgirls|Japanese Schoolgirls|New Pacific Order|10000|1/4/2019 6:34:13 AM|Member|Communist|Sikhism|Red|1/4/2019 6:28:43 AM|110.24|4,999.99|2,785.208|War Mode|Aluminum|Marble|0|20,187.815|5|12,003|592|0|0|Active In The Last 3 Days|Cattle|Fish|Iron|Lumber|Sugar|Spices|Uranium|Water|Wheat|Pigs|121783|180019|
596807|AmeerMuib|SiegeTank|Disciples of Duckroll|17024|11/19/2024 6:37:52 PM|Member|Monarchy|Islam|Black|10/8/2016 12:47:37 PM|0.14|5,999.00|239.171|War Mode|Iron|Lumber|0|20,112.052|1|59,279|0|0|3|Active This Week|Aluminum|Marble|Cattle|Wheat|Coal|Gold|Fish|Pigs|Lead|Uranium|25593|95141|
610914|Impossible|Ropadope|Disciples of Duckroll|17024|2/27/2023 7:50:52 PM|Manager|Democracy|Judaism|Black|2/23/2018 4:34:09 PM|0.00|5,999.99|9.616|War Mode|Iron|Lumber|0|20,024.667|1|59,014|0|2|9|Active This Week|Aluminum|Marble|Cattle|Wheat|Coal|Gold|Pigs|Fish|Spices|Sugar|211511|481214|
569906|Tradewind|Republic of Bort|Viridian Entente|10010|3/7/2016 4:43:45 PM|Member|Revolutionary Government|Norse|Green|2/4/2015 12:24:44 PM|107.26|3,999.99|24.504|War Mode|Iron|Lumber|0|19,983.417|5|10,000|2,302|0|25|Active In The Last 3 Days|Cattle|Sugar|Marble|Aluminum|Pigs|Spices|Uranium|Fish|Water|Wheat|1810684|3204447|
611967|Mirin Kamar|Kamaroon|The Legion|10020|4/20/2018 9:53:45 PM|Member|Republic|Voodoo|Purple|4/20/2018 12:30:08 AM|100.34|5,999.99|199.000|Peace Mode|Aluminum|Lumber|0|19,574.350|5|14,210|0|0|7|Active In The Last 3 Days|Coal|Gold|Fish|Wheat|Iron|Marble|Lead|Uranium|Oil|Pigs|154255|184946|
425970|Duke Ludwig IV|Herzogtum Bayern||0|5/13/2017 6:21:42 PM|None|Democracy|Christianity|Blue|9/29/2010 3:55:27 PM|430.90|5,399.99|659.634|Peace Mode|Iron|Lead|0|19,555.909|5|10,600|0|0|0|Active In The Last 3 Days|Cattle|Rubber|Coal|Wheat|Gold|Oil|Silver|Gems|Sugar|Spices|0|15978|
643370|Extractum11|TerraExtraxi|The Legion|10020|5/27/2024 1:59:32 AM|Member|Communist|Judaism|Purple|5/27/2024 1:58:52 AM|100.00|5,999.99|499.999|Peace Mode|Uranium|Lead|0|19,529.969|1|14,000|0|0|0|Active In The Last 3 Days|Aluminum|Lumber|Fish|Wheat|Iron|Marble|Oil|Pigs|||0|0|
630813|Bobmitch2012|Bob Mitch||0|10/30/2021 3:47:03 PM|None|Anarchy|Mixed|White|10/29/2021 7:10:46 PM|10.70|4,312.76|11.606|War Mode|Uranium|Marble|0|19,469.341|1|6|0|0|24|Active In The Last 3 Days|||||||||||405416|986917|
556219|vedacool|Fania|New Polar Order|10006|9/16/2022 7:28:08 PM|Member|Anarchy|Mixed|Blue|6/25/2014 8:01:36 AM|5.69|4,368.53|0.000|War Mode|Iron|Lumber|0|19,446.312|5|113|0|4|25|Active This Week|Aluminum|Marble|Fish|Uranium|Gold|Coal|Pigs|Rubber|||72871|750197|
602552|atliis|Silvertown|Independent Republic Of Orange Nations|10004|3/26/2017 1:56:10 PM|Member|Democracy|Norse|Orange|3/26/2017 1:52:29 PM|0.00|5,999.00|124.886|War Mode|Iron|Lead|0|19,344.342|5|33,000|0|0|0|Active In The Last 3 Days|Aluminum|Gold|Fish|Wheat|Lumber|Uranium|Marble|Coal|Oil|Rubber|40872|330699|
645804|La Mismidad|Libertaris|New Pacific Order|10000|2/24/2025 10:18:42 AM|Member|Anarchy|Judaism|Red|2/24/2025 10:12:31 AM|305.31|3,868.93|2,462.346|War Mode|Iron|Lumber|0|19,272.210|1|31,974|3,034|2|9|Active In The Last 3 Days|Aluminum|Marble|Fish|Cattle|Lead|Oil|Water|Uranium|Wheat|Pigs|18908|0|
645160|Quaker91|Gregorian Empire|Knights Of The Round Table|10092|12/1/2024 4:25:07 AM|Member|Monarchy|Voodoo|Green|12/1/2024 4:17:01 AM|633.53|4,335.38|1,818.420|War Mode|Lead|Rubber|0|19,197.167|5|14,788|0|0|0|Active In The Last 3 Days|Aluminum|Iron|Gold|Uranium|Lumber|Marble|Oil|Water|||160932|316837|
645652|SpaceGhostCTC|Phantom crusier|Federation Of Armed Nations|10021|2/6/2025 11:41:22 AM|Member|Democracy|Mixed|Yellow|2/6/2025 11:39:16 AM|0.00|4,999.99|1,833.475|War Mode|Water|Rubber|0|19,190.670|5|37,025|1,000|0|0|Active In The Last 3 Days|Aluminum|Gold|Iron|Coal|Lumber|Uranium|Oil|Lead|Wheat|Marble|0|0|
645236|Roq Fanclub Presiden|Roq Fanclub|Doombrella|17368|5/24/2025 5:40:33 AM|Member|Capitalist|Baha'i Faith|Black|12/12/2024 5:37:20 AM|100.32|4,999.99|2,362.420|Peace Mode|Lumber|Iron|0|19,145.196|5|5,000|0|0|0|Active This Week|Cattle|Wheat|Coal|Gold|Fish|Pigs|Marble|Aluminum|Uranium|Lead|4485|30991|
579231|Greg23|Chronictopia|Global Alliance And Treaty Organization|10003|6/11/2025 9:25:36 AM|Member|Capitalist|Judaism|Brown|7/23/2015 10:16:24 PM|100.00|5,799.99|610.000|War Mode|Spices|Wheat|0|19,114.970|5|15,000|0|0|0|Active In The Last 3 Days|Aluminum|Marble|Iron|Fish|Lumber|Sugar|Pigs|Cattle|Uranium|Water|0|0|
62797|WIgunnut|Ammo Nation|Federation of Armed Nations|10021|3/11/2008 11:27:50 PM|Member|Transitional|Norse|Yellow|11/14/2006 3:59:14 AM|1.12|2,999.99|13.590|War Mode|Sugar|Marble|0|19,100.168|5|6,710|450|0|25|Active Last Week|||||||||||474272|976956|
644646|Naturschuetzer|Naturumgibt|New Pacific Order|10000|11/24/2024 4:17:11 PM|Member|Totalitarian State|Norse|Red|9/30/2024 7:18:21 PM|110.37|5,999.99|233.696|War Mode|Wheat|Pigs|0|18,909.374|5|100|0|0|0|Active In The Last 3 Days|Aluminum|Marble|Fish|Cattle|Sugar|Spices|Uranium|Water|||0|37213|
603932|Gapatashi|Bomdila|CLAWS|15841|2/26/2023 9:18:47 AM|Member|Anarchy|Hinduism|Black|5/10/2017 7:43:33 PM|76.87|5,804.19|530.779|War Mode|Fish|Wheat|0|18,773.128|5|6,862|14|0|2|Active In The Last 3 Days|Aluminum|Marble|Coal|Uranium|Gold|Lead|Iron|Lumber|Rubber|Oil|377583|1074950|
646033|PlatinumAero|Verloren|The Wolves|16660|3/19/2025 7:48:33 PM|Member|Communist|Mixed|Maroon|3/19/2025 7:47:30 PM|104.60|4,999.99|1,081.415|War Mode|Oil|Lead|0|18,752.898|1|45,943|4,593|0|0|Active This Week|Coal|Gold|Iron|Lumber|Marble|Aluminum|Pigs|Rubber|Uranium|Fish|180439|129130|
433854|Auctor|Wyrdgar|Doombrella|17368|5/24/2025 5:29:22 AM|Member|Anarchy|Norse|Black|11/26/2010 4:43:21 AM|125.80|4,670.01|1,344.222|War Mode|Fish|Pigs|0|18,746.544|1|55,144|5,251|0|1|Active In The Last 3 Days|Cattle|Wheat|Coal|Gold|Lumber|Iron|Marble|Aluminum|Uranium|Lead|7036430|11054403|
195287|Grant81|Jutaren|Post Grunge Supergroup|16367|7/4/2020 1:50:22 PM|Member|Republic|Taoism|Brown|1/7/2008 6:23:45 PM|1,870.54|1,002.64|0.581|Peace Mode|Pigs|Cattle|0|18,741.503|5|6,500|0|0|25|Active Last Week|Fish|Lumber|||||||||587561|1522011|
630433|Wuldor Winnan|Wuldor Winnan|The Wolves|16660|10/26/2021 11:24:35 PM|Member|Communist|Norse|Maroon|10/6/2021 2:32:34 AM|0.16|3,999.99|201.945|War Mode|Aluminum|Marble|0|18,631.687|1|27,842|3,541|0|18|Active In The Last 3 Days|Cattle|Wheat|Fish|Water|Iron|Lumber|Spices|Sugar|Uranium|Pigs|1529719|3954961|
645696|ChiefCarr|Gidgeedoo|Nuclear Proliferation League|17228|3/28/2025 7:36:29 AM|Member|Anarchy|Christianity|Aqua|2/11/2025 10:37:08 PM|97.32|4,655.69|1,745.815|War Mode|Coal|Rubber|0|18,630.013|5|132|0|12|9|Active More Than Three Weeks Ago|Gold|Spices|Lead|Oil|Lumber|Iron|Marble|Aluminum|Uranium|Fish|3789|12850|
89235|cctmsp13|korinekia|Random Insanity Alliance|10038|1/7/2007 1:40:17 AM|Member|Communist|Judaism|Maroon|1/7/2007 1:40:17 AM|305.45|3,900.00|0.001|War Mode|Uranium|Marble|0|18,617.227|1|17,000|0|0|22|Active In The Last 3 Days|Aluminum|Iron|Coal|Lead|Lumber|Gold|Oil|Water|Rubber|Wheat|1607308|3974948|
644950|Oddin|Glendor|The Grand Lodge Of Freemasons|10029|2/17/2025 8:54:19 PM|Member|Revolutionary Government|Norse|Orange|11/3/2024 7:08:54 PM|1.15|4,999.06|1,712.948|War Mode|Iron|Aluminum|0|18,452.356|5|13,750|100|0|0|Active In The Last 3 Days|Cattle|Fish|Gold|Gems|Lumber|Wheat|Marble|Lead|Oil|Rubber|21885|76972|
520826|Ryan Greenberg|Funktopia|New Polar Order|10006|3/3/2013 9:53:28 PM|Member|Anarchy|None|Blue|2/18/2013 1:16:51 PM|219.84|4,104.62|275.766|War Mode|Pigs|Rubber|0|18,346.695|1|0|0|3|18|Active In The Last 3 Days|Aluminum|Lumber|Coal|Gold|Fish|Uranium|Lead|Oil|Silver|Gems|239373|827469|
580021|General Kanabis|Imperio Mexica|COBRA|13717|2/21/2025 10:13:22 PM|Manager|Democracy|Hinduism|Brown|8/9/2015 2:09:26 AM|0.29|2,618.12|1,588.473|War Mode|Lead|Uranium|46|18,331.974|1|14,862|231|0|25|Active In The Last 3 Days|Aluminum|Marble|Coal|Gold|Lumber|Iron|Pigs|Fish|Wheat|Oil|2909859|4977829|
538755|zeldafan4ever|Terminus|Orange Defense Network|17435|8/16/2025 9:09:49 AM|Member|Democracy|None|Orange|10/22/2013 6:25:51 AM|200.22|5,500.00|200.000|War Mode|Marble|Lumber|0|18,297.253|1|12,308|0|0|5|Active In The Last 3 Days|Cattle|Fish|Gold|Gems|Sugar|Water|Wheat|Iron|||1513171|2730990|
646307|Hermes Observer|Radchaai|Doombrella|17368|4/19/2025 10:35:08 AM|Member|Republic|Sikhism|Black|4/19/2025 10:21:27 AM|0.00|4,999.99|2,030.000|Peace Mode|Marble|Aluminum|0|18,285.170|5|12,010|0|0|0|Active This Week|Coal|Gold|Iron|Lumber|Oil|Rubber|Uranium|Lead|Wheat|Fish|0|0|
587834|alucardx13|The United Regions|New Pacific Order|10000|9/3/2024 8:07:58 AM|Member|Transitional|Mixed|Red|2/19/2016 2:57:23 AM|110.32|4,999.99|179.440|War Mode|Fish|Cattle|0|18,223.003|1|40,757|3,934|0|0|Active In The Last 3 Days|Aluminum|Marble|Coal|Uranium|Iron|Lumber|Pigs|Wheat|Sugar|Spices|63907|155400|
645534|Yorkshire Tea|Yorkshire Tea|New Pacific Order|10000|1/23/2025 11:35:55 AM|Member|Anarchy|Christianity|Red|1/23/2025 10:21:17 AM|144.91|4,716.94|1,284.405|War Mode|Lead|Oil|0|17,992.986|1|37,901|1,740|1|0|Active In The Last 3 Days|Aluminum|Marble|Coal|Uranium|Fish|Cattle|Wheat|Pigs|||8394|28254|
646870|Waffless|Wafflandia|Doombrella|17368|6/28/2025 12:44:39 AM|Member|Monarchy|Jainism|Black|6/24/2025 4:32:07 PM|100.00|4,999.99|1,100.000|Peace Mode|Water|Uranium|0|17,977.730|1|41,388|0|0|0|Active In The Last 3 Days|Cattle|Wheat|Fish|Pigs|Iron|Lumber|Marble|Aluminum|Sugar|Spices|0|0|
586608|SolSal|Solaryx|New Pacific Order|10000|4/26/2019 9:49:46 PM|Member|Revolutionary Government|Taoism|Red|1/16/2016 8:24:20 PM|510.89|2,599.99|2.097|War Mode|Iron|Lumber|0|17,964.735|5|5,000|1,536|50|20|Active Three Weeks Ago|Aluminum|Marble|Cattle|Fish|Sugar|Spices|Wheat|Pigs|||8142|157590|
646135|Sokar|Delmak|Global Alliance And Treaty Organization|10003|3/30/2025 11:15:27 AM|Member|Monarchy|Mixed|Brown|3/30/2025 11:12:29 AM|100.37|3,999.99|3,300.582|War Mode|Spices|Sugar|0|17,962.685|5|10,000|300|0|0|Active In The Last 3 Days|Aluminum|Cattle|Iron|Lumber|Marble|Pigs|Uranium|Wheat|Water|Fish|0|0|
589684|RyuNura|Jenock|The Legion|10020|4/5/2016 12:25:50 PM|Member|Monarchy|Shinto|Purple|4/4/2016 9:31:56 PM|544.40|3,500.00|3,018.909|War Mode|Cattle|Pigs|0|17,950.364|1|10,000|0|0|0|Active In The Last 3 Days|||||||||||470|84600|
456738|pissedoffwhitemen|pissedoffwhitemen|Coalition of Royal Allied Powers|10051|4/23/2011 12:50:52 AM|Member|Anarchy|Judaism|Maroon|4/21/2011 10:31:14 PM|599.88|4,796.13|53.962|War Mode|Gold|Uranium|0|17,876.137|5|7,370|0|1|0|Active Last Week|Aluminum|Oil|Iron|Lead|Lumber|Water|Marble|Coal|Rubber|Wheat|227035|772108|
646635|supremeruler|Astros|Post Grunge Supergroup|16367|5/28/2025 12:26:27 AM|Member|Capitalist|None|Yellow|5/27/2025 8:46:17 PM|100.00|4,999.99|1,410.000|War Mode|Sugar|Spices|2|17,840.150|5|11,259|0|0|0|Active In The Last 3 Days|Cattle|Pigs|Iron|Lumber|Marble|Fish|Uranium|Aluminum|Water|Wheat|0|0|
481221|Xaedth|Xshion|The Dark Templar|10056|6/16/2012 8:06:57 PM|Member|Democracy|Mixed|Black|11/19/2011 10:59:59 PM|130.41|5,100.00|604.513|Peace Mode|Water|Gold|0|17,758.835|5|16,500|0|27|0|Active This Week|||||||||||11174|15748|
623987|MasterBadey|mastabadeia|Global Alliance And Treaty Organization|10003|6/13/2025 5:32:56 PM|Member|Capitalist|None|Brown|7/22/2020 5:27:26 AM|100.05|4,999.99|1,199.164|War Mode|Water|Uranium|0|17,698.990|1|20,000|0|0|0|Active In The Last 3 Days|Aluminum|Marble|Iron|Fish|Lumber|Sugar|Pigs|Cattle|Spices|Wheat|22057|52990|
616861|TomoGozen|Shoganai|Global Alliance And Treaty Organization|10003|2/9/2019 5:03:34 PM|Member|Democracy|Islam|Brown|2/8/2019 1:38:18 PM|100.15|4,999.99|1,079.567|War Mode|Lumber|Sugar|0|17,693.289|5|16,159|0|0|5|Active In The Last 3 Days|Aluminum|Marble|Iron|Fish|Pigs|Cattle|Spices|Wheat|Water|Uranium|68550|178393|
533961|zilocke|Zilandia|Mostly Harmless Alliance|14879|10/1/2016 4:28:06 AM|Member|Revolutionary Government|Mixed|Blue|8/13/2013 12:40:52 AM|500.00|4,500.00|282.615|War Mode|Aluminum|Marble|0|17,623.916|5|30,000|3,000|0|0|Active In The Last 3 Days|Fish|Uranium|Iron|Lumber|Lead|Oil|Pigs|Rubber|Spices|Sugar|51122|1852006|
644189|Gul le Necro|Old glorious iceland|Post Grunge Supergroup|16367|8/12/2024 11:59:28 AM|Member|Monarchy|Norse|Brown|8/12/2024 10:40:37 AM|100.00|4,999.99|1,138.145|War Mode|Water|Uranium|0|17,593.090|5|19,295|0|0|0|Active In The Last 3 Days|Aluminum|Sugar|Iron|Fish|Lumber|Marble|Pigs|Cattle|Spices|Wheat|0|0|
646431|The Cute Twin|Vlasic|Doom Squad|16454|5/3/2025 12:04:21 AM|Member|Democracy|None|Black|5/3/2025 12:02:09 AM|100.00|4,999.99|1,100.000|Peace Mode|Cattle|Wheat|0|17,536.954|5|19,349|0|0|0|Active In The Last 3 Days|Aluminum|Marble|Fish|Pigs|Iron|Lumber|Sugar|Spices|Water|Uranium|0|0|
634597|LiaColle|Prynthian|Non Grata|10097|7/29/2022 10:46:23 AM|Member|Anarchy|Judaism|Maroon|7/29/2022 8:16:35 AM|75.72|4,508.18|92.382|War Mode|Iron|Lumber|0|17,445.399|1|40,194|3,199|0|14|Active In The Last 3 Days|Aluminum|Marble|Coal|Gold|Lead|Uranium|Pigs|Fish|Wheat|Oil|897336|1474217|
640396|Jessiski|New Italy 1|NATO|10037|10/5/2023 5:13:38 AM|Member|Monarchy|Confucianism|Blue|10/4/2023 8:01:52 PM|205.91|3,488.30|2,351.382|War Mode|Pigs|Rubber|0|17,367.078|2|17,585|2,449|50|0|Active In The Last 3 Days|Aluminum|Marble|Coal|Gold|Fish|Uranium|Iron|Lumber|Lead|Oil|8290|54626|
12501|onbekende|Kapellen|Independent Republic of Orange Nations|10004|4/29/2006 4:24:43 PM|Member|Monarchy|None|Orange|4/29/2006 4:24:43 PM|100.48|2,999.98|0.811|War Mode|Uranium|Lumber|0|17,148.358|5|9,741|0|0|25|Active In The Last 3 Days|Cattle|Spices|Fish|Water|Iron|Marble|Sugar|Pigs|Wheat|Aluminum|2854316|3910045|
529964|Pelzig|Salusa Secundus|Non Grata|10097|3/10/2023 7:58:24 AM|Pending|Anarchy|Baha'i Faith|Maroon|6/14/2013 12:13:55 PM|423.65|3,593.34|20.650|War Mode|Lead|Uranium|0|17,136.054|1|0|9|29|15|Active In The Last 3 Days|Aluminum|Marble|Coal|Gold|Fish|Pigs|Iron|Lumber|Oil|Wheat|181482|989788|
635159|xAnri|xRoan|Doombrella|17368|7/4/2025 2:16:30 PM|Member|Communist|None|Black|9/6/2022 1:19:59 PM|200.67|4,999.99|146.353|Peace Mode|Cattle|Wheat|0|16,883.591|5|12,028|2,101|0|0|Active In The Last 3 Days|Aluminum|Marble|Coal|Gold|Iron|Lumber|Pigs|Fish|Spices|Sugar|870|0|
647200|InsiderThreat|The Silent Proxy|Non Grata|10097|8/7/2025 3:13:40 PM|Pending|Democracy|None|Maroon|8/7/2025 2:55:25 PM|300.31|4,581.87|900.973|Peace Mode|Lumber|Iron|0|16,810.709|5|10,605|0|0|0|Active In The Last 3 Days|Aluminum|Marble|Coal|Gold|Fish|Pigs|Lead|Uranium|Wheat|Oil|10061|436|
646787|Hye781|Calilove4ever|Christian Coalition Of Countries|10028|8/16/2025 5:24:29 PM|Member|Totalitarian State|Norse|Maroon|6/15/2025 8:39:38 PM|100.26|4,999.50|587.220|Peace Mode|Fish|Uranium|0|16,796.758|5|19,878|93|0|0|Active In The Last 3 Days|Aluminum|Marble|Gold|Coal|Iron|Lumber|Lead|Oil|Pigs|Rubber|22589|433|
161464|SirSqueeboo|Dijonmustardistan|Federation of Armed Nations|10021|8/19/2007 4:04:16 AM|Member|Capitalist|Voodoo|Yellow|8/19/2007 4:04:16 AM|3,055.59|404.96|0.000|War Mode|Iron|Water|0|16,770.863|1|1,402|0|0|5|Active Last Week|||||||||||737335|1750325|
640027|Rdjzozet|Tryzovits|CLAWS|15841|8/11/2025 5:40:31 PM|Member|Capitalist|Mixed|Black|9/2/2023 4:56:58 AM|0.16|3,000.00|911.370|War Mode|Oil|Rubber|0|16,756.437|5|2,430|0|0|25|Active In The Last 3 Days|Aluminum|Marble|Coal|Gold|Iron|Lumber|Uranium|Lead|Wheat|Fish|296868|430257|
646975|Thomassh|HighGateHaven|Doombrella|17368|7/8/2025 11:06:30 AM|Member|Monarchy|Christianity|Black|7/8/2025 11:04:57 AM|108.86|4,999.99|502.170|Peace Mode|Pigs|Fish|0|16,581.872|5|12,548|200|0|0|Active This Week|Aluminum|Marble|Cattle|Wheat|Coal|Gold|Iron|Lumber|Spices|Sugar|716|0|
91265|jasonfrc|Kimber|Federation of Armed Nations|10021|10/12/2008 9:15:38 AM|Member|Monarchy|Confucianism|Yellow|1/11/2007 1:48:08 PM|200.00|4,999.06|3.188|War Mode|Oil|Marble|0|16,561.960|5|11,000|400|1|5|Active More Than Three Weeks Ago|Aluminum|Cattle|Coal|Fish|Spices|Sugar|Uranium|Pigs|||617964|1245606|
529025|Chllama|Renton|Post Grunge Supergroup|16367|3/9/2024 7:12:53 PM|Member|Capitalist|Sikhism|Brown|6/1/2013 12:55:25 AM|21.72|4,020.36|108.465|War Mode|Pigs|Water|0|16,525.988|1|9,682|0|0|20|Active In The Last 3 Days|Cattle|Uranium|Iron|Fish|Marble|Lumber|Sugar|Spices|Wheat|Aluminum|564238|831211|
644508|texwarhawk|Fjord Republic|The Legion|10020|9/17/2024 3:40:14 PM|Member|Democracy|Taoism|Purple|9/17/2024 3:38:33 PM|100.00|4,999.99|446.000|Peace Mode|Fish|Wheat|0|16,451.869|5|14,145|0|0|0|Active In The Last 3 Days|Aluminum|Lumber|Iron|Marble|Oil|Pigs|Spices|Sugar|Uranium|Lead|0|0|
632345|FoXXRoam|Blaylock Republic|The Legion|10020|2/21/2022 9:48:23 PM|Member|Anarchy|Sikhism|Purple|2/21/2022 12:12:14 AM|25.01|5,094.85|678.887|War Mode|Iron|Marble|0|16,427.944|5|0|0|0|0|Active Last Week|Aluminum|Lumber|Cattle|Water|Coal|Gold|Fish|Wheat|Pigs|Uranium|0|59758|
535013|Deadwartin|Republic of SOS|Freehold of The Wolves|15157|8/5/2025 2:34:39 PM|Member|Communist|Islam|White|8/27/2013 8:24:24 PM|301.19|3,898.91|243.903|War Mode|Lumber|Iron|0|16,329.263|1|14,404|2,951|0|0|Active In The Last 3 Days|Aluminum|Marble|Cattle|Pigs|Sugar|Spices|Uranium|Fish|Wheat|Water|92635|123007|
631432|Elector King|Bohemia Moravia|The Prussian Empire|14204|1/13/2022 1:39:01 PM|Member|Dictatorship|Christianity|Green|12/11/2021 5:17:05 PM|100.97|2,999.99|502.592|War Mode|Aluminum|Marble|0|16,307.474|5|16,737|1,070|0|20|Active In The Last 3 Days|Lumber|Iron|Pigs|Uranium|Sugar|Spices|Water|Cattle|Wheat|Fish|34615|20251|
621391|ThomasC|Terran Draconia|Independent Republic Of Orange Nations|10004|2/21/2020 12:10:11 AM|Member|Democracy|Christianity|Orange|2/1/2020 1:41:12 AM|100.00|4,999.00|300.000|War Mode|Water|Fish|0|16,291.509|5|17,225|0|0|0|Active In The Last 3 Days|||||||||||1291|78736|
376000|Horus Lytton|Norumbega|RnR|16211|9/7/2019 4:58:41 PM|Manager|Revolutionary Government|Mixed|Orange|12/23/2009 11:11:06 AM|733.37|3,999.99|253.000|Peace Mode|Spices|Marble|0|16,248.325|5|10,100|0|0|0|Active In The Last 3 Days|Coal|Oil|Pigs|Fish|Uranium|Sugar|||||191828|564064|
628583|Dopes|Slaptico|Church of the Holy Platypus|17265|5/24/2024 10:11:03 PM|Manager|Federal Government|Mixed|Brown|6/16/2021 10:11:34 PM|200.00|3,999.99|3.224|War Mode|Uranium|Water|0|16,214.792|1|15,000|1,000|0|11|Active In The Last 3 Days|Aluminum|Spices|Cattle|Wheat|Fish|Sugar|Iron|Lumber|Pigs|Marble|162995|203769|
577653|Keres|Queendom of Hell|Random Insanity Alliance|10038|12/17/2017 11:42:20 AM|Member|Anarchy|Norse|Maroon|6/20/2015 5:00:03 PM|1,947.14|2,109.76|10.237|War Mode|Oil|Wheat|0|16,100.340|1|0|0|1|1|Active Last Week|Iron|Gold|Lumber|Aluminum|Marble|Lead|Rubber|Water|Uranium|Coal|146438|495588|
604644|cobrastrike|HouseOfSnakes|New Polar Order|10006|6/9/2017 4:40:45 PM|Member|Dictatorship|Voodoo|Blue|6/5/2017 1:26:09 AM|200.16|1,599.99|0.142|Peace Mode|Rubber|Pigs|0|16,082.105|5|6,665|1,439|0|25|Active In The Last 3 Days|Aluminum|Marble|Coal|Gold|Fish|Uranium|Iron|Lumber|Lead|Oil|579605|1357027|
220751|blondiexx137|Insania|CLAWS|15841|2/15/2022 5:50:43 PM|Member|Federal Government|None|Black|4/16/2008 2:33:38 PM|400.13|2,500.00|1,495.955|War Mode|Coal|Gold|0|15,964.577|3|10,000|100|0|20|Active This Week|Aluminum|Iron|Lead|Lumber|Marble|Oil|Uranium|Rubber|Wheat|Fish|227924|1734146|
647011|Knight del Sol|Esplandian|Veneris|17356|7/17/2025 1:30:55 AM|Member|Federal Government|Judaism|White|7/13/2025 1:40:42 AM|0.00|3,999.99|1,370.160|War Mode|Uranium|Wheat|0|15,869.210|5|5,200|0|0|11|Active In The Last 3 Days|Aluminum|Marble|Cattle|Pigs|Fish|Water|Iron|Lumber|Spices|Sugar|0|0|
619806|Epimethys|Pyrrha|Doombrella|17368|5/30/2025 8:03:23 PM|Member|Monarchy|Mixed|Black|9/19/2019 7:43:50 PM|100.00|4,999.99|7.650|Peace Mode|Marble|Aluminum|0|15,791.885|5|13,522|0|0|0|Active This Week|Cattle|Wheat|Fish|Pigs|Lumber|Iron|Uranium|Lead|||52715|149764|
632387|Eythl Achilles|Eythl Republic|The Legion|10020|2/25/2022 2:42:10 PM|Member|Republic|Sikhism|Purple|2/23/2022 7:07:31 PM|635.13|2,999.07|409.731|War Mode|Coal|Gold|0|15,787.424|1|10,000|500|0|0|Active In The Last 3 Days|Aluminum|Lumber|Fish|Wheat|Iron|Marble|Oil|Pigs|Uranium|Lead|3124|71938|
646367|Mikal Krosswynd|Malahkina|Post Grunge Supergroup|16367|4/26/2025 4:12:56 PM|Member|Republic|Judaism|Brown|4/26/2025 2:30:13 AM|100.00|4,499.99|1,000.000|War Mode|Aluminum|Marble|0|15,705.970|5|10,300|0|0|0|Active In The Last 3 Days|Fish|Cattle|Iron|Wheat|Pigs|Lumber|Sugar|Spices|Water|Uranium|0|0|
457345|Taiki11|Taiki Land|Non Grata|10097|2/17/2023 7:27:02 PM|Member|Democracy|Buddhism|Maroon|4/25/2011 10:43:12 PM|0.69|2,999.99|0.639|Peace Mode|Coal|Gold|0|15,704.521|5|22,506|0|0|25|Active In The Last 3 Days|Aluminum|Marble|Iron|Lumber|Pigs|Fish|Uranium|Lead|Wheat|Oil|3199301|5446638|
557165|Marcus Mills|Honest Personas|Independent Republic Of Orange Nations|10004|7/8/2014 8:18:17 AM|Member|Anarchy|Mixed|Orange|7/7/2014 11:24:55 PM|122.32|3,999.99|1,504.407|War Mode|Aluminum|Sugar|0|15,547.446|5|13,964|0|0|0|Active In The Last 3 Days|Fish|Cattle|Iron|Water|Lumber|Pigs|Marble|Spices|Uranium|Wheat|285256|610920|
647152|White Ruler|Exotica|Veneris|17356|8/9/2025 12:35:06 AM|Member|Federal Government|Buddhism|White|8/1/2025 4:00:05 AM|100.20|3,999.99|1,942.695|War Mode|Aluminum|Marble|0|15,511.550|5|4,828|0|0|0|Active In The Last 3 Days|Cattle|Pigs|Fish|Water|Iron|Lumber|Spices|Sugar|Uranium|Wheat|20437|0|
646098|Brutus5149|Legio Lupi|New Pacific Order|10000|3/26/2025 10:59:31 AM|Member|Communist|Baha'i Faith|Red|3/26/2025 10:58:14 AM|116.73|3,875.81|902.598|War Mode|Aluminum|Marble|0|15,507.420|1|31,897|3,189|0|0|Active In The Last 3 Days|Fish|Cattle|Gems|Silver|Oil|Lead|Uranium|Coal|Wheat|Pigs|20365|11661|
642596|Fine and dandy|New Olsztyn Republic|Viridian Entente|10010|3/23/2024 2:46:11 PM|Member|Monarchy|Shinto|Green|3/23/2024 2:06:14 PM|0.08|4,899.99|407.484|War Mode|Marble|Spices|0|15,502.730|5|9,556|0|0|0|Active In The Last 3 Days|Oil|Rubber|Wheat|Pigs|||||||93752|123583|
645467|LiefzDel|Greater Czechia|Post Grunge Supergroup|16367|1/16/2025 9:42:01 AM|Member|Democracy|None|Brown|1/14/2025 10:07:18 AM|4.61|3,999.99|1,831.323|War Mode|Fish|Cattle|0|15,495.598|5|11,279|0|0|0|Active In The Last 3 Days|Iron|Wheat|Marble|Aluminum|Pigs|Lumber|Sugar|Spices|Water|Uranium|6785|17421|
508767|Ezekeil|New Navaskus|Post Grunge Supergroup|16367|7/3/2020 9:41:42 AM|Member|Capitalist|Sikhism|Brown|9/26/2012 7:20:29 PM|106.82|4,048.96|0.956|War Mode|Cattle|Pigs|0|15,474.680|1|35,774|3,434|50|7|Active Last Week|Aluminum|Marble|Fish|Uranium|Iron|Water|Lumber|Sugar|Spices|Wheat|899918|2347821|
176740|Apolloyon|Logres|Post Grunge Supergroup|16367|3/31/2024 11:33:52 AM|Member|Monarchy|Christianity|None|10/28/2007 8:09:25 AM|301.00|4,417.00|0.000|War Mode|Wine|Marble|0|15,437.797|5|10,000|2,309|2|0|Active In The Last 3 Days|Oil|Aluminum|Silver|Spices|Water|Uranium|Wheat|Coal|||6626|664690|
143364|Inkblot|Poverty|Sparta|10008|9/26/2013 10:35:29 PM|Member|Totalitarian State|Judaism|Black|6/7/2007 6:24:55 PM|304.33|4,566.51|0.133|War Mode|Lead|Oil|0|15,406.497|5|9,255|0|0|0|Active In The Last 3 Days|Aluminum|Coal|Fish|Gold|Iron|Lumber|Uranium|Wheat|||1173464|3051168|
625802|JadenStar10|Daeltheria|New Polar Order|10006|2/14/2022 9:33:25 PM|Member|Anarchy|Judaism|Blue|12/24/2020 9:36:59 PM|164.21|3,820.00|134.679|War Mode|Lead|Oil|0|15,311.011|1|29,196|2,781|0|6|Active In The Last 3 Days|Aluminum|Marble|Fish|Uranium|Gold|Coal|Pigs|Rubber|||1962879|2472692|
639833|sogekido|sinetron|Nordreich|11319|10/24/2023 5:15:40 AM|Member|Monarchy|Islam|Maroon|8/14/2023 1:44:19 AM|201.40|4,006.01|742.279|War Mode|Gold|Iron|0|15,300.472|5|8,000|10|0|0|Active In The Last 3 Days|Aluminum|Marble|Coal|Oil|Lead|Rubber|Lumber|Uranium|Wheat|Water|48059|159986|
572011|Nijil1|Polinasia|New Pacific Order|10000|3/9/2015 5:17:21 AM|Member|Democracy|Islam|Red|3/9/2015 5:07:58 AM|0.39|4,999.99|103.416|War Mode|Lead|Oil|0|15,267.262|5|4,511|0|2|0|Active In The Last 3 Days|Aluminum|Marble|Coal|Uranium|Fish|Cattle|Lumber|Iron|Pigs|Wheat|449|893|
621760|Brother Gerard|Knights of St John|Christian Coalition Of Countries|10028|2/28/2020 7:04:45 PM|Member|Monarchy|Christianity|Maroon|2/28/2020 6:00:36 PM|107.96|2,500.85|501.274|War Mode|Iron|Lumber|0|15,174.290|1|6,500|0|0|25|Active In The Last 3 Days|Aluminum|Marble|Coal|Gold|Fish|Uranium|Lead|Oil|Pigs|Rubber|1448742|2588402|
645545|PASOUL|Pasoul|Alpha Wolves|15855|1/25/2025 9:10:50 AM|Member|Democracy|Baha'i Faith|Orange|1/25/2025 8:43:32 AM|370.00|2,552.00|3,610.000|Peace Mode|Gold|Gems|0|15,032.000|5|5,550|0|0|0|Active Last Week|Fish|Pigs|Iron|Aluminum|Marble|Lumber|Oil|Rubber|||0|0|
645844|Dario the Great|Darioland|Non Grata|10097|3/3/2025 4:11:49 AM|Member|Anarchy|Confucianism|Maroon|2/28/2025 1:27:54 AM|85.55|2,862.39|2,846.946|War Mode|Iron|Lumber|0|14,994.706|1|22,767|2,268|0|9|Active In The Last 3 Days|Aluminum|Marble|Coal|Gold|Lead|Uranium|Pigs|Fish|Wheat|Oil|411124|326907|
634188|CAPSLOCKIUS|CAPSLOCKIUS||0|4/30/2025 10:37:05 PM|None|Monarchy|Christianity|Black|6/25/2022 4:14:15 PM|300.09|2,599.99|2,500.000|Peace Mode|Wheat|Fish|0|14,898.727|5|14,416|600|25|1|Active Three Weeks Ago|Gold|Coal|Iron|Lumber|Lead|Uranium|Oil|Rubber|||32381|131822|
647033|rachel666|Rachellia|Global Alliance And Treaty Organization|10003|7/17/2025 8:55:44 AM|Member|Federal Government|Judaism|Brown|7/17/2025 8:53:41 AM|110.50|2,999.99|2,150.000|War Mode|Pigs|Cattle|0|14,687.250|5|6,669|2,632|0|0|Active In The Last 3 Days|Aluminum|Marble|Iron|Fish|Lumber|Sugar|Water|Uranium|Wheat|Spices|0|0|
646131|frostyflakes223|Schoascanist|Old Guard|11296|4/6/2025 3:54:40 PM|Member|Democracy|Christianity|Blue|3/29/2025 5:46:56 PM|478.00|3,173.01|1,290.000|War Mode|Sugar|Spices|0|14,681.998|1|14,398|200|1|0|Active This Week|Fish|Cattle|Iron|Lumber|Pigs|Wheat|||||0|0|
621876|thebigkas|kekistan69|COBRA|13717|3/8/2020 11:16:15 AM|Member|Capitalist|Voodoo|Brown|3/8/2020 11:14:20 AM|101.74|2,999.16|279.864|War Mode|Gold|Lead|0|14,665.965|1|7,000|0|0|20|Active In The Last 3 Days|Aluminum|Lumber|Cattle|Oil|Coal|Iron|Marble|Wheat|Pigs|Uranium|48466|75586|
640568|Comrade Cornwallis|The cornish communes|Union Of Communist Republics|10060|10/17/2023 4:21:18 PM|Member|Monarchy|Hinduism|Brown|10/17/2023 4:18:45 PM|100.00|4,399.99|504.690|War Mode|Marble|Lumber|0|14,657.007|5|10,000|0|0|0|Active In The Last 3 Days|Cattle|Uranium|Iron|Fish|Pigs|Water|Sugar|Spices|Wheat|Aluminum|0|0|
644713|Nailz|Clavos|The Legion|10020|10/7/2024 1:45:51 PM|Member|Anarchy|Buddhism|Purple|10/7/2024 1:26:07 PM|210.99|3,326.49|689.997|War Mode|Gold|Coal|0|14,629.503|1|30,928|2,606|0|0|Active In The Last 3 Days|Aluminum|Lumber|Fish|Wheat|Iron|Marble|Pigs|Cattle|Uranium|Lead|89372|139906|
144810|Krash|Washington-Garvey|Independent Republic of Orange Nations|10004|6/12/2007 5:23:08 AM|Member|Capitalist|Christianity|Orange|6/12/2007 5:23:08 AM|300.00|2,999.99|0.450|War Mode|Iron|Marble|0|14,550.624|5|8,999|250|21|19|Active In The Last 3 Days|Aluminum|Lumber|Cattle|Water|Fish|Wheat|Pigs|Uranium|Spices|Sugar|641647|1337347|
643447|Fredrick Wagner|Phinolico|COBRA|13717|10/20/2024 2:06:19 PM|Member|Transitional|Jainism|Brown|6/1/2024 11:15:13 AM|455.15|2,658.30|1,051.192|War Mode|Pigs|Marble|0|14,538.286|1|6,542|0|0|0|Active In The Last 3 Days|Aluminum|Spices|Cattle|Wheat|Fish|Sugar|Iron|Lumber|Uranium|Water|2993|43249|
621283|SukinGame|FreeRedthai|Interkosmos|16298|12/17/2021 4:41:52 AM|Manager|Communist|None|Red|1/23/2020 8:26:39 AM|9.41|4,350.01|227.806|War Mode|Fish|Iron|0|14,495.805|4|8,550|180|0|0|Active This Week|Coal|Rubber|Oil|Aluminum|||||||1825|70952|
605765|Darth Actorbass|Tarmon Gaidon|New Polar Order|10006|7/16/2017 2:47:29 PM|Member|Anarchy|Mixed|Blue|7/16/2017 2:46:13 PM|325.44|3,104.63|82.442|War Mode|Rubber|Pigs|0|14,460.218|4|26,252|2,552|0|1|Active In The Last 3 Days|Aluminum|Marble|Coal|Gold|Fish|Uranium|Iron|Lumber|Lead|Oil|793374|1253830|
646681|Jokkeh|Andebu Technocracy|New Pacific Order|10000|6/3/2025 4:39:34 AM|Member|Anarchy|Buddhism|Red|6/3/2025 4:30:31 AM|105.42|3,681.86|536.520|War Mode|Cattle|Fish|0|14,452.158|2|31,447|3,041|0|0|Active In The Last 3 Days|Aluminum|Marble|Iron|Lumber|Sugar|Spices|Uranium|Water|Wheat|Pigs|14302|46696|
646038|OT Dominic|borneo kenyalang|Christian Coalition Of Countries|10028|3/20/2025 3:24:28 AM|Member|Democracy|Voodoo|Maroon|3/20/2025 3:21:48 AM|100.13|3,999.99|1,168.064|War Mode|Pigs|Rubber|0|14,388.997|1|6,815|0|0|0|Active In The Last 3 Days|Aluminum|Marble|Coal|Gold|Iron|Lumber|Uranium|Fish|Water|Wheat|27672|1778|
626421|JesusCrocs|Isla Guahan|Knights Of The Round Table|10092|3/2/2023 8:20:14 AM|Member|Capitalist|Christianity|Green|2/5/2021 4:04:45 AM|300.00|4,099.99|31.837|War Mode|Lumber|Marble|0|14,307.717|5|21,000|0|0|2|Active In The Last 3 Days|Aluminum|Iron|Gold|Uranium|Lead|Rubber|Oil|Water|||18406|102925|
642660|Cruar|Cruaria||0|3/29/2024 11:18:12 AM|None|Democracy|Mixed|Black|3/29/2024 11:18:13 AM|400.00|3,399.00|1,259.028|Peace Mode|Gems|Lumber|0|14,205.962|5|6,021|0|0|0|Active In The Last 3 Days|Coal|Iron|Fish|Pigs|Silver|Gold|Wheat|Silver|Wheat|Water|0|0|
646506|Jenna Montreal|Wolvanica|The Phoenix Federation|17385|5/14/2025 7:41:00 PM|Member|Republic|Taoism|Black|5/12/2025 11:48:56 PM|133.00|4,000.00|896.000|War Mode|Uranium|Water|0|14,197.000|5|9,400|0|0|0|Active In The Last 3 Days|Aluminum|Marble|Cattle|Wheat|Coal|Gold|Lumber|Iron|Pigs|Fish|0|0|
635306|koumail|Aesperia|Nordreich|11319|2/23/2025 4:11:51 AM|Member|Monarchy|None|Maroon|9/16/2022 10:54:28 AM|100.09|800.12|6,446.276|War Mode|Lead|Rubber|0|14,100.207|5|1,500|0|0|0|Active In The Last 3 Days|Aluminum|Marble|Coal|Oil|Gold|Iron|Lumber|Uranium|Wheat|Water|29370|5729|
428046|Ragnaroq|Rostrum|Independent Republic of Orange Nations|10004|10/31/2010 11:28:52 AM|Member|Monarchy|Mixed|Orange|10/14/2010 6:04:28 PM|153.17|3,699.99|0.487|War Mode|Lumber|Marble|0|13,984.388|1|23,892|0|0|2|Active In The Last 3 Days|||||||||||1260324|2238696|
576649|Caighil Coiri|Emerald Isles|New Pacific Order|10000|2/24/2025 2:08:38 PM|Member|Capitalist|Christianity|Red|5/30/2015 1:31:24 AM|100.30|3,999.99|375.099|Peace Mode|Aluminum|Marble|0|13,768.619|5|6,224|400|0|0|Active In The Last 3 Days|Cattle|Fish|Iron|Lumber|Oil|Lead|Water|Uranium|Wheat|Pigs|327794|493664|
643607|Aspen|Silus|Union Of Communist Republics|10060|6/14/2024 7:26:53 PM|Member|Communist|None|Brown|6/14/2024 6:56:43 PM|1.52|3,999.99|542.521|War Mode|Aluminum|Sugar|0|13,751.343|5|6,000|100|7|0|Active In The Last 3 Days|Iron|Fish|Lumber|Marble|Pigs|Cattle|Spices|Wheat|Water|Uranium|22897|16790|
645261|kinmckhatch|dudeydudeworld|Federation Of Armed Nations|10021|12/17/2024 5:42:38 PM|Member|Democracy|Christianity|Yellow|12/16/2024 5:43:17 PM|100.00|3,999.99|400.000|War Mode|Marble|Wheat|0|13,729.970|5|31,500|0|0|0|Active In The Last 3 Days|Cattle|Fish|Iron|Oil|Pigs|Coal|Rubber|Aluminum|Uranium|Lumber|0|0|
645269|1991s1|Policia|New Pacific Order|10000|12/18/2024 12:33:22 AM|Member|Transitional|None|Red|12/17/2024 11:39:25 PM|100.33|3,999.99|683.826|War Mode|Marble|Aluminum|0|13,660.030|5|6,632|0|0|0|Active Three Weeks Ago|Coal|Uranium|Fish|Cattle|Spices|Sugar|Wheat|Pigs|||0|287|
631409|German Made|German Engineering|The Prussian Empire|14204|12/18/2021 2:35:22 PM|Member|Monarchy|Christianity|Green|12/9/2021 4:30:31 PM|100.16|3,000.10|9.438|War Mode|Lumber|Marble|0|13,632.643|5|5,819|5|0|20|Active In The Last 3 Days|Coal|Iron|Gold|Oil|Lead|Rubber|Uranium|Water|Wheat|Aluminum|85700|139817|
645688|Queen Victoria Hale|Kingdom of Thalassia|Post Grunge Supergroup|16367|2/11/2025 4:20:08 AM|Member|Totalitarian State|Mixed|Brown|2/10/2025 2:52:47 PM|100.00|3,999.99|595.000|War Mode|Iron|Wheat|0|13,595.450|5|10,149|0|0|0|Active This Week|Aluminum|Marble|Fish|Cattle|Pigs|Lumber|Sugar|Spices|Water|Uranium|0|0|
630085|Josua070|Novus Primum|Post Grunge Supergroup|16367|9/19/2021 8:19:38 AM|Member|Communist|Christianity|Brown|9/17/2021 12:10:31 PM|400.67|3,199.00|1,186.397|War Mode|Spices|Wheat|0|13,579.956|5|7,500|250|0|0|Active In The Last 3 Days|Aluminum|Marble|Iron|Fish|Lumber|Sugar|Pigs|Cattle|Water|Uranium|4656|93869|
637158|dexterra|Dexterra||0|1/5/2023 9:31:15 AM|None|Federal Government|None|None|1/5/2023 9:31:16 AM|426.50|3,567.47|490.406|Peace Mode|Gems|Wine|0|13,570.510|5|0|0|0|0|Active In The Last 3 Days|Aluminum|Marble|Gold|Fish|Water|Rubber|||||0|0|
646353|tuomas|temple of perversion|The Legion|10020|5/1/2025 2:05:12 AM|Member|Anarchy|Islam|Purple|4/25/2025 4:19:33 AM|92.91|3,667.34|366.889|War Mode|Coal|Gold|0|13,558.802|3|29,546|2,880|0|0|Active In The Last 3 Days|Aluminum|Lumber|Fish|Wheat|Iron|Marble|Lead|Uranium|Oil|Pigs|15947|33604|
646205|Vashinator|Cedarland|Veneris|17356|5/16/2025 10:33:53 AM|Member|Democracy|Hinduism|White|4/7/2025 12:13:49 PM|100.00|3,699.00|692.142|War Mode|Pigs|Iron|0|13,479.204|5|8,200|400|0|0|Active In The Last 3 Days|Aluminum|Fish|Cattle|Spices|Marble|Lumber|Uranium|Water|Wheat|Sugar|0|518|
229806|elektra89|good nation|united purple nations|10025|3/1/2011 8:49:13 AM|Member|Dictatorship|Judaism|Purple|5/20/2008 9:24:22 AM|0.44|4,278.65|2.237|War Mode|Cattle|Pigs|0|13,283.572|5|22,103|0|0|0|Active Three Weeks Ago|||||||||||138329|237318|
645372|darkestofdans|Alert1|Federation Of Armed Nations|10021|12/31/2024 4:11:02 PM|Member|Communist|Christianity|Yellow|12/31/2024 1:47:27 PM|3.82|3,999.99|319.723|War Mode|Uranium|Pigs|0|13,258.577|1|30,056|44|0|0|Active In The Last 3 Days|Aluminum|Cattle|Cattle|Water|Coal|Fish|Oil|Marble|||1944|0|
628821|Havorithian|Havorithia|The Legion|10020|6/30/2021 12:58:00 AM|Member|Democracy|Norse|Purple|6/29/2021 11:50:42 PM|100.00|3,927.15|525.824|War Mode|Coal|Gold|0|13,239.111|5|8,446|0|0|0|Active This Week|Aluminum|Lumber|Cattle|Water|Fish|Wheat|Iron|Marble|Pigs|Uranium|0|1554|
590030|toledomike|BUGANATION|CLAWS|15841|6/26/2020 4:08:10 PM|Member|Monarchy|Christianity|Black|4/12/2016 3:58:06 PM|100.42|4,034.99|146.044|Peace Mode|Coal|Gold|0|13,213.343|5|12,890|197|0|3|Active In The Last 3 Days|Aluminum|Marble|Iron|Lumber|Lead|Uranium|Oil|Rubber|Wheat|Fish|1608270|2696243|
641804|jackthebest|Jackastan|NATO|10037|4/21/2025 2:25:23 PM|Member|Democracy|Norse|Blue|1/16/2024 3:16:45 PM|101.72|3,706.90|295.499|War Mode|Iron|Lumber|0|13,179.537|2|20,600|1,700|10|0|Active In The Last 3 Days|Aluminum|Marble|Fish|Uranium|Gold|Coal|Lead|Oil|Pigs|Rubber|0|40011|
646890|HarryJ|Wambulance|Post Grunge Supergroup|16367|6/28/2025 11:47:56 AM|Member|Federal Government|Judaism|Brown|6/27/2025 8:54:29 PM|0.00|3,999.99|700.000|War Mode|Iron|Fish|0|13,176.350|2|6,319|0|0|0|Active In The Last 3 Days|Aluminum|Marble|Pigs|Cattle|Spices|Sugar|Uranium|Lumber|Water|Wheat|0|0|
545724|Matmal|Matmalia|Post Grunge Supergroup|16367|6/17/2025 9:44:06 AM|Member|Capitalist|Mixed|Brown|2/2/2014 7:58:55 AM|100.00|3,999.99|0.000|War Mode|Lumber|Sugar|0|13,101.110|1|30,057|0|0|0|Active In The Last 3 Days|Aluminum|Marble|Iron|Fish|Pigs|Cattle|Spices|Wheat|Water|Uranium|0|0|
481577|jumpingjakers4|Sonicville|Christian Coalition Of Countries|10028|8/6/2013 7:50:12 PM|Member|Republic|Christianity|Blue|11/23/2011 3:30:20 PM|272.49|3,399.99|164.108|War Mode|Cattle|Fish|0|13,038.558|5|11,500|0|0|10|Active More Than Three Weeks Ago|||||||||||512307|594207|
643981|ONXwat|Vanier|Non Grata|10097|7/20/2024 9:51:56 PM|Member|Transitional|None|Maroon|7/20/2024 9:45:41 PM|100.00|3,999.99|250.000|Peace Mode|Lumber|Iron|0|13,034.970|5|8,000|0|0|0|Active In The Last 3 Days|Aluminum|Marble|Coal|Gold|Lead|Uranium|Pigs|Fish|Wheat|Oil|0|0|
635299|Jujohouse|Genshin Impact|Nordreich|11319|3/26/2025 11:00:48 PM|Member|Monarchy|Norse|Maroon|9/15/2022 10:19:20 PM|0.01|2,000.43|4,622.588|War Mode|Coal|Oil|0|12,985.212|5|2,500|0|0|0|Active This Week|Aluminum|Marble|Gold|Iron|Lead|Rubber|Lumber|Uranium|Wheat|Water|13045|29001|
646824|AlphaB|Blue Ribbon|The Legion|10020|6/18/2025 10:06:53 PM|Member|Democracy|Buddhism|Purple|6/18/2025 6:56:06 PM|0.00|3,999.00|500.000|Peace Mode|Oil|Pigs|0|12,947.000|5|10,000|0|0|0|Active In The Last 3 Days|Aluminum|Lumber|Coal|Gold|Fish|Wheat|Iron|Marble|Lead|Uranium|0|0|
606786|The Milkmaid|Dun Holm|Knights Of The Round Table|10092|3/29/2021 3:54:40 PM|Member|Republic|Christianity|White|8/27/2017 9:48:51 PM|100.29|999.99|898.935|War Mode|Cattle|Water|0|12,923.285|5|15,173|0|0|25|Active In The Last 3 Days|Iron|Lumber|Marble|Aluminum|Sugar|Spices|Uranium|Pigs|Uranium|Wheat|1568641|2177659|
586628|Jammus|Dyussus|NonAligned Countries|17156|12/24/2023 3:55:50 AM|Manager|Totalitarian State|Taoism|Black|1/17/2016 10:01:37 AM|707.75|2,802.40|0.076|Peace Mode|Sugar|Spices|0|12,919.739|5|14,537|153|2|0|Active In The Last 3 Days|Cattle|Wheat|Coal|Wheat|Gems|Wine|Iron|Lead|Water|Rubber|118699|1608385|
646167|DoctorDlicious|Lat Flan|Non Grata|10097|4/4/2025 9:31:36 PM|Member|Monarchy|None|Maroon|4/3/2025 11:38:22 PM|200.19|2,999.99|1,278.456|Peace Mode|Marble|Aluminum|0|12,918.068|5|7,722|725|2|0|Active In The Last 3 Days|Coal|Gold|Iron|Lumber|Lead|Uranium|Pigs|Fish|Wheat|Oil|2662|9595|
646321|equusSuprm|equusSuprm|New Pacific Order|10000|4/20/2025 9:57:48 PM|Member|Revolutionary Government|Christianity|Red|4/20/2025 9:57:17 PM|110.00|3,999.99|100.000|War Mode|Sugar|Spices|0|12,878.770|5|8,940|0|0|0|Active In The Last 3 Days|Aluminum|Marble|Fish|Cattle|Lumber|Iron|Wheat|Pigs|||0|0|
638048|CharlisonX|Willstate|New Polar Order|10006|3/12/2025 2:56:44 PM|Member|Anarchy|Buddhism|Blue|3/3/2023 3:38:02 PM|38.43|3,958.73|50.155|War Mode|Lead|Oil|0|12,864.561|1|26,801|1,033|0|0|Active In The Last 3 Days|Aluminum|Marble|Coal|Gold|Fish|Uranium|Iron|Lumber|Rubber|Pigs|22710|144039|
635092|Heriberto Millan|PDSLR||0|9/1/2022 8:41:23 PM|None|Transitional|None|Red|9/1/2022 8:41:24 PM|300.00|2,500.00|2,448.000|Peace Mode|Furs|Uranium|0|12,772.000|5|4,000|100|0|0|Active More Than Three Weeks Ago|||||||||||0|0|
631406|The Black Kaiser|Medieval Reich||0|8/14/2025 4:24:57 PM|None|Monarchy|Christianity|Green|12/9/2021 3:12:06 PM|100.63|1,001.00|55.531|War Mode|Coal|Oil|0|12,763.164|5|3,187|0|5|25|Active In The Last 3 Days|Aluminum|Lumber|Iron|Water|Rubber|Gold|Uranium|Lead|Wheat|Marble|1487598|2805630|
609513|Lady Mineva|Empire of Autumnus|Freehold of The Wolves|15157|12/13/2017 5:52:10 PM|Member|Transitional|Mixed|Brown|12/13/2017 3:41:19 PM|77.00|3,802.75|205.806|War Mode|Fish|Uranium|0|12,727.624|1|4,254|78|8|4|Active In The Last 3 Days|Aluminum|Marble|Cattle|Pigs|Lumber|Iron|Sugar|Spices|Water|Wheat|152475|415701|
535786|ThE K9|09Charger|Global Alliance And Treaty Organization|10003|9/6/2013 8:10:31 PM|Member|Monarchy|Shinto|Brown|9/6/2013 7:48:57 PM|0.14|2,999.99|2,159.868|War Mode|Iron|Fish|0|12,659.291|5|12,931|1|0|0|Active In The Last 3 Days|Uranium|Water|||||||||58751|82361|
646439|Sagetheml|Santa Marco|Madlads Union|17130|5/5/2025 4:02:10 PM|Member|Communist|Taoism|Brown|5/3/2025 9:09:25 PM|443.94|2,065.88|1,666.354|War Mode|Pigs|Uranium|0|12,633.585|5|4,756|58|50|0|Active In The Last 3 Days|Aluminum|Lumber|Cattle|Oil|Coal|Iron|Gold|Lead|Marble|Wheat|1177|1758|
640291|Sith Emperor|HothEmpire|The Prussian Empire|14204|8/16/2025 3:54:19 PM|Member|Dictatorship|Mixed|Green|9/25/2023 9:50:33 AM|150.31|2,900.00|1,577.247|War Mode|Uranium|Coal|0|12,502.431|1|11,001|500|0|0|Active In The Last 3 Days|Fish|Aluminum|Wheat|Water|Wine|Gems|||||113|9391|
642002|Telikos Terakhir|Eschatosia|The Legion|10020|2/2/2024 11:31:45 PM|Member|Communist|Mixed|Purple|2/2/2024 11:29:45 PM|0.00|3,999.99|199.999|Peace Mode|Aluminum|Lumber|0|12,462.489|5|8,126|0|0|0|Active In The Last 3 Days|Fish|Wheat|Iron|Marble|Oil|Pigs|Spices|Sugar|Uranium|Lead|0|0|
437585|hasansohel|BANGLADESH NEAR BAY|CLAWS|15841|9/28/2025 12:04:22 AM|Pending|Capitalist|Islam|None|12/22/2010 2:52:30 AM|455.17|1,692.68|1,242.553|War Mode|Iron|Lumber|0|12,219.125|5|10,071|0|0|0|Active This Week|||||||||||3668881|5357669|
636192|Elizah|Monshun|Nordreich|11319|2/23/2025 8:55:50 AM|Member|Monarchy|Taoism|Maroon|11/7/2022 8:40:15 PM|0.24|1,100.00|4,880.753|War Mode|Wheat|Water|0|12,166.345|5|2,200|0|0|0|Active In The Last 3 Days|Aluminum|Marble|Coal|Oil|Gold|Iron|Lead|Rubber|Lumber|Uranium|1876|25497|
487436|Arborder|Garrison One|Avalanche|10078|1/17/2012 8:09:06 PM|Member|Democracy|Mixed|Blue|1/17/2012 5:27:03 PM|415.20|1,999.99|84.128|War Mode|Water|Wheat|0|11,985.760|5|9,180|0|0|0|Active In The Last 3 Days|Aluminum|Cattle|Fish|Iron|Lumber|Marble|Pigs|Uranium|Sugar|Spices|254050|609832|
562847|GRP|Lonesome Dove|New Pacific Order|10000|10/9/2014 10:56:09 PM|Member|Monarchy|Confucianism|Red|10/9/2014 10:54:28 PM|1,008.85|1,446.38|1,036.411|War Mode|Aluminum|Marble|0|11,739.591|5|27,580|0|0|5|Active More Than Three Weeks Ago|||||||||||496504|925151|
646001|Joseph Stanleyz|ZingaDing|NATO|10037|3/23/2025 7:51:06 AM|Member|Capitalist|Islam|Blue|3/17/2025 7:38:27 AM|8.50|3,302.07|1,072.772|War Mode|Sugar|Spices|0|11,728.065|5|8,500|1|0|0|Active This Week|Cattle|Pigs|||||||||0|0|
617046|ResurrectionSon|Genox||0|2/20/2019 1:54:28 PM|None|Transitional|None|Blue|2/20/2019 1:33:53 PM|0.00|2,672.27|369.750|War Mode|Iron|Marble|0|11,556.351|1|22,745|2,250|8|0|Active This Week|Aluminum|Coal|Cattle|Wheat|Fish|Pigs|Lumber|Water|Sugar|Spices|13500|631249|
643839|0ttobeuren|Brundstadten|The Prussian Empire|14204|7/10/2024 6:44:53 AM|Member|Federal Government|Islam|Green|7/8/2024 7:58:03 AM|301.44|2,350.99|1,605.164|War Mode|Gold|Oil|0|11,530.221|4|5,566|5|0|0|Active In The Last 3 Days|Coal|Iron|Lead|Rubber|Lumber|Marble|Uranium|Water|Wheat|Aluminum|63|9071|
541768|PM Skipper|Dragon Isle|The Dark Templar|10056|12/5/2013 8:24:19 AM|Member|Monarchy|Hinduism|Maroon|12/3/2013 4:41:42 PM|300.00|2,500.00|1,325.506|Peace Mode|Wheat|Wine|0|11,488.263|4|5,000|500|10|0|Active In The Last 3 Days|Aluminum|Marble|Marble|Uranium|Oil|Gold|Sugar|Iron|||0|134927|
533035|Scourge|Bosthirda|New Pacific Order|10000|7/30/2013 11:56:49 AM|Member|Communist|None|Red|7/30/2013 11:27:11 AM|100.85|1,999.99|7.308|War Mode|Wheat|Pigs|0|11,426.250|5|5,555|0|0|20|Active In The Last 3 Days|Aluminum|Marble|Fish|Cattle|Iron|Lumber|Lead|Oil|Uranium|Coal|597037|877975|
549690|Leonardothered|Casterly Rock|Random Insanity Alliance|10038|3/25/2014 1:18:17 PM|Member|Communist|Christianity|Maroon|3/24/2014 2:54:18 AM|3.61|3,650.98|0.027|Peace Mode|Aluminum|Marble|0|11,381.028|5|10,000|1,000|1|0|Active This Week|Coal|Oil|Gold|Iron|Lead|Rubber|Lumber|Uranium|Wheat|Water|103038|244028|
641298|Marshal Kendall|Shafar|The Legion|10020|7/25/2025 2:07:55 AM|Member|Communist|Christianity|Purple|12/11/2023 9:07:27 PM|106.05|2,000.16|2,037.542|Peace Mode|Fish|Wheat|0|11,305.454|1|14,000|1,192|50|0|Active In The Last 3 Days|Aluminum|Lumber|Coal|Gold|Iron|Marble|Oil|Pigs|Uranium|Lead|20179|69398|
484240|j3rdegree|United Tadpoles|Global Alliance And Treaty Organization|10003|7/25/2019 6:03:34 AM|Manager|Communist|None|Brown|12/17/2011 7:32:55 PM|0.27|25.99|0.333|War Mode|Marble|Lead|45|11,132.630|5|1,640|0|3|25|Active In The Last 3 Days|Aluminum|Iron|Coal|Fish|Gold|Lumber|Rubber|Oil|Wheat|Uranium|2753719|5780528|
644951|Landric|Republic of Ursus|The Grand Lodge Of Freemasons|10029|2/17/2025 6:57:32 AM|Member|Totalitarian State|Voodoo|Orange|11/3/2024 8:00:49 PM|306.18|2,199.54|1,080.530|War Mode|Oil|Rubber|0|10,787.305|5|5,761|409|39|0|Active In The Last 3 Days|Gold|Gems|Iron|Aluminum|Lumber|Wheat|Marble|Lead|||8963|6411|
646465|Panglima Burung|Kalimantan Baru|New Pacific Order|10000|5/9/2025 5:32:00 AM|Member|Anarchy|Buddhism|Red|5/7/2025 5:05:42 AM|73.92|3,179.33|530.167|War Mode|Spices|Sugar|0|10,709.652|5|341|0|0|0|Active In The Last 3 Days|Aluminum|Marble|Fish|Cattle|Lumber|Iron|Water|Uranium|Wheat|Pigs|0|3770|
646249|Pretondapredator|Prestonland|Global Alliance And Treaty Organization|10003|4/13/2025 10:23:19 AM|Member|Democracy|Hinduism|Brown|4/13/2025 10:18:30 AM|100.00|2,987.52|739.188|War Mode|Water|Fish|0|10,702.851|1|4,845|173|0|0|Active In The Last 3 Days|Aluminum|Cattle|Iron|Lumber|Marble|Pigs|Spices|Sugar|Uranium|Wheat|0|0|
647032|CVTWayne|Hintonia|Christian Coalition Of Countries|10028|7/17/2025 8:51:34 AM|Member|Democracy|Jainism|Maroon|7/17/2025 8:29:50 AM|100.00|2,999.99|685.417|War Mode|Iron|Lumber|0|10,674.896|1|7,340|0|0|0|Active In The Last 3 Days|Aluminum|Marble|Coal|Gold|Pigs|Rubber|Uranium|Fish|Water|Wheat|0|0|
634412|hadwyn|One piece|Nordreich|11319|7/14/2022 1:06:09 AM|Member|Communist|Mixed|Maroon|7/14/2022 12:57:55 AM|0.06|2,500.00|895.649|War Mode|Aluminum|Marble|0|10,623.762|5|9,000|0|0|4|Active In The Last 3 Days|Fish|Uranium|Iron|Lumber|Pigs|Cattle|Sugar|Spices|Wheat|Water|1708546|3346273|
458356|KingArmen|Rhinoveia|The Legion|10020|10/30/2024 10:13:18 AM|Member|Communist|Judaism|Purple|5/3/2011 1:41:13 AM|115.60|2,663.79|212.406|Peace Mode|Iron|Marble|0|10,293.291|1|6,764|0|2|10|Active In The Last 3 Days|Aluminum|Lumber|Coal|Gold|Fish|Wheat|Lead|Uranium|Oil|Pigs|825294|1027382|
582040|casey3927|landguardian|The Legion|10020|4/24/2025 9:37:02 PM|Member|Communist|Confucianism|Purple|9/21/2015 4:40:20 PM|100.40|2,999.99|53.630|Peace Mode|Iron|Marble|0|10,274.726|5|15,675|644|0|0|Active In The Last 3 Days|Aluminum|Lumber|Fish|Wheat|Oil|Pigs|Spices|Sugar|Uranium|Lead|4043|735|
646892|Kamva|Zaire Republic|Nuclear Proliferation League|17228|6/29/2025 3:38:29 AM|Member|Communist|None|Blue|6/28/2025 3:44:01 AM|100.21|2,500.00|1,176.375|War Mode|Fish|Uranium|0|10,155.388|1|5,000|599|10|0|Active In The Last 3 Days|Aluminum|Marble|Iron|Lumber|Lead|Oil|Pigs|Rubber|Spices|Sugar|0|1079|
632937|informator|Ukrainians|Knights Of The Round Table|10092|10/3/2024 3:07:26 AM|Member|Democracy|Christianity|Green|3/29/2022 7:46:43 AM|401.00|2,403.02|381.146|War Mode|Aluminum|Wheat|0|10,061.789|5|5,550|250|10|0|Active In The Last 3 Days|Cattle|Pigs|Fish|Uranium|Lumber|Marble|Spices|Sugar|Water|Iron|0|0|
646395|nahhyan|BDPeace|New Polar Order|10006|4/29/2025 11:31:00 PM|Member|Revolutionary Government|Mixed|Blue|4/29/2025 5:57:40 AM|0.00|2,999.00|588.620|War Mode|Aluminum|Marble|0|9,989.330|5|4,450|2|0|0|Active Three Weeks Ago|Coal|Gold|Fish|Uranium|Lead|Oil|Rubber|Pigs|||420|0|
201000|archbolddawg|archbold||0|12/28/2014 8:41:55 AM|None|Democracy|Christianity|Black|1/28/2008 5:58:26 PM|867.63|1,372.74|838.073|Peace Mode|Lead|Aluminum|0|9,962.454|5|2,600|10|3|0|Active In The Last 3 Days|Coal|Gold|Iron|Lumber|Lumber|Iron|Marble|Uranium|Wheat|Fish|155788|422844|
646240|WelpLOLoofE|Slavnia|Nuclear Proliferation League|17228|6/21/2025 3:35:53 AM|Member|Capitalist|Buddhism|Black|4/12/2025 2:51:18 PM|251.41|1,500.00|2,585.029|War Mode|Water|Wheat|0|9,909.627|4|6,000|150|0|0|Active In The Last 3 Days|Pigs|Rubber|Spices|Sugar|Uranium|Coal|Wine|Furs|||0|706|
537027|zzz100ificati|Alpino|United Equestria|10101|9/25/2013 6:04:00 PM|Member|Dictatorship|Voodoo|White|9/25/2013 12:28:05 AM|288.82|1,156.18|2,840.920|War Mode|Water|Silver|0|9,879.089|5|6,933|457|10|0|Active In The Last 3 Days|Gold|Fish|||||||||0|1566|
644967|Mushrat|Ormarr Land|The Grand Lodge Of Freemasons|10029|2/17/2025 8:49:03 PM|Member|Federal Government|Judaism|Orange|11/5/2024 6:14:02 PM|25.00|2,999.00|400.000|War Mode|Lumber|Wheat|0|9,836.400|5|5,720|0|0|0|Active In The Last 3 Days|Iron|Aluminum|Marble|Lead|Oil|Rubber|||||0|0|
12258|Commissar Sendoa|Cataduanes|Non Grata|10097|4/8/2025 12:28:05 AM|Member|Anarchy|Voodoo|Maroon|4/28/2006 9:26:35 AM|108.38|2,195.93|113.089|War Mode|Coal|Gold|0|9,819.414|1|18,974|1,753|0|13|Active In The Last 3 Days|Fish|Pigs|Lumber|Iron|Marble|Aluminum|Uranium|Lead|Wheat|Oil|2008179|3506727|
232325|rstat1|ElizabethTown|The Chaos Brotherhood|10364|7/13/2013 9:35:10 PM|Member|Anarchy|None|Green|5/28/2008 1:51:45 PM|626.25|2,222.35|1.730|War Mode|Oil|Uranium|0|9,800.899|5|0|0|0|0|Active More Than Three Weeks Ago|||||||||||265414|357262|
4930|Sir Sci|Scots Empire|Global Alliance and Treaty Organization|10003|11/26/2007 10:44:05 PM|Member|Communist|Christianity|Brown|3/18/2006 1:43:55 AM|100.20|2,999.99|105.797|War Mode|Pigs|Cattle|0|9,780.722|1|6,054|0|0|0|Active In The Last 3 Days|Aluminum|Marble|Iron|Fish|Lumber|Sugar|Spices|Wheat|Uranium|Water|721958|1176428|
199558|St Gaz|Saintsville|WE ARE PERTH ARMY|10036|1/25/2008 2:52:01 AM|Member|Democracy|Mixed|White|1/23/2008 3:36:53 PM|192.34|2,498.33|749.115|War Mode|Spices|Pigs|0|9,780.396|5|10,000|0|0|0|Active Last Week|Cattle|Sugar|Coal|Iron|Marble|Lumber|Uranium|Aluminum|||237460|486811|
646815|godtoh1|hotdogal|Global Alliance And Treaty Organization|10003|6/17/2025 9:38:57 PM|Member|Monarchy|Islam|Brown|6/17/2025 9:38:04 PM|0.00|2,999.00|400.000|War Mode|Iron|Fish|0|9,707.400|5|5,520|0|0|0|Active In The Last 3 Days|Aluminum|Marble|Lumber|Sugar|Pigs|Cattle|Spices|Wheat|Water|Uranium|0|0|
122255|Mazrim Taim|Amadicia|New Pacific Order|10000|9/20/2025 3:04:30 AM|Pending|Anarchy|Christianity|Red|3/30/2007 4:32:23 AM|871.60|1,766.98|0.000|War Mode|Aluminum|Marble|0|9,658.951|5|0|0|0|0|Active In The Last 3 Days|Lumber|Cattle|Uranium|Lead|||||||219108|971633|
647188|Ra Zeus|NewEygptianEmpire|Nuclear Proliferation League|17228|8/26/2025 6:34:49 PM|Member|Dictatorship|Mixed|White|8/5/2025 7:43:07 PM|103.07|2,400.00|910.548|War Mode|Sugar|Spices|0|9,613.492|5|9,036|233|3|0|Active In The Last 3 Days|Cattle|Water|Lumber|Iron|Uranium|Fish|Wheat|Water|||10647|8962|
646946|Zamla|Zamla|Nuclear Proliferation League|17228|8/23/2025 7:33:15 AM|Member|Totalitarian State|Christianity|Aqua|7/3/2025 5:08:34 PM|279.21|1,646.83|1,885.211|War Mode|Coal|Pigs|0|9,438.688|1|4,397|7|6|0|Active In The Last 3 Days|Cattle|Spices|Furs|Cattle|Lumber|Cattle|Rubber|Gems|Wheat|Fish|0|927|
647277|yesyesnono|Rostovan|Nuclear Proliferation League|17228|8/17/2025 9:50:47 AM|Member|Federal Government|None|Blue|8/16/2025 11:48:57 PM|206.78|2,381.84|116.838|War Mode|Iron|Lumber|0|9,428.826|1|19,515|1,431|0|0|Active In The Last 3 Days|Aluminum|Marble|Fish|Uranium|Gold|Coal|Pigs|Rubber|Water|Wheat|3926|7560|
525090|Codeman|United|Christian Coalition Of Countries|10028|9/19/2023 4:18:05 PM|Member|Capitalist|Christianity|Maroon|4/12/2013 11:46:16 AM|600.26|1,999.99|38.579|Peace Mode|Coal|Gold|0|9,399.145|5|9,500|0|0|0|Active In The Last 3 Days|Iron|Lumber|Marble|Aluminum|Oil|Lead|Pigs|Rubber|Uranium|Fish|211725|410723|
646402|MHOF100|DJANDMATT|Nuclear Proliferation League|17228|5/8/2025 11:35:39 AM|Member|Totalitarian State|Judaism|Aqua|4/29/2025 6:19:17 PM|319.60|1,859.75|503.260|War Mode|Silver|Oil|0|9,365.493|1|7,515|409|50|0|Active In The Last 3 Days|Gold|Gems|Rubber|Sugar|Uranium|Gold|Wheat|Sugar|Wine|Gems|1512|7530|
638116|OscarChen5|United Continental|COBRA|13717|3/25/2025 8:34:36 AM|Member|Federal Government|Christianity|Brown|3/7/2023 11:59:12 AM|200.06|2,043.34|711.920|War Mode|Cattle|Oil|0|9,188.432|5|4,513|0|0|0|Active This Week|Aluminum|Lumber|Coal|Iron|Gold|Lead|Marble|Wheat|Pigs|Uranium|1158|69458|
647319|Illuminascii|Drakainia|Federation Of Armed Nations|10021|9/24/2025 5:15:41 PM|Pending|Republic|Mixed|None|8/23/2025 12:48:34 PM|224.55|1,745.61|1,537.534|War Mode|Lumber|Uranium|0|9,183.544|4|6,482|387|0|0|Active This Week|Silver|Oil|||||||||11001|16946|
600114|BigGun|Doomstone|Church of the Holy Platypus|17265|1/19/2025 4:09:05 PM|Member|Dictatorship|None|Brown|1/12/2017 10:56:07 PM|100.00|2,535.52|9.192|War Mode|Marble|Wheat|0|9,130.335|5|10,000|0|0|9|Active This Week|Aluminum|Lumber|Cattle|Oil|Coal|Iron|Gold|Lead|Pigs|Uranium|162040|551909|
647165|Caucasus212|Caucasus2|Christian Coalition Of Countries|10028|8/2/2025 6:41:59 AM|Member|Transitional|None|Maroon|8/2/2025 6:41:53 AM|215.51|1,520.47|1,312.100|War Mode|Aluminum|Marble|0|9,075.935|1|6,271|475|0|0|Active In The Last 3 Days|Lead|Oil|Rubber|Uranium|Uranium|Coal|Wheat|Wine|||40828|10901|
603950|Michael Locke|Baltorussia|Global Alliance And Treaty Organization|10003|7/29/2025 12:47:10 PM|Member|Totalitarian State|Norse|Brown|5/11/2017 11:43:51 AM|110.00|2,799.99|0.000|War Mode|Water|Uranium|0|9,041.970|5|4,600|0|0|0|Active In The Last 3 Days|Aluminum|Marble|Fish|Cattle|Iron|Wheat|Pigs|Lumber|Sugar|Spices|0|0|
647184|DCBinks|Caogalna|Post Grunge Supergroup|16367|8/5/2025 12:42:41 PM|Member|Transitional|Jainism|Brown|8/5/2025 8:01:59 AM|100.00|2,499.99|400.000|War Mode|Iron|Fish|0|9,029.970|5|5,500|100|10|0|Active In The Last 3 Days|Lumber|Sugar|Marble|Aluminum|Pigs|Cattle|Spices|Wheat|Water|Uranium|0|0|
647447|WayTooIntense|Pop Tart|TANG Clan|17449|9/20/2025 8:23:08 AM|Manager|Monarchy|None|Black|9/8/2025 6:55:30 PM|340.00|1,652.52|1,381.586|War Mode|Aluminum|Marble|0|8,913.932|5|7,500|120|1|0|Active In The Last 3 Days|Coal|Gold|Lumber|Iron|Rubber|Oil|Wheat|Fish|||0|0|
645136|district10VICTOR|Amelo|Global Alliance And Treaty Organization|10003|11/27/2024 4:17:56 PM|Member|Monarchy|Shinto|Brown|11/27/2024 10:56:48 AM|100.11|1,700.00|1,996.174|War Mode|Fish|Coal|0|8,797.814|5|5,000|15|0|0|Active In The Last 3 Days|Gold|Lumber|Iron|Aluminum|Lead|Marble|Oil|Rubber|Wheat|Uranium|0|12484|
303086|Neodymium|Neodymia||0|2/16/2009 1:44:02 PM|None|Federal Government|None|Maroon|2/16/2009 1:44:02 PM|381.31|1,999.99|506.646|Peace Mode|Lumber|Lead|0|8,796.602|5|3,505|0|0|0|Active In The Last 3 Days|Gold|Oil|Iron|Uranium|Marble|Gems|Oil|Aluminum|Water|Coal|0|2568|
647422|WarLordSnaxx|Snackdom|Freehold of The Wolves|15157|9/4/2025 4:45:46 PM|Member|Monarchy|None|White|9/4/2025 4:42:38 PM|10.10|1,999.00|1,047.512|War Mode|Uranium|Fish|0|8,745.161|1|17,224|1,699|0|0|Active In The Last 3 Days|Aluminum|Iron|Lumber|Iron|Pigs|Cattle|Sugar|Spices|Wheat|Water|5591|0|
647405|Victorboss|Victorcon|Nuclear Proliferation League|17228|9/2/2025 5:35:19 PM|Member|Federal Government|Buddhism|White|9/2/2025 5:13:25 PM|191.04|1,901.41|1,040.004|War Mode|Pigs|Cattle|0|8,722.649|1|13,361|105|0|0|Active In The Last 3 Days|Aluminum|Iron|Lumber|Iron|Silver|Gold|Uranium|Fish|Wheat|Water|36115|27463|
647037|Pachacan Federation|Pachacan Federation|Independent Republic Of Orange Nations|10004|7/17/2025 4:12:03 PM|Member|Monarchy|Confucianism|Orange|7/17/2025 4:10:49 PM|100.00|2,499.99|390.000|War Mode|Gold|Marble|0|8,684.970|5|5,000|0|0|0|Active In The Last 3 Days|Aluminum|Iron|Coal|Lead|Lumber|Wheat|Oil|Rubber|Uranium|Water|0|0|
647336|Anomaly|Pub Republic|Global Alliance And Treaty Organization|10003|8/25/2025 3:20:15 PM|Member|Transitional|None|Brown|8/25/2025 2:58:16 PM|100.00|1,999.99|300.000|War Mode|Pigs|Lumber|0|8,631.942|5|14,879|1,422|50|0|Active In The Last 3 Days|Aluminum|Marble|Fish|Cattle|Iron|Wheat|Sugar|Spices|Water|Uranium|0|0|
646885|Justin Ordinary|Ordinary|Knights Of The Round Table|10092|7/12/2025 3:21:40 AM|Member|Democracy|Baha'i Faith|Green|6/26/2025 1:21:55 PM|100.00|2,599.99|150.000|War Mode|Oil|Water|0|8,624.150|5|4,959|0|0|0|Active In The Last 3 Days|Aluminum|Marble|Gold|Iron|Lead|Uranium|Rubber|Lumber|Wheat|Coal|0|0|
643625|DERVISHchaff|Sudentor|New Polar Order|10006|6/20/2024 9:09:02 PM|Member|Communist|Christianity|Blue|6/17/2024 1:21:30 AM|340.00|1,999.99|478.424|War Mode|Coal|Gold|0|8,555.592|1|6,900|0|0|0|Active In The Last 3 Days|Aluminum|Lumber|Fish|Uranium|Lead|Oil|Lumber|Iron|Pigs|Rubber|79238|65787|
647271|Overlord121|Velmorra|Knights Of The Round Table|10092|8/16/2025 3:09:01 PM|Member|Monarchy|None|Green|8/16/2025 2:19:37 PM|100.00|2,499.99|300.000|War Mode|Uranium|Lead|0|8,518.790|5|3,441|0|0|0|Active In The Last 3 Days|Aluminum|Lumber|Gold|Coal|Iron|Marble|Oil|Rubber|Wheat|Water|0|0|
647502|twitchanswers|Twitch|Doombrella|17368|9/14/2025 10:20:01 PM|Member|Communist|None|Black|9/14/2025 9:33:00 PM|196.49|1,564.26|792.364|War Mode|Marble|Aluminum|0|8,408.329|1|11,589|1,149|13|0|Active In The Last 3 Days|Cattle|Wheat|Fish|Pigs|Iron|Lumber|Sugar|Spices|Water|Uranium|26675|9742|
645104|BillyBob2923|BillsOnBills||0|11/24/2024 7:22:58 AM|None|Totalitarian State|Norse|None|11/24/2024 7:22:59 AM|199.70|1,866.20|1,086.216|Peace Mode|Aluminum|Fish|0|8,367.002|5|5,029|0|0|0|Active Last Week|Lumber|Iron|Water|Wheat|||||||0|5821|
271928|Thebanished|UnitedStatesOfDes|Viridian Entente|10010|3/21/2016 9:05:40 PM|Member|Democracy|Christianity|Green|10/15/2008 4:34:15 PM|92.07|2,108.54|10.084|War Mode|Spices|Sugar|0|8,344.176|5|18,029|1,150|1|0|Active This Week|Pigs|Fish|Pigs|Wheat|||||||339123|1165833|
645268|fucho|fucho|Veneris|17356|5/26/2025 7:36:34 AM|Member|Monarchy|Shinto|White|12/17/2024 10:27:41 PM|0.11|2,500.00|402.383|War Mode|Aluminum|Fish|0|8,264.096|5|8,000|0|0|0|Active In The Last 3 Days|Cattle|Spices|Marble|Lumber|Pigs|Iron|Uranium|Water|Wheat|Sugar|0|1019|
645374|Zia Ul Haq|Emirate of Pakistan|COBRA|13717|3/23/2025 5:38:06 PM|Member|Totalitarian State|Islam|Brown|12/31/2024 3:10:53 PM|100.00|2,000.00|993.101|War Mode|Aluminum|Lumber|0|8,099.654|5|4,500|100|0|0|Active In The Last 3 Days|Cattle|Oil|Coal|Iron|Gold|Lead|Marble|Wheat|Pigs|Uranium|0|0|
207587|andyt2k|Veritas|NATO|10037|6/11/2014 9:47:04 AM|Member|Democracy|None|Blue|2/23/2008 1:39:37 AM|93.05|1,908.82|0.481|War Mode|Fish|Uranium|0|8,014.243|5|6,589|0|0|13|Active This Week|Aluminum|Marble|Coal|Gold|Iron|Lumber|Lead|Oil|Pigs|Rubber|941654|3395845|
647159|HarryJames|Rigbyium|Nuclear Proliferation League|17228|8/2/2025 3:23:26 AM|Member|Anarchy|Christianity|Aqua|8/1/2025 3:39:29 PM|265.75|1,461.15|1,109.662|War Mode|Lumber|Cattle|0|7,925.604|4|446|0|9|0|Active Three Weeks Ago|Coal|Pigs|Gold|Gems|Rubber|Sugar|Wheat|Water|||1048|3196|
584955|Ayiana|Veritable|Independent Republic Of Orange Nations|10004|12/18/2015 6:18:26 AM|Member|Monarchy|Confucianism|Orange|11/30/2015 7:42:44 AM|101.46|1,974.96|749.488|War Mode|Rubber|Oil|0|7,846.410|5|14,000|0|1|0|Active This Week|Aluminum|Lumber|Coal|Gold|Iron|Uranium|Water|Wheat|||1200|407594|
538290|tombob771|Aplivia|Post Grunge Supergroup|16367|9/24/2025 4:18:08 AM|Member|Revolutionary Government|Buddhism|Black|10/14/2013 5:51:06 AM|140.00|2,103.77|335.910|War Mode|Cattle|Fish|0|7,843.180|5|15,900|0|0|0|Active In The Last 3 Days|Lead|Uranium|||||||||15|18039|
639477|Lord King|Kinglordia|New Pacific Order|10000|9/4/2025 5:17:55 PM|Member|Transitional|None|Red|7/7/2023 5:46:38 PM|107.55|1,979.84|0.000|War Mode|Wheat|Pigs|0|7,833.466|1|13,071|1,165|2|0|Active In The Last 3 Days|Aluminum|Marble|Coal|Uranium|Fish|Cattle|Lead|Oil|Lumber|Iron|0|1848|
647083|NightShadeZee|ArcticConglomerate|Nuclear Proliferation League|17228|7/24/2025 12:55:14 AM|Member|Monarchy|None|Brown|7/23/2025 9:52:57 PM|100.44|1,550.00|1,250.003|War Mode|Marble|Aluminum|0|7,812.204|4|7,000|500|10|0|Active In The Last 3 Days|Iron|Fish|Lumber|Sugar|Pigs|Cattle|Spices|Wheat|Water|Uranium|0|154|
646556|DarkFae|FaeRealm|Christian Coalition Of Countries|10028|5/19/2025 7:58:25 PM|Member|Monarchy|Shinto|Maroon|5/19/2025 7:50:23 PM|0.00|1,999.99|1,100.000|Peace Mode|Aluminum|Marble|0|7,740.080|5|4,505|0|0|0|Active In The Last 3 Days|Cattle|Pigs|Iron|Lumber|Spices|Sugar|Uranium|Fish|Water|Wheat|0|0|
647448|WayTooExtreme|Yerdalldat|TANG Clan|17449|9/8/2025 7:14:20 PM|Manager|Federal Government|None|Black|9/8/2025 6:56:13 PM|150.00|1,699.99|958.911|War Mode|Lumber|Iron|0|7,648.331|5|3,500|200|0|0|Active In The Last 3 Days|Aluminum|Marble|Coal|Gold|Lead|Uranium|Rubber|Oil|Wheat|Fish|0|0|
626630|BillyAnderson|Andersonia|NATO|10037|2/17/2021 8:09:43 PM|Member|Monarchy|Sikhism|Blue|2/17/2021 8:05:15 PM|0.00|1,914.20|1,185.739|War Mode|Iron|Lumber|0|7,607.788|5|4,329|0|0|0|Active In The Last 3 Days|Coal|Gold|Marble|Aluminum|Pigs|Rubber|Uranium|Fish|Water|Wheat|4979|36092|
643474|Thilsh|Ibvralia|Post Grunge Supergroup|16367|6/25/2024 12:09:03 AM|Member|Capitalist|Shinto|Brown|6/3/2024 4:04:39 PM|100.41|999.99|2,667.023|War Mode|Coal|Fish|0|7,582.593|5|4,003|0|0|0|Active In The Last 3 Days|Aluminum|Iron|Gold|Lumber|Marble|Lead|Rubber|Oil|Wheat|Uranium|44395|114654|
646760|jwill96|Ibica|Nuclear Proliferation League|17228|6/12/2025 5:32:33 PM|Member|Republic|Christianity|Aqua|6/11/2025 10:41:46 PM|229.39|1,565.34|975.870|War Mode|Rubber|Sugar|0|7,581.998|5|7,542|22|0|0|Active This Week|Cattle|Wheat|Lumber|Cattle|Pigs|Water|Silver|Oil|Uranium|Gold|0|2458|
647275|MrDisposable|DiscountTires|GUNS FOR HIRE|17455|9/18/2025 11:21:03 AM|Manager|Transitional|Sikhism|None|8/16/2025 10:33:59 PM|146.85|1,219.02|1,519.235|War Mode|Furs|Cattle|0|7,577.205|1|6,202|208|0|0|Active In The Last 3 Days|Coal|Pigs|Iron|Lumber|Spices|Marble|Wheat|Sugar|Wine|Fish|36686|5807|
646371|EmpressMei|Luxmortem|New Pacific Order|10000|4/26/2025 9:58:41 AM|Member|Democracy|Christianity|Red|4/26/2025 9:25:34 AM|100.27|1,999.99|645.320|War Mode|Water|Uranium|0|7,566.858|5|3,878|100|0|0|Active In The Last 3 Days|Aluminum|Marble|Fish|Cattle|Lumber|Iron|Spices|Sugar|Wheat|Pigs|2496|369|
405936|Griffy|Rememberence|Global Alliance And Treaty Organization|10003|9/29/2013 10:33:19 PM|Member|Monarchy|Sikhism|Brown|5/20/2010 10:23:25 PM|200.01|2,100.00|62.841|Peace Mode|Water|Pigs|0|7,486.322|5|4,600|0|0|0|Active This Week|Aluminum|Marble|Fish|Iron|Lumber|Cattle|Spices|Wheat|Uranium|Sugar|12837|65885|
646756|DyneVeilstone|Felis Felicitas|Global Alliance And Treaty Organization|10003|6/11/2025 6:39:27 PM|Member|Totalitarian State|Norse|Brown|6/11/2025 6:28:07 PM|100.00|1,999.99|600.000|War Mode|Fish|Cattle|0|7,477.210|1|3,862|0|0|0|Active In The Last 3 Days|Aluminum|Marble|Iron|Wheat|Pigs|Lumber|Sugar|Spices|Water|Uranium|0|0|
634960|SYEDZaadas|Islamizationia|Nuclear Proliferation League|17228|6/10/2025 12:06:30 PM|Member|Republic|Mixed|Aqua|8/23/2022 3:58:20 AM|324.38|1,648.91|328.509|War Mode|Cattle|Wheat|0|7,466.065|3|9,173|956|3|0|Active In The Last 3 Days|Gold|Gems|Rubber|Sugar|Uranium|Gold|||||8541|36740|
646557|Alduin World Eater|The Lands Between|Christian Coalition Of Countries|10028|5/19/2025 8:28:37 PM|Member|Capitalist|Christianity|Maroon|5/19/2025 8:09:53 PM|148.61|1,667.06|1,082.850|War Mode|Cattle|Pigs|0|7,441.987|1|3,433|24|0|0|Active More Than Three Weeks Ago|Aluminum|Marble|Iron|Lumber|Uranium|Fish|Water|Wheat|||5249|7178|
646229|Stormraven|Pantora|Christian Coalition Of Countries|10028|4/13/2025 7:41:29 AM|Member|Monarchy|Christianity|Maroon|4/9/2025 1:50:09 PM|105.00|1,701.00|310.000|War Mode|Uranium|Fish|0|7,436.180|1|12,159|0|0|0|Active In The Last 3 Days|Aluminum|Marble|Cattle|Pigs|Iron|Lumber|Spices|Sugar|Water|Wheat|0|0|
466590|Jinks|CrossRoads|Independent Republic Of Orange Nations|10004|8/10/2011 9:15:26 AM|Member|Revolutionary Government|Christianity|Orange|7/6/2011 4:11:36 PM|10.00|2,249.21|0.077|Peace Mode|Spices|Sugar|0|7,434.523|5|16,539|1,530|0|0|Active In The Last 3 Days|Aluminum|Marble|Fish|Lumber|Iron|Water|Pigs|Cattle|Uranium|Wheat|19358|1118769|
647508|SupernovaChase|Eryndor|NATO|10037|9/16/2025 1:26:42 PM|Member|Democracy|None|Blue|9/15/2025 11:23:46 AM|105.07|1,588.61|1,199.904|War Mode|Gold|Cattle|0|7,341.095|5|5,964|229|6|0|Active In The Last 3 Days|Aluminum|Marble|Lumber|Iron|Water|Iron|||||71|0|
647087|Meow22Meow22|Miwso|The Prussian Empire|14204|9/30/2025 3:47:27 PM|Member|Transitional|Buddhism|Black|7/24/2025 6:46:26 AM|42.03|1,868.37|435.445|War Mode|Silver|Oil|0|7,276.866|5|6,755|20|0|0|Active In The Last 3 Days|Lead|Wine|Lumber|Uranium|Marble|Iron|Pigs|Gold|||28300|11211|
359665|SteveWatkins|Ulteria|Viridian Entente|10010|3/7/2016 1:31:46 PM|Member|Totalitarian State|Christianity|Green|9/25/2009 3:25:47 PM|1,045.02|0.00|1,359.557|War Mode|Cattle|Pigs|0|7,264.426|1|0|0|0|0|Active In The Last 3 Days|Gems|Wine|Gold|Silver|Uranium|Fish|||||56686|237013|
639282|Agaton Sax|Asmodean|COBRA|13717|9/19/2024 1:17:07 AM|Member|Transitional|None|Brown|6/16/2023 12:07:31 PM|125.32|947.13|888.407|War Mode|Pigs|Fish|0|7,225.603|5|6,000|650|10|0|Active In The Last 3 Days|Aluminum|Marble|Coal|Gold|Lead|Uranium|Lumber|Iron|Wheat|Oil|4998|48748|
646090|big daddy 69|Underwater Rapture|The Prussian Empire|14204|4/18/2025 3:53:09 PM|Member|Federal Government|None|Green|3/25/2025 11:12:41 AM|110.00|1,999.99|367.755|War Mode|Oil|Rubber|0|7,164.997|5|3,101|7|0|0|Active This Week|Aluminum|Lead|Gold|Marble|Iron|Uranium|Lumber|Wheat|Water|Coal|13330|561|
647474|dudekidguy|Republic of Jacob|Nuclear Proliferation League|17228|9/12/2025 2:36:49 AM|Member|Republic|Christianity|Blue|9/11/2025 10:42:30 PM|100.00|1,800.00|498.561|War Mode|Wine|Furs|0|7,116.838|4|10,000|95|0|0|Active In The Last 3 Days|Gold|Uranium|Iron|Uranium|Marble|Lumber|Silver|Gold|Water|Wheat|0|0|
646118|King Lavey|Republic of Hamster|The Prussian Empire|14204|4/18/2025 7:14:04 AM|Member|Republic|Sikhism|Green|3/27/2025 1:07:09 PM|10.45|1,999.99|293.950|War Mode|Wheat|Sugar|0|7,086.246|5|4,656|0|0|0|Active This Week|Lumber|Water|Spices|Marble|Uranium|Oil|||||1304|0|
647099|Esau of Isaac|Lanluz|Global Alliance And Treaty Organization|10003|7/25/2025 12:30:31 PM|Member|Monarchy|Shinto|Brown|7/25/2025 11:00:10 AM|100.00|1,999.99|300.000|War Mode|Spices|Fish|0|7,062.910|5|5,647|0|0|0|Active In The Last 3 Days|Aluminum|Marble|Iron|Sugar|Lumber|Pigs|Uranium|Water|Wheat|Cattle|0|0|
646195|Ebaggerisintown|Tinneas Cinn|Global Alliance And Treaty Organization|10003|4/6/2025 11:11:13 AM|Member|Communist|Confucianism|Brown|4/6/2025 10:22:05 AM|100.00|1,999.05|200.000|War Mode|Uranium|Wheat|0|6,909.149|1|5,600|0|0|0|Active In The Last 3 Days|Aluminum|Cattle|Iron|Lumber|Marble|Pigs|Spices|Sugar|Water|Fish|0|0|
647317|JFK360noscope|the devided states|Nuclear Proliferation League|17228|8/28/2025 5:42:01 AM|Member|Federal Government|None|Brown|8/23/2025 8:44:59 AM|388.80|800.90|593.329|War Mode|Uranium|Gold|0|6,777.523|4|5,168|500|6|0|Active In The Last 3 Days|Coal|Fish|Iron|Aluminum|Lead|Wheat|Lumber|Marble|Oil|Rubber|0|1805|
602009|JDRod|ReDux Empire|Coalition of Royal Allied Powers|10051|3/6/2017 11:34:56 AM|Member|Dictatorship|Sikhism|Maroon|3/6/2017 11:33:23 AM|168.74|1,301.02|303.885|War Mode|Marble|Uranium|0|6,722.818|5|3,121|289|50|0|Active In The Last 3 Days|Lumber|Iron|Wheat|Fish|Wheat|Wine|||||90|13718|
481947|Morgaine|Cruithne|New Polar Order|10006|12/5/2011 5:24:17 PM|Member|Democracy|Voodoo|Blue|11/27/2011 8:04:23 AM|150.44|433.64|168.167|War Mode|Lead|Oil|0|6,722.648|1|4,127|421|0|5|Active In The Last 3 Days|Aluminum|Lumber|Coal|Gold|Fish|Uranium|Lumber|Iron|Pigs|Rubber|2258210|3179902|
645994|Emperor Hintz|Hintztopia|The Prussian Empire|14204|3/16/2025 6:21:35 AM|Member|Monarchy|Shinto|Green|3/16/2025 6:18:45 AM|11.04|1,999.00|343.691|War Mode|Spices|Sugar|0|6,701.473|5|6,478|21|0|0|Active This Week|Aluminum|Wheat|Cattle|Pigs|Fish|Uranium|Lumber|Marble|||3545|0|
638824|Marlin Loriya|Karlskrona|Veneris|17356|5/28/2025 1:24:13 AM|Member|Revolutionary Government|Jainism|White|5/3/2023 7:26:02 AM|251.32|1,068.58|706.780|War Mode|Wheat|Sugar|0|6,592.502|5|5,000|600|0|0|Active In The Last 3 Days|Aluminum|Fish|Cattle|Spices|Marble|Lumber|Pigs|Iron|Uranium|Water|239|17676|
646846|The Gold Union of Hm|The Iron Federation|Post Grunge Supergroup|16367|6/22/2025 4:29:51 AM|Member|Dictatorship|Islam|Red|6/21/2025 12:44:38 PM|219.00|1,298.30|940.119|War Mode|Iron|Oil|0|6,490.439|3|4,018|50|0|0|Active Three Weeks Ago|||||||||||0|0|
647524|Ramrod|Westgoetland|NATO|10037|9/18/2025 3:23:42 AM|Member|Monarchy|Norse|Blue|9/16/2025 11:30:17 PM|203.00|1,410.00|541.919|War Mode|Water|Iron|0|6,470.680|2|2,440|20|5|0|Active In The Last 3 Days|Gold|Cattle|Lumber|Iron|||||||0|0|
647476|Kairos Vahine|Bougainville Island|Veneris|17356|9/12/2025 3:15:27 AM|Member|Federal Government|Mixed|White|9/12/2025 2:45:22 AM|400.00|1,299.99|360.000|War Mode|Fish|Pigs|0|6,439.970|5|0|0|0|0|Active In The Last 3 Days|Aluminum|Marble|Furs|Wheat|Gold|Uranium|Lead|Wine|Lumber|Sugar|0|0|
647413|Dominus Antarctis|Sancta Antarctica|Veneris|17356|9/5/2025 2:30:09 AM|Member|Federal Government|Christianity|White|9/4/2025 1:55:11 AM|0.00|1,999.99|250.000|War Mode|Uranium|Water|0|6,430.870|5|2,795|0|0|0|Active In The Last 3 Days|Aluminum|Fish|Cattle|Spices|Marble|Lumber|Pigs|Iron|Wheat|Sugar|0|0|
603810|Jaguar1|Chrisenstein|New Polar Order|10006|5/6/2017 10:01:36 PM|Member|Anarchy|Christianity|Blue|5/6/2017 9:25:23 PM|76.31|1,647.56|17.247|War Mode|Fish|Uranium|0|6,370.968|1|4,793|0|0|9|Active In The Last 3 Days|Aluminum|Marble|Coal|Gold|Iron|Lumber|Lead|Oil|Rubber|Pigs|36871|106741|
645718|Emperitus|Gerstona|The Prussian Empire|14204|2/25/2025 12:02:25 PM|Member|Dictatorship|None|None|2/14/2025 5:20:33 PM|220.11|1,300.00|860.609|War Mode|Oil|Lumber|0|6,331.450|4|2,000|0|0|0|Active More Than Three Weeks Ago|||||||||||118|629|
646813|SaberClawd|Nyxus|Global Alliance And Treaty Organization|10003|6/17/2025 4:15:58 PM|Member|Totalitarian State|Voodoo|Brown|6/17/2025 4:14:09 PM|100.00|1,799.99|220.000|War Mode|Pigs|Cattle|0|6,281.450|5|2,574|0|0|0|Active In The Last 3 Days|Aluminum|Marble|Iron|Fish|Lumber|Sugar|Spices|Wheat|Water|Uranium|0|0|
647060|CAMOM|CAMOM EMPIRE|The Phoenix Federation|17385|8/9/2025 2:53:49 AM|Member|Dictatorship|Christianity|Red|7/20/2025 6:57:31 AM|107.96|1,270.20|830.138|War Mode|Water|Rubber|0|6,174.193|1|5,238|355|0|0|Active In The Last 3 Days|Aluminum|Uranium|Pigs|Marble|Sugar|Spices|||||21367|18338|
621433|Antti Windwooser|Kratzenya||0|2/4/2020 12:07:13 AM|None|Totalitarian State|Christianity|Blue|2/4/2020 12:07:13 AM|250.04|1,455.22|0.270|Peace Mode|Pigs|Lumber|0|6,169.635|3|2,258|118|4|0|Active In The Last 3 Days|||||||||||0|14697|
646326|DootVader|Canard||0|5/10/2025 7:33:29 AM|None|Transitional|None|Green|4/21/2025 4:00:07 PM|150.10|1,224.00|550.000|War Mode|Wine|Iron|0|6,129.159|5|2,542|254|0|0|Active Three Weeks Ago|Lead|Oil|Lumber|Uranium|||||||1080|7842|
645317|DusttheRegulus|Grand Draconia|Independent Republic Of Orange Nations|10004|12/23/2024 2:33:05 AM|Member|Dictatorship|Islam|Orange|12/22/2024 5:48:58 PM|100.24|999.99|544.000|War Mode|Marble|Spices|0|6,127.956|5|6,028|701|5|0|Active In The Last 3 Days|Aluminum|Sugar|Fish|Cattle|Iron|Water|Lumber|Pigs|Uranium|Wheat|22022|43645|
644692|RobbieGant|Dadamah||0|10/5/2024 9:46:02 PM|None|Capitalist|Shinto|Blue|10/5/2024 9:46:03 PM|163.00|1,387.60|667.094|Peace Mode|Water|Rubber|0|6,050.136|5|3,584|0|0|0|Active In The Last 3 Days|Coal|Iron|Gems|Wine|Gold|Furs|Oil|Aluminum|Wheat|Silver|4514|3353|
647208|Victor Tokumei|Tokumei|Post Grunge Supergroup|16367|8/8/2025 9:41:34 AM|Member|Totalitarian State|Voodoo|Brown|8/8/2025 8:51:11 AM|200.00|1,300.00|700.973|War Mode|Aluminum|Marble|0|6,007.466|5|2,600|20|0|0|Active In The Last 3 Days|Iron|Pigs|Lumber|Cattle|Spices|Wheat|Sugar|Uranium|Water|Fish|0|0|
646209|My Name Is KMob|KMobs Territory|Deathblow|17387|4/7/2025 5:46:22 PM|Member|Communist|Mixed|None|4/7/2025 4:16:24 PM|102.29|1,336.91|790.032|War Mode|Lead|Iron|0|5,966.160|1|5,597|110|0|0|Active In The Last 3 Days|Coal|Lumber|Silver|Gold|Wheat|Oil|||||70601|125497|
638747|Medic IV|Deutschland II|Non Grata|10097|6/12/2023 3:07:58 PM|Member|Capitalist|Buddhism|Maroon|4/25/2023 1:35:11 PM|110.44|1,399.97|404.775|Peace Mode|Sugar|Spices|0|5,918.148|5|6,462|198|0|0|Active This Week|Water|Wheat|||||||||32975|25008|
620239|Farlight|AuricSolarium|Global Alliance And Treaty Organization|10003|9/27/2025 2:07:44 PM|Pending|Democracy|Voodoo|Brown|10/27/2019 12:32:29 PM|187.61|1,224.87|504.898|War Mode|Cattle|Furs|0|5,856.258|5|6,982|458|0|0|Active In The Last 3 Days|||||||||||0|17987|
640226|Yeet Board|Arglavian|Post Grunge Supergroup|16367|9/19/2025 7:46:34 PM|Member|Republic|Sikhism|Brown|9/20/2023 5:12:05 PM|193.32|916.14|1,294.818|War Mode|Lumber|Iron|0|5,722.223|5|1,999|125|0|0|Active In The Last 3 Days|Aluminum|Marble|Cattle|Pigs|Fish|Uranium|Sugar|Spices|Water|Wheat|23|2329|
424089|Soter|Republic of Verusia|Christian Coalition of Countries|10028|9/17/2010 8:48:30 AM|Member|Monarchy|Christianity|Maroon|9/16/2010 10:22:18 PM|400.69|1,000.00|0.352|War Mode|Pigs|Rubber|0|5,719.939|5|7,298|0|0|0|Active In The Last 3 Days|Aluminum|Marble|Coal|Gold|Fish|Uranium|Iron|Lumber|Lead|Oil|298752|1786853|
647560|WaterPyro|First Imperial Russi|Nuclear Proliferation League|17228|9/20/2025 11:31:08 PM|Member|Communist|Islam|Aqua|9/20/2025 10:03:55 PM|157.60|1,299.00|310.431|War Mode|Cattle|Pigs|0|5,700.630|5|6,000|100|1|0|Active In The Last 3 Days|Aluminum|Uranium|Fish|Water|Iron|Lumber|Marble|Wheat|Spices|Sugar|1726|0|
644803|neruameya1|Sindhudrg|Veneris|17356|2/12/2025 7:46:53 PM|Member|Monarchy|Norse|White|10/17/2024 1:42:35 PM|371.16|1,125.58|185.858|War Mode|Aluminum|Marble|0|5,564.696|5|2,670|0|0|0|Active In The Last 3 Days|Fish|Pigs|||||||||0|3000|
646790|ADEVA|Lyceaum|The Legion|10020|5/9/2025 4:59:33 PM|Member|Democracy|Buddhism|Purple|4/20/2025 2:53:55 AM|105.00|999.99|539.742|Peace Mode|Coal|Gold|0|5,563.808|5|6,271|819|4|0|Active In The Last 3 Days|Aluminum|Lumber|Fish|Wheat|Iron|Marble|Lead|Uranium|Oil|Pigs|0|0|
534861|marketjunkie07|Scottish Ancestors|Knights Of The Round Table|10092|9/12/2016 12:53:41 AM|Member|Revolutionary Government|Christianity|Green|8/25/2013 5:15:55 PM|356.25|728.77|978.423|War Mode|Coal|Iron|0|5,536.979|5|4,008|108|0|0|Active More Than Three Weeks Ago|||||||||||0|103144|
647334|Healthy|Perfectly Healthy|Global Alliance And Treaty Organization|10003|8/25/2025 12:16:35 PM|Member|Monarchy|None|Brown|8/25/2025 11:27:10 AM|0.00|1,699.99|201.750|War Mode|Aluminum|Marble|0|5,482.584|5|4,000|0|0|0|Active Last Week|Iron|Fish|Pigs|Cattle|Spices|Wheat|||||0|0|
647457|wakamavrick|New Schneeny|Global Alliance And Treaty Organization|10003|9/9/2025 10:10:21 PM|Member|Communist|None|Brown|9/9/2025 10:09:37 PM|200.00|1,000.00|950.000|War Mode|Sugar|Spices|0|5,465.000|1|2,000|0|0|0|Active In The Last 3 Days|Aluminum|Marble|Cattle|Pigs|Fish|Uranium|Lumber|Iron|Water|Wheat|0|0|
576613|Matt2004|Northumbrian Zone|United Purple Nations|10025|12/6/2015 12:02:18 PM|Member|Totalitarian State|Voodoo|Purple|5/29/2015 1:31:26 PM|100.02|1,200.00|757.829|War Mode|Water|Cattle|0|5,280.838|5|2,000|20|0|0|Active This Week|Spices|Fish|||||||||0|8063|
646682|HyeUrartu2|UrartuKingdom|Christian Coalition Of Countries|10028|6/3/2025 5:20:32 AM|Member|Democracy|Sikhism|Maroon|6/3/2025 5:20:09 AM|100.00|1,251.00|500.000|War Mode|Aluminum|Marble|0|5,193.000|1|9,300|20|0|0|Active In The Last 3 Days|Coal|Gold|Fish|Uranium|Iron|Lumber|Lead|Oil|Pigs|Rubber|0|0|
554084|AstroGnomy|Neumark|Global Alliance And Treaty Organization|10003|7/24/2024 6:47:53 PM|Member|Totalitarian State|Norse|Brown|5/25/2014 9:40:55 PM|100.98|1,399.99|249.030|Peace Mode|Wheat|Oil|0|5,126.280|5|2,392|0|0|0|Active In The Last 3 Days|Aluminum|Marble|Coal|Gold|Lead|Uranium|Lumber|Iron|Pigs|Fish|6846|3400|
647557|Zoe17|Zation|Christian Coalition Of Countries|10028|9/20/2025 5:21:15 PM|Member|Anarchy|Mixed|Maroon|9/20/2025 1:00:46 PM|53.18|1,158.02|884.032|War Mode|Wheat|Lumber|0|5,126.229|5|3,011|0|0|0|Active This Week|||||||||||0|695|
646398|neelesh|Neelistan|Peaceland|17403|5/1/2025 11:44:25 PM|Manager|Monarchy|Sikhism|None|4/29/2025 12:27:15 PM|137.50|1,400.00|119.000|Peace Mode|Wheat|Sugar|0|5,115.300|5|2,465|0|0|0|Active In The Last 3 Days|Furs|Cattle|Gold|Fish|Iron|Uranium|Silver|Oil|||0|0|
640709|WALKING|persisch|Global Alliance And Treaty Organization|10003|10/26/2023 3:52:25 PM|Pending|Dictatorship|Judaism|Purple|10/26/2023 8:38:07 AM|121.50|849.47|935.561|War Mode|Gold|Water|0|5,038.058|4|3,830|111|6|0|Active In The Last 3 Days|||||||||||0|0|
647161|NaClCN|Honeydukes|The Phoenix Federation|17385|8/4/2025 1:31:45 PM|Member|Totalitarian State|Voodoo|Black|8/1/2025 8:40:48 PM|100.00|1,161.00|646.722|War Mode|Marble|Iron|0|5,014.073|4|3,000|5|0|0|Active In The Last 3 Days|Coal|Rubber|Gold|Oil|Lumber|Aluminum|Silver|Oil|Water|Wheat|0|0|
647514|blazinglantern|Sabalan|NATO|10037|9/16/2025 1:27:23 AM|Member|Capitalist|Mixed|Blue|9/16/2025 12:55:00 AM|154.50|1,020.00|500.000|War Mode|Lumber|Iron|0|4,921.100|4|1,730|20|0|0|Active In The Last 3 Days|Aluminum|Marble|Gold|Cattle|Water|Iron|||||0|0|
647347|RealShrimpShady|Shrimplandia|NATO|10037|8/26/2025 9:04:29 PM|Member|Capitalist|Mixed|Blue|8/26/2025 9:01:11 PM|106.24|1,299.99|223.220|War Mode|Pigs|Cattle|0|4,879.653|5|2,832|380|0|0|Active In The Last 3 Days|Coal|Gold|Fish|Uranium|Iron|Lumber|Lead|Oil|Marble|Aluminum|1963|0|
644491|dasreichtomica|The DasReich|The Legion|10020|9/19/2024 11:15:04 AM|Member|Totalitarian State|Buddhism|Purple|9/16/2024 11:41:22 AM|100.07|999.99|824.387|War Mode|Iron|Marble|0|4,876.919|5|7,000|0|0|0|Active This Week|Aluminum|Lumber|Fish|Wheat|Gold|Coal|Pigs|Cattle|Uranium|Lead|0|460|
647057|Yuri Markovitch|Volgravia|Christian Coalition Of Countries|10028|7/19/2025 6:37:00 PM|Member|Dictatorship|Mixed|Maroon|7/19/2025 6:18:31 PM|80.91|1,017.47|854.172|Peace Mode|Lumber|Iron|0|4,847.637|5|5,471|0|0|0|Active In The Last 3 Days|Lead|Oil|Pigs|Rubber|Rubber|Uranium|||||0|2323|
644999|Warrior3991|Firebase 901|The Legion|10020|11/24/2024 6:39:15 PM|Member|Communist|None|Purple|11/8/2024 7:06:41 PM|100.00|999.99|200.000|Peace Mode|Aluminum|Lumber|0|4,688.030|1|6,963|644|2|0|Active In The Last 3 Days|Cattle|Water|Coal|Gold|Fish|Wheat|Iron|Marble|Pigs|Uranium|0|0|
647313|MercNation|MercNation|New Pacific Order|10000|8/22/2025 11:23:25 AM|Pending|Capitalist|Buddhism|Red|8/22/2025 11:02:04 AM|97.00|967.42|814.932|War Mode|Lumber|Cattle|0|4,679.648|4|2,200|5|0|0|Active In The Last 3 Days|Aluminum|Marble|Coal|Uranium|||||||0|0|
647352|Zercules|Zercs kingdom|NATO|10037|8/27/2025 12:01:09 PM|Member|Democracy|Voodoo|Blue|8/27/2025 11:59:05 AM|196.41|718.98|779.728|War Mode|Iron|Lumber|0|4,632.238|5|12,359|430|0|0|Active Three Weeks Ago|Coal|Gold|Fish|Uranium|Lead|Oil|Marble|Aluminum|Pigs|Cattle|4298|1432|
636551|gnews|Norveeba|Knights Of The Round Table|10092|12/1/2022 6:27:38 PM|Member|Totalitarian State|Norse|Green|12/1/2022 6:21:13 PM|50.00|700.00|1,371.181|War Mode|Pigs|Uranium|0|4,603.651|5|4,424|542|0|0|Active This Week|Aluminum|Marble|Lumber|Iron|Sugar|Spices|Water|Cattle|Wheat|Fish|0|0|
76627|shwampy|Barryteroria|Libertarian Socialist Federation|10027|12/29/2010 4:37:02 AM|Manager|Anarchy|Buddhism|White|12/8/2006 12:17:20 PM|1.11|813.23|395.555|War Mode|Iron|Lumber|0|4,593.568|1|2,750|0|0|10|Active In The Last 3 Days|Aluminum|Uranium|Cattle|Water|Oil|Aluminum|Pigs|Wheat|||1472068|2306436|
588266|KiwiJohnson|KiwiJohnson||0|2/29/2016 9:18:34 AM|None|Capitalist|Buddhism|None|2/29/2016 9:18:35 AM|130.16|1,279.00|10.926|Peace Mode|Silver|Lumber|0|4,570.444|5|3,314|0|0|0|Active In The Last 3 Days|Coal|Rubber|Oil|Iron|Wine|Gems|||||0|33735|
590029|Cyborkia|Cyborkia|The Legion|10020|12/12/2024 10:43:30 PM|Member|Democracy|Confucianism|Purple|4/12/2016 3:43:59 PM|0.49|999.99|988.968|War Mode|Cattle|Water|0|4,549.183|5|2,416|0|0|0|Active In The Last 3 Days|Aluminum|Lumber|Coal|Gold|Fish|Wheat|Iron|Marble|Pigs|Uranium|0|4592|
647483|ActorRathod|Actor Rathod Country|Nuclear Proliferation League|17228|9/13/2025 4:59:50 AM|Member|Democracy|Mixed|Black|9/12/2025 6:22:19 PM|100.00|900.00|619.589|Peace Mode|Spices|Sugar|0|4,519.538|1|2,000|1|5|0|Active Three Weeks Ago|Cattle|Coal|||||||||0|0|
638515|silkhyacinth|Taiat|The Legion|10020|4/11/2023 1:39:07 AM|Member|Democracy|Sikhism|Purple|4/4/2023 11:02:01 PM|100.02|999.99|602.010|War Mode|Aluminum|Lumber|0|4,473.271|5|2,008|0|0|0|Active In The Last 3 Days|Fish|Wheat|Gold|Coal|Iron|Marble|Pigs|Cattle|Uranium|Lead|2326|3474|
647385|Janna the Whirlwind|Funnel Cake|NATO|10037|9/1/2025 9:19:34 AM|Member|Democracy|None|Blue|8/31/2025 10:02:31 AM|120.00|1,011.00|500.000|War Mode|Uranium|Water|0|4,467.000|5|4,200|0|0|0|Active In The Last 3 Days|Fish|Cattle|Gems|Wine|Iron|Lumber|Pigs|Wheat|||0|0|
620836|Sisky|Ebenezer|Independent Republic Of Orange Nations|10004|12/15/2019 11:10:46 AM|Member|Anarchy|Voodoo|Orange|12/15/2019 7:54:56 AM|11.99|1,452.94|0.212|War Mode|Lead|Marble|0|4,439.106|5|0|0|2|0|Active This Week|Aluminum|Lumber|Coal|Gold|Iron|Uranium|Water|Wheat|||16845|61429|
646988|Mashirosen|ababab|Global Alliance And Treaty Organization|10003|7/9/2025 8:06:59 PM|Member|Monarchy|Shinto|Brown|7/9/2025 8:04:47 PM|210.00|999.99|200.000|War Mode|Aluminum|Marble|0|4,389.970|5|2,000|0|0|0|Active In The Last 3 Days|Iron|Fish|Pigs|Cattle|Spices|Wheat|Sugar|Lumber|Uranium|Water|0|0|
615673|Phoenix Rising 1|Great Britain 333|The Legion|10020|11/23/2018 1:02:09 AM|Member|Democracy|None|Aqua|11/22/2018 12:06:09 AM|110.40|1,001.87|449.908|Peace Mode|Gold|Cattle|0|4,338.329|5|5,292|0|0|0|Active Three Weeks Ago|||||||||||3075|15715|
647442|Zuniga|BioEmpire|Christian Coalition Of Countries|10028|9/7/2025 6:40:29 PM|Member|Democracy|Christianity|Maroon|9/7/2025 5:50:17 PM|140.00|625.00|1,032.401|War Mode|Oil|Gold|0|4,314.902|5|3,500|7|10|0|Active In The Last 3 Days|Wheat|Wine|||||||||0|0|
626790|Bigbull|Zathria|NATO|10037|2/28/2021 2:30:33 PM|Member|Republic|None|Blue|2/28/2021 2:06:49 PM|100.00|1,000.00|499.794|War Mode|Fish|Aluminum|0|4,279.691|5|1,500|0|0|0|Active Three Weeks Ago|||||||||||0|0|
647392|Jartiontheknight|aurora oro|The Phoenix Federation|17385|8/31/2025 7:19:39 PM|Member|Democracy|Voodoo|Black|8/31/2025 7:15:54 PM|145.00|839.88|621.792|War Mode|Uranium|Rubber|0|4,261.911|5|3,229|100|0|0|Active More Than Three Weeks Ago|||||||||||0|0|
647062|mememan|Findaq|Christian Coalition Of Countries|10028|8/18/2025 6:55:26 PM|Member|Capitalist|Islam|Blue|7/20/2025 4:21:51 PM|79.03|669.89|755.614|War Mode|Cattle|Rubber|0|4,257.357|5|4,304|384|15|0|Active Last Week|Iron|Lead|Wheat|Coal|||||||2646|5495|
647112|Asuravidarana|Mahrattadesh|Sparta|10008|7/30/2025 9:53:10 AM|Member|Totalitarian State|Christianity|Black|7/26/2025 1:55:57 PM|137.50|940.49|343.347|War Mode|Pigs|Sugar|0|4,184.330|4|3,472|5|4|0|Active Last Week|Marble|Lead|Wheat|Water|||||||0|0|
8223|smartboy|Baskin31Robbins|Fark|10002|2/15/2012 8:54:58 PM|Member|Anarchy|Mixed|Black|4/5/2006 8:42:04 PM|0.00|705.41|0.000|War Mode|Spices|Lumber|0|4,173.060|3|3,841|0|2|14|Active In The Last 3 Days|||||||||||593327|1557895|
647147|Xdzwzd|Kamona|Post Grunge Supergroup|16367|7/31/2025 9:25:43 AM|Member|Federal Government|Mixed|None|7/31/2025 5:50:24 AM|175.16|872.00|401.822|War Mode|Gold|Oil|0|4,146.305|5|2,198|40|0|0|Active Three Weeks Ago|Lumber|Lead|Marble|Iron|Water|Wheat|||||684|0|
574959|SimonFol|Folia|Post Grunge Supergroup|16367|9/15/2025 6:24:10 PM|Member|Dictatorship|Islam|Brown|4/29/2015 10:48:09 PM|69.00|1,205.51|109.448|War Mode|Iron|Coal|0|4,142.696|5|850|0|0|0|Active In The Last 3 Days|Cattle|Water|Furs|Lumber|Oil|Aluminum|||||0|0|
647449|thelostsoul|TheLostNation|Doombrella|17368|9/12/2025 4:27:51 PM|Member|Monarchy|Buddhism|Black|9/8/2025 7:47:43 PM|83.71|936.52|147.237|War Mode|Sugar|Spices|0|4,103.392|1|7,152|682|1|0|Active In The Last 3 Days|Cattle|Wheat|Fish|Pigs|Iron|Lumber|Marble|Aluminum|Water|Uranium|8801|5504|
646738|TechLord|TechLord|Global Alliance And Treaty Organization|10003|8/6/2025 2:19:38 PM|Member|Republic|Judaism|Brown|6/9/2025 7:56:32 PM|100.00|999.99|319.000|War Mode|Pigs|Marble|0|4,102.470|5|6,200|0|0|0|Active In The Last 3 Days|Aluminum|Cattle|Lumber|Fish|Sugar|Wheat|Uranium|Iron|Water|Spices|0|0|
645017|RobbentheRider|Skylarkton|The Legion|10020|11/12/2024 10:47:26 AM|Member|Communist|Christianity|Purple|11/11/2024 3:20:22 AM|0.00|1,200.00|275.000|War Mode|Pigs|Cattle|0|4,062.500|5|2,500|0|0|0|Active This Week|Aluminum|Lumber|Fish|Wheat|Gold|Coal|Iron|Marble|Uranium|Lead|0|0|
579146|Hazzara|Hazarrium|Nuclear Proliferation League|17228|4/27/2025 10:25:45 AM|Member|Anarchy|Buddhism|Aqua|7/22/2015 1:51:20 AM|217.58|630.99|408.981|War Mode|Uranium|Gold|0|4,062.038|1|375|1|0|0|Active Three Weeks Ago|Cattle|Wheat|Rubber|Sugar|Silver|Oil|||||589|10147|
646576|Corva|Republic of Senl|Post Grunge Supergroup|16367|5/23/2025 2:00:47 PM|Member|Democracy|Mixed|Aqua|5/21/2025 12:09:46 PM|150.00|799.99|520.000|War Mode|Fish|Lumber|0|3,991.970|1|3,100|0|0|0|Active In The Last 3 Days|Pigs|Cattle|Water|Wheat|||||||0|0|
646860|Henry Jones Sr|Rev Rep Sandy Staat||0|6/23/2025 9:40:41 AM|None|Capitalist|Christianity|Green|6/23/2025 9:40:41 AM|120.47|1,021.45|179.528|Peace Mode|Gold|Uranium|0|3,984.635|5|1,983|45|0|0|Active In The Last 3 Days|Cattle|Sugar|||||||||0|13150|
646155|ka tthem|chaosempire|The Wolves|16660|4/23/2025 1:52:15 AM|Member|Federal Government|Confucianism|White|4/2/2025 8:35:18 AM|53.36|526.75|1,389.292|War Mode|Marble|Lumber|0|3,972.376|4|1,068|100|0|0|Active Last Week|Aluminum|Fish|Cattle|Spices|Pigs|Iron|Uranium|Water|Wheat|Sugar|0|2207|
647326|MyntHD|Mynton|Christian Coalition Of Countries|10028|8/24/2025 3:42:13 PM|Member|Communist|Buddhism|Maroon|8/24/2025 2:35:11 PM|167.36|517.52|880.104|War Mode|Rubber|Uranium|0|3,893.046|1|6,695|252|0|0|Active In The Last 3 Days|Aluminum|Marble|Fish|Uranium|Lumber|Iron|||||1404|76|
646762|Kevlar|Sasquatch|Global Alliance And Treaty Organization|10003|6/12/2025 7:18:38 PM|Member|Monarchy|Confucianism|Brown|6/12/2025 7:13:58 PM|110.48|999.99|172.500|War Mode|Water|Uranium|0|3,851.120|1|2,000|0|0|0|Active In The Last 3 Days|Aluminum|Marble|Iron|Fish|Lumber|Sugar|Pigs|Cattle|Spices|Wheat|0|0|
647379|d516b|ddwqs|New Pacific Order|10000|9/2/2025 11:48:14 AM|Member|Monarchy|Christianity|Red|8/30/2025 7:32:37 PM|100.00|999.99|200.000|War Mode|Aluminum|Marble|0|3,845.970|5|2,300|0|0|0|Active In The Last 3 Days|Coal|Uranium|Fish|Cattle|Lead|Oil|Lumber|Iron|Wheat|Pigs|0|0|
632797|TheGuy1234567890|Somewherevill|The Wolves|16660|3/22/2022 3:24:01 PM|Member|Revolutionary Government|Taoism|Maroon|3/22/2022 1:26:16 PM|15.92|999.99|328.663|War Mode|Coal|Gold|0|3,844.915|5|3,118|0|3|0|Active In The Last 3 Days|||||||||||26072|60464|
647063|geneclar|Kandam|Global Alliance And Treaty Organization|10003|7/20/2025 7:34:05 PM|Member|Communist|Norse|Brown|7/20/2025 7:32:00 PM|100.27|999.99|196.422|War Mode|Aluminum|Marble|0|3,844.494|1|2,427|0|0|0|Active In The Last 3 Days|Iron|Fish|Lumber|Sugar|Pigs|Cattle|Spices|Wheat|Water|Uranium|5959|7160|
647349|Sand Dan Glokta|Fathom|New Pacific Order|10000|8/27/2025 4:58:01 AM|Member|Totalitarian State|None|Red|8/27/2025 4:17:08 AM|100.00|999.99|200.000|War Mode|Aluminum|Marble|0|3,799.970|5|0|0|0|0|Active In The Last 3 Days|Fish|Cattle|Lumber|Iron|Spices|Sugar|Water|Uranium|Wheat|Pigs|0|0|
647335|Tosmanshotz|tOsMaNsHoTz Republic|New Pacific Order|10000|8/26/2025 3:22:11 AM|Member|Democracy|Sikhism|Red|8/25/2025 12:09:06 PM|24.07|999.99|361.270|War Mode|Lumber|Iron|0|3,794.396|5|5,109|150|0|0|Active This Week|Aluminum|Marble|Coal|Uranium|Fish|Cattle|Wheat|Pigs|||0|781|
606521|NapoleonIV|IndependentCatalunya|Nuclear Proliferation League|17228|4/3/2025 4:08:03 AM|Member|Monarchy|Baha'i Faith|Aqua|8/16/2017 8:58:01 AM|157.69|815.29|330.819|War Mode|Gold|Gems|0|3,793.493|5|1,947|20|1|0|Active In The Last 3 Days|Cattle|Wheat|Fish|Lumber|Lumber|Cattle|Silver|Oil|Wine|Fish|25074|46536|
646533|Royal Foley|Reggaelia||0|5/16/2025 10:07:02 PM|None|Federal Government|Judaism|Green|5/16/2025 8:23:09 PM|105.69|788.75|449.962|War Mode|Lead|Oil|0|3,776.701|5|3,467|105|2|0|Active More Than Three Weeks Ago|Lumber|Uranium|Wine|Iron|||||||2664|2307|
584356|VigilanteJ|VigilanteJ||0|2/14/2016 1:27:29 AM|None|Anarchy|Confucianism|Aqua|11/16/2015 11:29:58 AM|36.37|1,013.59|303.572|War Mode|Cattle|Water|0|3,742.831|5|743|0|0|0|Active Last Week|||||||||||0|1957|
531547|Prince Arutha|Western Realm|Nueva Vida|17443|8/24/2025 5:48:40 AM|Manager|Anarchy|Sikhism|Blue|7/7/2013 3:22:47 PM|53.65|1,018.36|267.220|War Mode|Uranium|Iron|0|3,736.899|5|636|0|0|0|Active Last Week|||||||||||54540|111037|
647341|Danger Robinson|French Harbor||0|8/26/2025 3:47:58 AM|None|Revolutionary Government|Norse|None|8/26/2025 3:47:58 AM|101.72|884.00|249.184|War Mode|Gold|Fish|0|3,716.500|2|2,539|113|0|0|Active In The Last 3 Days|Gems|Wine|Iron|Aluminum|Lumber|Water|Water|Silver|Wheat|Sugar|1161|0|
644316|Sam Sparks|Mendota|Sparta|10008|8/26/2024 6:49:02 AM|Member|Capitalist|Taoism|Black|8/24/2024 9:26:10 PM|0.10|999.53|449.721|War Mode|Wheat|Uranium|0|3,713.133|5|1,973|0|0|0|Active In The Last 3 Days|Aluminum|Coal|Fish|Gold|Iron|Lumber|Oil|Marble|Water|Rubber|41008|49257|
636950|Sir Percival|Galles|Knights Of The Round Table|10092|11/18/2023 4:19:49 AM|Member|Dictatorship|Islam|Green|12/25/2022 3:43:17 PM|100.47|999.99|116.303|War Mode|Lumber|Water|0|3,710.235|5|1,674|0|0|0|Active In The Last 3 Days|Coal|Lead|Gold|Wheat|Marble|Aluminum|Oil|Rubber|Uranium|Iron|324689|751594|
546996|RaptorFox|Taxrad||0|2/17/2014 3:34:40 PM|None|Democracy|Confucianism|Black|2/17/2014 3:29:10 PM|40.00|998.99|27.034|War Mode|Gems|Pigs|0|3,675.901|5|1,539|538|0|0|Active This Week|||||||||||0|0|
647186|Paxywoo|Paxyland|New Pacific Order|10000|8/5/2025 10:36:38 AM|Member|Anarchy|None|Red|8/5/2025 10:10:52 AM|100.00|999.99|100.000|War Mode|Spices|Sugar|0|3,660.570|5|530|0|0|0|Active In The Last 3 Days|Coal|Uranium|Fish|Cattle|Lumber|Iron|Marble|Aluminum|Wheat|Pigs|0|0|
644306|Detonante|Republic of Nambua|Nuclear Proliferation League|17228|4/26/2025 5:15:45 AM|Member|Monarchy|Islam|Brown|8/24/2024 7:09:50 AM|118.92|737.04|377.990|War Mode|Coal|Iron|0|3,520.125|2|4,526|38|0|0|Active This Week|||||||||||4329|5223|
646230|Canuck|Oh Canada|Knights Of The Round Table|10092|4/9/2025 3:42:44 PM|Member|Democracy|Islam|Green|4/9/2025 3:39:00 PM|2.00|999.99|300.000|War Mode|Marble|Lumber|0|3,515.970|5|2,800|0|0|0|Active This Week|||||||||||0|0|
647330|Lime30k|Jakun|New Pacific Order|10000|8/25/2025 6:17:52 AM|Member|Communist|Buddhism|Red|8/25/2025 6:11:07 AM|74.94|830.86|169.491|War Mode|Coal|Uranium|0|3,483.939|3|4,529|211|0|0|Active In The Last 3 Days|Aluminum|Marble|Fish|Cattle|Lead|Oil|Lumber|Iron|Wheat|Pigs|1885|1777|
130042|welder572|Welderstanzia|Independent Republic Of Orange Nations|10004|4/29/2007 5:57:12 PM|Member|Monarchy|Christianity|Orange|4/29/2007 5:57:12 PM|89.40|968.30|45.681|War Mode|Marble|Uranium|0|3,474.016|5|2,678|0|0|0|Active This Week|Lead|Water|Oil|Coal|Rubber|Wheat|||||2040439|3305043|
647234|Azusa Yuu|North Japan Republic|Nuclear Proliferation League|17228|8/21/2025 5:34:18 AM|Member|Capitalist|Confucianism|Black|8/11/2025 11:40:40 PM|83.33|592.61|265.855|War Mode|Pigs|Fish|0|3,454.437|1|3,691|2|2|0|Active In The Last 3 Days|Aluminum|Marble|Cattle|Wheat|Coal|Gold|Lumber|Iron|Uranium|Water|3665|3310|
349838|Kaiser Nichols|Holstria|United Purple Nations|10025|6/12/2011 1:08:52 PM|Member|Monarchy|Christianity|Purple|8/8/2009 11:31:11 AM|167.03|693.35|56.958|Peace Mode|Wheat|Oil|0|3,290.628|5|1,500|50|0|0|Active In The Last 3 Days|Aluminum|Uranium|Cattle|Spices|Lead|Iron|Lumber|Fish|||37618|98713|
646808|Siccicbat|Centerra|Global Alliance And Treaty Organization|10003|6/18/2025 6:22:53 PM|Pending|Communist|Confucianism|Brown|6/17/2025 1:57:25 AM|100.00|613.77|572.504|War Mode|Water|Iron|0|3,225.054|5|1,250|0|0|0|Active Three Weeks Ago|||||||||||0|444|
647254|slasgrass|slasgrass|Nuclear Proliferation League|17228|8/14/2025 6:25:00 PM|Member|Republic|Judaism|Aqua|8/14/2025 6:22:12 PM|1.00|847.00|397.000|War Mode|Pigs|Water|0|3,207.400|3|3,295|0|0|0|Active In The Last 3 Days|Fish|Lumber|Lumber|Aluminum|Rubber|Sugar|||||0|0|
647477|CraneGamesII|Justaroundthecorner|NATO|10037|9/12/2025 3:35:43 AM|Member|Capitalist|Judaism|Blue|9/12/2025 3:24:49 AM|0.00|980.00|130.000|War Mode|Aluminum|Marble|0|3,165.000|5|1,500|0|0|0|Active In The Last 3 Days|Gold|Cattle|Lumber|Iron|||||||0|0|
647343|Reasor|Follist|NATO|10037|8/27/2025 7:44:22 PM|Pending|Monarchy|None|Red|8/26/2025 2:33:34 PM|29.50|671.00|600.000|War Mode|Coal|Marble|0|3,087.880|4|1,319|5|0|0|Active More Than Three Weeks Ago|Furs|Coal|||||||||0|0|
582499|Bathroom Humor|Land of Tents||0|10/1/2015 9:15:03 PM|None|Dictatorship|Islam|Red|10/1/2015 9:15:03 PM|160.80|702.00|95.082|Peace Mode|Silver|Spices|0|3,080.591|5|1,400|0|0|0|Active In The Last 3 Days|Coal|Iron|Gems|Furs|Water|Wheat|Wine|Marble|||222|3936|
647391|Seeker4536|SeekerLand|The Phoenix Federation|17385|8/31/2025 7:16:03 PM|Member|Dictatorship|Jainism|Black|8/31/2025 7:10:47 PM|1.70|632.92|265.811|War Mode|Spices|Sugar|0|3,004.239|5|2,914|0|36|0|Active In The Last 3 Days|Aluminum|Lumber|Cattle|Wheat|Pigs|Fish|Water|Uranium|||4512|89|
646950|KarmaBlaster|NoNameIstan|Non Grata|10097|7/4/2025 10:02:09 AM|Member|Monarchy|Baha'i Faith|Maroon|7/4/2025 9:35:03 AM|100.00|600.00|400.000|Peace Mode|Marble|Aluminum|0|2,969.540|5|3,477|0|0|0|Active This Week|Coal|Gold|Fish|Pigs|Lumber|Iron|Uranium|Lead|Wheat|Oil|91|0|
460062|admin|Great Nation|CN Staff|10046|5/14/2011 7:16:31 PM|Manager|Capitalist|Judaism|Aqua|5/14/2011 7:15:11 PM|229.50|326.00|1.000|Peace Mode|Uranium|Fish|0|2,964.360|5|368|0|0|0|Active In The Last 3 Days|||||||||||0|0|
647362|TaiwoChamp|TaiwoChamperia|NATO|10037|8/28/2025 3:38:36 PM|Member|Federal Government|Christianity|Blue|8/28/2025 1:31:45 PM|57.00|703.00|320.786|War Mode|Lead|Coal|0|2,897.979|2|1,130|1|0|0|Active In The Last 3 Days|||||||||||0|0|
647509|Rayvitoles|Xrysopsara|Global Alliance And Treaty Organization|10003|9/19/2025 3:13:44 PM|Member|Anarchy|Christianity|Brown|9/15/2025 11:39:21 AM|106.87|485.47|547.744|War Mode|Cattle|Pigs|0|2,879.775|5|3,371|0|0|0|Active In The Last 3 Days|Aluminum|Marble|Fish|Uranium|Lumber|Iron|Sugar|Spices|Water|Wheat|0|1068|
647598|Miamy|Ceralian|Veneris|17356|9/27/2025 12:44:39 AM|Member|Monarchy|Mixed|Blue|9/27/2025 12:33:55 AM|50.00|550.20|332.499|War Mode|Gold|Uranium|0|2,833.357|1|3,100|330|6|0|Active In The Last 3 Days|Fish|Pigs|Furs|Rubber|Wine|Furs|||||0|0|
575688|TaylorTaylor|Gillikin|Nuclear Proliferation League|17228|7/5/2025 8:23:53 AM|Member|Anarchy|Baha'i Faith|Purple|5/13/2015 3:28:46 PM|28.24|553.44|302.152|War Mode|Cattle|Pigs|0|2,799.794|5|2|0|48|0|Active In The Last 3 Days|Spices|Fish|||||||||33|10176|
643249|PanchoVilla84|New Mexico Republic|New Polar Order|10006|12/27/2024 4:45:44 PM|Pending|Federal Government|Christianity|Blue|5/16/2024 12:04:47 PM|103.70|700.00|80.944|War Mode|Wheat|Silver|0|2,783.924|5|2,200|0|0|0|Active Last Week|Gems|Lumber|Iron|Wine|Water|Rubber|||||0|1456|
647369|Stevo02|Irish people|The Phoenix Federation|17385|8/29/2025 7:41:57 PM|Member|Capitalist|Christianity|Green|8/29/2025 7:39:30 PM|100.00|700.00|96.289|War Mode|Pigs|Marble|0|2,764.430|5|1,000|0|0|0|Active More Than Three Weeks Ago|Spices|Sugar|Water|Rubber|||||||0|0|
544473|Gruilliem|Aoctm|Federation Of Buccaneers|10109|1/14/2014 9:03:08 AM|Member|Revolutionary Government|Mixed|Green|1/14/2014 8:57:03 AM|34.00|740.00|220.000|War Mode|Lumber|Aluminum|0|2,748.000|5|1,200|20|0|0|Active In The Last 3 Days|Pigs|Uranium|Pigs|Water|Sugar|Spices|||||0|0|
538259|The Big Bad|Empire of the North|Non Grata|10097|9/25/2025 10:16:47 PM|Member|Communist|Judaism|Blue|10/13/2013 5:12:55 PM|81.16|502.68|248.727|War Mode|Aluminum|Coal|0|2,699.532|1|2,943|279|0|0|Active In The Last 3 Days|||||||||||215564|302574|
28204|IWishIHadATank|Guerra Máquina|LoSS|15565|7/1/2018 9:42:05 AM|Manager|Dictatorship|Christianity|Orange|7/19/2006 10:37:26 PM|277.66|426.19|1.501|Peace Mode|Marble|Gems|0|2,682.973|5|691|0|0|0|Active In The Last 3 Days|Lumber|Lead|||||||||53193|766369|
620585|Balui|Snorg||0|11/23/2019 11:50:38 AM|None|Communist|Islam|Maroon|11/23/2019 11:50:38 AM|13.86|765.18|69.169|War Mode|Fish|Wheat|0|2,627.105|5|5,426|0|0|0|Active Last Week|||||||||||0|84999|
647537|TheBoss0567|Junta of Bees|NATO|10037|9/21/2025 5:33:57 PM|Member|Capitalist|Baha'i Faith|Blue|9/18/2025 2:41:29 AM|100.00|551.00|300.000|War Mode|Cattle|Pigs|0|2,623.000|5|1,000|0|0|0|Active In The Last 3 Days|Iron|Lumber|Sugar|Spices|||||||0|0|
559894|Sparhawx|AlJitrawi|New Polar Order|10006|8/16/2025 1:51:13 AM|Pending|Capitalist|Shinto|Blue|8/20/2014 7:27:34 AM|32.30|787.77|36.457|War Mode|Lead|Gold|0|2,584.818|5|268|0|0|0|Active Last Week|||||||||||9099|12887|
647487|DabsEveryDayOG|WeWontInvadeYou||0|9/12/2025 11:33:55 PM|None|Dictatorship|Voodoo|Black|9/12/2025 11:33:56 PM|0.00|799.99|99.990|War Mode|Coal|Gold|0|2,579.955|5|1,500|0|0|0|Active This Week|Rubber|Oil|||||||||0|0|
510694|tripocho|imprime|CLAWS|15841|9/14/2025 11:22:08 AM|Pending|Anarchy|Judaism|Red|10/22/2012 2:42:10 PM|4.58|828.52|15.763|War Mode|Aluminum|Oil|0|2,541.325|5|460|0|0|0|Active Last Week|||||||||||26211|55016|
632498|roox89|Roox Kingdom||0|3/2/2022 10:40:30 AM|None|Republic|Mixed|Pink|3/2/2022 10:40:30 AM|122.70|370.40|491.296|Peace Mode|Pigs|Oil|0|2,476.375|5|736|0|0|0|Active Last Week|Aluminum|Iron|Coal|Wheat|Furs|Cattle|Marble|Lumber|Uranium|Fish|0|1261|
646453|Fortune|Protea|The Legion|10020|6/10/2025 10:13:25 AM|Member|Anarchy|None|Purple|5/6/2025 8:19:00 AM|50.77|545.85|337.424|War Mode|Cattle|Pigs|0|2,458.553|5|50|0|0|0|Active In The Last 3 Days|Aluminum|Lumber|Cattle|Silver|Fish|Wheat|Iron|Marble|||1080|3092|
647390|Godwin of wessex|The land of Wessex|Knights Of The Round Table|10092|8/31/2025 4:54:05 PM|Member|Monarchy|Buddhism|Green|8/31/2025 4:43:26 PM|100.17|338.86|157.806|War Mode|Iron|Marble|0|2,421.954|5|1,415|197|1|0|Active Last Week|Aluminum|Lumber|Gold|Coal|Oil|Rubber|Uranium|Lead|Wheat|Water|0|794|
554382|rmgimenez|JdAmerica|Post Grunge Supergroup|16367|7/7/2025 1:07:38 PM|Member|Monarchy|Buddhism|Brown|5/29/2014 11:39:41 AM|100.00|599.99|63.768|War Mode|Aluminum|Oil|0|2,412.334|5|835|0|0|0|Active Last Week|Coal|Rubber|Gold|Marble|Water|Iron|||||3361|19439|
647179|Victon|Francewww5||0|8/31/2025 8:31:53 PM|None|Anarchy|Buddhism|Brown|8/4/2025 3:54:47 PM|57.67|53.67|570.965|War Mode|Wheat|Water|0|2,411.935|1|0|0|0|0|Active More Than Three Weeks Ago|Iron|Gold|Lumber|Cattle|Pigs|Sugar|Uranium|Coal|||18953|39102|
647398|V6itleja|Kubrikud|Post Grunge Supergroup|16367|9/1/2025 8:45:43 AM|Member|Capitalist|Mixed|Aqua|9/1/2025 6:33:54 AM|103.50|571.32|68.653|War Mode|Silver|Rubber|0|2,378.431|4|1,760|44|0|0|Active Three Weeks Ago|||||||||||0|0|
646832|Greg Gregory Gregers|Udrus|The Phoenix Federation|17385|6/22/2025 5:10:05 PM|Member|Democracy|Islam|Black|6/19/2025 7:36:24 PM|2.87|500.00|373.206|War Mode|Cattle|Wheat|0|2,345.300|5|1,057|0|0|0|Active In The Last 3 Days|Aluminum|Lumber|Iron|Marble|Pigs|Fish|Spices|Sugar|Water|Uranium|1478|0|
647496|Amarion|Rhodesae|NATO|10037|9/15/2025 9:10:15 PM|Pending|Democracy|None|Purple|9/14/2025 1:35:43 PM|21.00|451.00|550.000|War Mode|Cattle|Uranium|0|2,311.000|5|1,400|0|0|0|Active Last Week|||||||||||0|0|
647003|bapcv|Patonopla||0|7/11/2025 12:08:42 PM|None|Capitalist|Christianity|None|7/11/2025 12:08:43 PM|67.16|460.86|358.465|War Mode|Wine|Fish|0|2,310.763|4|1,944|79|0|0|Active In The Last 3 Days|Aluminum|Uranium|Furs|Cattle|Gold|Gems|Lumber|Marble|||915|233|
351219|Rakul|Winterhaven|The Order Of The Black Rose|10045|6/15/2014 11:15:14 AM|Member|Democracy|Norse|Black|8/14/2009 7:28:20 PM|0.11|299.99|31.200|War Mode|Gold|Pigs|0|2,263.943|5|4,000|1,383|0|9|Active In The Last 3 Days|Coal|Uranium|Iron|Lead|Oil|Wheat|||||3941880|3429107|
647026|Garcannon|Tarmintar||0|7/16/2025 2:33:06 PM|None|Monarchy|Christianity|Green|7/16/2025 2:27:12 PM|124.50|501.00|0.000|War Mode|Lumber|Uranium|0|2,253.500|5|150|0|0|0|Active Last Week|Lead|Oil|Wine|Iron|||||||0|0|
646451|Stefan Omasta|DR Greater Serbia||0|9/14/2025 4:54:22 PM|None|Communist|Christianity|Aqua|5/5/2025 6:56:52 PM|50.00|600.00|105.008|Peace Mode|Oil|Wine|0|2,243.112|5|1,780|0|0|0|Active In The Last 3 Days|Cattle|Water|Lumber|Wheat|||||||0|0|
646872|shobon|shobon republic|Post Grunge Supergroup|16367|6/25/2025 1:01:06 AM|Member|Democracy|Buddhism|Brown|6/24/2025 10:07:32 PM|50.00|499.99|300.000|War Mode|Gold|Marble|0|2,240.970|3|2,000|5|0|0|Active Three Weeks Ago|Aluminum|Oil|Lumber|Fish|||||||0|0|
647005|oalf222444|Ragnorakia|New Pacific Order|10000|7/11/2025 4:51:12 PM|Pending|Democracy|Buddhism|Black|7/11/2025 4:50:17 PM|37.50|520.86|300.000|War Mode|Gold|Oil|0|2,236.478|5|870|95|0|0|Active In The Last 3 Days|Iron|Lead|Uranium|Coal|Wheat|Fish|||||0|0|
647395|Jackson72|Betrothed|Nuclear Proliferation League|17228|9/2/2025 11:22:02 PM|Member|Anarchy|Christianity|White|8/31/2025 11:43:53 PM|21.15|591.84|43.595|War Mode|Aluminum|Iron|0|2,186.821|4|508|0|10|0|Active This Week|Lumber|Iron|Pigs|Cattle|Uranium|Fish|||||1567|6057|
643693|Draxximus|Rivernation||0|7/25/2024 5:07:28 PM|None|Monarchy|Shinto|Black|6/24/2024 4:01:31 PM|0.00|598.16|221.439|War Mode|Gold|Oil|0|2,151.542|5|1,245|0|0|0|Active In The Last 3 Days|Cattle|Coal|Fish|Water|Uranium|Spices|Wheat|Lumber|||2063|14050|
645128|Frampton1962|Framtopia||0|11/29/2024 8:09:11 AM|None|Communist|Christianity|Orange|11/26/2024 3:48:29 PM|239.03|209.16|44.790|Peace Mode|Coal|Oil|0|2,095.411|5|1,228|30|4|0|Active This Week|Spices|Marble|||||||||0|1929|
646542|MJ Nazario|Nazarionia|Doom Squad|16454|5/18/2025 1:36:58 PM|Pending|Federal Government|Mixed|Blue|5/17/2025 9:40:00 PM|190.00|239.00|231.000|War Mode|Gems|Wine|0|2,067.361|5|1,093|10|0|0|Active In The Last 3 Days|Fish|Cattle|Iron|Lumber|Pigs|Wheat|Sugar|Spices|Uranium|Water|0|0|
624173|Amen Yash oc|Yash palace||0|4/8/2025 5:32:37 AM|None|Anarchy|Judaism|Black|8/7/2020 11:46:46 AM|40.79|310.51|361.426|War Mode|Water|Wine|0|2,057.629|5|0|0|2|0|Active This Week|||||||||||33816|18867|
647556|BigBrody2336|BigBrody|TANG Clan|17449|9/20/2025 10:18:54 AM|Manager|Monarchy|None|Black|9/20/2025 10:16:27 AM|35.00|449.61|322.676|War Mode|Coal|Gold|0|2,030.832|5|950|20|0|0|Active In The Last 3 Days|Aluminum|Marble|Lumber|Iron|Rubber|Oil|Uranium|Lead|Wheat|Fish|0|0|
646546|babayagajonwik|Madurah|Deathblow|17387|9/26/2025 8:40:47 AM|Member|Republic|Judaism|None|5/18/2025 9:57:29 AM|34.84|446.79|314.955|War Mode|Water|Wheat|0|2,023.070|3|1,500|33|0|0|Active In The Last 3 Days|Aluminum|Fish|Marble|Iron|Spices|Sugar|||||547|617|
647574|Benjas|Eldorian Republic|NATO|10037|9/24/2025 10:57:37 AM|Member|Monarchy|Christianity|Blue|9/24/2025 9:29:10 AM|100.00|401.00|200.000|War Mode|Iron|Lumber|0|2,017.000|5|700|0|0|0|Active In The Last 3 Days|Cattle|Pigs|||||||||0|0|
647558|lylieanna|Illyia|Christian Coalition Of Countries|10028|9/21/2025 7:03:20 PM|Member|Monarchy|Norse|Maroon|9/20/2025 8:48:31 PM|100.00|299.00|400.000|Peace Mode|Furs|Fish|0|2,009.860|5|643|0|0|0|Active In The Last 3 Days|||||||||||0|0|
646088|Tarkvania|Tarkvania||0|3/30/2025 3:07:24 PM|None|Monarchy|Mixed|Aqua|3/25/2025 9:57:04 AM|25.50|458.36|305.952|War Mode|Coal|Water|0|2,007.085|5|1,469|81|0|0|Active More Than Three Weeks Ago|||||||||||514|0|
641076|GRomaniw|Araka||0|11/21/2023 3:57:06 PM|None|Totalitarian State|Voodoo|Maroon|11/21/2023 3:57:06 PM|98.36|369.13|29.939|War Mode|Wine|Fish|0|1,993.014|5|946|0|0|0|Active In The Last 3 Days|Coal|Iron|Gold|Coal|Uranium|Water|||||578|15346|
644174|KAMESHWARANG|REPUBLIC HINDUSTAN||0|8/23/2024 6:05:24 PM|None|Republic|Hinduism|None|8/11/2024 2:21:51 AM|60.00|398.49|300.204|Peace Mode|Marble|Furs|0|1,953.374|3|250|15|0|0|Active Three Weeks Ago|||||||||||0|0|
644682|Atomchatty|Quilibrium|Post Grunge Supergroup|16367|10/6/2024 4:12:08 AM|Member|Communist|Confucianism|Red|10/4/2024 4:30:31 AM|45.00|513.00|110.000|War Mode|Furs|Silver|0|1,947.440|5|822|10|0|0|Active In The Last 3 Days|||||||||||0|0|
646793|Alhakim Ayaanle|Ajuuraan Sultanate||0|6/16/2025 12:55:14 AM|None|Anarchy|Islam|Red|6/16/2025 12:55:15 AM|37.42|258.29|245.820|War Mode|Water|Marble|0|1,922.070|5|68|0|1|0|Active Last Week|||||||||||3799|10943|
646596|testijam|TestiJam||0|5/24/2025 6:28:41 AM|None|Revolutionary Government|Buddhism|None|5/24/2025 6:28:42 AM|50.00|499.99|100.000|Peace Mode|Silver|Gold|0|1,913.842|5|694|0|0|0|Active Last Week|Aluminum|Marble|Gems|Lumber|||||||0|0|
646801|Chaos Gremlin|Chaostopia|Global Alliance And Treaty Organization|10003|6/16/2025 6:55:13 PM|Pending|Federal Government|None|Brown|6/16/2025 6:37:17 PM|300.00|126.66|16.983|Peace Mode|Iron|Fish|0|1,910.453|5|250|0|0|0|Active This Week|Aluminum|Marble|Lumber|Sugar|Pigs|Cattle|Spices|Wheat|Water|Uranium|0|439|
647388|TheNamekian|Breh vurd||0|8/31/2025 1:51:19 PM|None|Capitalist|Christianity|Purple|8/31/2025 1:51:19 PM|10.00|529.00|135.000|War Mode|Iron|Aluminum|0|1,877.373|5|1,893|0|0|0|Active Three Weeks Ago|||||||||||0|0|
647559|cbend32|Negronis|TANG Clan|17449|9/20/2025 9:22:33 PM|Member|Monarchy|None|Black|9/20/2025 9:21:44 PM|10.00|401.00|400.000|War Mode|Wheat|Fish|0|1,854.600|5|40|4|0|0|Active This Week|Aluminum|Marble|Coal|Gold|Lumber|Iron|Uranium|Lead|||0|0|
647451|Audentes|Carolana||0|9/8/2025 10:42:04 PM|None|Republic|Mixed|None|9/8/2025 10:42:04 PM|20.00|425.00|300.000|Peace Mode|Iron|Uranium|0|1,845.000|5|1,000|0|0|0|Active In The Last 3 Days|Lumber|Fish|||||||||0|0|
646977|buckmcneely|Jol Nar|New Pacific Order|10000|8/26/2025 3:25:50 PM|Pending|Capitalist|Mixed|Green|7/8/2025 12:05:35 PM|13.50|531.00|110.000|War Mode|Furs|Coal|0|1,842.800|5|765|10|0|0|Active Last Week|Cattle|Sugar|Coal|Marble|||||||0|0|
647303|Stevicus|Victorium|The Phoenix Federation|17385|8/25/2025 11:53:50 AM|Member|Capitalist|Buddhism|Red|8/20/2025 3:34:49 PM|60.88|289.18|433.894|Peace Mode|Lead|Wine|0|1,841.952|5|649|6|0|0|Active In The Last 3 Days|Fish|Pigs|Furs|Wheat|Silver|Oil|Wheat|Lumber|||495|0|
647520|Katarina|Kalistaria||0|9/16/2025 4:07:57 PM|None|Communist|Voodoo|Pink|9/16/2025 4:07:57 PM|34.50|373.60|343.392|War Mode|Cattle|Water|0|1,820.376|3|600|0|0|0|Active In The Last 3 Days|Gold|Furs|Iron|Coal|Oil|Wine|||||0|0|
484754|Dirk Farkly|Jatrovatia III|Fark|10002|12/22/2011 4:10:50 AM|Member|Democracy|None|Aqua|12/22/2011 3:49:34 AM|94.95|338.58|95.956|Peace Mode|Aluminum|Iron|0|1,817.891|4|1,905|152|2|0|Active Three Weeks Ago|Coal|Oil|Lead|Rubber|Marble|Lumber|Uranium|Gold|||477|436|
647472|PM Macron Blair|New Libertas||0|9/11/2025 12:19:33 PM|None|Capitalist|None|None|9/11/2025 12:19:33 PM|22.50|425.00|247.172|War Mode|Lumber|Iron|0|1,796.308|4|1,085|89|0|0|Active In The Last 3 Days|||||||||||165|0|
647462|Baron Lumare|Baja Utopia||0|9/10/2025 10:59:20 AM|None|Capitalist|Mixed|None|9/10/2025 10:59:21 AM|50.00|311.00|320.000|Peace Mode|Aluminum|Silver|0|1,795.400|5|550|7|0|0|Active Three Weeks Ago|||||||||||0|0|
647582|SmolBrody|SmolBrody2336|TANG Clan|17449|9/25/2025 12:14:46 PM|Member|Monarchy|None|Black|9/25/2025 12:10:04 PM|20.00|450.08|214.286|War Mode|Lead|Uranium|0|1,788.678|5|850|0|0|0|Active In The Last 3 Days|Cattle|Fish|Lumber|Iron|Uranium|Oil|||||0|0|
647583|AmorGraZZi|Empire of Buthelezi|TANG Clan|17449|9/25/2025 1:05:06 PM|Member|Dictatorship|None|Black|9/25/2025 12:23:46 PM|17.50|386.00|324.000|War Mode|Uranium|Oil|0|1,781.060|3|1,978|50|0|0|Active In The Last 3 Days|Uranium|Fish|||||||||0|0|
647552|Noodle769|Pop Tart 2|TANG Clan|17449|9/20/2025 8:47:31 AM|Manager|Monarchy|None|Black|9/20/2025 8:42:07 AM|50.00|316.81|348.877|War Mode|Rubber|Oil|0|1,773.736|5|1,500|100|0|0|Active In The Last 3 Days|Aluminum|Marble|Coal|Gold|Lumber|Iron|Uranium|Lead|||0|0|
636020|Bermuda757|Bermuda050||0|10/26/2022 10:50:07 PM|None|Monarchy|Judaism|Red|10/26/2022 10:50:07 PM|20.00|401.21|300.000|War Mode|Water|Gold|0|1,773.632|5|1,000|0|0|0|Active In The Last 3 Days|||||||||||0|0|
647507|Iamamaagun|Republic of Aquivere|New Pacific Order|10000|9/15/2025 10:54:59 AM|Pending|Federal Government|Christianity|None|9/15/2025 9:35:53 AM|20.00|400.00|299.700|War Mode|Lead|Water|0|1,764.950|4|450|32|0|0|Active Last Week|||||||||||0|0|
647621|OgApe|Numetalstan||0|9/29/2025 2:33:48 AM|None|Capitalist|Norse|Black|9/29/2025 2:33:49 AM|25.50|329.00|400.000|War Mode|Fish|Oil|0|1,755.460|2|2,048|0|0|0|Active In The Last 3 Days|||||||||||0|0|
647402|Shintaro Yanaga|Matayobu||0|9/2/2025 3:22:42 AM|None|Capitalist|Christianity|None|9/2/2025 3:22:43 AM|30.00|370.79|310.858|War Mode|Iron|Gold|0|1,752.651|4|1,200|0|0|0|Active More Than Three Weeks Ago|||||||||||0|0|
647440|Hrafnar|Hrafnar||0|9/7/2025 6:12:11 AM|None|Capitalist|None|Black|9/7/2025 6:12:12 AM|40.00|311.60|291.315|War Mode|Rubber|Oil|0|1,746.970|2|600|66|5|0|Active More Than Three Weeks Ago|||||||||||0|0|
647455|Zarkov|Varshan||0|9/9/2025 10:17:23 AM|None|Dictatorship|Islam|None|9/9/2025 10:17:23 AM|10.00|373.55|360.000|Peace Mode|Oil|Coal|0|1,719.852|4|460|0|0|0|Active More Than Three Weeks Ago|||||||||||0|0|
647622|ladnopiz2|Eret Yisrael||0|9/29/2025 7:09:40 AM|None|Democracy|Mixed|Blue|9/29/2025 7:09:40 AM|25.00|326.00|400.000|Peace Mode|Uranium|Cattle|0|1,716.200|4|660|0|0|0|Active In The Last 3 Days|||||||||||0|0|
647589|Exedeus|Arkenheim|Veneris|17356|9/26/2025 3:42:34 AM|Member|Federal Government|Islam|White|9/26/2025 3:35:15 AM|15.00|343.00|400.000|War Mode|Lumber|Sugar|0|1,704.000|5|0|0|0|0|Active In The Last 3 Days|Fish|Pigs|||||||||0|0|
647609|Bosko777|Bosko777||0|9/27/2025 6:01:20 PM|None|Monarchy|Christianity|Orange|9/27/2025 6:01:21 PM|10.00|401.00|300.000|War Mode|Uranium|Iron|0|1,703.000|5|0|0|0|0|Active This Week|||||||||||0|0|
646235|LambiolopGaming|Solanator||0|4/11/2025 1:17:18 AM|None|Republic|Sikhism|None|4/11/2025 1:17:19 AM|34.00|402.10|196.470|Peace Mode|Oil|Gold|0|1,695.020|1|750|20|0|0|Active Three Weeks Ago|||||||||||0|0|
619654|Zulchep|Zulchep|New Pacific Order|10000|9/23/2025 9:46:44 PM|Member|Republic|Voodoo|Red|9/6/2019 6:14:44 PM|20.00|401.00|250.000|War Mode|Lumber|Iron|0|1,690.200|5|610|0|0|0|Active In The Last 3 Days|Coal|Uranium|Fish|Cattle|Spices|Sugar|Wheat|Pigs|||0|0|
641483|Tamas Stroheim|Hegy Festung|Post Grunge Supergroup|16367|4/1/2024 6:38:22 PM|Member|Monarchy|Christianity|Blue|12/30/2023 12:06:26 AM|120.29|121.27|340.879|War Mode|Sugar|Spices|0|1,687.585|5|595|23|12|0|Active In The Last 3 Days|Iron|Wine|Lumber|Aluminum|||||||0|3067|
647528|Defilein|Scandalnavia|New Pacific Order|10000|9/17/2025 7:58:28 AM|Pending|Dictatorship|Voodoo|Purple|9/17/2025 7:47:14 AM|2.50|450.00|200.000|Peace Mode|Sugar|Wine|0|1,671.360|5|443|0|0|0|Active This Week|Coal|Iron|||||||||0|0|
647532|Lapeyrouse|Vredenburgh||0|9/17/2025 1:37:36 PM|None|Federal Government|Christianity|None|9/17/2025 1:37:37 PM|16.50|304.00|450.050|War Mode|Sugar|Lead|0|1,670.575|4|50|0|0|0|Active Last Week|||||||||||0|0|
647616|Karl Liebknecht|DSDRD||0|9/28/2025 6:17:59 AM|None|Revolutionary Government|None|None|9/28/2025 6:18:00 AM|0.00|400.00|300.000|Peace Mode|Gems|Wheat|0|1,666.000|5|800|0|0|0|Active In The Last 3 Days|||||||||||0|0|
647579|NurseJawnald|LeegOfLegoindas|TANG Clan|17449|9/25/2025 9:59:11 AM|Member|Capitalist|Mixed|Black|9/25/2025 9:54:39 AM|0.00|350.00|400.000|War Mode|Uranium|Lead|0|1,665.000|4|750|0|0|0|Active In The Last 3 Days|Coal|Gold|Rubber|Oil|Wheat|Fish|||||0|0|
642688|testicel|TestiCel||0|4/1/2024 5:41:31 AM|None|Revolutionary Government|Judaism|None|4/1/2024 5:41:31 AM|60.00|299.00|300.000|Peace Mode|Lead|Oil|0|1,659.680|5|634|0|0|0|Active Last Week|Aluminum|Marble|||||||||0|0|
647607|CouncilWomen|Structara||0|9/27/2025 2:10:45 PM|None|Dictatorship|None|None|9/27/2025 2:10:45 PM|20.00|388.21|247.750|Peace Mode|Lumber|Furs|0|1,656.269|5|1,000|0|0|0|Active In The Last 3 Days|||||||||||0|0|
647617|Joel Goldstein|Empire Of Israel||0|9/28/2025 12:20:45 PM|None|Monarchy|Judaism|None|9/28/2025 12:20:45 PM|30.00|300.00|401.000|Peace Mode|Oil|Gold|0|1,652.500|5|50|0|0|0|Active In The Last 3 Days|||||||||||0|0|
583669|HelpingFriendlyBook|LandOfLizards||0|10/30/2015 9:49:05 AM|None|Capitalist|None|Blue|10/30/2015 9:49:05 AM|0.00|394.16|301.250|Peace Mode|Wheat|Spices|0|1,648.349|5|700|0|0|0|Active Three Weeks Ago|||||||||||0|0|
647431|ChosenUndead|Ariandel||0|9/5/2025 7:37:54 PM|None|Capitalist|Norse|Purple|9/5/2025 7:37:55 PM|30.00|444.00|100.000|Peace Mode|Cattle|Silver|0|1,645.011|5|650|0|0|0|Active More Than Three Weeks Ago|Cattle|Pigs|Spices|Marble|||||||0|0|
646672|Radio Dial|Cartesian|Post Grunge Supergroup|16367|9/25/2025 7:57:07 AM|Member|Transitional|Judaism|Brown|6/2/2025 7:13:51 AM|74.83|314.88|210.567|War Mode|Gold|Furs|0|1,643.620|5|450|0|0|0|Active In The Last 3 Days|Cattle|Water|Water|Rubber|||||||1971|0|
647633|EquilIbrium|ElixQuilibrium|Veneris|17356|10/1/2025 1:41:33 AM|Member|Democracy|Christianity|Red|10/1/2025 1:35:32 AM|23.00|401.00|200.563|Peace Mode|Furs|Wheat|0|1,643.245|5|1,200|2|0|0|Active In The Last 3 Days|Fish|Pigs|||||||||0|0|
647639|Flame4Game|Andersonland|Madlads Union|17130|10/1/2025 12:40:50 PM|Pending|Republic|Mixed|Green|10/1/2025 12:39:13 PM|20.00|411.00|200.000|Peace Mode|Rubber|Furs|0|1,643.000|5|500|0|0|0|Active In The Last 3 Days|||||||||||0|0|
647404|luishenrique|luizao||0|9/2/2025 2:50:08 PM|None|Capitalist|Christianity|Black|9/2/2025 2:50:08 PM|45.00|296.00|340.000|War Mode|Marble|Aluminum|0|1,638.400|5|350|42|0|0|Active More Than Three Weeks Ago|||||||||||0|0|
646989|LordSciolist|Chaleroux|Non Grata|10097|7/9/2025 11:46:55 PM|Member|Democracy|Mixed|Maroon|7/9/2025 11:42:26 PM|3.66|501.00|32.212|Peace Mode|Aluminum|Marble|0|1,630.725|1|1,805|0|0|0|Active In The Last 3 Days|Coal|Gold|Iron|Lumber|Lead|Uranium|Oil|Wheat|Pigs|Fish|2557|0|
647566|DeltaSpecter|Slvania|New Pacific Order|10000|9/22/2025 9:50:22 AM|Pending|Democracy|Christianity|Red|9/22/2025 9:48:22 AM|0.00|330.21|400.000|Peace Mode|Rubber|Furs|0|1,625.717|1|1,755|0|0|0|Active Last Week|||||||||||0|0|
647595|chinoise|Chinoise|NATO|10037|9/26/2025 7:03:31 PM|Pending|Monarchy|Mixed|None|9/26/2025 5:10:25 PM|25.50|311.00|356.316|Peace Mode|Fish|Furs|0|1,613.724|1|900|4|0|0|Active In The Last 3 Days|||||||||||0|0|
633858|Astrogator|Wolbachia||0|6/3/2022 1:46:38 PM|None|Anarchy|Confucianism|Pink|6/3/2022 1:46:39 PM|25.10|195.91|600.000|War Mode|Furs|Cattle|0|1,613.245|5|0|0|0|0|Active Last Week|Aluminum|Iron|Coal|Wheat|Marble|Lumber|Pigs|Oil|Uranium|Fish|0|0|
647515|qlankz|Troisil||0|9/16/2025 3:16:52 AM|None|Totalitarian State|Christianity|None|9/16/2025 3:16:53 AM|22.50|319.88|348.120|Peace Mode|Wine|Fish|0|1,599.330|5|250|0|0|0|Active Last Week|||||||||||0|0|
647355|Saellis|Astrell||0|8/27/2025 4:00:32 PM|None|Democracy|None|None|8/27/2025 4:00:33 PM|15.50|470.00|45.000|Peace Mode|Lumber|Water|0|1,592.800|5|1,890|0|0|0|Active More Than Three Weeks Ago|Gold|Fish|||||||||0|0|
647519|Metanoia|Metanoia|Knights Of The Round Table|10092|9/27/2025 11:22:25 AM|Pending|Democracy|None|Green|9/16/2025 1:45:53 PM|13.50|322.42|359.707|Peace Mode|Coal|Wheat|0|1,590.287|4|798|0|0|0|Active This Week|||||||||||0|0|
647424|Unproven10|BD will DO||0|9/4/2025 10:08:20 PM|None|Anarchy|Islam|Aqua|9/4/2025 10:08:20 PM|15.00|435.75|127.795|Peace Mode|Marble|Fish|0|1,587.943|3|700|0|0|0|Active More Than Three Weeks Ago|||||||||||0|0|
647527|HongusBongus|Mongolian River Crab||0|9/17/2025 5:12:45 AM|None|Revolutionary Government|None|None|9/17/2025 5:12:46 AM|35.50|275.00|283.333|War Mode|Fish|Uranium|0|1,587.500|3|370|13|0|0|Active Last Week|Coal|Iron|||||||||0|0|
647248|Gt1835|Geeter||0|8/13/2025 6:43:36 PM|None|Federal Government|None|Black|8/13/2025 6:43:37 PM|19.00|330.05|306.928|Peace Mode|Iron|Gold|0|1,575.553|4|1,500|0|0|0|Active More Than Three Weeks Ago|Uranium|Lead|Wheat|Water|||||||0|0|
647295|darkninjy|republic of hyvinka|The Phoenix Federation|17385|8/26/2025 4:21:38 PM|Member|Monarchy|Mixed|None|8/19/2025 5:06:23 PM|31.00|394.00|135.000|War Mode|Water|Fish|0|1,573.900|5|1,720|0|0|0|Active Three Weeks Ago|||||||||||0|0|
645787|wetsandwich|High Cold River|Deathblow|17387|4/4/2025 8:57:55 AM|Manager|Anarchy|Sikhism|None|2/22/2025 6:38:58 AM|36.16|107.06|483.085|War Mode|Silver|Gold|0|1,569.633|1|366|6|0|0|Active In The Last 3 Days|Coal|Lumber|Lead|Iron|Pigs|Cattle|Wine|Furs|||28182|104171|
647631|Vittorio Mackliovai|Salkhanja||0|9/30/2025 6:06:31 PM|None|Communist|Mixed|None|9/30/2025 6:06:31 PM|56.00|321.00|210.000|Peace Mode|Oil|Lead|0|1,567.420|4|271|20|0|0|Active In The Last 3 Days|||||||||||0|0|
647627|FellaKne|Grand Poland|Post Grunge Supergroup|16367|10/1/2025 1:43:49 PM|Pending|Revolutionary Government|Christianity|None|9/29/2025 10:08:18 PM|19.00|254.19|460.410|War Mode|Water|Oil|0|1,563.174|5|749|0|0|0|Active In The Last 3 Days|||||||||||0|0|
647618|PaulG|Paul Land|New Pacific Order|10000|9/28/2025 12:43:16 PM|Pending|Totalitarian State|Norse|Black|9/28/2025 12:32:12 PM|39.50|385.32|128.571|War Mode|Uranium|Oil|0|1,562.660|4|717|10|0|0|Active In The Last 3 Days|Lead|Uranium|||||||||0|0|
647501|Mist Kenovia|Cuties|Cuteness Overload|17451|9/14/2025 8:15:13 PM|Manager|Dictatorship|None|None|9/14/2025 7:20:36 PM|18.50|343.56|222.687|War Mode|Oil|Pigs|0|1,557.502|5|1,805|171|3|0|Active In The Last 3 Days|Sugar|Iron|||||||||0|0|
482251|Sword of Estel|Modernation|CN Staff|10046|11/30/2011 12:56:28 PM|Member|Communist|Confucianism|Aqua|11/30/2011 12:28:10 PM|70.74|247.70|290.251|War Mode|Oil|Uranium|0|1,540.665|5|423|0|0|0|Active Three Weeks Ago|||||||||||7216|28737|
647572|koals|Most Evil Nation|Global Alliance And Treaty Organization|10003|9/23/2025 7:36:03 PM|Member|Monarchy|Taoism|Brown|9/23/2025 7:33:35 PM|4.00|419.00|150.000|War Mode|Aluminum|Marble|0|1,513.800|5|590|0|0|0|Active In The Last 3 Days|Lumber|Sugar|Water|Uranium|||||||0|0|
647600|Trumpist12|Representive States||0|9/27/2025 9:42:26 AM|None|Republic|Christianity|None|9/27/2025 9:42:26 AM|18.00|451.00|41.667|War Mode|Furs|Rubber|0|1,509.200|4|185|0|0|0|Active This Week|Gold|Uranium|||||||||0|0|
647499|Lord Garg|St Eriks||0|9/14/2025 4:46:00 PM|None|Revolutionary Government|Mixed|None|9/14/2025 4:46:00 PM|1.00|500.00|0.000|Peace Mode|Gold|Gems|0|1,508.340|5|167|0|0|0|Active Three Weeks Ago|||||||||||0|0|
646550|SOURR|LEMONS|Christian Coalition Of Countries|10028|5/18/2025 11:12:30 PM|Member|Republic|Mixed|Maroon|5/18/2025 11:10:49 PM|100.50|299.99|62.570|War Mode|Water|Wheat|0|1,504.974|5|433|0|0|0|Active Three Weeks Ago|Aluminum|Marble|Cattle|Pigs|Iron|Lumber|Spices|Sugar|Uranium|Fish|0|0|
647585|Trumpnumber1|states of republic|New Pacific Order|10000|9/25/2025 5:05:05 PM|Pending|Republic|Christianity|None|9/25/2025 4:56:59 PM|67.00|275.05|212.871|War Mode|Uranium|Fish|0|1,501.669|3|975|14|0|0|Active This Week|Uranium|Oil|||||||||0|0|
619221|Wilhuff Tarkin|Crafrop||0|7/27/2019 10:19:26 AM|None|Capitalist|None|Red|7/27/2019 10:12:06 AM|2.50|241.00|500.000|War Mode|Pigs|Sugar|0|1,487.800|4|115|0|0|0|Active This Week|||||||||||0|0|
647135|TheBeldam|Feyethlean||0|7/29/2025 12:21:59 PM|None|Communist|None|None|7/29/2025 12:21:59 PM|50.71|264.65|263.207|War Mode|Furs|Marble|0|1,474.769|5|1,124|0|0|0|Active In The Last 3 Days|||||||||||0|392|
647503|NumbaSi6x|Faity||0|9/14/2025 9:54:34 PM|None|Dictatorship|Mixed|None|9/14/2025 9:54:34 PM|62.00|326.00|110.000|Peace Mode|Marble|Rubber|0|1,464.480|4|484|9|0|0|Active Three Weeks Ago|||||||||||0|0|
647551|Francisco Bahamonde|Estado Paraiso||0|9/20/2025 6:11:43 AM|None|Dictatorship|Christianity|None|9/20/2025 6:11:43 AM|20.00|301.00|300.000|Peace Mode|Cattle|Wheat|0|1,463.000|5|500|0|0|0|Active Last Week|||||||||||0|0|
647543|Sandesh|Neoterra prime||0|9/19/2025 5:16:30 AM|None|Anarchy|Mixed|Black|9/19/2025 5:16:31 AM|9.49|286.07|368.419|War Mode|Cattle|Gold|0|1,459.446|1|58|0|0|0|Active In The Last 3 Days|||||||||||0|242|
633119|Czar Nyektpov|Awinysh||0|4/12/2022 7:50:41 PM|None|Capitalist|Islam|Orange|4/12/2022 7:50:41 PM|110.59|210.00|174.413|Peace Mode|Gold|Water|0|1,453.356|4|440|0|0|0|Active In The Last 3 Days|Coal|Oil|||||||||0|851|
647204|kinglucifer|Netherworld||0|8/7/2025 10:25:42 PM|None|Monarchy|Norse|Black|8/7/2025 10:19:13 PM|12.00|203.33|501.000|Peace Mode|Oil|Uranium|0|1,445.836|1|1,100|13|0|0|Active In The Last 3 Days|Water|Wheat|||||||||0|0|
647473|oliviamarner|Montavia|Veneris|17356|9/11/2025 3:05:09 PM|Member|Democracy|Mixed|Pink|9/11/2025 2:49:06 PM|45.50|378.00|54.000|Peace Mode|Rubber|Gold|0|1,442.500|5|0|0|0|0|Active In The Last 3 Days|||||||||||0|0|
647374|GooseDuke|Shacktar|New Pacific Order|10000|9/10/2025 1:44:55 AM|Pending|Totalitarian State|Mixed|Black|8/30/2025 4:50:15 AM|43.50|190.57|426.220|Peace Mode|Pigs|Cattle|0|1,432.950|1|220|0|0|0|Active In The Last 3 Days|||||||||||0|0|
647359|PresidentOne|Enerclith Federation||0|8/28/2025 7:42:29 AM|None|Totalitarian State|None|Black|8/28/2025 7:42:30 AM|15.00|224.44|425.363|War Mode|Uranium|Iron|0|1,431.019|1|1,053|68|1|0|Active Last Week|||||||||||0|0|
647469|Parazon|Concordius|New Pacific Order|10000|9/11/2025 4:52:21 AM|Pending|Federal Government|None|Red|9/11/2025 4:42:07 AM|70.00|201.00|313.750|War Mode|Fish|Cattle|0|1,430.625|5|350|0|0|0|Active This Week|||||||||||0|0|
647437|Niko Kostova|Strong Faith|Christian Coalition Of Countries|10028|9/6/2025 6:54:51 PM|Member|Republic|Christianity|Red|9/6/2025 6:46:18 PM|40.00|301.00|200.000|War Mode|Lumber|Fish|0|1,422.700|4|905|8|0|0|Active More Than Three Weeks Ago|||||||||||0|0|
647612|FogTaniel|MachtBerg Kingdom||0|9/27/2025 11:27:49 PM|None|Monarchy|None|None|9/27/2025 11:27:50 PM|53.00|181.00|401.389|Peace Mode|Spices|Rubber|0|1,414.463|4|219|0|0|0|Active In The Last 3 Days|||||||||||0|0|
647549|Katya|Femlavia||0|9/19/2025 7:50:26 PM|None|Anarchy|None|None|9/19/2025 7:50:26 PM|0.00|425.29|84.880|War Mode|Gems|Iron|0|1,409.439|3|313|0|0|0|Active Last Week|||||||||||0|687|
647425|aWhiteTailDeer|Valarian Empire|New Pacific Order|10000|9/4/2025 11:06:26 PM|Pending|Monarchy|Christianity|None|9/4/2025 10:57:38 PM|40.00|250.00|290.439|Peace Mode|Uranium|Oil|0|1,394.659|4|400|5|0|0|Active More Than Three Weeks Ago|||||||||||0|0|
647620|ThunderPants90|Thundopilis||0|9/29/2025 1:11:23 AM|None|Capitalist|Christianity|None|9/29/2025 1:11:23 AM|55.00|212.20|312.500|Peace Mode|Furs|Lumber|0|1,393.325|5|649|0|0|0|Active In The Last 3 Days|Iron|Coal|||||||||0|0|
647562|GlassyBoy|Neuheim|Post Grunge Supergroup|16367|9/21/2025 3:50:17 AM|Member|Communist|Christianity|Brown|9/21/2025 3:38:02 AM|56.50|299.99|128.571|War Mode|Lead|Uranium|0|1,387.280|4|598|0|0|0|Active In The Last 3 Days|Sugar|Iron|||||||||0|0|
647202|PeanutEnvy|Newes|The Phoenix Federation|17385|8/7/2025 8:57:21 PM|Member|Transitional|None|Blue|8/7/2025 7:40:07 PM|35.00|380.00|37.000|Peace Mode|Wheat|Water|0|1,383.600|4|645|1|0|0|Active More Than Three Weeks Ago|||||||||||0|0|
646293|Woodrowthegr8one|BaronyofNewCanaan|Deathblow|17387|4/24/2025 6:10:10 AM|Member|Monarchy|Sikhism|Blue|4/17/2025 6:21:50 PM|15.57|254.43|291.057|War Mode|Coal|Lumber|0|1,379.173|3|572|0|0|0|Active In The Last 3 Days|Lead|Iron|Silver|Gold|||||||392|4518|
647485|SausyNapkins|SausyTits|Nuclear Proliferation League|17228|9/13/2025 12:07:36 AM|Member|Republic|Confucianism|Brown|9/12/2025 11:32:29 PM|0.00|401.84|100.000|War Mode|Water|Cattle|0|1,375.526|1|1,000|0|0|0|Active This Week|Lumber|Marble|||||||||0|0|
647523|Golddisk|Black Cat Republic|Libertarian Socialist Federation|10027|9/18/2025 7:42:13 AM|Member|Democracy|Christianity|Brown|9/16/2025 8:21:05 PM|10.00|393.16|83.500|War Mode|Iron|Fish|0|1,367.524|5|640|0|0|0|Active In The Last 3 Days|Aluminum|Marble|Pigs|Cattle|Spices|Wheat|Sugar|Lumber|||0|0|
646748|GhanaPresident|Ghana Republic||0|6/10/2025 1:24:12 PM|None|Democracy|Baha'i Faith|Black|6/10/2025 1:24:12 PM|14.00|401.00|0.000|War Mode|Sugar|Spices|0|1,359.600|5|2,270|206|0|0|Active This Week|Fish|Wheat|||||||||0|0|
647492|Bauti|Argentin||0|9/14/2025 1:15:22 AM|None|Capitalist|Christianity|Red|9/14/2025 1:15:23 AM|0.00|403.00|100.000|Peace Mode|Gems|Sugar|0|1,359.000|3|0|0|0|0|Active Three Weeks Ago|||||||||||0|0|
647409|crouchinglion|ferocioustroops|Post Grunge Supergroup|16367|9/4/2025 12:36:27 PM|Member|Democracy|Mixed|None|9/3/2025 1:31:50 PM|69.50|301.00|43.000|War Mode|Furs|Gems|0|1,328.280|4|664|0|0|0|Active More Than Three Weeks Ago|||||||||||0|0|
647513|crownedjul|hilltopia||0|9/15/2025 9:24:12 PM|None|Revolutionary Government|Mixed|Green|9/15/2025 9:24:13 PM|23.00|281.00|240.000|War Mode|Coal|Spices|0|1,324.000|3|200|10|0|0|Active Three Weeks Ago|||||||||||0|0|
647614|kokoroko123|Koroko|New Pacific Order|10000|9/28/2025 5:29:33 PM|Pending|Totalitarian State|None|Brown|9/28/2025 1:28:30 AM|38.50|221.00|300.000|War Mode|Oil|Coal|0|1,318.500|3|500|20|0|0|Active In The Last 3 Days|||||||||||0|0|
647439|Kalorez|Calrion|The Legion|10020|9/7/2025 3:15:18 AM|Pending|Dictatorship|Christianity|None|9/7/2025 1:45:24 AM|20.00|301.00|200.000|War Mode|Marble|Gold|0|1,305.000|5|100|0|0|0|Active More Than Three Weeks Ago|||||||||||0|0|
647539|Kubek|Kerei||0|9/18/2025 1:21:40 PM|None|Dictatorship|Buddhism|None|9/18/2025 1:21:40 PM|50.00|300.00|101.000|Peace Mode|Gold|Furs|0|1,301.500|5|0|0|0|0|Active Last Week|||||||||||0|0|
647587|Vanille|Snowy||0|9/25/2025 8:44:56 PM|None|Monarchy|Mixed|Aqua|9/25/2025 8:44:56 PM|50.00|300.00|99.931|Peace Mode|Oil|Fish|0|1,299.897|5|0|0|0|0|Active This Week|||||||||||0|0|
643156|veryslay|caka town|New Polar Order|10006|12/18/2024 8:12:41 AM|Pending|Revolutionary Government|Christianity|Red|5/6/2024 1:21:53 PM|19.00|284.84|198.845|War Mode|Rubber|Wine|0|1,296.589|4|1,313|129|0|0|Active More Than Three Weeks Ago|||||||||||0|0|
605032|Kirby101|Federal Coalition|Federation Of Armed Nations|10021|6/16/2017 6:00:58 PM|Pending|Democracy|Buddhism|Black|6/16/2017 4:28:10 PM|75.00|265.87|64.370|War Mode|Water|Gold|0|1,278.585|5|471|0|0|0|Active In The Last 3 Days|||||||||||0|0|
647460|salvehn|Communist Nusantara|Post Grunge Supergroup|16367|9/11/2025 3:43:28 AM|Member|Communist|Mixed|Red|9/10/2025 8:06:31 AM|10.00|151.00|500.000|Peace Mode|Gems|Lead|0|1,272.300|4|965|0|0|0|Active Three Weeks Ago|||||||||||0|0|
647588|Zanto|Doslandia|Nuclear Proliferation League|17228|9/25/2025 10:41:09 PM|Member|Anarchy|None|Aqua|9/25/2025 9:29:50 PM|37.84|281.38|112.443|War Mode|Fish|Lumber|0|1,243.011|1|1,051|0|1|0|Active In The Last 3 Days|Gold|Gems|Pigs|Water|||||||0|8853|
644619|MERKsaintzz|UK of Britain||0|11/16/2024 8:35:18 PM|None|Monarchy|Norse|Aqua|9/28/2024 4:50:51 AM|20.60|197.65|358.971|War Mode|Gold|Oil|0|1,242.878|4|425|0|0|0|Active Last Week|||||||||||0|1420|
609751|Commander Roth|Nexus Union||0|2/1/2018 11:23:27 PM|None|Dictatorship|Christianity|Brown|12/25/2017 12:34:03 PM|0.00|399.89|0.000|War Mode|Iron|Lead|0|1,242.636|3|2,148|0|0|0|Active This Week|||||||||||0|0|
647475|Carsonco|Conley||0|9/11/2025 11:39:06 PM|None|Capitalist|Christianity|Green|9/11/2025 11:39:07 PM|44.00|100.00|450.000|War Mode|Wine|Gold|0|1,229.390|1|712|1|2|0|Active Three Weeks Ago|||||||||||0|0|
646984|fruitloomps|Loomberg|Global Alliance And Treaty Organization|10003|7/8/2025 9:39:54 PM|Member|Democracy|Mixed|Brown|7/8/2025 9:38:35 PM|0.00|399.99|0.000|War Mode|Uranium|Water|0|1,215.130|5|758|0|0|0|Active In The Last 3 Days|Aluminum|Marble|Iron|Fish|Pigs|Cattle|Spices|Wheat|Sugar|Lumber|0|0|
647008|Hellistic King|Cursed Conclave|Post Grunge Supergroup|16367|7/14/2025 1:39:28 PM|Member|Monarchy|Norse|Black|7/12/2025 4:29:31 PM|13.00|238.05|275.000|Peace Mode|Uranium|Iron|0|1,211.830|5|1,009|0|0|0|Active This Week|||||||||||0|0|
647608|LichKingNox|Khashalor||0|9/27/2025 5:24:31 PM|None|Republic|Judaism|White|9/27/2025 5:24:31 PM|55.00|100.00|405.952|Peace Mode|Lead|Gems|0|1,198.158|5|512|20|0|0|Active In The Last 3 Days|||||||||||0|0|
647596|Penin Shavoskov|Rezhimov Union|The Peoples Republic of the Communist Republics|17458|9/27/2025 1:10:11 AM|Manager|Totalitarian State|None|Red|9/26/2025 5:15:41 PM|40.50|185.14|280.127|War Mode|Wheat|Lumber|0|1,185.297|4|320|4|0|0|Active In The Last 3 Days|Lead|Wine|||||||||0|0|
647606|Heyaman|Almameva||0|9/27/2025 1:51:22 PM|None|Revolutionary Government|None|None|9/27/2025 1:51:22 PM|50.00|201.00|200.000|Peace Mode|Furs|Rubber|0|1,174.640|5|1,042|4|0|0|Active This Week|||||||||||0|0|
646298|Contrabas|WestFlanders||0|4/18/2025 5:18:10 PM|None|Democracy|None|Green|4/18/2025 5:18:11 PM|5.50|325.00|99.000|Peace Mode|Coal|Iron|0|1,151.000|4|0|0|0|0|Active This Week|||||||||||0|0|
647481|HHHHh1|Birds in The Trap|New Pacific Order|10000|9/26/2025 6:54:59 PM|Pending|Communist|Mixed|Blue|9/12/2025 11:19:27 AM|23.50|258.91|127.623|War Mode|Furs|Wheat|0|1,149.056|4|1,569|60|2|0|Active In The Last 3 Days|Coal|Fish|Lead|Wine|||||||0|523|
647531|Islomjon|Shinyland|New Pacific Order|10000|9/17/2025 12:06:06 PM|Pending|Republic|Islam|White|9/17/2025 12:05:10 PM|10.00|201.00|300.000|War Mode|Lead|Uranium|0|1,147.140|5|1,172|116|0|0|Active Last Week|||||||||||0|0|
647570|Napolean7374|ZULU EMPIRE101||0|9/23/2025 2:56:06 PM|None|Totalitarian State|Christianity|Black|9/23/2025 2:56:07 PM|41.50|240.57|128.500|Peace Mode|Wheat|Gold|0|1,143.157|3|1,000|6|0|0|Active Last Week|||||||||||0|0|
647351|zyenapz|Commonwealth of Man||0|8/27/2025 7:54:33 AM|None|Revolutionary Government|Taoism|None|8/27/2025 7:54:34 AM|40.00|160.00|300.000|Peace Mode|Gems|Fish|0|1,134.990|5|250|0|0|0|Active In The Last 3 Days|||||||||||0|0|
647542|Kingdom of Nallur|Kingdom of Nallur|Knights Of The Round Table|10092|9/19/2025 5:25:16 AM|Member|Monarchy|Hinduism|Black|9/19/2025 5:11:54 AM|21.00|259.48|160.000|Peace Mode|Marble|Oil|0|1,134.026|4|500|3|0|0|Active Last Week|Water|Gems|||||||||0|0|
638315|Vladimir 41|NeoRussia|Doom Squad|16454|9/11/2025 3:27:11 PM|Pending|Communist|Christianity|Black|3/21/2023 8:47:57 AM|67.00|89.26|339.217|War Mode|Aluminum|Marble|0|1,113.736|4|107|0|0|0|Active Three Weeks Ago|||||||||||90|33271|
645607|vincentchuking|vincent|The Phoenix Federation|17385|5/20/2025 7:11:55 PM|Member|Capitalist|Norse|Black|2/1/2025 7:46:29 AM|1.11|201.64|248.656|War Mode|Iron|Marble|0|1,103.461|4|5,500|0|1|0|Active This Week|Aluminum|Lumber|Cattle|Wheat|Pigs|Fish|Water|Uranium|||788|6820|
647196|Supreme King|New Valerion|The Phoenix Federation|17385|8/8/2025 1:11:33 AM|Member|Dictatorship|Hinduism|Orange|8/7/2025 5:45:45 AM|29.00|317.86|0.000|War Mode|Uranium|Wheat|0|1,100.566|5|100|0|0|0|Active More Than Three Weeks Ago|||||||||||0|0|
647561|rifty|hyperionia|New Pacific Order|10000|9/20/2025 10:25:36 PM|Pending|Dictatorship|None|Red|9/20/2025 10:23:22 PM|30.00|130.00|363.158|War Mode|Marble|Fish|0|1,094.905|4|479|3|0|0|Active Last Week|||||||||||0|133|
647427|Lazus|Armeniastan||0|9/5/2025 6:09:45 AM|None|Monarchy|Christianity|Aqua|9/5/2025 6:09:45 AM|30.00|286.00|50.000|War Mode|Gold|Water|0|1,093.360|1|518|0|0|0|Active More Than Three Weeks Ago|||||||||||0|0|
605917|Yablecki|Yabland|Independent Republic Of Orange Nations|10004|7/22/2017 4:07:31 PM|Member|Monarchy|Christianity|Orange|7/22/2017 4:03:36 PM|89.00|199.99|0.000|War Mode|Iron|Aluminum|0|1,044.970|5|0|0|0|0|Active Three Weeks Ago|||||||||||0|0|
647581|Solis|SOLARA ASTRATUM||0|9/25/2025 10:31:12 AM|None|Republic|Mixed|Aqua|9/25/2025 10:31:13 AM|18.00|64.79|500.000|War Mode|Lead|Pigs|0|1,042.968|3|200|23|0|0|Active This Week|||||||||||0|0|
647322|Nyy Zee|Zynch||0|8/24/2025 12:02:49 AM|None|Revolutionary Government|None|None|8/24/2025 12:02:49 AM|87.00|164.00|70.010|Peace Mode|Wine|Fish|0|1,038.015|5|300|0|0|0|Active More Than Three Weeks Ago|||||||||||0|0|
647069|Stifter|Steyrer Gesellschaft||0|7/21/2025 6:19:58 PM|None|Anarchy|Jainism|None|7/21/2025 6:19:59 PM|12.97|139.38|356.325|War Mode|Coal|Wheat|0|1,018.118|5|31|0|0|0|Active More Than Three Weeks Ago|Aluminum|Marble|Iron|Lead|Oil|Iron|Sugar|Spices|||0|769|
647615|LordLahmacun|Kabarestan||0|9/28/2025 3:09:24 AM|None|Communist|Islam|Red|9/28/2025 3:09:25 AM|20.00|201.00|200.000|Peace Mode|Lumber|Oil|0|1,011.000|5|200|20|0|0|Active In The Last 3 Days|||||||||||0|0|
647504|Mao Mao|The Country of Li|New Pacific Order|10000|9/15/2025 12:36:54 PM|Pending|Anarchy|Shinto|Red|9/14/2025 11:38:46 PM|9.60|207.26|209.450|War Mode|Lumber|Marble|0|989.228|1|263|0|0|0|Active Last Week|||||||||||615|2002|
423349|Raiser|Inireland|Orange Defense Network|17435|8/16/2025 11:46:47 AM|Member|Democracy|Voodoo|Orange|9/11/2010 10:43:25 AM|0.43|305.87|13.891|War Mode|Spices|Sugar|0|981.192|5|2,030|0|0|0|Active In The Last 3 Days|Lumber|Water|Pigs|Iron|Uranium|Wheat|||||297046|346016|
647599|Kebabatron|Caliphate of Ahmed||0|9/27/2025 7:54:31 AM|None|Totalitarian State|Buddhism|None|9/27/2025 7:54:32 AM|35.00|211.00|100.000|Peace Mode|Silver|Furs|0|978.000|3|1,000|0|0|0|Active This Week|||||||||||0|0|
647544|JessieGirlGaming|Estradonia||0|9/19/2025 5:45:03 AM|None|Democracy|None|None|9/19/2025 5:45:04 AM|40.00|101.00|300.620|Peace Mode|Pigs|Oil|0|953.930|5|0|0|0|0|Active Last Week|||||||||||0|0|
626337|Eulogio Alejandro|Masbusy||0|1/31/2021 10:12:18 PM|None|Capitalist|Mixed|None|1/31/2021 9:02:26 PM|62.50|118.62|162.683|Peace Mode|Oil|Uranium|0|941.355|5|251|20|2|0|Active This Week|||||||||||0|0|
647495|kacylyn|Jaguar||0|9/14/2025 12:26:25 PM|None|Democracy|Mixed|None|9/14/2025 12:26:26 PM|24.00|191.87|155.960|Peace Mode|Spices|Coal|0|932.460|4|95|5|0|0|Active Three Weeks Ago|||||||||||0|0|
644374|Alpha Wolves|Alpha Wolves|Alpha Wolves|15855|9/2/2024 7:06:33 AM|Member|Capitalist|Christianity|Orange|9/2/2024 7:05:05 AM|0.00|301.00|0.000|Peace Mode|Aluminum|Furs|0|915.000|5|600|0|0|0|Active In The Last 3 Days|||||||||||0|0|
647529|Eksyt|Indoloka||0|9/17/2025 10:32:07 AM|None|Democracy|Islam|None|9/17/2025 10:32:08 AM|30.00|201.00|100.000|War Mode|Water|Furs|0|903.000|5|0|0|0|0|Active Last Week|||||||||||0|0|
647443|Umpire50|Tulivia||0|9/8/2025 12:33:53 AM|None|Democracy|Mixed|None|9/8/2025 12:33:54 AM|0.00|301.00|0.000|War Mode|Cattle|Iron|0|903.000|4|0|0|0|0|Active More Than Three Weeks Ago|||||||||||0|0|
536525|tharbakim|Osheeania||0|4/28/2017 6:13:56 PM|None|Anarchy|Christianity|Aqua|9/17/2013 3:34:04 PM|116.58|22.51|161.491|War Mode|Cattle|Iron|0|892.692|5|0|0|0|0|Active In The Last 3 Days|||||||||||14099|49036|
647434|THE AXIS|THE LAND OF PEACE|New Pacific Order|10000|9/9/2025 1:05:56 PM|Pending|Capitalist|None|Black|9/6/2025 10:37:07 AM|19.50|230.86|47.857|War Mode|Oil|Uranium|0|877.530|5|700|11|0|0|Active More Than Three Weeks Ago|||||||||||0|0|
647479|Espada|Heoco mundo||0|9/12/2025 7:03:09 AM|None|Dictatorship|Hinduism|None|9/12/2025 7:03:10 AM|10.00|251.00|35.000|War Mode|Lumber|Rubber|0|867.500|1|500|10|0|0|Active Three Weeks Ago|||||||||||0|0|
647517|Timmy Sankara|PRD Limburg|New Pacific Order|10000|9/16/2025 10:56:54 AM|Pending|Communist|Mixed|Red|9/16/2025 7:34:31 AM|50.00|150.01|100.000|Peace Mode|Cattle|Gold|0|852.179|5|108|0|0|0|Active Three Weeks Ago|||||||||||0|0|
268375|MasterShaka|Skaro|Viridian Entente|10010|3/7/2016 8:25:07 PM|Member|Monarchy|Baha'i Faith|Green|10/1/2008 4:49:24 PM|150.78|30.48|0.472|War Mode|Iron|Lumber|0|852.033|4|300|0|0|0|Active Last Week|||||||||||274507|1192520|
647635|ManueliK2000|Manueliak||0|10/1/2025 4:14:33 AM|None|Dictatorship|None|Orange|10/1/2025 4:14:34 AM|8.00|215.98|101.621|War Mode|Cattle|Spices|0|844.365|3|200|0|0|0|Active In The Last 3 Days|||||||||||0|0|
647356|Dreadlane|Viritus||0|8/27/2025 7:55:25 PM|None|Democracy|Mixed|Red|8/27/2025 7:55:25 PM|3.00|136.43|274.220|Peace Mode|Iron|Uranium|0|839.611|4|200|0|0|0|Active This Week|||||||||||0|0|
647533|JaimeeB|Crystal Kingdom||0|9/17/2025 3:44:18 PM|None|Democracy|Mixed|Pink|9/17/2025 3:44:18 PM|13.00|203.00|103.950|Peace Mode|Oil|Wheat|0|837.305|5|369|0|0|0|Active Last Week|||||||||||0|0|
646755|Starpluck|Starpluck||0|6/14/2025 5:11:08 AM|None|Anarchy|Mixed|Red|6/11/2025 4:07:45 PM|13.76|66.11|354.238|War Mode|Rubber|Wine|0|798.700|5|11|0|0|0|Active Last Week|||||||||||0|658|
645314|Marioski|Repubblica Cernosa|Global Alliance And Treaty Organization|10003|9/16/2025 7:54:30 AM|Pending|Anarchy|None|Black|12/22/2024 11:18:47 AM|53.38|77.61|118.578|War Mode|Gems|Iron|0|797.574|5|0|0|3|0|Active Three Weeks Ago|||||||||||0|2792|
647232|OverLordAlien|Upside||0|8/11/2025 6:06:00 PM|None|Democracy|None|None|8/11/2025 6:06:01 PM|89.50|50.00|130.000|Peace Mode|Aluminum|Oil|0|797.300|5|100|14|0|0|Active In The Last 3 Days|||||||||||0|0|
647432|Manaus II|Jumeira||0|9/6/2025 1:39:41 AM|None|Republic|None|Aqua|9/6/2025 1:34:05 AM|3.00|151.00|200.000|Peace Mode|Fish|Coal|0|778.000|4|500|0|0|0|Active More Than Three Weeks Ago|||||||||||0|0|
646716|ImperialLordClio|Anti Theocratic Bloc||0|6/7/2025 9:37:38 AM|None|Anarchy|None|None|6/7/2025 9:37:39 AM|6.66|236.29|22.095|War Mode|Rubber|Spices|0|776.582|3|63|0|0|0|Active More Than Three Weeks Ago|||||||||||0|94|
647454|Miaggi|Norteland||0|9/9/2025 5:59:40 AM|None|Federal Government|Mixed|Black|9/9/2025 5:59:41 AM|12.00|36.07|400.250|War Mode|Water|Lumber|0|776.273|4|324|6|0|0|Active More Than Three Weeks Ago|||||||||||0|0|
608304|cyvvilek|Cywile||0|10/27/2017 4:09:32 PM|None|Communist|Voodoo|Black|10/27/2017 4:09:32 PM|20.00|103.11|200.000|War Mode|Sugar|Iron|0|717.516|5|410|0|0|0|Active More Than Three Weeks Ago|||||||||||0|0|
647400|Lowell|New Hanover||0|9/2/2025 1:42:47 AM|None|Federal Government|None|Green|9/2/2025 1:42:47 AM|50.00|101.00|100.000|Peace Mode|Marble|Iron|0|714.800|4|590|0|0|0|Active More Than Three Weeks Ago|||||||||||0|0|
647411|Junior Juniatis|Comboia||0|9/3/2025 8:56:56 PM|None|Communist|None|Red|9/3/2025 8:56:56 PM|0.00|14.00|440.000|Peace Mode|Fish|Wheat|0|706.160|3|208|0|0|0|Active More Than Three Weeks Ago|||||||||||0|0|
647493|Mymuslimfaith|Pork is Wrong||0|9/14/2025 10:57:39 AM|None|Totalitarian State|Islam|None|9/14/2025 10:57:39 AM|4.00|200.00|50.000|War Mode|Silver|Aluminum|0|701.000|3|300|0|0|0|Active Three Weeks Ago|||||||||||0|0|
622309|Rashadow|Zlatanistan||0|10/26/2021 11:36:39 AM|None|Democracy|Hinduism|Black|4/8/2020 10:41:28 AM|22.65|139.00|52.342|War Mode|Aluminum|Marble|0|698.934|5|500|1|8|0|Active This Week|Fish|Wheat|||||||||930|12760|
517713|King Ryan IV|German Defence Team|New Polar Order|10006|1/12/2013 11:34:33 AM|Member|Anarchy|Islam|Blue|1/10/2013 6:38:09 PM|0.00|222.00|17.127|War Mode|Spices|Sugar|0|691.698|5|0|0|0|0|Active Last Week|Fish|Uranium|Iron|Lumber|Lead|Oil|Marble|Aluminum|Pigs|Rubber|93085|177892|
647428|MadCPT|Legio IX Hispana||0|9/5/2025 12:13:55 PM|None|Anarchy|Christianity|None|9/5/2025 12:13:55 PM|0.00|229.86|0.000|War Mode|Pigs|Oil|0|689.593|2|0|0|0|0|Active More Than Three Weeks Ago|||||||||||0|0|
627510|AnuSi|Anusia||0|12/26/2024 7:33:21 PM|None|Democracy|Mixed|Black|4/14/2021 1:45:35 AM|0.94|119.02|198.079|War Mode|Cattle|Pigs|0|681.517|5|233|40|0|0|Active This Week|Fish|Wheat|||||||||2281|2524|
647445|noahgxyvrr|West London Republic||0|9/8/2025 2:05:27 PM|None|Democracy|None|None|9/8/2025 2:05:28 PM|0.00|1.00|450.000|War Mode|Gold|Spices|0|678.000|2|0|0|0|0|Active More Than Three Weeks Ago|||||||||||0|0|
647555|Magroes Beats|Genctopia||0|9/20/2025 10:00:21 AM|None|Revolutionary Government|Mixed|Red|9/20/2025 10:00:22 AM|50.00|129.57|10.000|War Mode|Gold|Uranium|0|664.241|4|526|0|0|0|Active Last Week|||||||||||0|0|
647597|Alexandro Costalico|Reino de Hiponia||0|9/26/2025 11:27:14 PM|None|Monarchy|Mixed|Purple|9/26/2025 11:27:15 PM|26.00|148.93|58.041|War Mode|Rubber|Pigs|0|663.847|4|0|0|0|0|Active In The Last 3 Days|||||||||||0|0|
647465|Corona I|Azuretopia||0|9/10/2025 4:06:18 PM|None|Anarchy|Mixed|Blue|9/10/2025 3:43:38 PM|32.18|80.00|59.724|War Mode|Silver|Iron|0|656.982|3|12|0|0|0|Active Three Weeks Ago|||||||||||0|863|
647636|ilmonfre|Monfria||0|10/1/2025 4:14:41 AM|None|Monarchy|Christianity|Blue|10/1/2025 4:14:42 AM|2.50|159.13|109.444|War Mode|Uranium|Wheat|0|654.451|3|20|0|0|0|Active In The Last 3 Days|||||||||||0|0|
647426|Johnnie Stark|Gorbals|No Mean City|17453|9/16/2025 7:19:30 AM|Manager|Democracy|Mixed|Green|9/5/2025 3:37:15 AM|9.34|149.99|56.519|War Mode|Lumber|Marble|0|632.233|5|2,299|24|0|0|Active In The Last 3 Days|Aluminum|Rubber|Coal|Iron|Gold|Oil|Lead|Uranium|Water|Wheat|1907|0|
644898|FeralJoker|DuckOLandia||0|10/29/2024 7:28:05 AM|None|Dictatorship|None|Yellow|10/28/2024 10:43:08 AM|7.33|56.48|269.936|War Mode|Lead|Uranium|0|610.982|4|0|0|0|0|Active Last Week|||||||||||0|600|
647394|Oormin1|Republic of Kim||0|8/31/2025 11:35:43 PM|None|Monarchy|Buddhism|Purple|8/31/2025 11:35:44 PM|0.00|201.00|0.000|War Mode|Fish|Coal|0|603.000|3|0|0|0|0|Active More Than Three Weeks Ago|||||||||||0|0|
644980|Varegus|Saerkland||0|11/7/2024 3:45:49 AM|None|Monarchy|Christianity|Blue|11/7/2024 3:45:49 AM|0.00|201.00|0.000|Peace Mode|Iron|Wine|0|603.000|5|0|0|0|0|Active In The Last 3 Days|Cattle|Pigs|Sugar|Spices|Uranium|Fish|Wheat|Silver|||0|0|
647619|King Levi|Kingdom Of Levi|Christian Coalition Of Countries|10028|9/29/2025 2:00:29 AM|Pending|Monarchy|Christianity|None|9/28/2025 10:43:11 PM|60.00|76.71|17.000|Peace Mode|Oil|Cattle|0|561.860|4|151|16|0|0|Active In The Last 3 Days|||||||||||0|0|
647403|Katherina|Castiello||0|9/2/2025 10:33:36 AM|None|Monarchy|Norse|None|9/2/2025 10:33:36 AM|40.00|110.00|9.169|Peace Mode|Gems|Sugar|0|556.503|3|627|1|0|0|Active Three Weeks Ago|||||||||||0|0|
641345|Seirios|Empire of Sinya||0|12/17/2023 5:14:40 PM|None|Anarchy|Voodoo|Blue|12/17/2023 5:14:41 PM|13.03|59.71|207.539|War Mode|Gems|Marble|0|555.631|4|3|0|0|0|Active In The Last 3 Days|||||||||||0|2554|
647430|ixjjj|The Dark ixj Land||0|9/5/2025 3:17:34 PM|None|Monarchy|None|Black|9/5/2025 3:17:35 PM|91.50|30.00|0.000|Peace Mode|Rubber|Uranium|0|547.500|2|0|0|0|0|Active More Than Three Weeks Ago|||||||||||0|0|
646766|adolp jitu|luftwaffee|Global Alliance And Treaty Organization|10003|6/13/2025 5:28:13 AM|Pending|Democracy|None|Black|6/13/2025 5:24:19 AM|18.00|142.39|2.212|War Mode|Oil|Gold|0|523.012|2|126|0|0|0|Active More Than Three Weeks Ago|||||||||||0|556|
647590|Jerek Kyr|Aesir Draconis||0|9/26/2025 4:27:09 AM|None|Monarchy|Mixed|None|9/26/2025 4:27:10 AM|10.00|101.00|100.000|Peace Mode|Lumber|Gems|0|507.000|5|200|0|0|0|Active This Week|||||||||||0|0|
647467|LeBonkMan|Arkhtograd||0|9/10/2025 8:23:58 PM|None|Anarchy|Islam|White|9/10/2025 8:23:58 PM|15.47|78.74|84.909|War Mode|Silver|Gold|0|493.255|4|117|0|5|0|Active Three Weeks Ago|||||||||||0|619|
637383|Damandy|Damandyville||0|1/18/2023 2:53:48 PM|None|Anarchy|Islam|Red|1/18/2023 2:53:49 PM|9.35|125.68|36.979|War Mode|Rubber|Spices|0|479.325|5|4|0|0|0|Active Last Week|||||||||||0|2726|
545047|kazumi|Indorussia||0|6/6/2016 2:51:22 AM|None|Anarchy|Islam|None|1/22/2014 6:11:39 AM|24.95|59.50|51.160|War Mode|Gems|Gold|0|477.353|5|35|0|0|0|Active Three Weeks Ago|||||||||||740|1475|
647410|Jules425|SOCY340||0|9/3/2025 8:39:05 PM|None|Capitalist|Christianity|Red|9/3/2025 8:39:05 PM|20.00|81.00|80.000|Peace Mode|Gold|Pigs|0|463.000|3|0|0|0|0|Active More Than Three Weeks Ago|||||||||||0|0|
647613|GenSide|GenSide||0|9/28/2025 1:05:56 AM|None|Capitalist|Hinduism|None|9/28/2025 1:05:57 AM|66.50|1.23|73.690|War Mode|Aluminum|Gold|0|447.554|5|42|0|0|0|Active In The Last 3 Days|||||||||||0|0|
647623|Toto77|Saint Ger||0|9/29/2025 11:46:32 AM|None|Monarchy|Confucianism|Pink|9/29/2025 11:46:33 AM|0.00|147.05|0.000|Peace Mode|Oil|Lead|0|441.161|4|0|0|0|0|Active In The Last 3 Days|||||||||||0|0|
647626|DirtrriusBrox|Solvania|New Pacific Order|10000|9/29/2025 6:15:37 PM|Pending|Monarchy|Mixed|Green|9/29/2025 6:15:22 PM|27.00|101.00|0.000|Peace Mode|Fish|Wheat|0|438.000|3|0|0|0|0|Active In The Last 3 Days|||||||||||0|0|
493875|Newmarduk|Sindu||0|1/3/2013 4:02:22 PM|None|Anarchy|Mixed|None|3/23/2012 1:59:05 PM|14.25|3.35|237.671|War Mode|Fish|Spices|0|437.797|5|0|0|0|0|Active In The Last 3 Days|||||||||||0|352|
614605|Cody Irish|The Preston Republic|The Untied Republic|15942|10/14/2018 2:38:03 AM|Manager|Monarchy|Shinto|Red|9/20/2018 6:08:07 PM|51.00|25.00|64.235|Peace Mode|Cattle|Iron|0|430.354|5|200|0|0|0|Active Last Week|Uranium|Fish|||||||||0|0|
647628|Praxedes|Ophelia VII|Veneris|17356|9/30/2025 11:25:35 PM|Member|Federal Government|None|White|9/30/2025 9:35:31 AM|0.00|143.00|0.000|War Mode|Marble|Spices|0|429.000|5|0|0|0|0|Active In The Last 3 Days|Aluminum|Iron|Cattle|Pigs|Fish|Wheat|Lumber|Sugar|Uranium|Water|0|0|
647594|ChevalierIV|Bertizee||0|9/26/2025 3:54:22 PM|None|Democracy|Christianity|White|9/26/2025 3:54:22 PM|12.00|71.00|100.000|Peace Mode|Sugar|Rubber|0|423.000|3|0|0|0|0|Active This Week|||||||||||0|0|
647368|EvanTheChad|Chadland|The Phoenix Federation|17385|8/29/2025 6:15:06 PM|Member|Communist|Christianity|Black|8/29/2025 6:13:13 PM|0.50|77.60|95.337|War Mode|Lead|Lumber|0|380.308|4|100|0|0|0|Active More Than Three Weeks Ago|||||||||||0|0|
647591|Amirss|Sultanat||0|9/26/2025 4:33:15 AM|None|Democracy|Islam|Green|9/26/2025 4:33:16 AM|40.00|3.11|102.778|War Mode|Cattle|Iron|0|363.482|5|0|0|0|0|Active This Week|||||||||||0|0|
647433|Atlasz|The Kahash Khanate||0|9/6/2025 5:05:19 AM|None|Totalitarian State|Mixed|Orange|9/6/2025 5:05:19 AM|45.00|42.56|2.750|War Mode|Uranium|Wheat|0|362.809|2|300|0|0|0|Active More Than Three Weeks Ago|||||||||||0|0|
647530|HaroldXI|Haroldiaia||0|9/17/2025 10:57:03 AM|None|Republic|None|None|9/17/2025 10:57:03 AM|15.00|62.09|58.000|Peace Mode|Lumber|Gems|0|348.262|4|0|0|0|0|Active Last Week|||||||||||0|0|
647610|Lucascat67|Eclipsemoon|CLAWS|15841|9/27/2025 6:22:25 PM|Pending|Democracy|Mixed|Aqua|9/27/2025 6:21:29 PM|50.50|20.35|22.500|War Mode|Aluminum|Water|0|347.315|4|0|0|0|0|Active This Week|||||||||||0|0|
643143|Abeeshake|Sagarmatha||0|5/5/2024 9:18:03 AM|None|Anarchy|Mixed|None|5/5/2024 9:13:23 AM|0.00|0.00|224.798|War Mode|Gold|Uranium|0|337.197|4|0|0|0|0|Active Last Week|||||||||||0|708|
637901|Jelson|Nova Golias||0|8/8/2024 6:29:47 AM|None|Anarchy|Baha'i Faith|Black|2/21/2023 1:48:54 PM|20.00|32.33|80.126|War Mode|Uranium|Oil|0|329.299|4|576|3|0|0|Active This Week|||||||||||24|0|
647624|Mohammed 150000|500 LLC||0|9/29/2025 4:06:03 PM|None|Democracy|Islam|Red|9/29/2025 4:06:04 PM|10.00|51.15|82.000|War Mode|Pigs|Gold|0|327.310|1|43|0|0|0|Active In The Last 3 Days|||||||||||0|0|
647458|Tenic|New Tabattnia||0|9/10/2025 2:21:23 AM|None|Anarchy|Mixed|None|9/10/2025 2:21:24 AM|10.78|0.00|72.076|War Mode|Silver|Oil|0|327.234|4|12|0|1|0|Active Three Weeks Ago|||||||||||805|1404|
647444|President Duda|Rzeczpospolita Polsk||0|9/8/2025 5:41:10 AM|None|Anarchy|Christianity|Red|9/8/2025 5:41:10 AM|10.76|67.79|0.000|War Mode|Uranium|Wheat|0|321.565|1|31|0|0|0|Active Last Week|||||||||||0|672|
647576|itsmdhammad|Pakish|New Pacific Order|10000|9/24/2025 3:33:49 PM|Pending|Monarchy|Islam|None|9/24/2025 3:32:09 PM|34.50|44.62|0.003|Peace Mode|Rubber|Gold|0|306.378|4|0|0|0|0|Active This Week|||||||||||0|0|
647446|Che BeggsSanchez|Pensacola|The Legion|10020|9/8/2025 2:57:11 PM|Pending|Dictatorship|None|None|9/8/2025 2:51:46 PM|0.00|81.00|40.000|War Mode|Pigs|Gems|0|303.000|2|0|0|0|0|Active More Than Three Weeks Ago|||||||||||0|0|
635096|Peter555111|Peterborough555||0|3/18/2025 11:41:11 AM|None|Monarchy|Christianity|Aqua|9/2/2022 1:22:07 AM|23.47|40.89|21.601|War Mode|Coal|Iron|0|276.685|5|212|0|0|0|Active In The Last 3 Days|Fish|Uranium|Gems|Lumber|Sugar|Wine|Water|Rubber|||0|1688|
431106|PresidentProTempore|PresidentProTempore||0|11/10/2010 6:51:48 PM|None|Dictatorship|Judaism|Red|11/6/2010 3:21:12 PM|30.37|25.00|0.000|Peace Mode|Cattle|Pigs|0|240.408|1|678|0|0|0|Active In The Last 3 Days|Water|Wheat|||||||||7401|13577|
622993|RH999|A Realm||0|3/16/2023 1:37:31 AM|None|Monarchy|Shinto|None|5/12/2020 7:44:00 PM|0.00|74.32|0.000|Peace Mode|Water|Wheat|0|232.970|3|500|0|0|0|Active This Week|||||||||||0|192|
647489|Steve Flannery|Icalatry|The Legion|10020|9/13/2025 11:51:38 AM|Pending|Federal Government|None|Red|9/13/2025 11:32:54 AM|39.50|5.20|11.250|War Mode|Spices|Iron|0|230.175|3|10|0|0|0|Active This Week|||||||||||0|0|
647484|MaddMan|Mavilknosonin||0|9/12/2025 8:06:27 PM|None|Capitalist|None|Purple|9/12/2025 8:06:27 PM|10.00|51.00|15.000|Peace Mode|Wine|Uranium|0|227.500|5|100|0|0|0|Active Three Weeks Ago|||||||||||0|0|
647415|Potato78|Schwarzwald||0|9/4/2025 3:51:03 AM|None|Republic|None|Blue|9/4/2025 3:51:03 AM|10.00|1.00|100.000|Peace Mode|Coal|Iron|0|203.000|4|0|0|0|0|Active More Than Three Weeks Ago|||||||||||0|0|
82136|rdf222|Afrikania|Christian Coalition of Countries|10028|2/15/2012 2:12:43 PM|Member|Capitalist|Christianity|Black|12/19/2006 4:19:43 PM|0.00|51.11|25.657|Peace Mode|Cattle|Pigs|1|191.823|5|0|0|0|0|Active This Week|Spices|Sugar|||||||||291522|763612|
645627|BlackMonkey|Congo Free State||0|3/19/2025 11:49:48 PM|None|Democracy|Christianity|Black|2/3/2025 7:55:41 PM|5.91|10.39|66.192|War Mode|Fish|Wheat|0|190.025|1|2|0|3|0|Active This Week|||||||||||485|2093|
647611|Varin Coles|Italvia||0|9/27/2025 6:54:07 PM|None|Transitional|Christianity|Purple|9/27/2025 6:54:07 PM|0.00|6.00|107.277|Peace Mode|Iron|Oil|0|180.596|4|84|0|0|0|Active This Week|||||||||||0|0|
647510|Gonzsaynomore|CPP Argentinas||0|9/15/2025 1:31:00 PM|None|Communist|Christianity|Blue|9/15/2025 1:31:00 PM|1.00|22.28|70.714|War Mode|Furs|Lumber|0|178.301|4|20|0|0|0|Active Three Weeks Ago|||||||||||0|0|
647586|General ALI|Crudyn||0|9/25/2025 8:28:58 PM|None|Democracy|Mixed|None|9/25/2025 8:28:58 PM|0.00|1.23|100.000|Peace Mode|Silver|Spices|0|153.684|4|0|0|0|0|Active This Week|||||||||||0|0|
647452|Laila Boss|lolastan||0|9/9/2025 1:02:25 AM|None|Revolutionary Government|Islam|Aqua|9/9/2025 1:02:25 AM|0.00|50.00|0.000|War Mode|Lead|Wine|0|150.000|3|0|0|0|0|Active More Than Three Weeks Ago|||||||||||0|0|
647637|ZamotheDog|Camberwell||0|10/1/2025 5:47:56 AM|None|Capitalist|Christianity|Red|10/1/2025 5:47:57 AM|5.00|11.74|55.204|Peace Mode|Spices|Wheat|0|144.017|5|50|0|0|0|Active In The Last 3 Days|||||||||||0|0|
647629|August Von Mackensen|Reichsgarde||0|9/30/2025 11:35:17 AM|None|Dictatorship|Christianity|Maroon|9/30/2025 11:35:18 AM|0.00|16.00|57.000|War Mode|Lead|Uranium|0|134.100|2|30|0|0|0|Active In The Last 3 Days|||||||||||0|0|
647505|Mr Reaper|Shadowmere||0|9/15/2025 4:46:47 AM|None|Totalitarian State|Norse|Black|9/15/2025 4:46:47 AM|20.00|1.00|20.000|War Mode|Wine|Gems|0|134.020|4|51|0|0|0|Active Three Weeks Ago|||||||||||0|0|
647547|Vesper Miura|Vegarynthe|New Pacific Order|10000|9/19/2025 4:24:35 PM|Pending|Revolutionary Government|None|Red|9/19/2025 4:14:56 PM|0.50|40.00|3.158|War Mode|Spices|Pigs|0|127.277|5|2|0|0|0|Active In The Last 3 Days|||||||||||0|0|
647584|ThePonker|Wonkatron||0|9/25/2025 4:28:36 PM|None|Democracy|None|None|9/25/2025 4:28:36 PM|0.00|41.00|0.000|War Mode|Lead|Spices|0|123.000|4|0|0|0|0|Active This Week|||||||||||0|0|
647592|Saf the Faithful|Sinagbayan||0|9/26/2025 8:47:37 AM|None|Republic|Christianity|Aqua|9/26/2025 8:47:37 AM|12.00|10.00|18.000|War Mode|Furs|Uranium|0|117.600|4|30|0|0|0|Active In The Last 3 Days|||||||||||0|0|
647114|SaintStandile|SaintStandile||0|7/27/2025 1:24:00 AM|None|Monarchy|Mixed|Red|7/27/2025 1:24:00 AM|19.00|4.84|1.513|Peace Mode|Gems|Spices|0|112.195|5|20|0|0|0|Active More Than Three Weeks Ago|||||||||||0|0|
567280|DavidMustaine|Megalands|Old fogeys|17283|6/27/2024 10:17:52 AM|Manager|Democracy|Mixed|Black|12/19/2014 12:09:12 PM|0.00|37.19|0.000|War Mode|Aluminum|Marble|0|111.576|5|0|0|0|0|Active In The Last 3 Days|Fish|Pigs|Gold|Coal|Iron|Lumber|Lead|Uranium|Oil|Rubber|0|699|
647604|alnacar|ALNACAR||0|9/27/2025 1:42:05 PM|None|Federal Government|None|Aqua|9/27/2025 1:42:05 PM|21.00|2.13|0.000|War Mode|Gems|Aluminum|0|111.396|5|0|0|0|0|Active This Week|||||||||||0|0|
647407|Wookie|North Ribeiro|New Pacific Order|10000|9/3/2025 9:42:16 AM|Pending|Monarchy|Mixed|Blue|9/3/2025 3:46:36 AM|0.00|23.76|18.750|Peace Mode|Pigs|Sugar|0|101.799|5|120|0|0|0|Active More Than Three Weeks Ago|||||||||||0|0|
647534|lewell94|Richmondia||0|9/17/2025 4:44:09 PM|None|Democracy|None|Purple|9/17/2025 4:44:10 PM|10.00|10.00|10.000|War Mode|Oil|Coal|0|97.200|3|50|6|0|0|Active Last Week|||||||||||0|0|
647625|ANON ExE|AnonymousExE|AGW Overlords|10043|9/29/2025 5:37:45 PM|Pending|Capitalist|Christianity|Black|9/29/2025 5:31:57 PM|2.00|20.00|13.870|Peace Mode|Water|Rubber|0|90.805|4|0|0|0|0|Active In The Last 3 Days|||||||||||0|0|
647438|Cheetana|Oasteal||0|9/6/2025 10:19:30 PM|None|Capitalist|Christianity|Pink|9/6/2025 10:19:31 PM|10.00|1.00|0.000|War Mode|Water|Spices|0|53.000|5|0|0|0|0|Active More Than Three Weeks Ago|||||||||||0|0|
625221|modables|Rayaidzealia||0|11/14/2020 7:44:39 AM|None|Democracy|Christianity|Aqua|11/14/2020 7:44:40 AM|10.00|1.00|0.000|War Mode|Wheat|Water|0|53.000|3|0|0|0|0|Active More Than Three Weeks Ago|||||||||||0|0|
647601|Guenther Klaust|Commune of Hamburg||0|9/27/2025 10:40:02 AM|None|Revolutionary Government|None|Red|9/27/2025 10:40:02 AM|0.50|11.00|0.000|War Mode|Wheat|Marble|0|35.540|4|2|0|0|0|Active This Week|||||||||||0|0|
647482|Jo prez|Great nation3060||0|9/12/2025 12:23:22 PM|None|Democracy|Mixed|None|9/12/2025 12:23:23 PM|0.00|11.00|0.000|Peace Mode|Gold|Sugar|0|33.000|5|0|0|0|0|Active Three Weeks Ago|||||||||||0|0|
647399|Chrisisprogressive|United Pransta||0|9/1/2025 6:35:31 PM|None|Democracy|Christianity|Orange|9/1/2025 6:35:32 PM|0.00|2.56|13.650|Peace Mode|Marble|Silver|0|29.022|2|44|0|0|0|Active More Than Three Weeks Ago|||||||||||0|0|
647416|Roulers|Phesotopic||0|9/4/2025 4:26:45 AM|None|Anarchy|Christianity|Red|9/4/2025 4:26:09 AM|0.50|3.25|10.000|War Mode|Lumber|Gems|0|27.479|5|12|0|0|0|Active More Than Three Weeks Ago|||||||||||0|0|
647536|JohnHM2|Marpy||0|9/17/2025 6:57:14 PM|None|Democracy|None|Orange|9/17/2025 6:57:15 PM|0.00|7.00|2.778|War Mode|Rubber|Aluminum|0|25.167|3|0|0|0|0|Active Last Week|||||||||||0|0|
647205|isac7|FutureLiberty||0|8/7/2025 10:39:32 PM|None|Capitalist|Christianity|None|8/7/2025 10:39:32 PM|1.50|1.00|1.000|War Mode|Water|Furs|0|12.200|4|10|0|0|0|Active Last Week|||||||||||0|0|
647564|stuf1|Wamoj||0|9/21/2025 4:56:40 PM|None|Federal Government|Christianity|Maroon|9/21/2025 4:56:41 PM|1.00|1.16|1.425|War Mode|Water|Coal|0|10.831|5|11|0|0|0|Active Last Week|||||||||||0|0|
607628|Mosheh Aharon|Spartakusland|Libertarian Socialist Federation|10027|10/7/2017 7:27:16 PM|Member|Communist|Baha'i Faith|Brown|9/28/2017 11:31:52 PM|0.50|1.00|0.000|Peace Mode|Spices|Fish|0|6.480|5|49|0|0|0|Active This Week|||||||||||0|0|
647461|dratchev241|IREP2||0|9/10/2025 9:47:17 AM|None|Monarchy|Christianity|Red|9/10/2025 9:47:18 AM|0.00|1.00|2.000|Peace Mode|Furs|Rubber|0|6.280|5|14|0|0|0|Active Three Weeks Ago|||||||||||0|0|
647571|sampleruler987|Septentrionalia||0|9/23/2025 6:27:24 PM|None|Federal Government|Buddhism|None|9/23/2025 6:27:24 PM|0.00|2.00|0.000|Peace Mode|Uranium|Cattle|0|6.000|5|0|0|0|0|Active Last Week|||||||||||0|0|
647538|august hengkel|Audiania||0|9/18/2025 5:13:19 AM|None|Dictatorship|Christianity|None|9/18/2025 5:13:19 AM|0.50|1.00|0.000|Peace Mode|Pigs|Gold|0|5.500|5|0|0|0|0|Active Last Week|||||||||||0|0|
647634|Kvvngleeha|Aquafor||0|10/1/2025 3:15:21 AM|None|Federal Government|Christianity|Blue|10/1/2025 3:15:21 AM|0.00|1.05|0.350|War Mode|Aluminum|Wine|0|4.114|4|22|0|0|0|Active In The Last 3 Days|||||||||||0|0|
647640|cyberattack|john doe||0|10/1/2025 12:52:42 PM|None|Republic|None|Black|10/1/2025 12:52:42 PM|0.00|1.00|0.000|War Mode|Furs|Rubber|0|3.920|1|46|0|0|0|Active In The Last 3 Days|||||||||||0|0|
647412|Nick Tatum|European Kingdoms||0|9/3/2025 9:45:15 PM|None|Monarchy|Christianity|Blue|9/3/2025 9:45:16 PM|0.00|1.00|0.000|War Mode|Uranium|Cattle|0|3.880|4|44|0|0|0|Active More Than Three Weeks Ago|||||||||||0|0|
647565|natasha molotov|novavoid||0|9/21/2025 5:28:15 PM|None|Communist|None|Red|9/21/2025 5:28:16 PM|0.00|1.00|0.000|War Mode|Rubber|Gems|0|3.840|1|42|0|0|0|Active Last Week|||||||||||0|0|
647573|Jacques Laurent|Republic of Tanoa||0|9/23/2025 8:20:46 PM|None|Democracy|Christianity|None|9/23/2025 8:20:46 PM|0.00|1.00|0.000|Peace Mode|Lumber|Gems|0|3.100|5|5|0|0|0|Active Last Week|||||||||||0|0|
647638|Teressa|reginki||0|10/1/2025 8:21:46 AM|None|Monarchy|Christianity|Green|10/1/2025 8:21:46 AM|0.00|1.00|0.000|War Mode|Iron|Spices|0|3.000|3|0|0|0|0|Active In The Last 3 Days|||||||||||0|0|
647632|Vexima|Vexopolis||0|9/30/2025 6:23:52 PM|None|Dictatorship|Mixed|Aqua|9/30/2025 6:23:53 PM|0.00|1.00|0.000|War Mode|Aluminum|Fish|0|3.000|5|0|0|0|0|Active In The Last 3 Days|||||||||||0|0|
647630|Fofosito|Fofosito||0|9/30/2025 11:43:37 AM|None|Democracy|Mixed|Aqua|9/30/2025 11:43:37 AM|0.00|1.00|0.000|War Mode|Cattle|Gold|0|3.000|5|0|0|0|0|Active In The Last 3 Days|||||||||||0|0|
647605|21street|Its21St||0|9/27/2025 1:45:43 PM|None|Capitalist|Mixed|Green|9/27/2025 1:45:43 PM|0.00|1.00|0.000|Peace Mode|Wheat|Wine|0|3.000|5|0|0|0|0|Active This Week|||||||||||0|0|
647603|Minny PnW|Phoenix Land|Church of the Holy Platypus|17265|9/27/2025 1:46:13 PM|Member|Federal Government|None|Brown|9/27/2025 12:53:39 PM|0.00|1.00|0.000|War Mode|Cattle|Sugar|0|3.000|5|0|0|0|0|Active This Week|||||||||||0|0|
647602|Marquis of valmorien|Eldralise||0|9/27/2025 11:30:05 AM|None|Dictatorship|Hinduism|Aqua|9/27/2025 11:30:05 AM|0.00|1.00|0.000|War Mode|Sugar|Cattle|0|3.000|2|0|0|0|0|Active This Week|||||||||||0|0|
647593|bejobejobejo|bejonesia||0|9/26/2025 10:45:38 AM|None|Republic|Mixed|None|9/26/2025 10:45:38 AM|0.00|1.00|0.000|Peace Mode|Silver|Fish|0|3.000|4|0|0|0|0|Active In The Last 3 Days|||||||||||0|0|
647580|Cyrilola|Aabasina||0|9/25/2025 10:15:48 AM|None|Monarchy|Islam|Aqua|9/25/2025 10:15:49 AM|0.00|1.00|0.000|War Mode|Coal|Lumber|0|3.000|3|0|0|0|0|Active This Week|||||||||||0|0|
647578|soccerpancake21|Nikanda|The Legion|10020|9/25/2025 8:02:56 AM|Pending|Monarchy|Islam|Green|9/25/2025 8:01:29 AM|0.00|1.00|0.000|War Mode|Sugar|Lead|0|3.000|4|0|0|0|0|Active This Week|||||||||||0|0|
647577|mathileb|Cartier||0|9/24/2025 8:06:28 PM|None|Federal Government|Mixed|Aqua|9/24/2025 8:06:28 PM|0.00|1.00|0.000|War Mode|Aluminum|Wheat|0|3.000|4|0|0|0|0|Active This Week|||||||||||0|0|
647575|Wilhelm von Koeln|Herzogtum Rheinland||0|9/24/2025 12:31:02 PM|None|Monarchy|Christianity|None|9/24/2025 12:31:03 PM|0.00|1.00|0.000|War Mode|Oil|Spices|0|3.000|5|0|0|0|0|Active In The Last 3 Days|||||||||||0|0|
647569|Henry1|Hellenic Union||0|9/23/2025 1:01:11 PM|None|Communist|None|Red|9/23/2025 1:01:11 PM|0.00|1.00|0.000|Peace Mode|Marble|Cattle|0|3.000|1|0|0|0|0|Active Last Week|||||||||||0|0|
647568|Bookworld president|Bookworld||0|9/22/2025 4:57:33 PM|None|Republic|Christianity|Maroon|9/22/2025 4:57:33 PM|0.00|1.00|0.000|Peace Mode|Gold|Rubber|0|3.000|1|0|0|0|0|Active Last Week|||||||||||0|0|
647567|picha|Spanish Imperial||0|9/22/2025 12:01:24 PM|None|Monarchy|Christianity|White|9/22/2025 12:01:25 PM|0.00|1.00|0.000|War Mode|Silver|Lumber|0|3.000|4|0|0|0|0|Active Last Week|||||||||||0|0|
647563|Dafviil|al nuyubar||0|9/21/2025 11:54:17 AM|None|Totalitarian State|Islam|Black|9/21/2025 11:54:18 AM|0.00|1.00|0.000|War Mode|Wine|Silver|0|3.000|4|0|0|0|0|Active Last Week|||||||||||0|0|
647554|BigJawn|Bingistan||0|9/20/2025 9:02:25 AM|None|Republic|None|Black|9/20/2025 9:02:25 AM|0.00|1.00|0.000|War Mode|Marble|Sugar|0|3.000|5|0|0|0|0|Active Last Week|||||||||||0|0|
647553|BigBadii|Jawnton||0|9/20/2025 8:50:34 AM|None|Monarchy|None|Black|9/20/2025 8:50:34 AM|0.00|1.00|0.000|War Mode|Marble|Sugar|0|3.000|5|0|0|0|0|Active Last Week|||||||||||0|0|
647550|Toppallo Zerpagoa|Krosian Order||0|9/19/2025 9:03:52 PM|None|Monarchy|Norse|Green|9/19/2025 9:03:52 PM|0.00|1.00|0.000|War Mode|Marble|Silver|0|3.000|5|0|0|0|0|Active Last Week|||||||||||0|0|
647548|Sarahs|Westerosa|The federal government|17456|9/19/2025 9:57:47 PM|Manager|Federal Government|Mixed|Black|9/19/2025 7:22:44 PM|0.00|1.00|0.000|War Mode|Uranium|Gold|0|3.000|5|0|0|0|0|Active Last Week|||||||||||0|0|
647546|fdbgbng|chiefkeefstan||0|9/19/2025 4:05:00 PM|None|Democracy|Mixed|None|9/19/2025 4:05:01 PM|0.00|1.00|0.000|War Mode|Lead|Water|0|3.000|5|0|0|0|0|Active Last Week|||||||||||0|0|
647545|swimkid|swimkid|New Pacific Order|10000|9/19/2025 2:23:23 PM|Pending|Communist|Mixed|Purple|9/19/2025 2:22:43 PM|0.00|1.00|0.000|Peace Mode|Iron|Cattle|0|3.000|5|0|0|0|0|Active Last Week|||||||||||0|0|
647541|Kidori|Asturies SR||0|9/18/2025 7:33:25 PM|None|Federal Government|None|Red|9/18/2025 7:33:26 PM|0.00|1.00|0.000|Peace Mode|Furs|Lumber|0|3.000|5|0|0|0|0|Active Last Week|||||||||||0|0|
647535|Rapidplanet|USSKK|NATO|10037|9/17/2025 5:15:43 PM|Pending|Communist|Mixed|Red|9/17/2025 5:14:10 PM|0.00|1.00|0.000|War Mode|Coal|Fish|0|3.000|5|0|0|0|0|Active Last Week|Furs|Wheat|||||||||0|0|
647526|babrown|Brittna||0|9/17/2025 3:46:09 AM|None|Capitalist|Christianity|Aqua|9/17/2025 3:46:09 AM|0.00|1.00|0.000|Peace Mode|Aluminum|Silver|0|3.000|5|0|0|0|0|Active Last Week|||||||||||0|0|
647522|Redz2025|RedzNation||0|9/16/2025 5:16:05 PM|None|Capitalist|Christianity|White|9/16/2025 5:16:05 PM|0.00|1.00|0.000|War Mode|Gold|Lead|0|3.000|5|0|0|0|0|Active Three Weeks Ago|||||||||||0|0|
647521|affari|Contaria||0|9/16/2025 4:45:40 PM|None|Democracy|Mixed|Aqua|9/16/2025 4:45:40 PM|0.00|1.00|0.000|Peace Mode|Iron|Silver|0|3.000|1|0|0|0|0|Active Three Weeks Ago|||||||||||0|0|
647518|Rachers23|Comune||0|9/16/2025 9:29:33 AM|None|Communist|Islam|None|9/16/2025 9:29:34 AM|0.00|1.00|0.000|Peace Mode|Water|Fish|0|3.000|5|0|0|0|0|Active Three Weeks Ago|||||||||||0|0|
647516|Alexandri Orykshivik|Arvtoska||0|9/16/2025 6:19:40 AM|None|Capitalist|Christianity|None|9/16/2025 6:19:40 AM|0.00|1.00|0.000|War Mode|Cattle|Uranium|0|3.000|2|0|0|0|0|Active Three Weeks Ago|||||||||||0|0|
647512|King Arabatzis I|Donauland||0|9/15/2025 7:36:53 PM|None|Monarchy|Christianity|None|9/15/2025 7:36:53 PM|0.00|1.00|0.000|Peace Mode|Iron|Uranium|0|3.000|5|0|0|0|0|Active Three Weeks Ago|||||||||||0|0|
647511|zoesanford|zohovia||0|9/15/2025 6:49:24 PM|None|Democracy|Mixed|Blue|9/15/2025 6:49:25 PM|0.00|1.00|0.000|Peace Mode|Iron|Wheat|0|3.000|5|0|0|0|0|Active Three Weeks Ago|||||||||||0|0|
647506|Viktor Korneplod|Da Hailung Go||0|9/15/2025 5:10:20 AM|None|Monarchy|Confucianism|Purple|9/15/2025 5:10:20 AM|0.00|1.00|0.000|Peace Mode|Spices|Wheat|0|3.000|5|0|0|0|0|Active Three Weeks Ago|||||||||||0|0|
647500|Sigmaland|Salvationary||0|9/14/2025 5:49:23 PM|None|Democracy|Christianity|None|9/14/2025 5:49:24 PM|0.00|1.00|0.000|Peace Mode|Rubber|Marble|0|3.000|4|0|0|0|0|Active Three Weeks Ago|||||||||||0|0|
647498|windows9|Mensan|NATO|10037|9/14/2025 2:41:15 PM|Pending|Democracy|Christianity|Blue|9/14/2025 2:35:55 PM|0.00|1.00|0.000|Peace Mode|Fish|Lumber|0|3.000|4|0|0|0|0|Active Three Weeks Ago|||||||||||0|0|
647497|H1j4ck|N0thing|The Phoenix Federation|17385|9/14/2025 2:00:42 PM|Member|Communist|Christianity|Black|9/14/2025 1:52:35 PM|0.00|1.00|0.000|Peace Mode|Wheat|Iron|0|3.000|5|0|0|0|0|Active Three Weeks Ago|||||||||||0|0|
647494|Daniele De Gregorio|Luchnun||0|9/14/2025 11:28:32 AM|None|Monarchy|Christianity|Black|9/14/2025 11:28:32 AM|0.00|1.00|0.000|Peace Mode|Marble|Lumber|0|3.000|5|0|0|0|0|Active Three Weeks Ago|||||||||||0|0|
647491|Bryce Welburn|Kingdom Of Itams||0|9/14/2025 12:53:58 AM|None|Monarchy|Christianity|Yellow|9/14/2025 12:53:59 AM|0.00|1.00|0.000|Peace Mode|Sugar|Lead|0|3.000|4|0|0|0|0|Active Three Weeks Ago|||||||||||0|0|
647490|ilancoco|coconation||0|9/13/2025 3:38:02 PM|None|Capitalist|Judaism|Aqua|9/13/2025 3:38:03 PM|0.00|1.00|0.000|War Mode|Fish|Water|0|3.000|4|0|0|0|0|Active Three Weeks Ago|||||||||||0|0|
647488|LANLINE100|techno realm||0|9/12/2025 11:36:31 PM|None|Democracy|Christianity|Aqua|9/12/2025 11:36:31 PM|0.00|1.00|0.000|Peace Mode|Water|Spices|0|3.000|3|0|0|0|0|Active Three Weeks Ago|||||||||||0|0|
647486|lubaisme|GREAT LUBA||0|9/12/2025 11:33:23 PM|None|Federal Government|Christianity|Black|9/12/2025 11:33:24 PM|0.00|1.00|0.000|Peace Mode|Uranium|Cattle|0|3.000|4|0|0|0|0|Active Three Weeks Ago|||||||||||0|0|
647480|vuki943|Serbian Monarchy||0|9/12/2025 8:43:51 AM|None|Monarchy|Christianity|Black|9/12/2025 8:43:52 AM|0.00|1.00|0.000|War Mode|Iron|Lumber|0|3.000|2|0|0|0|0|Active Three Weeks Ago|||||||||||0|0|
647478|Vietnam|vietnamiscold|New Pacific Order|10000|9/12/2025 5:01:47 AM|Pending|Capitalist|Buddhism|Purple|9/12/2025 4:58:50 AM|0.00|1.00|0.000|Peace Mode|Silver|Pigs|0|3.000|5|0|0|0|0|Active Three Weeks Ago|||||||||||0|0|
647471|AlexsonChibuzor|Ndigbo||0|9/11/2025 7:14:38 AM|None|Democracy|Voodoo|None|9/11/2025 7:14:39 AM|0.00|1.00|0.000|Peace Mode|Coal|Oil|0|3.000|1|0|0|0|0|Active Three Weeks Ago|||||||||||0|0|
647470|696969|Karei|New Pacific Order|10000|9/11/2025 5:30:47 AM|Pending|Democracy|Hinduism|Aqua|9/11/2025 5:29:37 AM|0.00|1.00|0.000|War Mode|Aluminum|Marble|0|3.000|4|0|0|0|0|Active Three Weeks Ago|||||||||||0|0|
647468|masimba|Masimba Republic||0|9/11/2025 2:59:48 AM|None|Democracy|Mixed|Blue|9/11/2025 2:59:48 AM|0.00|1.00|0.000|Peace Mode|Spices|Silver|0|3.000|4|0|0|0|0|Active Three Weeks Ago|||||||||||0|0|
647466|Alissonbsc|Bramericallia||0|9/10/2025 7:11:38 PM|None|Republic|Christianity|Red|9/10/2025 7:11:38 PM|0.00|1.00|0.000|War Mode|Gems|Marble|0|3.000|4|0|0|0|0|Active Three Weeks Ago|||||||||||0|0|
647464|Jayden K Fulkerson|Falls Of May||0|9/10/2025 2:40:55 PM|None|Federal Government|Christianity|Red|9/10/2025 2:40:56 PM|0.00|1.00|0.000|Peace Mode|Gold|Spices|0|3.000|5|0|0|0|0|Active Three Weeks Ago|||||||||||0|0|
647463|nation of lutinaic|peace of tea|the tea alliance|17450|9/10/2025 12:30:21 PM|Manager|Republic|Islam|Aqua|9/10/2025 12:27:29 PM|0.00|1.00|0.000|Peace Mode|Pigs|Sugar|0|3.000|5|0|0|0|0|Active Three Weeks Ago|||||||||||0|0|
647459|Fenril|Feril||0|9/10/2025 4:11:56 AM|None|Capitalist|Christianity|None|9/10/2025 4:11:56 AM|0.00|1.00|0.000|War Mode|Rubber|Iron|0|3.000|5|0|0|0|0|Active Three Weeks Ago|||||||||||0|0|
647456|Bernie the 2nd|New Bernieland||0|9/9/2025 11:25:50 AM|None|Revolutionary Government|Mixed|None|9/9/2025 11:25:51 AM|0.00|1.00|0.000|Peace Mode|Rubber|Water|0|3.000|4|0|0|0|0|Active More Than Three Weeks Ago|||||||||||0|0|
647453|liberator3131311|turkeyyeyeaaa||0|9/9/2025 5:05:46 AM|None|Democracy|Mixed|None|9/9/2025 5:05:47 AM|0.00|1.00|0.000|Peace Mode|Coal|Lumber|0|3.000|4|0|0|0|0|Active More Than Three Weeks Ago|||||||||||0|0|
647450|William McLaughlin|Saxsony||0|9/8/2025 9:07:41 PM|None|Dictatorship|Mixed|None|9/8/2025 9:07:41 PM|0.00|1.00|0.000|War Mode|Cattle|Marble|0|3.000|5|0|0|0|0|Active More Than Three Weeks Ago|||||||||||0|0|
647441|Orlock|Provincias de Nery||0|9/7/2025 6:35:09 AM|None|Revolutionary Government|None|Red|9/7/2025 6:35:09 AM|0.00|1.00|0.000|Peace Mode|Cattle|Silver|0|3.000|1|0|0|0|0|Active More Than Three Weeks Ago|||||||||||0|0|
647436|Mumin|Mumindalen||0|9/6/2025 3:54:09 PM|None|Communist|None|None|9/6/2025 3:54:10 PM|0.00|1.00|0.000|War Mode|Lead|Uranium|0|3.000|1|0|0|0|0|Active More Than Three Weeks Ago|||||||||||0|0|
647435|jaffathejake|apuanoia||0|9/6/2025 11:26:57 AM|None|Republic|Christianity|White|9/6/2025 11:26:58 AM|0.00|1.00|0.000|Peace Mode|Lumber|Water|0|3.000|3|0|0|0|0|Active More Than Three Weeks Ago|||||||||||0|0|
647429|puppy toy|destopia||0|9/5/2025 2:23:13 PM|None|Totalitarian State|None|Black|9/5/2025 2:23:14 PM|0.00|1.00|0.000|Peace Mode|Fish|Marble|0|3.000|5|0|0|0|0|Active More Than Three Weeks Ago|||||||||||0|0|
647423|Rives|Blazerland||0|9/4/2025 6:59:36 PM|None|Dictatorship|None|Green|9/4/2025 6:59:37 PM|0.00|1.00|0.000|Peace Mode|Wine|Spices|0|3.000|4|0|0|0|0|Active More Than Three Weeks Ago|||||||||||0|0|
647421|pa7ty|Sanctarist||0|9/4/2025 1:49:56 PM|None|Monarchy|Christianity|None|9/4/2025 1:49:56 PM|0.00|1.00|0.000|Peace Mode|Wheat|Aluminum|0|3.000|3|0|0|0|0|Active More Than Three Weeks Ago|||||||||||0|0|
647420|ThePharaoh|Ancient Egypt|The Phoenix Federation|17385|9/4/2025 1:25:09 PM|Member|Monarchy|Islam|Black|9/4/2025 12:15:42 PM|0.00|1.00|0.000|War Mode|Lumber|Cattle|0|3.000|5|0|0|0|0|Active More Than Three Weeks Ago|||||||||||0|0|
647419|Pumpkinface|Apeder||0|9/4/2025 11:05:13 AM|None|Revolutionary Government|Mixed|None|9/4/2025 11:05:13 AM|0.00|1.00|0.000|Peace Mode|Silver|Marble|0|3.000|1|0|0|0|0|Active More Than Three Weeks Ago|||||||||||0|0|
647418|DARKISHVAIN|Margoria||0|9/4/2025 9:34:25 AM|None|Communist|None|Green|9/4/2025 9:34:26 AM|0.00|1.00|0.000|Peace Mode|Wheat|Wine|0|3.000|5|0|0|0|0|Active More Than Three Weeks Ago|||||||||||0|0|
647417|puffycow|Novarid||0|9/4/2025 7:15:18 AM|None|Monarchy|None|Purple|9/4/2025 7:15:19 AM|0.00|1.00|0.000|Peace Mode|Wheat|Furs|0|3.000|5|0|0|0|0|Active More Than Three Weeks Ago|||||||||||0|0|
647414|Chickenhound|Republic of Redwall||0|9/4/2025 2:55:38 AM|None|Democracy|Mixed|Orange|9/4/2025 2:55:39 AM|0.00|1.00|0.000|War Mode|Coal|Aluminum|0|3.000|5|0|0|0|0|Active More Than Three Weeks Ago|||||||||||0|0|
647408|Airtheoutcast|Tijeras Village|The Phoenix Federation|17385|9/3/2025 10:16:57 AM|Member|Democracy|None|Black|9/3/2025 10:06:19 AM|0.00|1.00|0.000|War Mode|Gems|Gold|0|3.000|5|0|0|0|0|Active More Than Three Weeks Ago|||||||||||0|0|
647406|Syzygyiv|Karcosa|The Phoenix Federation|17385|9/2/2025 8:32:22 PM|Member|Monarchy|Mixed|None|9/2/2025 8:24:50 PM|0.00|1.00|0.000|War Mode|Marble|Fish|0|3.000|4|0|0|0|0|Active More Than Three Weeks Ago|||||||||||0|0|
647401|aptlyya|Sombor||0|9/2/2025 2:08:18 AM|None|Communist|None|Red|9/2/2025 2:08:19 AM|0.00|1.00|0.000|Peace Mode|Uranium|Gold|0|3.000|4|0|0|0|0|Active More Than Three Weeks Ago|||||||||||0|0|
647389|Elrathule|Xeoroth|Christian Coalition Of Countries|10028|8/31/2025 3:42:58 PM|Member|Capitalist|Christianity|Blue|8/31/2025 3:39:30 PM|0.00|1.00|0.000|War Mode|Gold|Furs|0|3.000|5|0|0|0|0|Active More Than Three Weeks Ago|||||||||||0|0|
646225|ffbar|italy22||0|4/9/2025 2:22:55 AM|None|Revolutionary Government|None|Aqua|4/9/2025 2:22:56 AM|0.00|1.00|0.000|War Mode|Fish|Cattle|0|3.000|5|0|0|0|0|Active More Than Three Weeks Ago|||||||||||0|0|
645083|Cchustal|Qullurmarllaq|New Pacific Order|10000|11/21/2024 8:05:57 PM|Pending|Monarchy|Mixed|Yellow|11/21/2024 8:04:59 PM|0.00|1.00|0.000|War Mode|Marble|Aluminum|0|3.000|4|0|0|0|0|Active Last Week|||||||||||0|0|
640527|Matvey II|Gniezin||0|10/14/2023 4:20:00 PM|None|Revolutionary Government|None|None|10/14/2023 4:20:01 PM|0.00|1.00|0.000|Peace Mode|Furs|Oil|0|3.000|4|0|0|0|0|Active This Week|||||||||||0|0|
638256|frozendonut|Bookment||0|3/16/2023 10:36:58 PM|None|Democracy|Christianity|Blue|3/16/2023 10:36:59 PM|0.00|1.00|0.000|War Mode|Uranium|Cattle|0|3.000|5|0|0|0|0|Active Three Weeks Ago|||||||||||0|0|
603807|mssmjscss|Mssland||0|5/6/2017 8:28:32 PM|None|Transitional|Mixed|None|5/6/2017 8:28:32 PM|0.00|1.00|0.000|Peace Mode|Uranium|Oil|0|3.000|5|0|0|0|0|Active Three Weeks Ago|||||||||||0|0|
609317|Reggon|Mejiland||0|12/5/2017 2:26:07 PM|None|Capitalist|Mixed|Red|12/5/2017 2:26:07 PM|0.00|1.00|0.000|Peace Mode|Marble|Rubber|0|3.000|3|0|0|0|0|Active Last Week|||||||||||0|0|
