Declaring ID|Declaring Ruler|Declaring Nation|Declaring Alliance|Declaring Alliance ID|Declaring Team|Receiving ID|Receiving Ruler|Receiving Nation|Receiving Alliance|Receiving Alliance ID|Receiving Team|War Status|Begin Date|End Date|Reason|War ID|Destruction|Attack Percent|Defend Percent|
485321|commanderragnar|Valenwood|New Pacific Order|10000|Red|478755|Democracy|UnitedNation|Freehold of The Wolves|15157|White|Active|10/1/2025 4:27:36 PM|10/8/2025 4:27:36 PM|Seal clubbing|871826|2,228.66|0|100|
247134|ShadowChaos|ShadowChaos|COBRA|13717|Maroon|485586|veracity|drunkenville|FAFO|17457|Purple|Active|10/1/2025 4:00:08 PM|10/8/2025 4:00:08 PM|WAAAAAAAAAAAAAAAAAAAAAAAAUGH!!|871825|137.39|100|0|
587834|alucardx13|The United Regions|New Pacific Order|10000|Red|609513|Lady Mineva|Empire of Autumnus|Freehold of The Wolves|15157|Brown|Active|10/1/2025 3:10:46 PM|10/8/2025 3:10:46 PM|NPO War|871824|355.13|0|100|
444115|Pile Butts|Wobblies|Freehold of The Wolves|15157|White|612177|DannyVee|Cvetko|New Pacific Order|10000|Red|Active|10/1/2025 12:33:47 PM|10/8/2025 12:33:47 PM|A general dispute|871823|275.42|19|80|
444115|Pile Butts|Wobblies|Freehold of The Wolves|15157|White|484823|Cortath|Cortath|New Pacific Order|10000|Red|Active|10/1/2025 12:23:38 PM|10/8/2025 12:23:38 PM|A general dispute|871822|166.29|0|100|
467217|aroswing|Land of Darkness|Freehold of The Wolves|15157|White|338892|ColonelTom|Henry|New Pacific Order|10000|Red|Active|10/1/2025 10:42:25 AM|10/8/2025 10:42:25 AM|For honor I guess|871821|255.55|0|100|
645029|ZeroNinjaGT|Adventis|New Pacific Order|10000|Red|160240|Pamacii|Speedy Cats|Freehold of The Wolves|15157|White|Active|10/1/2025 10:40:24 AM|10/8/2025 10:40:24 AM|Emu Hunting|871820|69.87|0|100|
467217|aroswing|Land of Darkness|Freehold of The Wolves|15157|White|232881|Yashem|Yashemia|New Pacific Order|10000|Red|Active|10/1/2025 10:33:41 AM|10/8/2025 10:33:41 AM|Was told to|871819|474.10|77|22|
639477|Lord King|Kinglordia|New Pacific Order|10000|Red|603810|Jaguar1|Chrisenstein|New Polar Order|10006|Blue|Active|10/1/2025 10:04:11 AM|10/8/2025 10:04:11 AM|Blubber for my oil lamps|871818|199.22|36|63|
231352|Wippeli|Wippelandia|Freehold of The Wolves|15157|White|551677|Edward I|Seleucia|New Pacific Order|10000|Red|Active|10/1/2025 9:53:55 AM|10/8/2025 9:53:55 AM|A general dispute|871817|112.93|0|100|
231352|Wippeli|Wippelandia|Freehold of The Wolves|15157|White|575673|aali bakht jajja|kingdom of Jajja|New Pacific Order|10000|Red|Active|10/1/2025 9:51:54 AM|10/8/2025 9:51:54 AM|A general dispute|871816|391.99|0|100|
528479|paul711|Paulinca|Non Grata|10097|Maroon|637024|deanimator|Kuzai|The Legion|10020|Purple|Active|10/1/2025 7:44:12 AM|10/8/2025 7:44:12 AM|A general dispute|871815|2,076.86|11|88|
528479|paul711|Paulinca|Non Grata|10097|Maroon|524544|Dread October|North Brightbanner|The Legion|10020|Purple|Active|10/1/2025 7:41:54 AM|10/8/2025 7:41:54 AM|A general dispute|871814|1,238.21|0|100|
528479|paul711|Paulinca|Non Grata|10097|Maroon|604046|Penultidodo|Sarmal|The Legion|10020|Purple|Active|10/1/2025 7:41:13 AM|10/8/2025 7:41:13 AM|A general dispute|871813|2,368.14|0|100|
217577|MontyKo|Tuborg|Freehold of The Wolves|15157|White|17202|Cybolt|Time and Space|New Pacific Order|10000|Red|Active|10/1/2025 7:37:10 AM|10/8/2025 7:37:10 AM|A general dispute|871812|1,403.77|0|100|
260612|Qazzian|Qaziakstan|New Pacific Order|10000|Red|243810|tagmoute|maghrib|Freehold of The Wolves|15157|White|Active|10/1/2025 7:28:17 AM|10/8/2025 7:28:17 AM|Skulls for the skull throne!|871811|1,529.59|9|90|
601748|Tarfiel|Babblefish|New Pacific Order|10000|Red|282470|Nokium|Unified Scotland|Freehold of The Wolves|15157|White|Active|10/1/2025 7:19:01 AM|10/8/2025 7:19:01 AM|Rabid chihuahua food|871810|0.00|0|0|
144926|nerau|imperial council|New Pacific Order|10000|Red|80170|stevent37|Buffalonia|Freehold of The Wolves|15157|White|Active|10/1/2025 7:16:57 AM|10/8/2025 7:16:57 AM|Hail Pacifica!|871809|1,342.73|0|100|
637944|Hasan AlQaziz|South Maghrebia|The Legion|10020|Purple|588320|RUB10|Establishmentaria|Non Grata|10097|Maroon|Active|10/1/2025 6:29:38 AM|10/8/2025 6:29:38 AM|DOWN WITH NON GRATA! |871808|444.70|91|8|
476208|Itzcoliuhqui|Firelands|New Pacific Order|10000|Red|30997|Dan2680|Red Army|Freehold of The Wolves|15157|White|Active|10/1/2025 6:08:06 AM|10/8/2025 6:08:06 AM|Stole Nemphesis Spoons|871807|2,824.26|0|100|
565552|Kayla Frost|Anselion|New Pacific Order|10000|Red|478755|Democracy|UnitedNation|Freehold of The Wolves|15157|White|Active|10/1/2025 5:56:13 AM|10/8/2025 5:56:13 AM|howdy|871806|0.00|0|0|
565552|Kayla Frost|Anselion|New Pacific Order|10000|Red|282470|Nokium|Unified Scotland|Freehold of The Wolves|15157|White|Active|10/1/2025 5:42:00 AM|10/8/2025 5:42:00 AM|Casualty galore|871805|122.77|0|100|
8515|Turetel|Turetel|Freehold of The Wolves|15157|White|580705|Theory|Westermont|New Pacific Order|10000|Red|Active|10/1/2025 5:30:31 AM|10/8/2025 5:30:31 AM|Blood for the Blood God|871804|96.76|0|100|
8515|Turetel|Turetel|Freehold of The Wolves|15157|White|601748|Tarfiel|Babblefish|New Pacific Order|10000|Red|Active|10/1/2025 5:30:14 AM|10/8/2025 5:30:14 AM|Blood for the Blood God |871803|166.44|48|51|
348288|saxasm|Eugenia|New Pacific Order|10000|Red|527097|Galerion|blighty|Freehold of The Wolves|15157|White|Active|10/1/2025 5:01:37 AM|10/8/2025 5:01:37 AM|A general dispute|871802|2,953.93|7|92|
647277|yesyesnono|Rostovan|Nuclear Proliferation League|17228|Blue|647449|thelostsoul|TheLostNation|Doombrella|17368|Black|Active|10/1/2025 4:52:25 AM|10/8/2025 4:52:25 AM|A general dispute|871801|141.05|100|0|
608015|elputojack|villa feliz|New Pacific Order|10000|Red|494289|Stoopid Ace|Smokehaven|Freehold of The Wolves|15157|White|Active|10/1/2025 4:23:54 AM|10/8/2025 4:23:54 AM|A general dispute|871800|0.00|0|0|
608015|elputojack|villa feliz|New Pacific Order|10000|Red|65430|Lord Bane|Damasca|Freehold of The Wolves|15157|White|Active|10/1/2025 4:23:34 AM|10/8/2025 4:23:34 AM|A general dispute|871799|0.00|0|0|
643658|jazzjambos|Fruiland|New Pacific Order|10000|Red|609513|Lady Mineva|Empire of Autumnus|Freehold of The Wolves|15157|Brown|Active|10/1/2025 3:45:40 AM|10/8/2025 3:45:40 AM|Fire and blood|871798|434.71|0|100|
579649|Dale Flanderlion|Flanderlion|New Pacific Order|10000|Red|444115|Pile Butts|Wobblies|Freehold of The Wolves|15157|White|Active|10/1/2025 3:34:04 AM|10/8/2025 3:34:04 AM|Looking for cookies|871797|124.18|52|47|
579649|Dale Flanderlion|Flanderlion|New Pacific Order|10000|Red|263122|Uncle Don|The Tannhauser Gate|Freehold of The Wolves|15157|White|Active|10/1/2025 3:24:19 AM|10/8/2025 3:24:19 AM|Skulls for the skull throne!|871796|527.92|36|63|
638860|Adrius Adler|Trostland|New Pacific Order|10000|Red|627684|Reginald Stuart III|New Ventris|Freehold of The Wolves|15157|White|Active|10/1/2025 2:51:02 AM|10/8/2025 2:51:02 AM|Infra adjustment bureau|871795|222.94|0|100|
647060|CAMOM|CAMOM EMPIRE|The Phoenix Federation|17385|Red|647003|bapcv|Patonopla||0|None|Active|10/1/2025 2:02:41 AM|10/8/2025 2:02:41 AM|A general dispute|871794|201.76|0|100|
647060|CAMOM|CAMOM EMPIRE|The Phoenix Federation|17385|Red|584356|VigilanteJ|VigilanteJ||0|Aqua|Active|10/1/2025 1:54:59 AM|10/8/2025 1:54:59 AM|A general dispute|871793|89.45|0|100|
592448|Hakaisha|Nihon koku|Freehold of The Wolves|15157|White|193964|Yukura|DeathSeekers|New Pacific Order|10000|Red|Active|10/1/2025 1:44:14 AM|10/8/2025 1:44:14 AM|A general dispute|871792|687.21|37|62|
532788|end666|A New India|New Pacific Order|10000|Red|418644|shakespeare|shakespeare|Freehold of The Wolves|15157|White|Active|10/1/2025 1:43:46 AM|10/8/2025 1:43:46 AM|Hail Pacifica!|871791|0.00|0|0|
532788|end666|A New India|New Pacific Order|10000|Red|243810|tagmoute|maghrib|Freehold of The Wolves|15157|White|Active|10/1/2025 1:43:29 AM|10/8/2025 1:43:29 AM|Hail Pacifica!|871790|0.00|0|0|
647502|twitchanswers|Twitch|Doombrella|17368|Black|579146|Hazzara|Hazarrium|Nuclear Proliferation League|17228|Aqua|Active|10/1/2025 12:49:06 AM|10/8/2025 12:49:06 AM|why not|871789|412.70|0|100|
132715|DFA MrFox|DFA MrFox|Freehold of The Wolves|15157|White|645029|ZeroNinjaGT|Adventis|New Pacific Order|10000|Red|Active|10/1/2025 12:44:20 AM|10/8/2025 12:44:20 AM|War I have been told|871788|637.69|0|100|
647502|twitchanswers|Twitch|Doombrella|17368|Black|647317|JFK360noscope|the devided states|Nuclear Proliferation League|17228|Brown|Active|10/1/2025 12:43:09 AM|10/8/2025 12:43:09 AM|jack ruby|871787|419.14|0|100|
647502|twitchanswers|Twitch|Doombrella|17368|Black|647159|HarryJames|Rigbyium|Nuclear Proliferation League|17228|Aqua|Active|10/1/2025 12:37:11 AM|10/8/2025 12:37:11 AM|wake me up when september ends|871786|521.44|0|100|
533942|Saxplayer|Arstoria|New Pacific Order|10000|Red|618522|Don Flippers|Penguinland|Freehold of The Wolves|15157|White|Active|10/1/2025 12:27:00 AM|10/8/2025 12:27:00 AM|A general dispute|871785|198.66|0|100|
454283|Waterana|Chrystalen|New Pacific Order|10000|Red|629286|Flycatcher|Sacania|Freehold of The Wolves|15157|White|Active|10/1/2025 12:15:26 AM|10/8/2025 12:15:26 AM|Party Time|871784|142.51|29|70|
454283|Waterana|Chrystalen|New Pacific Order|10000|Red|315967|slmarsch|Rio Grande|Freehold of The Wolves|15157|White|Active|10/1/2025 12:14:55 AM|10/8/2025 12:14:55 AM|Party Time|871783|50.11|0|100|
439338|kajkajete|Rheinlander|The Legion|10020|Purple|144192|Sagha|Nickelattia|Non Grata|10097|Maroon|Active|10/1/2025 12:00:58 AM|10/8/2025 12:00:58 AM|A general dispute|871782|1,227.93|86|13|
414519|markpalm1|vacous|Freehold of The Wolves|15157|White|17202|Cybolt|Time and Space|New Pacific Order|10000|Red|Active|9/30/2025 11:55:50 PM|10/7/2025 11:55:50 PM|A general dispute|871781|0.00|0|0|
309853|Tasuki|Oniwabanshu|New Pacific Order|10000|Red|396041|Joseph Black|Rural Route 3|Freehold of The Wolves|15157|White|Active|9/30/2025 11:53:43 PM|10/7/2025 11:53:43 PM|I need your butter|871780|625.11|0|100|
309853|Tasuki|Oniwabanshu|New Pacific Order|10000|Red|231352|Wippeli|Wippelandia|Freehold of The Wolves|15157|White|Active|9/30/2025 11:53:37 PM|10/7/2025 11:53:37 PM|Hello there|871779|475.69|38|61|
309853|Tasuki|Oniwabanshu|New Pacific Order|10000|Red|467217|aroswing|Land of Darkness|Freehold of The Wolves|15157|White|Active|9/30/2025 11:53:31 PM|10/7/2025 11:53:31 PM|Earth shattering kaboom|871778|646.22|39|60|
592036|LordSanix|Citroto|Freehold of The Wolves|15157|White|543701|AlphaDio|Landreth|New Pacific Order|10000|Red|Active|9/30/2025 11:51:16 PM|10/7/2025 11:51:16 PM|A general dispute|871777|5,459.20|48|51|
580705|Theory|Westermont|New Pacific Order|10000|Red|455466|KrazyNights|Helleden|New Polar Order|10006|Blue|Active|9/30/2025 11:50:57 PM|10/7/2025 11:50:57 PM|The Revenge of the Order|871776|1,858.81|0|100|
592036|LordSanix|Citroto|Freehold of The Wolves|15157|White|26771|proud american|Duorp  Nacirema|New Pacific Order|10000|Red|Active|9/30/2025 11:48:09 PM|10/7/2025 11:48:09 PM|A general dispute|871775|1,862.54|0|100|
633318|Immortalis712|Republic of Intima|New Pacific Order|10000|Red|623087|The Dragon5|Dragonhome|Freehold of The Wolves|15157|White|Active|9/30/2025 11:47:24 PM|10/7/2025 11:47:24 PM|Looking for cookies|871774|539.40|13|86|
633593|ftcows|ftcows|The Legion|10020|Purple|571873|Kal Asharak|Ceska Republik|Non Grata|10097|Maroon|Active|9/30/2025 11:45:15 PM|10/7/2025 11:45:15 PM|A general dispute|871773|578.53|0|100|
608652|King of Clu|Kingdom of Clu|Freehold of The Wolves|15157|White|633318|Immortalis712|Republic of Intima|New Pacific Order|10000|Red|Active|9/30/2025 11:41:45 PM|10/7/2025 11:41:45 PM|A general dispute|871772|813.55|51|48|
639953|Mihail the Just|Republic of Onivlac|New Polar Order|10006|Blue|603932|Gapatashi|Bomdila|CLAWS|15841|Black|Active|9/30/2025 11:40:49 PM|10/7/2025 11:40:49 PM|With peace and love xx|871771|847.04|0|100|
608652|King of Clu|Kingdom of Clu|Freehold of The Wolves|15157|White|277690|brentaar|Barstonia|New Pacific Order|10000|Red|Active|9/30/2025 11:40:25 PM|10/7/2025 11:40:25 PM|A general dispute|871770|145.89|0|100|
559191|Darksight1|ChineseEmpire|New Pacific Order|10000|Red|562556|Nicholas Strakhov|Kurkazia|Freehold of The Wolves|15157|White|Active|9/30/2025 11:36:57 PM|10/7/2025 11:36:57 PM|Tech adjustment bureau|871769|513.15|0|100|
636711|Praetor Cuddles|Romulan Star Empire|New Pacific Order|10000|Red|18236|javaswiller|swillerland|Freehold of The Wolves|15157|White|Active|9/30/2025 11:34:27 PM|10/7/2025 11:34:27 PM|Looking for cookies|871768|185.75|0|100|
559191|Darksight1|ChineseEmpire|New Pacific Order|10000|Red|592448|Hakaisha|Nihon koku|Freehold of The Wolves|15157|White|Active|9/30/2025 11:33:11 PM|10/7/2025 11:33:11 PM|A general dispute|871767|955.05|5|94|
17202|Cybolt|Time and Space|New Pacific Order|10000|Red|613652|Peterkin|Quaraguay|Freehold of The Wolves|15157|White|Active|9/30/2025 11:24:07 PM|10/7/2025 11:24:07 PM|Cloudy with a chance of nukes|871766|804.11|81|18|
17202|Cybolt|Time and Space|New Pacific Order|10000|Red|100236|Wolfprince|Azaroth|Freehold of The Wolves|15157|White|Active|9/30/2025 11:24:02 PM|10/7/2025 11:24:02 PM|Food for the guinea pigs|871765|4,508.61|0|100|
366247|Polgas|Novasea|New Pacific Order|10000|Red|8515|Turetel|Turetel|Freehold of The Wolves|15157|White|Active|9/30/2025 11:19:08 PM|10/7/2025 11:19:08 PM|Earth shattering kaboom|871764|2,686.70|3|96|
366247|Polgas|Novasea|New Pacific Order|10000|Red|592036|LordSanix|Citroto|Freehold of The Wolves|15157|White|Active|9/30/2025 11:19:02 PM|10/7/2025 11:19:02 PM|Emu Hunting|871763|1,676.52|11|88|
513358|SeasonsOfLove|Krzyzewskiville|New Pacific Order|10000|Red|159031|jefcolpan|scarab marangue|Freehold of The Wolves|15157|White|Active|9/30/2025 11:07:15 PM|10/7/2025 11:07:15 PM|You + me = :*(|871762|4,884.26|2|97|
513358|SeasonsOfLove|Krzyzewskiville|New Pacific Order|10000|Red|418644|shakespeare|shakespeare|Freehold of The Wolves|15157|White|Active|9/30/2025 11:02:02 PM|10/7/2025 11:02:02 PM|Hello there|871761|4,106.74|0|100|
604873|Iorek|Crusader States|New Pacific Order|10000|Red|608652|King of Clu|Kingdom of Clu|Freehold of The Wolves|15157|White|Active|9/30/2025 10:51:43 PM|10/7/2025 10:51:43 PM|Back to the kennel for you|871760|484.69|14|85|
559191|Darksight1|ChineseEmpire|New Pacific Order|10000|Red|134794|Tasker74|Thebigharbour|Freehold of The Wolves|15157|White|Active|9/30/2025 10:50:43 PM|10/7/2025 10:50:43 PM|Stealing your oxygen|871759|747.14|31|68|
448981|Knight|Alliance of Knights|New Pacific Order|10000|Red|414337|Shadowfury|Illyria|Freehold of The Wolves|15157|Black|Active|9/30/2025 10:42:57 PM|10/7/2025 10:42:57 PM|For Pacifica!|871758|1,229.19|79|20|
81564|constablepotato|Potatoland|Freehold of The Wolves|15157|White|26771|proud american|Duorp  Nacirema|New Pacific Order|10000|Red|Active|9/30/2025 10:39:16 PM|10/7/2025 10:39:16 PM|HOWL!|871757|348.66|0|100|
81564|constablepotato|Potatoland|Freehold of The Wolves|15157|White|543701|AlphaDio|Landreth|New Pacific Order|10000|Red|Active|9/30/2025 10:39:04 PM|10/7/2025 10:39:04 PM|HOWL!|871756|1,202.50|14|85|
144192|Sagha|Nickelattia|Non Grata|10097|Maroon|569819|kker22|Darkram|The Legion|10020|Purple|Active|9/30/2025 10:36:40 PM|10/7/2025 10:36:40 PM|A general dispute|871755|3,288.17|1|98|
442731|Madd|Modra|New Pacific Order|10000|Red|81564|constablepotato|Potatoland|Freehold of The Wolves|15157|White|Active|9/30/2025 10:34:41 PM|10/7/2025 10:34:41 PM|Hello delicious|871754|2,858.29|26|73|
535013|Deadwartin|Republic of SOS|Freehold of The Wolves|15157|White|646465|Panglima Burung|Kalimantan Baru|New Pacific Order|10000|Red|Active|9/30/2025 10:27:50 PM|10/7/2025 10:27:50 PM|A general dispute|871753|694.09|0|100|
646098|Brutus5149|Legio Lupi|New Pacific Order|10000|Red|535013|Deadwartin|Republic of SOS|Freehold of The Wolves|15157|White|Active|9/30/2025 10:27:37 PM|10/7/2025 10:27:37 PM|Hello delicious|871752|982.19|50|49|
442731|Madd|Modra|New Pacific Order|10000|Red|322849|BLITZ1|BLITZKRIEG THE FIRST|Freehold of The Wolves|15157|White|Active|9/30/2025 10:26:59 PM|10/7/2025 10:26:59 PM|Earth shattering kaboom|871751|4,377.24|4|95|
152802|eclipse363|Suttonia|New Pacific Order|10000|Red|414519|markpalm1|vacous|Freehold of The Wolves|15157|White|Active|9/30/2025 10:22:44 PM|10/7/2025 10:22:44 PM|You will be assimilated|871750|1,383.56|44|55|
551677|Edward I|Seleucia|New Pacific Order|10000|Red|631272|Jordo|Omicron Persei 8|Freehold of The Wolves|15157|White|Active|9/30/2025 10:16:12 PM|10/7/2025 10:16:12 PM|Temp Trade?|871749|203.89|73|26|
448981|Knight|Alliance of Knights|New Pacific Order|10000|Red|217577|MontyKo|Tuborg|Freehold of The Wolves|15157|White|Active|9/30/2025 10:16:07 PM|10/7/2025 10:16:07 PM|For Pacifica!|871748|2,414.97|54|45|
551677|Edward I|Seleucia|New Pacific Order|10000|Red|225963|stageidea|Provinz Sachsen|Freehold of The Wolves|15157|White|Active|9/30/2025 10:14:05 PM|10/7/2025 10:14:05 PM|Raiding for fresh babies|871747|780.23|0|100|
18236|javaswiller|swillerland|Freehold of The Wolves|15157|White|16124|Hatterson|Hamlin|New Pacific Order|10000|Red|Active|9/30/2025 10:11:54 PM|10/7/2025 10:11:54 PM|A general dispute|871746|365.25|29|70|
609513|Lady Mineva|Empire of Autumnus|Freehold of The Wolves|15157|Brown|122255|Mazrim Taim|Amadicia|New Pacific Order|10000|Red|Active|9/30/2025 10:10:58 PM|10/7/2025 10:10:58 PM|A general dispute|871745|197.96|0|100|
609513|Lady Mineva|Empire of Autumnus|Freehold of The Wolves|15157|Brown|646465|Panglima Burung|Kalimantan Baru|New Pacific Order|10000|Red|Active|9/30/2025 10:10:07 PM|10/7/2025 10:10:07 PM|A general dispute|871744|170.19|0|100|
18236|javaswiller|swillerland|Freehold of The Wolves|15157|White|603443|Crayon King|Aloyarc|New Pacific Order|10000|Red|Active|9/30/2025 10:07:44 PM|10/7/2025 10:07:44 PM|A general dispute|871743|316.03|67|32|
369917|Gibsonator21|Gibsonistan|Non Grata|10097|Maroon|78691|konkrage1|konkrage1|The Legion|10020|Purple|Active|9/30/2025 10:07:19 PM|10/7/2025 10:07:19 PM|You can&#226;&#8364;&#8482;t have all the fun now|871742|373.26|10|89|
240549|Codark|Codainia|Freehold of The Wolves|15157|White|16124|Hatterson|Hamlin|New Pacific Order|10000|Red|Active|9/30/2025 10:07:06 PM|10/7/2025 10:07:06 PM|The North Remembers|871741|716.59|0|100|
581758|Tiberius|Nuke Town|New Pacific Order|10000|Red|141175|Kaiser Willis|Kryton|Freehold of The Wolves|15157|White|Active|9/30/2025 10:06:33 PM|10/7/2025 10:06:33 PM|A general dispute|871740|6,592.89|0|100|
581758|Tiberius|Nuke Town|New Pacific Order|10000|Red|30997|Dan2680|Red Army|Freehold of The Wolves|15157|White|Active|9/30/2025 10:06:25 PM|10/7/2025 10:06:25 PM|A general dispute|871739|5,019.02|0|100|
369917|Gibsonator21|Gibsonistan|Non Grata|10097|Maroon|555334|Gveil|Giantland|The Legion|10020|Purple|Active|9/30/2025 10:06:23 PM|10/7/2025 10:06:23 PM|Giantland due for shrinkage|871738|1,055.32|3|96|
240549|Codark|Codainia|Freehold of The Wolves|15157|White|603443|Crayon King|Aloyarc|New Pacific Order|10000|Red|Active|9/30/2025 10:06:16 PM|10/7/2025 10:06:16 PM|Polar Defense|871737|287.20|41|58|
444115|Pile Butts|Wobblies|Freehold of The Wolves|15157|White|633137|International Waters|International Waters|New Pacific Order|10000|Red|Active|9/30/2025 10:06:03 PM|10/7/2025 10:06:03 PM|A general dispute|871736|98.60|33|66|
551677|Edward I|Seleucia|New Pacific Order|10000|Red|295629|jabrik|Mangkono|Freehold of The Wolves|15157|White|Active|9/30/2025 10:05:26 PM|10/7/2025 10:05:26 PM|Cloudy with a chance of nukes|871735|347.64|0|100|
444115|Pile Butts|Wobblies|Freehold of The Wolves|15157|White|570155|Thrash04|Ohio Terrority|New Pacific Order|10000|Red|Active|9/30/2025 10:04:33 PM|10/7/2025 10:04:33 PM|A general dispute|871734|311.30|28|71|
647422|WarLordSnaxx|Snackdom|Freehold of The Wolves|15157|White|646465|Panglima Burung|Kalimantan Baru|New Pacific Order|10000|Red|Active|9/30/2025 10:03:19 PM|10/7/2025 10:03:19 PM|A general dispute|871733|383.54|0|100|
527097|Galerion|blighty|Freehold of The Wolves|15157|White|600178|tejuguasu|tejuguasu|New Pacific Order|10000|Red|Active|9/30/2025 10:01:23 PM|10/7/2025 10:01:23 PM|A general dispute|871732|2,022.22|69|30|
527097|Galerion|blighty|Freehold of The Wolves|15157|White|260612|Qazzian|Qaziakstan|New Pacific Order|10000|Red|Active|9/30/2025 10:01:16 PM|10/7/2025 10:01:16 PM|A general dispute|871731|6,087.58|17|82|
535013|Deadwartin|Republic of SOS|Freehold of The Wolves|15157|White|122255|Mazrim Taim|Amadicia|New Pacific Order|10000|Red|Active|9/30/2025 10:00:06 PM|10/7/2025 10:00:06 PM|A general dispute|871730|481.46|0|100|
647422|WarLordSnaxx|Snackdom|Freehold of The Wolves|15157|White|122255|Mazrim Taim|Amadicia|New Pacific Order|10000|Red|Active|9/30/2025 9:59:50 PM|10/7/2025 9:59:50 PM|A general dispute|871729|93.80|0|100|
396041|Joseph Black|Rural Route 3|Freehold of The Wolves|15157|White|551677|Edward I|Seleucia|New Pacific Order|10000|Red|Active|9/30/2025 9:54:58 PM|10/7/2025 9:54:58 PM|The North Remembers|871728|261.25|20|79|
396041|Joseph Black|Rural Route 3|Freehold of The Wolves|15157|White|575673|aali bakht jajja|kingdom of Jajja|New Pacific Order|10000|Red|Active|9/30/2025 9:54:45 PM|10/7/2025 9:54:45 PM|The North Remembers|871727|476.60|0|100|
225103|Lord Squintus|Strudeldorf|New Pacific Order|10000|Red|120390|Imperator Azenquor|Vaule|New Polar Order|10006|Blue|Active|9/30/2025 9:45:45 PM|10/7/2025 9:45:45 PM|Hello delicious|871726|1,001.32|21|78|
623702|LordTGT|Indigo Federation|The Legion|10020|Purple|638567|Cobert|Brightwood|Non Grata|10097|Maroon|Active|9/30/2025 8:50:08 PM|10/7/2025 8:50:08 PM|AVE LEGIO|871725|217.27|27|72|
263220|Gambona|Gambona|CLAWS|15841|Black|629909|Palotark|Habitopia|New Polar Order|10006|Blue|Active|9/30/2025 5:07:17 PM|10/7/2025 5:07:17 PM|A general dispute|871724|633.55|0|100|
263220|Gambona|Gambona|CLAWS|15841|Black|604250|RedHawkRuler|MiamiU|New Polar Order|10006|Blue|Active|9/30/2025 5:06:48 PM|10/7/2025 5:06:48 PM|A general dispute|871723|1,883.81|35|64|
17202|Cybolt|Time and Space|New Pacific Order|10000|Red|512699|Mindbraker|Aguda|New Polar Order|10006|Blue|Active|9/30/2025 4:27:10 PM|10/7/2025 4:27:10 PM|About Your Cars Warranty|871722|1,120.99|88|11|
636711|Praetor Cuddles|Romulan Star Empire|New Pacific Order|10000|Red|597501|JayMillz|Curel|New Polar Order|10006|Blue|Active|9/30/2025 4:21:07 PM|10/7/2025 4:21:07 PM|Scotch Harvesting Expedition|871721|320.42|41|58|
636711|Praetor Cuddles|Romulan Star Empire|New Pacific Order|10000|Red|455466|KrazyNights|Helleden|New Polar Order|10006|Blue|Active|9/30/2025 4:20:04 PM|10/7/2025 4:20:04 PM|You will be assimilated|871720|1,770.67|0|100|
647330|Lime30k|Jakun|New Pacific Order|10000|Red|481947|Morgaine|Cruithne|New Polar Order|10006|Blue|Active|9/30/2025 3:17:23 PM|10/7/2025 3:17:23 PM|Hail Pacifica!|871719|714.82|98|1|
609716|xander99|Melton|New Pacific Order|10000|Red|639953|Mihail the Just|Republic of Onivlac|New Polar Order|10006|Blue|Active|9/30/2025 3:09:18 PM|10/7/2025 3:09:18 PM|Duck Hunting|871718|789.07|51|48|
494673|Sabioviejo|Maravilloso|New Pacific Order|10000|Red|516493|The dutch Dragonborn|The Dutch Dragonborn|New Polar Order|10006|Blue|Active|9/30/2025 3:08:31 PM|10/7/2025 3:08:31 PM|Op zoek naar IJS|871717|868.43|23|76|
646402|MHOF100|DJANDMATT|Nuclear Proliferation League|17228|Aqua|647449|thelostsoul|TheLostNation|Doombrella|17368|Black|Active|9/30/2025 11:33:56 AM|10/7/2025 11:33:56 AM|A general dispute|871716|832.07|75|24|
629411|Deathsmile|Isle of Death|The Dark Templar|10056|Black|394999|Marebito|Wild Thing|New Polar Order|10006|Blue|Active|9/30/2025 10:38:43 AM|10/7/2025 10:38:43 AM|A general dispute|871715|118.40|0|100|
645804|La Mismidad|Libertaris|New Pacific Order|10000|Red|584020|Visaya I|Union of Myr|New Polar Order|10006|Blue|Active|9/30/2025 8:46:17 AM|10/7/2025 8:46:17 AM|Zerg Rush|871714|2,137.12|13|86|
647234|Azusa Yuu|North Japan Republic|Nuclear Proliferation League|17228|Black|647449|thelostsoul|TheLostNation|Doombrella|17368|Black|Active|9/30/2025 7:38:28 AM|10/7/2025 7:38:28 AM|A general dispute|871713|840.37|52|47|
19893|ClashCityRocker|Garageland||0|Green|181640|medic32|Ecateca|New Polar Order|10006|Blue|Active|9/30/2025 6:31:59 AM|10/7/2025 6:31:59 AM|Bandwagon stagger|871712|550.50|0|100|
485321|commanderragnar|Valenwood|New Pacific Order|10000|Red|99803|Lime Like The Bean|Limetown|New Polar Order|10006|Blue|Active|9/30/2025 5:44:21 AM|10/7/2025 5:44:21 AM|Wheek wheek!|871711|6,516.64|0|100|
631191|Magnus IV|Kingdom of Ars Magna|CLAWS|15841|Black|642764|Nerdslayerx|Friheden|New Polar Order|10006|Blue|Active|9/30/2025 4:39:11 AM|10/7/2025 4:39:11 AM|A general dispute|871710|2,209.83|55|44|
608015|elputojack|villa feliz|New Pacific Order|10000|Red|164367|hazardousdoc|EggmanEmpire|New Polar Order|10006|Blue|Active|9/30/2025 3:02:28 AM|10/7/2025 3:02:28 AM|A general dispute|871709|4,889.39|73|26|
379932|VickiB|Quantum Leap|New Polar Order|10006|Blue|529964|Pelzig|Salusa Secundus|Non Grata|10097|Maroon|Active|9/30/2025 2:59:44 AM|10/7/2025 2:59:44 AM|A general dispute|871708|1,287.17|5|94|
646681|Jokkeh|Andebu Technocracy|New Pacific Order|10000|Red|625802|JadenStar10|Daeltheria|New Polar Order|10006|Blue|Active|9/30/2025 2:28:23 AM|10/7/2025 2:28:23 AM|War is the only option|871707|2,370.51|70|29|
645534|Yorkshire Tea|Yorkshire Tea|New Pacific Order|10000|Red|605765|Darth Actorbass|Tarmon Gaidon|New Polar Order|10006|Blue|Active|9/30/2025 1:35:33 AM|10/7/2025 1:35:33 AM|A general dispute|871706|1,634.98|88|11|
645082|TowerQueen|Turrim|New Pacific Order|10000|Red|379932|VickiB|Quantum Leap|New Polar Order|10006|Blue|Active|9/30/2025 1:24:34 AM|10/7/2025 1:24:34 AM|Nuke me maybe|871705|1,801.73|76|23|
413336|Tevron|Devion|CLAWS|15841|Black|91526|Dajobo|Disktopia|New Polar Order|10006|Blue|Active|9/30/2025 12:28:26 AM|10/7/2025 12:28:26 AM|War be declared!|871704|4,294.19|55|44|
643162|DarkDefiance|United Defiance|New Pacific Order|10000|Red|379932|VickiB|Quantum Leap|New Polar Order|10006|Blue|Active|9/30/2025 12:11:57 AM|10/7/2025 12:11:57 AM|You + me = :*(|871703|1,952.27|69|30|
325202|murtibing|Fluens|Axiom of Regularity|17122|Black|590806|vocalese|Vocalese|The Imperial Entente|16809|Maroon|Active|9/29/2025 11:55:08 PM|10/6/2025 11:55:08 PM|New pathways|871702|2,046.70|5|94|
346487|phate408|Belgrade|The Legion|10020|Purple|473088|JuiceBox|Phoenix Isle|Non Grata|10097|Maroon|Active|9/29/2025 11:27:42 PM|10/6/2025 11:27:42 PM|A general dispute|871701|4,286.88|62|37|
152802|eclipse363|Suttonia|New Pacific Order|10000|Red|224337|black dove|The Crucible|New Polar Order|10006|Blue|Active|9/29/2025 11:27:28 PM|10/6/2025 11:27:28 PM|Wheek wheek!|871700|5,132.59|35|64|
308695|Indiomaestro|Jahara|The Dark Templar|10056|Black|629909|Palotark|Habitopia|New Polar Order|10006|Blue|Active|9/29/2025 11:21:22 PM|10/6/2025 11:21:22 PM|A general dispute|871699|604.09|0|100|
308695|Indiomaestro|Jahara|The Dark Templar|10056|Black|604250|RedHawkRuler|MiamiU|New Polar Order|10006|Blue|Active|9/29/2025 11:20:55 PM|10/6/2025 11:20:55 PM|A general dispute|871698|4,168.22|15|84|
609716|xander99|Melton|New Pacific Order|10000|Red|520826|Ryan Greenberg|Funktopia|New Polar Order|10006|Blue|Active|9/29/2025 11:18:48 PM|10/6/2025 11:18:48 PM|For Pacifica!|871697|1,209.02|8|91|
379651|reghar73|Zeman|The Dark Templar|10056|Black|86784|Kongen|Frontline|New Polar Order|10006|Blue|Active|9/29/2025 10:58:46 PM|10/6/2025 10:58:46 PM|For the meatshields abused MCX|871696|12,665.59|30|69|
572053|Antiega|Serdio|New Pacific Order|10000|Red|599547|LongFist|Gemini Technocracy|New Polar Order|10006|Blue|Active|9/29/2025 10:19:51 PM|10/6/2025 10:19:51 PM|Infra adjustment bureau|871695|2,418.38|7|92|
143998|planetary|planetarium|CLAWS|15841|Black|196816|Cryogenicland|Cryogenicland|New Polar Order|10006|Blue|Active|9/29/2025 10:02:10 PM|10/6/2025 10:02:10 PM|A general dispute|871694|1,762.62|6|93|
143998|planetary|planetarium|CLAWS|15841|Black|523607|King Matt|Michelleville|New Polar Order|10006|Blue|Active|9/29/2025 10:01:59 PM|10/6/2025 10:01:59 PM|A general dispute|871693|1,566.72|6|93|
533942|Saxplayer|Arstoria|New Pacific Order|10000|Red|638|mikharr123|Sirrahistan|New Polar Order|10006|Blue|Active|9/29/2025 9:21:19 PM|10/6/2025 9:21:19 PM|Felt cute, might nuke later|871692|2,039.34|72|27|
646383|Son Of Him|Land of Forever|aNiMaLz|17433|Black|634521|Kapleo|Kapleo|The Phoenix Federation|17385|Black|Active|9/29/2025 9:19:23 PM|10/6/2025 9:19:23 PM|i a|871691|3,620.90|59|40|
642107|xUnwanteDx|xNazaricKx|New Pacific Order|10000|Red|598596|XxWatchmanxX|Northern America|New Polar Order|10006|Blue|Active|9/29/2025 8:44:00 PM|10/6/2025 8:44:00 PM|I need your butter|871690|602.43|0|100|
633318|Immortalis712|Republic of Intima|New Pacific Order|10000|Red|455466|KrazyNights|Helleden|New Polar Order|10006|Blue|Active|9/29/2025 8:31:59 PM|10/6/2025 8:31:59 PM|Temp Trade?|871689|2,338.31|27|72|
275547|BigKif|KifLand|CLAWS|15841|Black|86784|Kongen|Frontline|New Polar Order|10006|Blue|Active|9/29/2025 8:31:34 PM|10/6/2025 8:31:34 PM|Cookies for all!|871688|10,840.60|34|65|
101523|icheliebebrad|B 2the AnK|The Dark Templar|10056|Black|596771|Pentix|Mars Colony|New Polar Order|10006|Blue|Active|9/29/2025 8:29:10 PM|10/6/2025 8:29:10 PM|Pink Pony Club|871687|17,225.39|52|47|
624103|Wolf Man|Nuke Inc|CLAWS|15841|Black|150348|Mr Relavator|Relanation|New Polar Order|10006|Maroon|Active|9/29/2025 8:27:29 PM|10/6/2025 8:27:29 PM|A general dispute|871686|4,935.94|64|35|
624103|Wolf Man|Nuke Inc|CLAWS|15841|Black|596771|Pentix|Mars Colony|New Polar Order|10006|Blue|Active|9/29/2025 8:26:17 PM|10/6/2025 8:26:17 PM|A general dispute|871685|11,122.38|80|19|
552125|Mouseman490|The Empire of Klein|New Pacific Order|10000|Red|483058|Dubh Caireallain|Roisin Dubh|New Polar Order|10006|Blue|Active|9/29/2025 8:22:39 PM|10/6/2025 8:22:39 PM|RAWR|871684|1,850.53|55|44|
639897|CaptTchalle|Akutan Island|The Dark Templar|10056|Brown|602798|Tharu|Thunnalai|New Polar Order|10006|Blue|Active|9/29/2025 8:18:34 PM|10/6/2025 8:18:34 PM|A general dispute|871683|151.20|0|100|
639897|CaptTchalle|Akutan Island|The Dark Templar|10056|Brown|117871|Kamil|Nowa Polska|New Polar Order|10006|Blue|Active|9/29/2025 8:18:27 PM|10/6/2025 8:18:27 PM|A general dispute|871682|3,649.52|73|26|
544732|axel3200|Valta|New Pacific Order|10000|Red|526631|Fyston|Gallifrey|New Polar Order|10006|Blue|Active|9/29/2025 8:13:40 PM|10/6/2025 8:13:40 PM|Earth shattering kaboom|871681|3,287.28|71|28|
634169|Cadlore|OId Lore|CLAWS|15841|Black|596771|Pentix|Mars Colony|New Polar Order|10006|Blue|Active|9/29/2025 8:13:24 PM|10/6/2025 8:13:24 PM|Lets have fun with this one|871680|11,577.59|77|22|
447303|Terminator|USSROK|CLAWS|15841|Aqua|497470|Skaros Thunderbane|Shimazu Conglomerate|New Polar Order|10006|Blue|Active|9/29/2025 8:12:29 PM|10/6/2025 8:12:29 PM|Never gunna give u up|871679|4,406.77|52|47|
618381|Drizzy|Corneria|New Pacific Order|10000|Red|497470|Skaros Thunderbane|Shimazu Conglomerate|New Polar Order|10006|Blue|Active|9/29/2025 8:12:26 PM|10/6/2025 8:12:26 PM|Infra adjustment bureau|871678|2,908.59|78|21|
447303|Terminator|USSROK|CLAWS|15841|Aqua|516493|The dutch Dragonborn|The Dutch Dragonborn|New Polar Order|10006|Blue|Active|9/29/2025 8:12:10 PM|10/6/2025 8:12:10 PM|Immmm Backkkkm|871677|7,507.63|28|71|
240223|White Chocolate|Lander Clan|CLAWS|15841|Black|150348|Mr Relavator|Relanation|New Polar Order|10006|Maroon|Active|9/29/2025 8:09:31 PM|10/6/2025 8:09:31 PM|Hail CLAWS|871676|8,791.50|13|86|
603443|Crayon King|Aloyarc|New Pacific Order|10000|Red|99803|Lime Like The Bean|Limetown|New Polar Order|10006|Blue|Active|9/29/2025 8:09:27 PM|10/6/2025 8:09:27 PM|Hello delicious|871675|2,931.48|0|100|
240223|White Chocolate|Lander Clan|CLAWS|15841|Black|597501|JayMillz|Curel|New Polar Order|10006|Blue|Active|9/29/2025 8:08:34 PM|10/6/2025 8:08:34 PM|Oh, and...|871674|5,771.07|81|18|
594363|Greatkitteh|Guahan|New Pacific Order|10000|Red|605765|Darth Actorbass|Tarmon Gaidon|New Polar Order|10006|Blue|Active|9/29/2025 8:05:39 PM|10/6/2025 8:05:39 PM|FOR STEVE|871673|1,435.99|74|25|
301601|Farrin Xies|Farrin Free States|New Pacific Order|10000|Red|63824|Willaim Kreiger|Germanic Empire|New Polar Order|10006|Blue|Active|9/29/2025 8:04:35 PM|10/6/2025 8:04:35 PM|howdy from Pacifica|871672|5,278.06|87|12|
454402|Flyin Hawaiian|Hawaiian Land|The Dark Templar|10056|Black|483058|Dubh Caireallain|Roisin Dubh|New Polar Order|10006|Blue|Active|9/29/2025 8:03:36 PM|10/6/2025 8:03:36 PM|A general dispute|871671|2,124.21|58|41|
262199|Bob|Beta Site|The Dark Templar|10056|Black|150348|Mr Relavator|Relanation|New Polar Order|10006|Maroon|Active|9/29/2025 8:03:16 PM|10/6/2025 8:03:16 PM|for-given|871670|4,223.00|37|62|
53832|Starcraftmazter|DPRK|The Dark Templar|10056|Black|59560|Aquiles|SCOPII|New Polar Order|10006|Blue|Active|9/29/2025 8:03:15 PM|10/6/2025 8:03:15 PM|A general dispute|871669|12,153.43|30|69|
144926|nerau|imperial council|New Pacific Order|10000|Red|120390|Imperator Azenquor|Vaule|New Polar Order|10006|Blue|Active|9/29/2025 8:03:08 PM|10/6/2025 8:03:08 PM|A general dispute|871668|2,128.08|29|70|
262199|Bob|Beta Site|The Dark Templar|10056|Black|597501|JayMillz|Curel|New Polar Order|10006|Blue|Active|9/29/2025 8:03:02 PM|10/6/2025 8:03:02 PM|forgiven|871667|11,960.03|38|61|
474413|The R00STER|Republic of Ibonn|The Dark Templar|10056|Black|224337|black dove|The Crucible|New Polar Order|10006|Blue|Active|9/29/2025 8:02:32 PM|10/6/2025 8:02:32 PM|Hysterical persecution|871666|3,941.29|49|50|
545096|Mumzilla|Hulkville|The Dark Templar|10056|Black|604250|RedHawkRuler|MiamiU|New Polar Order|10006|Blue|Active|9/29/2025 8:02:24 PM|10/6/2025 8:02:24 PM|Lady Gaga |871665|5,270.59|2|97|
293406|Jeffimus|Smoothwater|The Dark Templar|10056|Black|641765|Chandragupta Maurya|Maurya Dynasty|New Polar Order|10006|Blue|Active|9/29/2025 8:02:16 PM|10/6/2025 8:02:16 PM|A general dispute|871664|4,595.50|27|72|
545096|Mumzilla|Hulkville|The Dark Templar|10056|Black|120390|Imperator Azenquor|Vaule|New Polar Order|10006|Blue|Active|9/29/2025 8:02:07 PM|10/6/2025 8:02:07 PM|It&#226;&#8364;&#8482;s Brittney b|871663|4,292.08|15|84|
293406|Jeffimus|Smoothwater|The Dark Templar|10056|Black|520826|Ryan Greenberg|Funktopia|New Polar Order|10006|Blue|Active|9/29/2025 8:02:01 PM|10/6/2025 8:02:01 PM|A general dispute|871662|2,841.02|3|96|
474413|The R00STER|Republic of Ibonn|The Dark Templar|10056|Black|62089|Vartan|Vicrimanland|New Polar Order|10006|Blue|Active|9/29/2025 8:01:50 PM|10/6/2025 8:01:50 PM|polar is trash |871661|9,538.68|0|100|
639937|The Evilest Eye|NeoNeftyaniki|The Dark Templar|10056|Black|262614|aml520|Hantou|New Polar Order|10006|Blue|Active|9/29/2025 8:01:44 PM|10/6/2025 8:01:44 PM|Sarkin says Hi!|871660|2,669.51|7|92|
642141|Crusadan|Doimestea|The Dark Templar|10056|Black|181640|medic32|Ecateca|New Polar Order|10006|Blue|Active|9/29/2025 8:01:43 PM|10/6/2025 8:01:43 PM|A general dispute|871659|3,288.40|48|51|
642141|Crusadan|Doimestea|The Dark Templar|10056|Black|638|mikharr123|Sirrahistan|New Polar Order|10006|Blue|Active|9/29/2025 8:01:39 PM|10/6/2025 8:01:39 PM|A general dispute|871658|1,489.94|52|47|
126881|Lord Razzia|Razzian Dominion|The Dark Templar|10056|Black|164367|hazardousdoc|EggmanEmpire|New Polar Order|10006|Blue|Active|9/29/2025 8:01:29 PM|10/6/2025 8:01:29 PM|RUN IT BACK!!!|871657|10,701.12|63|36|
639416|Addisonjam|Additomia|The Dark Templar|10056|Black|394999|Marebito|Wild Thing|New Polar Order|10006|Blue|Active|9/29/2025 8:01:25 PM|10/6/2025 8:01:25 PM|A general dispute|871656|310.86|0|100|
639937|The Evilest Eye|NeoNeftyaniki|The Dark Templar|10056|Black|339168|Celess|Celess Mob|New Polar Order|10006|Blue|Active|9/29/2025 8:01:22 PM|10/6/2025 8:01:22 PM|Sarkin says Hi!|871655|745.29|0|100|
639416|Addisonjam|Additomia|The Dark Templar|10056|Black|41333|srboslav|Srboslavija|New Polar Order|10006|Blue|Active|9/29/2025 8:01:19 PM|10/6/2025 8:01:19 PM|A general dispute|871654|4,363.21|93|6|
85056|Pbaff|RuntMutLend|The Dark Templar|10056|Black|164367|hazardousdoc|EggmanEmpire|New Polar Order|10006|Blue|Active|9/29/2025 8:01:18 PM|10/6/2025 8:01:18 PM|A general dispute|871653|15,073.55|34|65|
85056|Pbaff|RuntMutLend|The Dark Templar|10056|Black|91526|Dajobo|Disktopia|New Polar Order|10006|Blue|Active|9/29/2025 8:01:15 PM|10/6/2025 8:01:15 PM|A general dispute|871652|11,677.45|34|65|
53832|Starcraftmazter|DPRK|The Dark Templar|10056|Black|262358|Johnny123|Johhny|New Polar Order|10006|Blue|Active|9/29/2025 8:01:03 PM|10/6/2025 8:01:03 PM|A general dispute|871651|2,515.96|0|100|
627412|Jason Radix|Radix|The Dark Templar|10056|Black|181640|medic32|Ecateca|New Polar Order|10006|Blue|Active|9/29/2025 8:01:00 PM|10/6/2025 8:01:00 PM|A general dispute|871650|3,509.81|45|54|
144157|Sarkin|My Hero Party|The Dark Templar|10056|Black|12196|AlmightyGrub|Union of Grub|New Polar Order|10006|Blue|Active|9/29/2025 8:00:57 PM|10/6/2025 8:00:57 PM|A specific dispute|871649|7,032.88|0|100|
627412|Jason Radix|Radix|The Dark Templar|10056|Black|602798|Tharu|Thunnalai|New Polar Order|10006|Blue|Active|9/29/2025 8:00:53 PM|10/6/2025 8:00:53 PM|A general dispute|871648|1,201.32|7|92|
360918|thelittlejd|blahr|The Dark Templar|10056|Black|591794|Raden Wijaya|Kerajaan Majapahit|New Polar Order|10006|Green|Active|9/29/2025 8:00:52 PM|10/6/2025 8:00:52 PM|A general dispute|871647|3,653.59|57|42|
144157|Sarkin|My Hero Party|The Dark Templar|10056|Black|512699|Mindbraker|Aguda|New Polar Order|10006|Blue|Active|9/29/2025 8:00:51 PM|10/6/2025 8:00:51 PM|A specific dispute|871646|19,584.61|37|62|
402037|Soviet Mudkip|In Soviet Russia|The Dark Templar|10056|Black|12196|AlmightyGrub|Union of Grub|New Polar Order|10006|Blue|Active|9/29/2025 8:00:48 PM|10/6/2025 8:00:48 PM|A specific Dispute|871645|3,171.00|0|100|
360918|thelittlejd|blahr|The Dark Templar|10056|Black|640161|ToiletGaming3000|Good Game|New Polar Order|10006|Blue|Active|9/29/2025 8:00:46 PM|10/6/2025 8:00:46 PM|A general dispute|871644|3,754.77|38|61|
402037|Soviet Mudkip|In Soviet Russia|The Dark Templar|10056|Black|512699|Mindbraker|Aguda|New Polar Order|10006|Blue|Active|9/29/2025 8:00:40 PM|10/6/2025 8:00:40 PM|A specific Dispute|871643|7,443.13|65|34|
511247|LadyAberdeen|Aberdeenshyre|The Legion|10020|Purple|638461|Jerby|Simulacra|Non Grata|10097|Maroon|Active|9/29/2025 4:35:56 PM|10/6/2025 4:35:56 PM|A general dispute|871642|2,913.89|47|52|
511247|LadyAberdeen|Aberdeenshyre|The Legion|10020|Purple|631302|Gatherum|Vermis|Non Grata|10097|Maroon|Active|9/29/2025 4:26:41 PM|10/6/2025 4:26:41 PM|A general dispute|871641|3,351.88|52|47|
481947|Morgaine|Cruithne|New Polar Order|10006|Blue|538259|The Big Bad|Empire of the North|Non Grata|10097|Blue|Active|9/29/2025 4:22:12 PM|10/6/2025 4:22:12 PM|Defending Allies|871640|935.79|4|95|
638815|BushyBeaver|Beaveland|NATO|10037|Blue|29506|ShadowDragon|The Cheeselands|Random Insanity Alliance|10038|Maroon|Active|9/29/2025 4:20:10 PM|10/6/2025 4:20:10 PM|A general dispute|871639|3,396.94|0|100|
638815|BushyBeaver|Beaveland|NATO|10037|Blue|625646|muji111|muji111|Random Insanity Alliance|10038|Maroon|Active|9/29/2025 4:20:05 PM|10/6/2025 4:20:05 PM|A general dispute|871638|5,775.48|24|75|
647472|PM Macron Blair|New Libertas||0|None|647561|rifty|hyperionia|New Pacific Order|10000|Red|Active|9/29/2025 1:25:26 PM|10/6/2025 1:25:26 PM|Overthrowing a Dictatorship.|871637|0.00|0|0|
234369|EaTeMuP|EatemVille|Non Grata|10097|Blue|295207|Leonel Badano|Nueva Argentina|The Legion|10020|Purple|Active|9/29/2025 12:21:18 PM|10/6/2025 12:21:18 PM|Here, have some corn!!!|871636|16,534.86|59|40|
234369|EaTeMuP|EatemVille|Non Grata|10097|Blue|628072|OBrienIngsoc|Caesalpinia|The Legion|10020|Purple|Active|9/29/2025 12:20:59 PM|10/6/2025 12:20:59 PM|Here, have some corn!!!|871635|9,102.47|0|100|
295207|Leonel Badano|Nueva Argentina|The Legion|10020|Purple|40650|kerschbs|indica|Non Grata|10097|Maroon|Active|9/29/2025 10:12:50 AM|10/6/2025 10:12:50 AM|A general dispute|871634|7,635.05|84|15|
295207|Leonel Badano|Nueva Argentina|The Legion|10020|Purple|188637|Caustic|Hazardous Materials|Non Grata|10097|Maroon|Active|9/29/2025 10:12:36 AM|10/6/2025 10:12:36 AM|A general dispute|871633|7,748.12|41|58|
369840|Astron|Svedala|NATO|10037|Blue|98786|UndiscoveredBum|Bumfunk|Random Insanity Alliance|10038|Maroon|Active|9/29/2025 9:50:40 AM|10/6/2025 9:50:40 AM|A general dispute|871632|1,376.45|0|100|
92714|Judge|Kingdom of Azar|NATO|10037|Blue|233528|rodrod|Mongol|Random Insanity Alliance|10038|Maroon|Active|9/29/2025 8:33:08 AM|10/6/2025 8:33:08 AM|A general dispute|871631|6,621.76|86|13|
92714|Judge|Kingdom of Azar|NATO|10037|Blue|195832|hackerhog|Frontier|Random Insanity Alliance|10038|Maroon|Active|9/29/2025 8:24:28 AM|10/6/2025 8:24:28 AM|ughhhh|871630|2,444.17|0|100|
646353|tuomas|temple of perversion|The Legion|10020|Purple|645844|Dario the Great|Darioland|Non Grata|10097|Maroon|Active|9/29/2025 7:36:41 AM|10/6/2025 7:36:41 AM|A general dispute|871629|2,466.09|62|37|
206879|Platinumviper|Bekaa|NATO|10037|Blue|124781|im317|im317|Random Insanity Alliance|10038|Maroon|Active|9/29/2025 7:04:10 AM|10/6/2025 7:04:10 AM|Oktoberfest War|871628|12,285.75|91|8|
206879|Platinumviper|Bekaa|NATO|10037|Blue|237395|Spook|SPOGLO|Random Insanity Alliance|10038|Maroon|Active|9/29/2025 7:03:55 AM|10/6/2025 7:03:55 AM|Oktoberfest War|871627|1,926.53|6|93|
107100|Lenny N Karl|Mudfoot|NATO|10037|Blue|195832|hackerhog|Frontier|Random Insanity Alliance|10038|Maroon|Active|9/28/2025 9:10:29 PM|10/5/2025 9:10:29 PM|A general dispute|871626|3,430.14|0|100|
107100|Lenny N Karl|Mudfoot|NATO|10037|Blue|237395|Spook|SPOGLO|Random Insanity Alliance|10038|Maroon|Active|9/28/2025 9:10:00 PM|10/5/2025 9:10:00 PM|A general dispute|871625|10,070.26|62|37|
107100|Lenny N Karl|Mudfoot|NATO|10037|Blue|98786|UndiscoveredBum|Bumfunk|Random Insanity Alliance|10038|Maroon|Active|9/28/2025 9:09:41 PM|10/5/2025 9:09:41 PM|A general dispute|871624|2,813.22|0|100|
634256|I Win You Lose|I Win You Loose|The Phoenix Federation|17385|Black|646383|Son Of Him|Land of Forever|aNiMaLz|17433|Black|Active|9/28/2025 8:42:18 PM|10/5/2025 8:42:18 PM|A general dispute|871623|5,752.44|50|49|
206853|Tsayka|Trisaram|NATO|10037|Blue|405801|Morriarty|Farandaway|Random Insanity Alliance|10038|Maroon|Active|9/28/2025 4:34:33 PM|10/5/2025 4:34:33 PM|A general dispute|871622|1,282.87|0|100|
206853|Tsayka|Trisaram|NATO|10037|Blue|625646|muji111|muji111|Random Insanity Alliance|10038|Maroon|Active|9/28/2025 4:34:01 PM|10/5/2025 4:34:01 PM|A general dispute|871621|2,957.23|41|58|
206853|Tsayka|Trisaram|NATO|10037|Blue|29506|ShadowDragon|The Cheeselands|Random Insanity Alliance|10038|Maroon|Active|9/28/2025 4:33:14 PM|10/5/2025 4:33:14 PM|A general dispute|871620|1,648.14|0|100|
359275|Jesusfreak|El Dorado|Christian Coalition Of Countries|10028|Maroon|259541|NeoNation|NeoNation|Christian Coalition Of Countries|10028|Maroon|Active|9/28/2025 2:45:06 PM|10/5/2025 2:45:06 PM|Wake up|871619|0.00|0|0|
637804|Not the Carlton|Margaritaville|NATO|10037|Blue|467779|The decimator|My new new nation|Random Insanity Alliance|10038|Maroon|Active|9/28/2025 2:02:16 PM|10/5/2025 2:02:16 PM|Trantifa!|871618|2,110.07|15|84|
468549|shadowstriker|shadow world|NATO|10037|Blue|195832|hackerhog|Frontier|Random Insanity Alliance|10038|Maroon|Active|9/28/2025 2:01:59 PM|10/5/2025 2:01:59 PM|llama rights|871617|9,141.88|0|100|
637804|Not the Carlton|Margaritaville|NATO|10037|Blue|233528|rodrod|Mongol|Random Insanity Alliance|10038|Maroon|Active|9/28/2025 2:01:57 PM|10/5/2025 2:01:57 PM|Trantifa!|871616|10,468.35|85|14|
428260|Warden|Llama Land|NATO|10037|Blue|98786|UndiscoveredBum|Bumfunk|Random Insanity Alliance|10038|Maroon|Active|9/28/2025 2:01:44 PM|10/5/2025 2:01:44 PM|A general dispute|871615|6,467.31|0|100|
248357|MrSka|Slartibartfast|NATO|10037|Blue|237395|Spook|SPOGLO|Random Insanity Alliance|10038|Maroon|Active|9/28/2025 2:00:26 PM|10/5/2025 2:00:26 PM|A general dispute|871614|11,341.02|48|51|
248357|MrSka|Slartibartfast|NATO|10037|Blue|124781|im317|im317|Random Insanity Alliance|10038|Maroon|Active|9/28/2025 2:00:13 PM|10/5/2025 2:00:13 PM|A general dispute|871613|17,758.48|78|21|
558202|Doug Henning|Magic Land|Nuclear Proliferation League|17228|Aqua|184221|Lizzzz|Elisabethan|Doombrella|17368|Maroon|Peace|9/28/2025 10:52:01 AM|10/5/2025 10:52:01 AM|Lucky me, lucky mud.|871612|297.61|0|100|
646886|Root3|Kansa|Nuclear Proliferation League|17228|Aqua|184221|Lizzzz|Elisabethan|Doombrella|17368|Maroon|Peace|9/28/2025 8:07:40 AM|10/5/2025 8:07:40 AM|A general dispute|871611|149.41|0|100|
647426|Johnnie Stark|Gorbals|No Mean City|17453|Green|545047|kazumi|Indorussia||0|None|Active|9/28/2025 12:35:16 AM|10/5/2025 12:35:16 AM|Raid|871610|138.91|0|100|
538690|CrinkledStraw|The Fierce Crown|Non Grata|10097|Maroon|645156|RekEm Republic|RekEm Republic|The Legion|10020|Purple|Active|9/27/2025 7:35:55 PM|10/4/2025 7:35:55 PM|A general dispute|871609|2,466.91|42|57|
647405|Victorboss|Victorcon|Nuclear Proliferation League|17228|White|647502|twitchanswers|Twitch|Doombrella|17368|Black|Active|9/27/2025 6:28:35 PM|10/4/2025 6:28:35 PM|A general dispute|871608|2,377.67|77|22|
647405|Victorboss|Victorcon|Nuclear Proliferation League|17228|White|646760|jwill96|Ibica|Nuclear Proliferation League|17228|Aqua|Active|9/27/2025 5:33:14 PM|10/4/2025 5:33:14 PM|A general dispute|871607|149.37|0|100|
441760|jacka|north 40|The Legion|10020|Purple|538690|CrinkledStraw|The Fierce Crown|Non Grata|10097|Maroon|Active|9/27/2025 4:02:03 PM|10/4/2025 4:02:03 PM|A general|871606|4,415.20|36|63|
441760|jacka|north 40|The Legion|10020|Purple|638567|Cobert|Brightwood|Non Grata|10097|Maroon|Active|9/27/2025 4:01:09 PM|10/4/2025 4:01:09 PM|A dispute|871605|5,398.15|47|52|
633077|DarkStar1348|Aoxomoxoa|The Legion|10020|Purple|618150|Lyanna Mormont|Bear Island 4 Lyfe|Non Grata|10097|Maroon|Active|9/27/2025 2:21:28 PM|10/4/2025 2:21:28 PM|A general dispute|871604|5,461.35|79|20|
300255|Argirioc|Argiriahn|The Legion|10020|Purple|166207|Jekalle|Ranus|Non Grata|10097|Maroon|Active|9/27/2025 2:05:09 PM|10/4/2025 2:05:09 PM|A general dispute|871603|3,917.15|41|58|
300255|Argirioc|Argiriahn|The Legion|10020|Purple|475014|cirk2|Agatea|Non Grata|10097|Maroon|Active|9/27/2025 2:05:00 PM|10/4/2025 2:05:00 PM|A general dispute|871602|14,326.50|44|55|
300255|Argirioc|Argiriahn|The Legion|10020|Purple|319843|Sinister|New Terminal|Non Grata|10097|Maroon|Active|9/27/2025 2:04:36 PM|10/4/2025 2:04:36 PM|A general dispute|871601|20,277.34|36|63|
538259|The Big Bad|Empire of the North|Non Grata|10097|Blue|646453|Fortune|Protea|The Legion|10020|Purple|Active|9/27/2025 12:06:16 PM|10/4/2025 12:06:16 PM|A general dispute|871599|1,578.12|0|100|
638831|Donny|Hunns|The Legion|10020|Purple|638567|Cobert|Brightwood|Non Grata|10097|Maroon|Active|9/27/2025 11:35:14 AM|10/4/2025 11:35:14 AM|Ack!|871598|5,146.23|70|29|
524544|Dread October|North Brightbanner|The Legion|10020|Purple|40650|kerschbs|indica|Non Grata|10097|Maroon|Active|9/27/2025 10:25:28 AM|10/4/2025 10:25:28 AM|A general dispute|871597|13,808.10|97|2|
647588|Zanto|Doslandia|Nuclear Proliferation League|17228|Aqua|647502|twitchanswers|Twitch|Doombrella|17368|Black|Active|9/27/2025 8:40:55 AM|10/4/2025 8:40:55 AM|A general dispute|871596|1,213.75|93|6|
195832|hackerhog|Frontier|Random Insanity Alliance|10038|Maroon|340559|paperwings2007|Paper Island|Doombrella|17368|Black|Active|9/27/2025 7:35:38 AM|10/4/2025 7:35:38 AM|Leaves are starting to Fall|871595|2,476.55|50|49|
647341|Danger Robinson|French Harbor||0|None|647179|Victon|Francewww5||0|Brown|Active|9/27/2025 7:16:17 AM|10/4/2025 7:16:17 AM|A general dispute|871594|760.36|0|100|
647395|Jackson72|Betrothed|Nuclear Proliferation League|17228|White|647502|twitchanswers|Twitch|Doombrella|17368|Black|Active|9/27/2025 6:32:26 AM|10/4/2025 6:32:26 AM|Alliance|871593|1,812.86|83|16|
485586|veracity|drunkenville|FAFO|17457|Purple|40650|kerschbs|indica|Non Grata|10097|Maroon|Active|9/27/2025 5:19:15 AM|10/4/2025 5:19:15 AM|Have you seen my pants?|871592|29,428.10|55|44|
116618|Thrash|Machas|The Legion|10020|Purple|166207|Jekalle|Ranus|Non Grata|10097|Maroon|Active|9/27/2025 5:08:19 AM|10/4/2025 5:08:19 AM|A general dispute|871591|11,362.97|77|22|
116618|Thrash|Machas|The Legion|10020|Purple|319843|Sinister|New Terminal|Non Grata|10097|Maroon|Active|9/27/2025 5:06:39 AM|10/4/2025 5:06:39 AM|A general dispute|871590|11,042.18|50|49|
116618|Thrash|Machas|The Legion|10020|Purple|341362|Erwin Schrodinger|Bermuda Islands|Non Grata|10097|Maroon|Active|9/27/2025 5:04:28 AM|10/4/2025 5:04:28 AM|A general dispute|871589|7,723.28|10|89|
116618|Thrash|Machas|The Legion|10020|Purple|626737|BigFilthyDick|GayBar|Non Grata|10097|Maroon|Active|9/27/2025 5:03:16 AM|10/4/2025 5:03:16 AM|A general dispute|871588|7,872.97|9|90|
633077|DarkStar1348|Aoxomoxoa|The Legion|10020|Purple|639721|TheCompany0|Malacipe|Non Grata|10097|Maroon|Active|9/27/2025 12:11:36 AM|10/4/2025 12:11:36 AM|A general dispute|871587|6,177.64|35|64|
261397|Rampage3|United Liberocracy|Nuclear Proliferation League|17228|Aqua|148460|Buds The Man|New Budsland|Doombrella|17368|Black|Active|9/27/2025 12:01:31 AM|10/4/2025 12:01:31 AM|Just business.|871586|9,251.22|58|41|
164367|hazardousdoc|EggmanEmpire|New Polar Order|10006|Blue|567720|Cosmic Chocolate|Soaring Eagle|Doombrella|17368|Black|Active|9/26/2025 11:57:04 PM|10/3/2025 11:57:04 PM|Poi|871585|9,362.00|45|54|
633077|DarkStar1348|Aoxomoxoa|The Legion|10020|Purple|588320|RUB10|Establishmentaria|Non Grata|10097|Maroon|Active|9/26/2025 11:50:03 PM|10/3/2025 11:50:03 PM|A general dispute|871584|3,732.75|59|40|
555334|Gveil|Giantland|The Legion|10020|Purple|538690|CrinkledStraw|The Fierce Crown|Non Grata|10097|Maroon|Active|9/26/2025 11:47:44 PM|10/3/2025 11:47:44 PM|A general dispute|871583|3,926.45|80|19|
555334|Gveil|Giantland|The Legion|10020|Purple|623644|Van Hoo X|Hoovokia|Non Grata|10097|White|Active|9/26/2025 11:46:38 PM|10/3/2025 11:46:38 PM|A general dispute|871582|5,162.23|68|31|
445021|Mogar|Mogatopia|Doombrella|17368|Brown|467779|The decimator|My new new nation|Random Insanity Alliance|10038|Maroon|Active|9/26/2025 10:15:13 PM|10/3/2025 10:15:13 PM|https://youtu.be/Wk9mMbOpAaA?s|871581|2,342.20|12|87|
446109|VVhite Majik|VS0P United|Doombrella|17368|Black|508630|notkintoot|particle|Nuclear Proliferation League|17228|Aqua|Active|9/26/2025 10:13:09 PM|10/3/2025 10:13:09 PM|A general dispute|871580|2,937.29|2|97|
446109|VVhite Majik|VS0P United|Doombrella|17368|Black|467779|The decimator|My new new nation|Random Insanity Alliance|10038|Maroon|Active|9/26/2025 10:12:34 PM|10/3/2025 10:12:34 PM|A general dispute|871579|4,381.10|13|86|
446109|VVhite Majik|VS0P United|Doombrella|17368|Black|233528|rodrod|Mongol|Random Insanity Alliance|10038|Maroon|Active|9/26/2025 10:12:26 PM|10/3/2025 10:12:26 PM|A general dispute|871578|10,890.65|55|44|
445021|Mogar|Mogatopia|Doombrella|17368|Brown|646297|Snorkel|Rockies Folk State|Nuclear Proliferation League|17228|Aqua|Active|9/26/2025 10:12:19 PM|10/3/2025 10:12:19 PM|https://youtu.be/4fAzM5cI5FM?|871577|4,754.53|32|67|
341362|Erwin Schrodinger|Bermuda Islands|Non Grata|10097|Maroon|633077|DarkStar1348|Aoxomoxoa|The Legion|10020|Purple|Active|9/26/2025 10:11:19 PM|10/3/2025 10:11:19 PM|A general dispute|871576|3,666.38|53|46|
446109|VVhite Majik|VS0P United|Doombrella|17368|Black|643135|Ferocious|Ferocious|Nuclear Proliferation League|17228|Black|Active|9/26/2025 10:11:04 PM|10/3/2025 10:11:04 PM|A general dispute|871575|6,631.87|1|98|
341362|Erwin Schrodinger|Bermuda Islands|Non Grata|10097|Maroon|412825|TravisPernell|Kingdom of Islam|The Legion|10020|Purple|Active|9/26/2025 10:10:44 PM|10/3/2025 10:10:44 PM|A general dispute|871574|6,760.99|0|100|
341362|Erwin Schrodinger|Bermuda Islands|Non Grata|10097|Maroon|562339|scozy|Kenoland|The Legion|10020|Purple|Active|9/26/2025 10:09:06 PM|10/3/2025 10:09:06 PM|A general dispute|871573|2,277.97|52|47|
314185|Rhizoctonia|Rhizoctonia|Non Grata|10097|Maroon|129686|HK Boris|USEAR|The Legion|10020|Purple|Active|9/26/2025 10:04:29 PM|10/3/2025 10:04:29 PM|A general dispute|871572|16,402.89|44|55|
124781|im317|im317|Random Insanity Alliance|10038|Maroon|567720|Cosmic Chocolate|Soaring Eagle|Doombrella|17368|Black|Active|9/26/2025 9:57:50 PM|10/3/2025 9:57:50 PM|only slot in range|871571|24,410.15|62|37|
433854|Auctor|Wyrdgar|Doombrella|17368|Black|645696|ChiefCarr|Gidgeedoo|Nuclear Proliferation League|17228|Aqua|Active|9/26/2025 9:43:41 PM|10/3/2025 9:43:41 PM|A general dispute|871570|3,030.09|0|100|
562339|scozy|Kenoland|The Legion|10020|Purple|538690|CrinkledStraw|The Fierce Crown|Non Grata|10097|Maroon|Active|9/26/2025 9:27:43 PM|10/3/2025 9:27:43 PM||871569|4,846.14|13|86|
562339|scozy|Kenoland|The Legion|10020|Purple|624193|The1nonlykk|Biourja|Non Grata|10097|Maroon|Active|9/26/2025 9:27:08 PM|10/3/2025 9:27:08 PM||871568|8,134.04|48|51|
375751|TzarRob|The Shelter|The Legion|10020|Purple|630971|Jeremiah|CERAVA|Non Grata|10097|Maroon|Active|9/26/2025 9:13:55 PM|10/3/2025 9:13:55 PM|A general dispute|871567|20,132.94|7|92|
508630|notkintoot|particle|Nuclear Proliferation League|17228|Aqua|634284|mikeymikes|batmanism|Doombrella|17368|Black|Active|9/26/2025 9:09:25 PM|10/3/2025 9:09:25 PM|:3|871566|8,357.28|79|20|
4323|Xineoph|Um|The Legion|10020|Purple|630971|Jeremiah|CERAVA|Non Grata|10097|Maroon|Active|9/26/2025 9:01:14 PM|10/3/2025 9:01:14 PM|A general dispute|871565|2,033.78|20|79|
4323|Xineoph|Um|The Legion|10020|Purple|307315|ni431|ni nation|Non Grata|10097|Maroon|Active|9/26/2025 9:00:11 PM|10/3/2025 9:00:11 PM|A general dispute|871564|23,773.13|94|5|
522964|Nuclear tech 2|Nuclear tech 2|Nuclear Proliferation League|17228|Black|445021|Mogar|Mogatopia|Doombrella|17368|Brown|Active|9/26/2025 8:58:29 PM|10/3/2025 8:58:29 PM|Its just a prank, bro!|871563|6,703.51|17|82|
641018|xxPocketxx|Savere|The Legion|10020|Purple|624193|The1nonlykk|Biourja|Non Grata|10097|Maroon|Active|9/26/2025 8:48:02 PM|10/3/2025 8:48:02 PM|A general dispute|871562|6,309.29|63|36|
631706|Silver Witch|Virtual Empire|The Legion|10020|Purple|624193|The1nonlykk|Biourja|Non Grata|10097|Maroon|Active|9/26/2025 8:45:08 PM|10/3/2025 8:45:08 PM|A general dispute|871561|4,426.75|74|25|
644899|Hive Fleet Kronos|Hive Fleet Kronos|The Legion|10020|Purple|529964|Pelzig|Salusa Secundus|Non Grata|10097|Maroon|Active|9/26/2025 8:40:18 PM|10/3/2025 8:40:18 PM|A general dispute|871560|954.98|44|55|
568971|Lord Windmark|Regnum Saoirse|The Legion|10020|Purple|254775|Bionic redhead|Bionicus|Non Grata|10097|Aqua|Active|9/26/2025 8:39:18 PM|10/3/2025 8:39:18 PM|A general dispute|871559|35,158.89|60|39|
568971|Lord Windmark|Regnum Saoirse|The Legion|10020|Purple|314185|Rhizoctonia|Rhizoctonia|Non Grata|10097|Maroon|Active|9/26/2025 8:38:46 PM|10/3/2025 8:38:46 PM|A general dispute|871558|20,311.60|41|58|
568971|Lord Windmark|Regnum Saoirse|The Legion|10020|Purple|634448|Stewie|Stewieland III|Non Grata|10097|Maroon|Active|9/26/2025 8:37:42 PM|10/3/2025 8:37:42 PM|A general dispute|871557|32,783.77|17|82|
637077|Promethixian|Promethixia|The Legion|10020|Purple|634448|Stewie|Stewieland III|Non Grata|10097|Maroon|Active|9/26/2025 8:36:54 PM|10/3/2025 8:36:54 PM|Ave Legio|871556|13,594.89|64|35|
646839|rickm27|Balmoria|Nuclear Proliferation League|17228|Aqua|433854|Auctor|Wyrdgar|Doombrella|17368|Black|Active|9/26/2025 8:21:14 PM|10/3/2025 8:21:14 PM|A general dispute|871555|7,298.04|71|28|
452727|Avakael|Klaus Devestatorie|Nuclear Proliferation League|17228|Brown|446109|VVhite Majik|VS0P United|Doombrella|17368|Black|Active|9/26/2025 8:20:05 PM|10/3/2025 8:20:05 PM|Wauw|871554|11,152.16|43|56|
498421|killjoy123|DAR LAND|Nuclear Proliferation League|17228|White|446109|VVhite Majik|VS0P United|Doombrella|17368|Black|Active|9/26/2025 8:17:57 PM|10/3/2025 8:17:57 PM|A personal dispute|871553|7,704.85|71|28|
569819|kker22|Darkram|The Legion|10020|Purple|188637|Caustic|Hazardous Materials|Non Grata|10097|Maroon|Active|9/26/2025 8:15:34 PM|10/3/2025 8:15:34 PM|A general dispute|871552|14,728.58|95|4|
637077|Promethixian|Promethixia|The Legion|10020|Purple|582941|Cydonian Knight|Strodemia|Non Grata|10097|Maroon|Active|9/26/2025 8:13:38 PM|10/3/2025 8:13:38 PM|Ave Legio|871551|21,797.19|63|36|
344317|Caeiro|Ascardia|The Legion|10020|Purple|623644|Van Hoo X|Hoovokia|Non Grata|10097|White|Active|9/26/2025 8:12:32 PM|10/3/2025 8:12:32 PM|A general dispute|871550|8,380.63|49|50|
529402|Firkinvald|Firkinland|The Legion|10020|Purple|260817|MamazlilMistake|Happy Hunting Ground|Non Grata|10097|Maroon|Active|9/26/2025 8:11:18 PM|10/3/2025 8:11:18 PM|Ave Legio!|871549|63,865.29|38|61|
634597|LiaColle|Prynthian|Non Grata|10097|Maroon|632345|FoXXRoam|Blaylock Republic|The Legion|10020|Purple|Active|9/26/2025 8:09:17 PM|10/3/2025 8:09:17 PM|A general dispute|871548|5,214.30|0|100|
508266|Baron Praxis|Traigal|The Legion|10020|Purple|155826|weebl2000|Azeer|Non Grata|10097|Maroon|Active|9/26/2025 8:08:41 PM|10/3/2025 8:08:41 PM|A colonel dispute|871547|29,501.88|37|62|
40650|kerschbs|indica|Non Grata|10097|Maroon|129686|HK Boris|USEAR|The Legion|10020|Purple|Active|9/26/2025 8:08:39 PM|10/3/2025 8:08:39 PM|FINALLY|871546|22,802.01|35|64|
508266|Baron Praxis|Traigal|The Legion|10020|Purple|307315|ni431|ni nation|Non Grata|10097|Maroon|Active|9/26/2025 8:08:34 PM|10/3/2025 8:08:34 PM|A specific dispute|871545|30,956.01|26|73|
638569|Ozark|Blue Cat Nation|The Legion|10020|Purple|260817|MamazlilMistake|Happy Hunting Ground|Non Grata|10097|Maroon|Active|9/26/2025 8:08:19 PM|10/3/2025 8:08:19 PM|howdy|871544|32,153.47|58|41|
582941|Cydonian Knight|Strodemia|Non Grata|10097|Maroon|35877|tom the pit leader|There be rabbits|The Legion|10020|Purple|Active|9/26/2025 8:08:12 PM|10/3/2025 8:08:12 PM|A general dispute|871543|38,861.81|66|33|
626737|BigFilthyDick|GayBar|Non Grata|10097|Maroon|633077|DarkStar1348|Aoxomoxoa|The Legion|10020|Purple|Active|9/26/2025 8:07:32 PM|10/3/2025 8:07:32 PM|A general dispute|871542|4,503.03|40|59|
188637|Caustic|Hazardous Materials|Non Grata|10097|Maroon|638311|FightingSioux405|New Whitehall|The Legion|10020|Purple|Active|9/26/2025 8:07:22 PM|10/3/2025 8:07:22 PM|A general dispute|871541|18,578.24|39|60|
452727|Avakael|Klaus Devestatorie|Nuclear Proliferation League|17228|Brown|445021|Mogar|Mogatopia|Doombrella|17368|Brown|Active|9/26/2025 8:06:44 PM|10/3/2025 8:06:44 PM|Frgot how2 fight pls b patient|871540|5,192.26|29|70|
637024|deanimator|Kuzai|The Legion|10020|Purple|188637|Caustic|Hazardous Materials|Non Grata|10097|Maroon|Active|9/26/2025 8:06:37 PM|10/3/2025 8:06:37 PM|Ave legio!|871539|34,441.51|61|38|
538690|CrinkledStraw|The Fierce Crown|Non Grata|10097|Maroon|632766|Legne|WINSS|The Legion|10020|Purple|Active|9/26/2025 8:06:35 PM|10/3/2025 8:06:35 PM|A general dispute|871538|9,757.09|21|78|
188637|Caustic|Hazardous Materials|Non Grata|10097|Maroon|375751|TzarRob|The Shelter|The Legion|10020|Purple|Active|9/26/2025 8:05:44 PM|10/3/2025 8:05:44 PM|A general dispute|871537|19,632.15|21|78|
362361|Gofast2006|Pioneer Village|Nuclear Proliferation League|17228|Aqua|148460|Buds The Man|New Budsland|Doombrella|17368|Black|Active|9/26/2025 8:05:38 PM|10/3/2025 8:05:38 PM|A general dispute|871536|21,413.32|40|59|
507771|MtPollux|The Monkey Kingdom|Nuclear Proliferation League|17228|Brown|148460|Buds The Man|New Budsland|Doombrella|17368|Black|Active|9/26/2025 8:05:27 PM|10/3/2025 8:05:27 PM|For the Pixels|871535|29,648.31|33|66|
620036|Vex L Zher|Lodraland|Nuclear Proliferation League|17228|White|433854|Auctor|Wyrdgar|Doombrella|17368|Black|Active|9/26/2025 8:05:26 PM|10/3/2025 8:05:26 PM|A general dispute|871534|6,772.34|95|4|
645156|RekEm Republic|RekEm Republic|The Legion|10020|Purple|634597|LiaColle|Prynthian|Non Grata|10097|Maroon|Active|9/26/2025 8:04:27 PM|10/3/2025 8:04:27 PM|Alliance War|871533|7,623.15|73|26|
170471|Smurthwaite|Smurthwaite|Nuclear Proliferation League|17228|Aqua|184221|Lizzzz|Elisabethan|Doombrella|17368|Maroon|Peace|9/26/2025 8:04:19 PM|10/3/2025 8:04:19 PM|For CSN|871532|7,996.64|38|61|
569819|kker22|Darkram|The Legion|10020|Purple|582941|Cydonian Knight|Strodemia|Non Grata|10097|Maroon|Active|9/26/2025 8:04:14 PM|10/3/2025 8:04:14 PM|A general dispute|871531|17,588.60|76|23|
498421|killjoy123|DAR LAND|Nuclear Proliferation League|17228|White|445021|Mogar|Mogatopia|Doombrella|17368|Brown|Active|9/26/2025 8:03:07 PM|10/3/2025 8:03:07 PM|Get ready to learn NPL buddy|871530|5,529.36|52|47|
631706|Silver Witch|Virtual Empire|The Legion|10020|Purple|634597|LiaColle|Prynthian|Non Grata|10097|Maroon|Active|9/26/2025 8:02:28 PM|10/3/2025 8:02:28 PM|A general dispute|871529|2,936.18|13|86|
638311|FightingSioux405|New Whitehall|The Legion|10020|Purple|166207|Jekalle|Ranus|Non Grata|10097|Maroon|Active|9/26/2025 8:01:37 PM|10/3/2025 8:01:37 PM|AVE LEGIO|871528|26,060.15|36|63|
78691|konkrage1|konkrage1|The Legion|10020|Purple|623644|Van Hoo X|Hoovokia|Non Grata|10097|White|Active|9/26/2025 8:01:26 PM|10/3/2025 8:01:26 PM|Shoulda pulled up direct tbh|871527|5,049.40|40|59|
310672|King Wally|Rep of Queensland|Nuclear Proliferation League|17228|Aqua|426185|DeathAdder|Westfalen|Doombrella|17368|Black|Active|9/26/2025 8:00:41 PM|10/3/2025 8:00:41 PM|Pixels are temporary! |871526|6,022.43|28|71|
430606|KemMo|Maurinaria|Nuclear Proliferation League|17228|Aqua|446109|VVhite Majik|VS0P United|Doombrella|17368|Black|Active|9/26/2025 8:00:39 PM|10/3/2025 8:00:39 PM|Lets dance!|871525|4,587.21|79|20|
644713|Nailz|Clavos|The Legion|10020|Purple|91872|PuliSher|Kerj&#228;l&#228;|Non Grata|10097|Maroon|Active|9/26/2025 8:00:25 PM|10/3/2025 8:00:25 PM|A general dispute|871524|9,486.28|92|7|
205980|deathbiter|Arrakis2|The Legion|10020|Purple|260817|MamazlilMistake|Happy Hunting Ground|Non Grata|10097|Maroon|Active|9/26/2025 8:00:15 PM|10/3/2025 8:00:15 PM|orders|871523|44,061.42|55|44|
430606|KemMo|Maurinaria|Nuclear Proliferation League|17228|Aqua|184221|Lizzzz|Elisabethan|Doombrella|17368|Maroon|Peace|9/26/2025 8:00:09 PM|10/3/2025 8:00:09 PM|Remember SF!|871522|6,256.19|33|66|
78691|konkrage1|konkrage1|The Legion|10020|Purple|634597|LiaColle|Prynthian|Non Grata|10097|Maroon|Active|9/26/2025 8:00:01 PM|10/3/2025 8:00:01 PM|Silly goose stuff|871521|5,461.68|18|81|
588320|RUB10|Establishmentaria|Non Grata|10097|Maroon|117871|Kamil|Nowa Polska|New Polar Order|10006|Blue|Active|9/26/2025 5:49:32 PM|10/3/2025 5:49:32 PM|Am I attacking the right NPO?|871520|4,834.34|34|65|
634284|mikeymikes|batmanism|Doombrella|17368|Black|186561|Altheus|Magna Graecia|United Purple Nations|10025|Purple|Active|9/26/2025 5:43:18 PM|10/3/2025 5:43:18 PM|:majik: doctrine|871519|1,950.22|57|42|
588320|RUB10|Establishmentaria|Non Grata|10097|Maroon|526631|Fyston|Gallifrey|New Polar Order|10006|Blue|Active|9/26/2025 5:06:41 PM|10/3/2025 5:06:41 PM|LEEROY JENKINS|871518|9,189.42|47|52|
314185|Rhizoctonia|Rhizoctonia|Non Grata|10097|Maroon|62089|Vartan|Vicrimanland|New Polar Order|10006|Blue|Active|9/26/2025 5:06:24 PM|10/3/2025 5:06:24 PM|Global warming|871517|8,407.69|0|100|
40650|kerschbs|indica|Non Grata|10097|Maroon|62089|Vartan|Vicrimanland|New Polar Order|10006|Blue|Active|9/26/2025 5:05:16 PM|10/3/2025 5:05:16 PM|Sup|871516|10,606.49|0|100|
605765|Darth Actorbass|Tarmon Gaidon|New Polar Order|10006|Blue|91872|PuliSher|Kerj&#228;l&#228;|Non Grata|10097|Maroon|Active|9/26/2025 4:08:31 PM|10/3/2025 4:08:31 PM|du has nicht|871515|13,692.44|54|45|
642764|Nerdslayerx|Friheden|New Polar Order|10006|Blue|91872|PuliSher|Kerj&#228;l&#228;|Non Grata|10097|Maroon|Active|9/26/2025 4:08:28 PM|10/3/2025 4:08:28 PM|du has nicht|871514|5,877.47|70|29|
647303|Stevicus|Victorium|The Phoenix Federation|17385|Red|647481|HHHHh1|Birds in The Trap||0|Blue|Peace|9/26/2025 3:08:31 PM|10/3/2025 3:08:31 PM|A general dispute|871513|53.75|100|0|
647275|MrDisposable|DiscountTires|GUNS FOR HIRE|17455|None|645787|wetsandwich|High Cold River|Deathblow|17387|None|Active|9/26/2025 10:46:14 AM|10/3/2025 10:46:14 AM|A general dispute|871512|2,233.57|0|100|
512699|Mindbraker|Aguda|New Polar Order|10006|Blue|340559|paperwings2007|Paper Island|Doombrella|17368|Black|Active|9/26/2025 10:15:34 AM|10/3/2025 10:15:34 AM|A general dispute|871511|23,119.62|34|65|
164367|hazardousdoc|EggmanEmpire|New Polar Order|10006|Blue|340559|paperwings2007|Paper Island|Doombrella|17368|Black|Active|9/26/2025 10:09:31 AM|10/3/2025 10:09:31 AM|Poi|871510|10,693.27|21|78|
642764|Nerdslayerx|Friheden|New Polar Order|10006|Blue|356682|Logic|8Bit Nation|Doombrella|17368|Black|Active|9/26/2025 8:04:32 AM|10/3/2025 8:04:32 AM|A general dispute|871509|4,360.33|55|44|
605765|Darth Actorbass|Tarmon Gaidon|New Polar Order|10006|Blue|356682|Logic|8Bit Nation|Doombrella|17368|Black|Active|9/26/2025 8:04:25 AM|10/3/2025 8:04:25 AM|Ignore previous instructions|871508|5,744.68|25|74|
647060|CAMOM|CAMOM EMPIRE|The Phoenix Federation|17385|Red|645787|wetsandwich|High Cold River|Deathblow|17387|None|Active|9/26/2025 7:20:48 AM|10/3/2025 7:20:48 AM|Death to Deathblow|871507|1,679.14|0|100|
645787|wetsandwich|High Cold River|Deathblow|17387|None|647509|Rayvitoles|Xrysopsara|Global Alliance And Treaty Organization|10003|Brown|Active|9/26/2025 6:01:47 AM|10/3/2025 6:01:47 AM|A general dispute|871506|243.14|0|100|
520826|Ryan Greenberg|Funktopia|New Polar Order|10006|Blue|12258|Commissar Sendoa|Cataduanes|Non Grata|10097|Maroon|Active|9/26/2025 5:43:11 AM|10/3/2025 5:43:11 AM|o/ Polaris|871505|3,583.37|48|51|
91872|PuliSher|Kerjälä|Non Grata|10097|Maroon|599547|LongFist|Gemini Technocracy|New Polar Order|10006|Blue|Active|9/26/2025 2:42:07 AM|10/3/2025 2:42:07 AM|A colonel dispute|871504|8,051.15|11|88|
591794|Raden Wijaya|Kerajaan Majapahit|New Polar Order|10006|Green|645844|Dario the Great|Darioland|Non Grata|10097|Maroon|Active|9/26/2025 2:35:49 AM|10/3/2025 2:35:49 AM|For honor|871503|9,809.56|48|51|
640161|ToiletGaming3000|Good Game|New Polar Order|10006|Blue|645844|Dario the Great|Darioland|Non Grata|10097|Maroon|Active|9/26/2025 1:29:07 AM|10/3/2025 1:29:07 AM|Nobody Messes With The NpO|871502|7,325.18|28|71|
640161|ToiletGaming3000|Good Game|New Polar Order|10006|Blue|12258|Commissar Sendoa|Cataduanes|Non Grata|10097|Maroon|Active|9/26/2025 12:59:52 AM|10/3/2025 12:59:52 AM|Nobody messes with NpO|871501|7,383.48|45|54|
141164|LiquidMercury|FallenSeraphim|Doombrella|17368|Black|333873|AlforFun|Altheman|United Purple Nations|10025|Purple|Active|9/26/2025 12:27:50 AM|10/3/2025 12:27:50 AM|Mojo Dojo Casa House|871500|115,573.55|21|78|
426185|DeathAdder|Westfalen|Doombrella|17368|Black|641765|Chandragupta Maurya|Maurya Dynasty|New Polar Order|10006|Blue|Active|9/26/2025 12:14:08 AM|10/3/2025 12:14:08 AM|A general dispute|871499|4,052.96|53|46|
181640|medic32|Ecateca|New Polar Order|10006|Blue|12258|Commissar Sendoa|Cataduanes|Non Grata|10097|Maroon|Active|9/25/2025 11:00:47 PM|10/2/2025 11:00:47 PM|A general dispute|871498|5,623.96|10|89|
597501|JayMillz|Curel|New Polar Order|10006|Blue|630971|Jeremiah|CERAVA|Non Grata|10097|Maroon|Active|9/25/2025 10:38:43 PM|10/2/2025 10:38:43 PM|A general dispute|871497|8,441.40|9|90|
597501|JayMillz|Curel|New Polar Order|10006|Blue|184221|Lizzzz|Elisabethan|Doombrella|17368|Maroon|Peace|9/25/2025 9:55:22 PM|10/2/2025 9:55:22 PM|A general dispute|871496|8,223.99|47|52|
597501|JayMillz|Curel|New Polar Order|10006|Blue|634284|mikeymikes|batmanism|Doombrella|17368|Black|Active|9/25/2025 9:54:17 PM|10/2/2025 9:54:17 PM|A general dispute|871495|10,045.99|37|62|
433854|Auctor|Wyrdgar|Doombrella|17368|Black|556219|vedacool|Fania|New Polar Order|10006|Blue|Active|9/25/2025 9:18:42 PM|10/2/2025 9:18:42 PM|A general dispute|871494|4,316.26|0|100|
621333|The 73MPL4R|Omsmos|New Polar Order|10006|Blue|433854|Auctor|Wyrdgar|Doombrella|17368|Black|Active|9/25/2025 9:08:00 PM|10/2/2025 9:08:00 PM|A general dispute|871493|12,425.88|65|34|
547395|KameraadLenin|Newfoundland SSR|Non Grata|10097|Maroon|196816|Cryogenicland|Cryogenicland|New Polar Order|10006|Blue|Active|9/25/2025 5:55:18 PM|10/2/2025 5:55:18 PM|OOGA CHAKA OOGA OOGA OOGA CHAK|871492|4,985.42|57|42|
445021|Mogar|Mogatopia|Doombrella|17368|Brown|262614|aml520|Hantou|New Polar Order|10006|Blue|Active|9/25/2025 5:33:26 PM|10/2/2025 5:33:26 PM|https://youtu.be/MgY01n03QLU?s|871491|3,664.87|24|75|
512699|Mindbraker|Aguda|New Polar Order|10006|Blue|634284|mikeymikes|batmanism|Doombrella|17368|Black|Active|9/25/2025 5:32:09 PM|10/2/2025 5:32:09 PM|A general dispute|871490|22,017.68|10|89|
516493|The dutch Dragonborn|The Dutch Dragonborn|New Polar Order|10006|Blue|547395|KameraadLenin|Newfoundland SSR|Non Grata|10097|Maroon|Active|9/25/2025 5:28:37 PM|10/2/2025 5:28:37 PM|For the geese |871489|13,003.23|18|81|
516493|The dutch Dragonborn|The Dutch Dragonborn|New Polar Order|10006|Blue|618150|Lyanna Mormont|Bear Island 4 Lyfe|Non Grata|10097|Maroon|Active|9/25/2025 5:27:55 PM|10/2/2025 5:27:55 PM|Lets dance |871488|18,248.87|24|75|
631302|Gatherum|Vermis|Non Grata|10097|Maroon|339168|Celess|Celess Mob|New Polar Order|10006|Blue|Active|9/25/2025 5:20:18 PM|10/2/2025 5:20:18 PM|schlick|871487|985.49|0|100|
630971|Jeremiah|CERAVA|Non Grata|10097|Maroon|41333|srboslav|Srboslavija|New Polar Order|10006|Blue|Active|9/25/2025 5:17:22 PM|10/2/2025 5:17:22 PM|A general dispute|871486|3,081.93|89|10|
188637|Caustic|Hazardous Materials|Non Grata|10097|Maroon|91526|Dajobo|Disktopia|New Polar Order|10006|Blue|Active|9/25/2025 5:16:33 PM|10/2/2025 5:16:33 PM|A general dispute|871485|19,801.33|28|71|
188637|Caustic|Hazardous Materials|Non Grata|10097|Maroon|262358|Johnny123|Johhny|New Polar Order|10006|Blue|Active|9/25/2025 5:15:54 PM|10/2/2025 5:15:54 PM|A general dispute|871484|5,710.12|0|100|
307315|ni431|ni nation|Non Grata|10097|Maroon|63824|Willaim Kreiger|Germanic Empire|New Polar Order|10006|Blue|Active|9/25/2025 5:12:01 PM|10/2/2025 5:12:01 PM|A general dispute|871483|26,900.31|24|75|
639721|TheCompany0|Malacipe|Non Grata|10097|Maroon|262614|aml520|Hantou|New Polar Order|10006|Blue|Active|9/25/2025 5:10:24 PM|10/2/2025 5:10:24 PM|We Ride Til Dawn|871482|3,261.60|60|39|
571873|Kal Asharak|Ceska Republik|Non Grata|10097|Maroon|638|mikharr123|Sirrahistan|New Polar Order|10006|Blue|Active|9/25/2025 5:04:57 PM|10/2/2025 5:04:57 PM|A general dispute|871481|17,758.91|59|40|
155826|weebl2000|Azeer|Non Grata|10097|Maroon|394999|Marebito|Wild Thing|New Polar Order|10006|Blue|Active|9/25/2025 5:03:42 PM|10/2/2025 5:03:42 PM|yarr|871480|19,749.43|0|100|
638567|Cobert|Brightwood|Non Grata|10097|Maroon|483058|Dubh Caireallain|Roisin Dubh|New Polar Order|10006|Blue|Active|9/25/2025 5:02:00 PM|10/2/2025 5:02:00 PM|A general dispute|871479|8,847.25|77|22|
596771|Pentix|Mars Colony|New Polar Order|10006|Blue|567720|Cosmic Chocolate|Soaring Eagle|Doombrella|17368|Black|Active|9/25/2025 5:00:05 PM|10/2/2025 5:00:05 PM|alliance defense|871478|38,377.38|33|66|
314185|Rhizoctonia|Rhizoctonia|Non Grata|10097|Maroon|59560|Aquiles|SCOPII|New Polar Order|10006|Blue|Active|9/25/2025 4:58:57 PM|10/2/2025 4:58:57 PM|Ice Melting |871477|28,707.97|51|48|
40650|kerschbs|indica|Non Grata|10097|Maroon|59560|Aquiles|SCOPII|New Polar Order|10006|Blue|Active|9/25/2025 4:58:40 PM|10/2/2025 4:58:40 PM|Sup|871476|27,863.18|50|49|
475014|cirk2|Agatea|Non Grata|10097|Maroon|523607|King Matt|Michelleville|New Polar Order|10006|Blue|Active|9/25/2025 4:56:41 PM|10/2/2025 4:56:41 PM|A general dispute|871475|19,308.11|21|78|
155817|MutedFaith|Faithoria|Non Grata|10097|Maroon|41333|srboslav|Srboslavija|New Polar Order|10006|Blue|Active|9/25/2025 4:56:34 PM|10/2/2025 4:56:34 PM|Dit is die party zonder gasten|871474|21,659.64|35|64|
634597|LiaColle|Prynthian|Non Grata|10097|Maroon|638048|CharlisonX|Willstate|New Polar Order|10006|Blue|Active|9/25/2025 4:55:45 PM|10/2/2025 4:55:45 PM|A general dispute|871473|6,969.01|18|81|
341362|Erwin Schrodinger|Bermuda Islands|Non Grata|10097|Maroon|339168|Celess|Celess Mob|New Polar Order|10006|Blue|Active|9/25/2025 4:54:05 PM|10/2/2025 4:54:05 PM|your aa attacked my ally. |871472|3,388.38|0|100|
166207|Jekalle|Ranus|Non Grata|10097|Maroon|117871|Kamil|Nowa Polska|New Polar Order|10006|Blue|Active|9/25/2025 4:53:51 PM|10/2/2025 4:53:51 PM|Lets Do That Hockey|871471|8,377.72|9|90|
623644|Van Hoo X|Hoovokia|Non Grata|10097|White|603810|Jaguar1|Chrisenstein|New Polar Order|10006|Blue|Active|9/25/2025 4:53:11 PM|10/2/2025 4:53:11 PM|Hi. Im Hoo.|871470|11,357.29|27|72|
618150|Lyanna Mormont|Bear Island 4 Lyfe|Non Grata|10097|Maroon|526631|Fyston|Gallifrey|New Polar Order|10006|Blue|Active|9/25/2025 4:52:46 PM|10/2/2025 4:52:46 PM|A general dispute|871469|9,332.46|35|64|
473088|JuiceBox|Phoenix Isle|Non Grata|10097|Maroon|497470|Skaros Thunderbane|Shimazu Conglomerate|New Polar Order|10006|Blue|Active|9/25/2025 4:52:24 PM|10/2/2025 4:52:24 PM|A general dispute|871468|32,093.79|31|68|
567720|Cosmic Chocolate|Soaring Eagle|Doombrella|17368|Black|86784|Kongen|Frontline|New Polar Order|10006|Blue|Active|9/25/2025 4:50:36 PM|10/2/2025 4:50:36 PM|A general dispute|871467|15,218.56|55|44|
254775|Bionic redhead|Bionicus|Non Grata|10097|Aqua|224337|black dove|The Crucible|New Polar Order|10006|Blue|Active|9/25/2025 4:50:36 PM|10/2/2025 4:50:36 PM|Blood for the Blood God!|871466|35,714.32|35|64|
638461|Jerby|Simulacra|Non Grata|10097|Maroon|523607|King Matt|Michelleville|New Polar Order|10006|Blue|Active|9/25/2025 4:50:34 PM|10/2/2025 4:50:34 PM|For Dumb|871465|10,035.24|76|23|
582941|Cydonian Knight|Strodemia|Non Grata|10097|Maroon|262358|Johnny123|Johhny|New Polar Order|10006|Blue|Active|9/25/2025 4:50:11 PM|10/2/2025 4:50:11 PM|A general dispute|871464|7,732.59|0|100|
626737|BigFilthyDick|GayBar|Non Grata|10097|Maroon|196816|Cryogenicland|Cryogenicland|New Polar Order|10006|Blue|Active|9/25/2025 4:49:16 PM|10/2/2025 4:49:16 PM|A general dispute|871463|5,845.76|19|80|
634448|Stewie|Stewieland III|Non Grata|10097|Maroon|629909|Palotark|Habitopia|New Polar Order|10006|Blue|Active|9/25/2025 4:48:32 PM|10/2/2025 4:48:32 PM|Dumb War is Dumb|871462|25,829.15|0|100|
538690|CrinkledStraw|The Fierce Crown|Non Grata|10097|Maroon|598596|XxWatchmanxX|Northern America|New Polar Order|10006|Blue|Active|9/25/2025 4:48:18 PM|10/2/2025 4:48:18 PM|A general dispute|871461|9,579.43|0|100|
588320|RUB10|Establishmentaria|Non Grata|10097|Maroon|602798|Tharu|Thunnalai|New Polar Order|10006|Blue|Active|9/25/2025 4:47:47 PM|10/2/2025 4:47:47 PM|ascending via the unjust path|871460|12,635.15|28|71|
483058|Dubh Caireallain|Roisin Dubh|New Polar Order|10006|Blue|356682|Logic|8Bit Nation|Doombrella|17368|Black|Active|9/25/2025 4:43:42 PM|10/2/2025 4:43:42 PM|Diplomacy in action|871459|6,539.99|63|36|
483058|Dubh Caireallain|Roisin Dubh|New Polar Order|10006|Blue|426185|DeathAdder|Westfalen|Doombrella|17368|Black|Active|9/25/2025 4:43:12 PM|10/2/2025 4:43:12 PM|Blue DA is best DA|871458|2,623.46|61|38|
181640|medic32|Ecateca|New Polar Order|10006|Blue|426185|DeathAdder|Westfalen|Doombrella|17368|Black|Active|9/25/2025 4:39:59 PM|10/2/2025 4:39:59 PM|A general dispute|871457|3,593.43|60|39|
644690|kylelandia|Kylelandia|Nuclear Proliferation League|17228|Aqua|259695|OTTOTTO|OTTOTTO||0|Red|Active|9/25/2025 2:57:33 PM|10/2/2025 2:57:33 PM|A general dispute|871455|1,386.93|0|100|
340559|paperwings2007|Paper Island|Doombrella|17368|Black|183716|Augustus G|Ordo Cumbrae|United Purple Nations|10025|Purple|Active|9/25/2025 2:48:03 PM|10/2/2025 2:48:03 PM|Majik Doctrine|871454|8,423.75|4|95|
634284|mikeymikes|batmanism|Doombrella|17368|Black|183716|Augustus G|Ordo Cumbrae|United Purple Nations|10025|Purple|Active|9/25/2025 2:46:22 PM|10/2/2025 2:46:22 PM|Legacy aa|871453|3,645.52|11|88|
634284|mikeymikes|batmanism|Doombrella|17368|Black|160429|atoastgirl|Rhination|United Purple Nations|10025|Purple|Active|9/25/2025 2:45:53 PM|10/2/2025 2:45:53 PM|Legacy aa|871452|3,190.45|0|100|
340559|paperwings2007|Paper Island|Doombrella|17368|Black|186561|Altheus|Magna Graecia|United Purple Nations|10025|Purple|Active|9/25/2025 2:36:12 PM|10/2/2025 2:36:12 PM|Major Doctrine|871451|13,519.98|35|64|
567720|Cosmic Chocolate|Soaring Eagle|Doombrella|17368|Black|160429|atoastgirl|Rhination|United Purple Nations|10025|Purple|Active|9/25/2025 2:35:58 PM|10/2/2025 2:35:58 PM|majik doctrine|871450|5,509.02|0|100|
567720|Cosmic Chocolate|Soaring Eagle|Doombrella|17368|Black|186561|Altheus|Magna Graecia|United Purple Nations|10025|Purple|Active|9/25/2025 2:35:06 PM|10/2/2025 2:35:06 PM|Majik Doctrine|871449|15,756.31|45|54|
567720|Cosmic Chocolate|Soaring Eagle|Doombrella|17368|Black|314865|Stryker|Stryker|United Purple Nations|10025|Maroon|Active|9/25/2025 2:34:49 PM|10/2/2025 2:34:49 PM|majik Doctrine|871448|9,011.93|51|48|
187132|White Majik|VSOP United|Doombrella|17368|Black|333873|AlforFun|Altheman|United Purple Nations|10025|Purple|Active|9/25/2025 2:34:40 PM|10/2/2025 2:34:40 PM|:majik: doctrine|871447|67,053.11|45|54|
627592|Lord Xamaeron|Celtic Forest|Doombrella|17368|Black|314865|Stryker|Stryker|United Purple Nations|10025|Maroon|Active|9/25/2025 2:33:45 PM|10/2/2025 2:33:45 PM|majik doctrine|871446|48,681.22|36|63|
520285|Banned|Lacedaemon|Doombrella|17368|Black|333873|AlforFun|Altheman|United Purple Nations|10025|Purple|Active|9/25/2025 2:30:08 PM|10/2/2025 2:30:08 PM|:majik: doctrine |871445|54,708.80|44|55|
647277|yesyesnono|Rostovan|Nuclear Proliferation League|17228|Blue|584356|VigilanteJ|VigilanteJ||0|Aqua|Active|9/25/2025 7:54:22 AM|10/2/2025 7:54:22 AM|A general dispute|871444|92.24|0|100|
647277|yesyesnono|Rostovan|Nuclear Proliferation League|17228|Blue|646860|Henry Jones Sr|Rev Rep Sandy Staat||0|Green|Peace|9/25/2025 7:35:30 AM|10/2/2025 7:35:30 AM|A general dispute|871443|97.70|0|100|
573111|Al Bundy|bundyville|The Wolves|16660|Maroon|644476|ICCoug|VanDanBerg|Catholic Reich|17311|Black|Peace|9/25/2025 7:21:52 AM|10/2/2025 7:21:52 AM|A Raid - Peace Sent|871442|0.00|0|0|
647560|WaterPyro|First Imperial Russi|Nuclear Proliferation League|17228|Aqua|584356|VigilanteJ|VigilanteJ||0|Aqua|Active|9/25/2025 7:18:21 AM|10/2/2025 7:18:21 AM|A general dispute|871441|213.07|0|100|
647560|WaterPyro|First Imperial Russi|Nuclear Proliferation League|17228|Aqua|646860|Henry Jones Sr|Rev Rep Sandy Staat||0|Green|Peace|9/25/2025 7:12:10 AM|10/2/2025 7:12:10 AM|A general dispute|871440|219.48|0|100|
647560|WaterPyro|First Imperial Russi|Nuclear Proliferation League|17228|Aqua|647557|Zoe17|Zation|Christian Coalition Of Countries|10028|Maroon|Peace|9/24/2025 7:34:09 AM|10/1/2025 7:34:09 AM|Hahaha|871439|614.53|0|100|
647303|Stevicus|Victorium|The Phoenix Federation|17385|Red|646755|Starpluck|Starpluck||0|Red|Expired|9/23/2025 3:43:29 PM|9/30/2025 3:43:29 PM|A general dispute|871438|317.92|0|100|
646672|Radio Dial|Cartesian|Global Alliance And Treaty Organization|10003|Brown|647543|Sandesh|Neoterra prime||0|Black|Expired|9/23/2025 8:45:59 AM|9/30/2025 8:45:59 AM|A general dispute|871437|390.74|0|100|
647060|CAMOM|CAMOM EMPIRE|The Phoenix Federation|17385|Red|646209|My Name Is KMob|KMobs Territory|Deathblow|17387|None|Expired|9/23/2025 1:42:07 AM|9/30/2025 1:42:07 AM|Death to Your alliance|871436|2,139.61|32|67|
647087|Meow22Meow22|Miwso|Freehold of The Wolves|15157|Black|647319|Illuminascii|Drakainia||0|None|Expired|9/22/2025 8:56:33 PM|9/29/2025 8:56:33 PM|Tech deal after ? ;)|871435|511.56|27|72|
645787|wetsandwich|High Cold River|Deathblow|17387|None|647549|Katya|Femlavia||0|None|Expired|9/22/2025 1:27:47 PM|9/29/2025 1:27:47 PM|A general dispute|871434|249.82|0|100|
647426|Johnnie Stark|Gorbals|No Mean City|17453|Green|647444|President Duda|Rzeczpospolita Polsk||0|Red|Expired|9/22/2025 3:25:37 AM|9/29/2025 3:25:37 AM|Raid|871433|175.81|0|100|
646209|My Name Is KMob|KMobs Territory|Deathblow|17387|None|647275|MrDisposable|DiscountTires|GUNS FOR HIRE|17455|None|Expired|9/21/2025 11:23:54 AM|9/28/2025 11:23:54 AM|Alliance defense|871432|2,013.82|78|21|
315967|slmarsch|Rio Grande|Freehold of The Wolves|15157|White|325202|murtibing|Fluens|Axiom of Regularity|17122|Black|Expired|9/19/2025 10:55:39 PM|9/26/2025 10:55:39 PM|A general dispute|871430|681.79|27|72|
647060|CAMOM|CAMOM EMPIRE|The Phoenix Federation|17385|Red|640226|Yeet Board|Arglavian||0|Brown|Expired|9/19/2025 7:29:35 AM|9/26/2025 7:29:35 AM|A general dispute|871429|1,087.26|14|85|
396041|Joseph Black|Rural Route 3|Freehold of The Wolves|15157|White|325202|murtibing|Fluens|Axiom of Regularity|17122|Black|Expired|9/19/2025 1:14:59 AM|9/26/2025 1:14:59 AM|Rohan will answer |871428|14,390.33|64|35|
573111|Al Bundy|bundyville|The Wolves|16660|Maroon|114282|akiller|Pholand|World Task Force|10053|Blue|Expired|9/18/2025 7:48:28 AM|9/25/2025 7:48:28 AM|Been a while! |871426|3,503.56|0|100|
634256|I Win You Lose|I Win You Loose|The Phoenix Federation|17385|Black|259695|OTTOTTO|OTTOTTO||0|Red|Expired|9/18/2025 5:38:13 AM|9/25/2025 5:38:13 AM|A general dispute|871425|1,339.62|0|100|
647060|CAMOM|CAMOM EMPIRE|The Phoenix Federation|17385|Red|620585|Balui|Snorg||0|Maroon|Expired|9/18/2025 3:06:15 AM|9/25/2025 3:06:15 AM|A general dispute|871424|139.07|0|100|
647275|MrDisposable|DiscountTires||0|None|645787|wetsandwich|High Cold River|Deathblow|17387|None|Expired|9/17/2025 10:02:32 PM|9/24/2025 10:02:32 PM|A general dispute|871423|1,688.88|0|100|
647405|Victorboss|Victorcon|Nuclear Proliferation League|17228|White|647319|Illuminascii|Drakainia||0|None|Expired|9/17/2025 6:35:21 PM|9/24/2025 6:35:21 PM|A general dispute|871422|2,849.62|24|75|
647277|yesyesnono|Rostovan|Nuclear Proliferation League|17228|Blue|647087|Meow22Meow22|Miwso||0|Black|Expired|9/17/2025 9:32:35 AM|9/24/2025 9:32:35 AM|A general dispute|871420|464.16|65|34|
647060|CAMOM|CAMOM EMPIRE|The Phoenix Federation|17385|Red|646755|Starpluck|Starpluck||0|Red|Expired|9/17/2025 7:59:52 AM|9/24/2025 7:59:52 AM|A general dispute|871419|949.63|0|100|
647060|CAMOM|CAMOM EMPIRE|The Phoenix Federation|17385|Red|647179|Victon|Francewww5||0|Brown|Expired|9/17/2025 7:55:40 AM|9/24/2025 7:55:40 AM|A general dispute|871418|818.16|0|100|
645787|wetsandwich|High Cold River|Deathblow|17387|None|647504|Mao Mao|The Country of Li|New Pacific Order|10000|Red|Expired|9/17/2025 7:17:26 AM|9/24/2025 7:17:26 AM|A general dispute|871417|516.18|9|90|
36287|SirWilliam|Blissfields|Post Grunge Supergroup|16367|Brown|644426|Bram Walt Schirkophf|Texkentuck|Catholic Reich|17311|Black|Expired|9/16/2025 9:29:55 AM|9/23/2025 9:29:55 AM|You&#226;&#8364;&#8482;re existence offends me|871416|908.99|0|100|
644426|Bram Walt Schirkophf|Texkentuck|Catholic Reich|17311|Black|627063|Apollon007|Kingdom of Byzantium|Post Grunge Supergroup|16367|Brown|Expired|9/16/2025 9:14:34 AM|9/23/2025 9:14:34 AM|Welcome to war!|871415|3,390.26|81|18|
325202|murtibing|Fluens|Axiom of Regularity|17122|White|549386|ghostofgod|Apocalyptica|The Order Of The Black Rose|10045|Black|Expired|9/15/2025 11:56:06 PM|9/22/2025 11:56:06 PM|Roses always in bloom|871414|23,612.45|39|60|
647405|Victorboss|Victorcon|Nuclear Proliferation League|17228|White|647087|Meow22Meow22|Miwso||0|Black|Expired|9/15/2025 6:45:10 PM|9/22/2025 6:45:10 PM|A general dispute|871413|732.33|34|65|
647405|Victorboss|Victorcon|Nuclear Proliferation League|17228|White|643607|Aspen|Silus|Union Of Communist Republics|10060|Brown|Expired|9/15/2025 6:06:57 PM|9/22/2025 6:06:57 PM|A general dispute|871412|879.79|23|76|
621029|Le Trout|Lambo Lambo Lambo|Post Grunge Supergroup|16367|Brown|644426|Bram Walt Schirkophf|Texkentuck|Catholic Reich|17311|Black|Expired|9/15/2025 3:06:59 PM|9/22/2025 3:06:59 PM|YEET|871411|2,742.80|0|100|
633062|SoloRocket|Rocket Republic|Post Grunge Supergroup|16367|Brown|644426|Bram Walt Schirkophf|Texkentuck|Catholic Reich|17311|Black|Expired|9/15/2025 3:05:33 PM|9/22/2025 3:05:33 PM|LSF Retribution|871410|1,804.92|1|98|
633062|SoloRocket|Rocket Republic|Post Grunge Supergroup|16367|Brown|644638|AbundantAura420|You Have No Aura|Catholic Reich|17311|Black|Expired|9/15/2025 3:01:15 PM|9/22/2025 3:01:15 PM|LSF Retribution|871409|827.27|0|100|
633062|SoloRocket|Rocket Republic|Post Grunge Supergroup|16367|Brown|644571|Juno02|Mystic Land|Catholic Reich|17311|Black|Expired|9/15/2025 3:01:04 PM|9/22/2025 3:01:04 PM|LSF Retribution|871408|1,272.77|44|55|
644426|Bram Walt Schirkophf|Texkentuck|Catholic Reich|17311|Black|418455|Sabcat|Sabcat Island|Libertarian Socialist Federation|10027|Brown|Expired|9/15/2025 12:53:30 PM|9/22/2025 12:53:30 PM|Test Nuke on Commy|871407|15,849.82|99|0|
645787|wetsandwich|High Cold River|Deathblow|17387|None|647467|LeBonkMan|Arkhtograd||0|White|Expired|9/14/2025 2:01:35 PM|9/21/2025 2:01:35 PM|A general dispute|871405|157.09|0|100|
647426|Johnnie Stark|Gorbals||0|Green|647465|Corona I|Azuretopia||0|Blue|Expired|9/14/2025 8:44:01 AM|9/21/2025 8:44:01 AM|Raid|871404|471.20|0|100|
636950|Sir Percival|Galles|Knights Of The Round Table|10092|Green|647458|Tenic|New Tabattnia||0|None|Expired|9/13/2025 6:43:06 AM|9/20/2025 6:43:06 AM|Sword of Justice|871403|411.27|0|100|
647341|Danger Robinson|French Harbor||0|None|647458|Tenic|New Tabattnia||0|None|Expired|9/13/2025 12:26:54 AM|9/20/2025 12:26:54 AM|A general dispute|871402|605.94|21|78|
647458|Tenic|New Tabattnia||0|None|647390|Godwin of wessex|The land of Wessex|Knights Of The Round Table|10092|Green|Expired|9/12/2025 5:49:41 PM|9/19/2025 5:49:41 PM|Territorial expansion|871400|815.71|19|80|
634256|I Win You Lose|I Win You Loose|The Phoenix Federation|17385|Black|586628|Jammus|Dyussus|NonAligned Countries|17156|Black|Expired|9/11/2025 8:36:16 PM|9/18/2025 8:36:16 PM|A general dispute|871398|7,160.63|5|94|
626860|BringMeTheHorizon|Dakotas|Doombrella|17368|Black|471818|karanot|Slovakia|World Task Force|10053|Aqua|Expired|9/11/2025 8:04:17 AM|9/18/2025 8:04:17 AM|A general dispute|871397|3,541.49|0|100|
626860|BringMeTheHorizon|Dakotas|Doombrella|17368|Black|416885|rakbors|SouthSea|World Task Force|10053|Aqua|Expired|9/10/2025 6:50:20 PM|9/17/2025 6:50:20 PM|A general dispute|871394|17,871.03|48|51|
647405|Victorboss|Victorcon|Nuclear Proliferation League|17228|White|646860|Henry Jones Sr|Rev Rep Sandy Staat||0|Green|Expired|9/10/2025 2:47:54 PM|9/17/2025 2:47:54 PM|A general dispute|871392|596.12|13|86|
634256|I Win You Lose|I Win You Loose|The Phoenix Federation|17385|Black|259695|OTTOTTO|OTTOTTO||0|Red|Expired|9/10/2025 5:42:17 AM|9/17/2025 5:42:17 AM|A general dispute|871391|188.88|0|100|
325202|murtibing|Fluens|Axiom of Regularity|17122|White|635658|Chaotican|United CroatiaUC|Wurst Alliance|16919|Green|Expired|9/8/2025 11:55:28 PM|9/15/2025 11:55:28 PM|Rejoiceful return|871388|11,411.68|0|99|
610594|ADude|OceaniaRedux|Doom Squad|16454|Black|504047|TankKiller|Kortaenica|North Atlantic Defense Coalition|17092|Maroon|Expired|9/7/2025 7:16:28 PM|9/14/2025 7:16:28 PM|Hello!|871386|646.92|0|100|
626860|BringMeTheHorizon|Dakotas|Doombrella|17368|Black|545689|Vexalor|Sarinthia||0|Orange|Expired|9/7/2025 4:24:25 PM|9/14/2025 4:24:25 PM|A general dispute|871385|4,273.73|0|100|
610594|ADude|OceaniaRedux|Doom Squad|16454|Black|644760|Chistoph91|Otnorot|Coalition of Royal Allied Powers|10051|Red|Expired|9/7/2025 12:47:05 PM|9/14/2025 12:47:05 PM|Infinite casualties glitch|871384|446.21|0|100|
645844|Dario the Great|Darioland|Non Grata|10097|Maroon|259695|OTTOTTO|OTTOTTO||0|Red|Expired|9/6/2025 3:37:37 AM|9/13/2025 3:37:37 AM|NGraid; PM for peace|871380|221.11|0|100|
610594|ADude|OceaniaRedux|Doom Squad|16454|Black|644760|Chistoph91|Otnorot|Coalition of Royal Allied Powers|10051|Red|Expired|9/5/2025 5:55:30 PM|9/12/2025 5:55:30 PM|Something something ghost|871378|222.13|0|100|
647060|CAMOM|CAMOM EMPIRE|The Phoenix Federation|17385|Red|646293|Woodrowthegr8one|BaronyofNewCanaan|Deathblow|17387|Blue|Expired|9/5/2025 8:08:05 AM|9/12/2025 8:08:05 AM|A general dispute|871377|793.79|0|100|
647060|CAMOM|CAMOM EMPIRE|The Phoenix Federation|17385|Red|645787|wetsandwich|High Cold River|Deathblow|17387|None|Expired|9/4/2025 4:25:01 PM|9/11/2025 4:25:01 PM|A general dispute|871376|691.89|0|100|
647405|Victorboss|Victorcon|Nuclear Proliferation League|17228|Brown|620585|Balui|Snorg||0|Maroon|Expired|9/4/2025 2:56:03 PM|9/11/2025 2:56:03 PM|A general dispute|871375|807.68|0|100|
647405|Victorboss|Victorcon|Nuclear Proliferation League|17228|Brown|643693|Draxximus|Rivernation||0|Black|Expired|9/4/2025 2:53:19 PM|9/11/2025 2:53:19 PM|A general dispute|871374|798.03|0|100|
647391|Seeker4536|SeekerLand|The Phoenix Federation|17385|Black|647069|Stifter|Steyrer Gesellschaft||0|None|Expired|9/4/2025 6:57:07 AM|9/11/2025 6:57:07 AM|A general dispute|871372|889.02|0|100|
647391|Seeker4536|SeekerLand|The Phoenix Federation|17385|Black|620239|Farlight|AuricSolarium||0|Brown|Expired|9/4/2025 6:11:47 AM|9/11/2025 6:11:47 AM|A general dispute|871371|832.97|0|100|
273509|Enrage|TheEmpire|WWF|14310|Green|374643|CHAKAKHAN|CHAKAVILLE|World Task Force|10053|White|Expired|9/3/2025 11:55:29 PM|9/10/2025 11:55:29 PM|raid peace sent|871370|97,716.22|12|87|
637646|Anarch Nexus|Aevum Providence|Christian Coalition Of Countries|10028|Maroon|646209|My Name Is KMob|KMobs Territory|Deathblow|17387|None|Expired|9/3/2025 8:26:58 PM|9/10/2025 8:26:58 PM|For CCC|871369|864.50|14|85|
610594|ADude|OceaniaRedux|Doom Squad|16454|Black|631459|Gorbachov|Soviet Union|COMECON|16703|Red|Expired|9/3/2025 7:29:30 PM|9/10/2025 7:29:30 PM|PM i might peace|871367|586.86|0|100|
610594|ADude|OceaniaRedux|Doom Squad|16454|Black|644760|Chistoph91|Otnorot|Coalition of Royal Allied Powers|10051|Red|Expired|9/3/2025 7:29:09 PM|9/10/2025 7:29:09 PM|Ghosting is a crime|871366|461.37|0|100|
647165|Caucasus212|Caucasus2|Christian Coalition Of Countries|10028|Maroon|646209|My Name Is KMob|KMobs Territory|Deathblow|17387|None|Expired|9/2/2025 7:59:38 AM|9/9/2025 7:59:38 AM|CCC Strike|871365|1,860.77|21|78|
647391|Seeker4536|SeekerLand|The Phoenix Federation|17385|Black|647395|Jackson72|Betrothed||0|None|Expired|9/2/2025 4:37:32 AM|9/9/2025 4:37:32 AM|A general dispute|871364|451.00|52|47|
325202|murtibing|Fluens|Axiom of Regularity|17122|White|635658|Chaotican|United CroatiaUC|Wurst Alliance|16919|Green|Expired|8/31/2025 11:13:50 PM|9/7/2025 11:13:50 PM|Observable regularities|871363|9,119.87|0|100|
647352|Zercules|Zercs kingdom|NATO|10037|Blue|646209|My Name Is KMob|KMobs Territory|Deathblow|17387|None|Expired|8/31/2025 12:27:43 PM|9/7/2025 12:27:43 PM|Tech raid , pm for peace|871362|300.52|44|55|
634256|I Win You Lose|I Win You Loose|The Phoenix Federation|17385|Black|259695|OTTOTTO|OTTOTTO||0|Red|Expired|8/31/2025 7:23:40 AM|9/7/2025 7:23:40 AM|A general dispute|871360|963.82|0|100|
647277|yesyesnono|Rostovan|Nuclear Proliferation League|17228|Blue|647179|Victon|Francewww5||0|Brown|Expired|8/31/2025 7:05:44 AM|9/7/2025 7:05:44 AM|A general dispute|871359|329.09|0|100|
647352|Zercules|Zercs kingdom|NATO|10037|Blue|646293|Woodrowthegr8one|BaronyofNewCanaan|Deathblow|17387|Blue|Expired|8/30/2025 8:46:02 AM|9/6/2025 8:46:02 AM|Tech raid, pm for peace |871358|308.89|0|100|
552359|SeaBeeGipson|Denton|MONGOLS|14492|Maroon|418455|Sabcat|Sabcat Island|Libertarian Socialist Federation|10027|Brown|Expired|8/29/2025 5:17:53 PM|9/5/2025 5:17:53 PM|LABOR DAY LIBERATION|871357|37,518.93|35|64|
582941|Cydonian Knight|Strodemia|Non Grata|10097|Maroon|189605|Polemos|Realm of Fury||0|Maroon|Expired|8/29/2025 2:44:26 PM|9/5/2025 2:44:26 PM|we miss you|871356|161.54|0|100|
189605|Polemos|Realm of Fury||0|Maroon|630971|Jeremiah|CERAVA|Non Grata|10097|Maroon|Expired|8/29/2025 1:49:45 PM|9/5/2025 1:49:45 PM|A general dispute|871355|0.00|0|0|
155817|MutedFaith|Faithoria|Non Grata|10097|Maroon|189605|Polemos|Realm of Fury||0|Maroon|Expired|8/29/2025 1:40:57 PM|9/5/2025 1:40:57 PM|Blijf van mijn lijf huis |871352|329.58|0|100|
189605|Polemos|Realm of Fury||0|Maroon|155826|weebl2000|Azeer|Non Grata|10097|Maroon|Expired|8/29/2025 12:46:04 PM|9/5/2025 12:46:04 PM|Lets do it!|871351|675.58|13|86|
647352|Zercules|Zercs kingdom|NATO|10037|Blue|620585|Balui|Snorg||0|Maroon|Expired|8/29/2025 8:11:34 AM|9/5/2025 8:11:34 AM|Tech raid, pm for peace|871349|151.50|0|100|
647352|Zercules|Zercs kingdom|NATO|10037|Blue|537027|zzz100ificati|Alpino|United Equestria|10101|White|Expired|8/29/2025 7:22:14 AM|9/5/2025 7:22:14 AM|Tech raid, pm for peace|871348|275.25|0|100|
647352|Zercules|Zercs kingdom|NATO|10037|Blue|76627|shwampy|Barryteroria|Libertarian Socialist Federation|10027|White|Expired|8/29/2025 7:19:57 AM|9/5/2025 7:19:57 AM|Tech raid, pm for peace|871347|0.00|0|0|
646038|OT Dominic|borneo kenyalang|Christian Coalition Of Countries|10028|Maroon|647179|Victon|Francewww5||0|Brown|Expired|8/29/2025 1:56:57 AM|9/5/2025 1:56:57 AM|A general dispute|871345|2,554.39|5|94|
627592|Lord Xamaeron|Celtic Forest|DOOMBIRD DOOMCAVE|10449|Black|545689|Vexalor|Sarinthia||0|Orange|Expired|8/28/2025 11:41:44 PM|9/4/2025 11:41:44 PM|tech raid peace sent|871344|796.84|0|100|
647347|RealShrimpShady|Shrimplandia|NATO|10037|Blue|531547|Prince Arutha|Western Realm|Nueva Vida|17443|Blue|Expired|8/28/2025 9:46:39 PM|9/4/2025 9:46:39 PM|TECH PM FOR PEACE|871343|325.36|0|100|
522964|Nuclear tech 2|Nuclear tech 2|Nuclear Proliferation League|17228|Black|259695|OTTOTTO|OTTOTTO||0|Red|Expired|8/28/2025 4:58:50 PM|9/4/2025 4:58:50 PM|A general dispute|871338|562.70|0|100|
647179|Victon|Francewww5|Post Grunge Supergroup|16367|Brown|646557|Alduin World Eater|The Lands Between|Christian Coalition Of Countries|10028|Maroon|Expired|8/28/2025 2:27:44 PM|9/4/2025 2:27:44 PM|A general dispute|871336|999.72|31|68|
647165|Caucasus212|Caucasus2|Christian Coalition Of Countries|10028|Maroon|645787|wetsandwich|High Cold River|Deathblow|17387|None|Expired|8/28/2025 12:00:10 PM|9/4/2025 12:00:10 PM|CCC Counter|871334|1,688.30|0|100|
647060|CAMOM|CAMOM EMPIRE|The Phoenix Federation|17385|Red|647275|MrDisposable|DiscountTires||0|None|Expired|8/27/2025 5:03:44 PM|9/3/2025 5:03:44 PM|Sorry... Dm for peace|871332|1,348.88|83|16|
645787|wetsandwich|High Cold River|Deathblow|17387|Black|647326|MyntHD|Mynton|Christian Coalition Of Countries|10028|Purple|Expired|8/26/2025 12:04:59 PM|9/2/2025 12:04:59 PM|A general dispute|871327|269.23|80|19|
646209|My Name Is KMob|KMobs Territory|Deathblow|17387|Black|647135|TheBeldam|Feyethlean||0|None|Expired|8/25/2025 4:53:27 AM|9/1/2025 4:53:27 AM|A general dispute|871321|252.50|0|100|
647179|Victon|Francewww5|Post Grunge Supergroup|16367|Brown|647057|Yuri Markovitch|Volgravia|Christian Coalition Of Countries|10028|Maroon|Expired|8/24/2025 1:02:14 PM|8/31/2025 1:02:14 PM|A general dispute|871320|578.28|0|100|
647087|Meow22Meow22|Miwso|The Phoenix Federation|17385|Black|647188|Ra Zeus|NewEygptianEmpire||0|Black|Expired|8/23/2025 3:34:27 PM|8/30/2025 3:34:27 PM|A general dispute|871319|1,488.79|29|70|
647179|Victon|Francewww5|Post Grunge Supergroup|16367|Brown|646946|Zamla|Zamla||0|None|Expired|8/22/2025 6:16:01 PM|8/29/2025 6:16:01 PM|A general dispute|871315|308.15|0|100|
325202|murtibing|Fluens|Axiom of Regularity|17122|Blue|635658|Chaotican|United CroatiaUC|Wurst Alliance|16919|Green|Expired|8/21/2025 12:00:45 AM|8/28/2025 12:00:45 AM|Distinctive disorganization|871313|9,073.76|10|89|
627592|Lord Xamaeron|Celtic Forest|DOOMBIRD DOOMCAVE|10449|Black|545689|Vexalor|Sarinthia||0|Orange|Expired|8/20/2025 11:57:44 PM|8/27/2025 11:57:44 PM|tech raid, peace sent|871312|9,069.95|0|100|
627592|Lord Xamaeron|Celtic Forest|DOOMBIRD DOOMCAVE|10449|Black|62281|evil_twinkie|Maulle||0|Orange|Expired|8/20/2025 11:57:36 PM|8/27/2025 11:57:36 PM|tech raid, peace sent|871311|5,190.35|0|100|
484851|enderland|Fields of Elysium|Doombrella|17368|Black|149201|SynthFG|Fortress||0|Green|Expired|8/20/2025 5:28:25 PM|8/27/2025 5:28:25 PM|wake up - LM deleted and none!|871309|0.00|0|0|
645787|wetsandwich|High Cold River|Deathblow|17387|Black|647200|InsiderThreat|The Silent Proxy|Non Grata|10097|Maroon|Expired|8/19/2025 10:04:58 AM|8/26/2025 10:04:58 AM|A general dispute|871301|1,397.74|95|4|
392583|Javier360|Tenochtitlan|DOOMBIRD DOOMCAVE|10449|Black|322157|Cartmantoria|Cartmantoria||0|Orange|Expired|8/18/2025 11:55:56 PM|8/25/2025 11:55:56 PM|A general dispute|871298|18,933.29|4|95|
484851|enderland|Fields of Elysium|Doombrella|17368|Black|187132|White Majik|VSOP United|Doombrella|17368|Black|Expired|8/18/2025 8:21:21 PM|8/25/2025 8:21:21 PM|fite me|871297|4,460.07|39|60|
644690|kylelandia|Kylelandia|Nuclear Proliferation League|17228|Aqua|522964|Nuclear tech 2|Nuclear tech 2||0|None|Expired|8/18/2025 4:04:44 PM|8/25/2025 4:04:44 PM|die|871296|4,055.22|50|49|
187132|White Majik|VSOP United|Doombrella|17368|Black|96942|Willie The Pimp|Theoria||0|Orange|Expired|8/17/2025 11:59:06 PM|8/24/2025 11:59:06 PM|A general dispute|871293|5,286.45|0|100|
187132|White Majik|VSOP United|Doombrella|17368|Black|298479|Pheren|Lost Atlantis||0|Orange|Expired|8/17/2025 11:58:28 PM|8/24/2025 11:58:28 PM|A general dispute|871292|5,287.91|0|100|
187132|White Majik|VSOP United|Doombrella|17368|Black|189732|JimmyD|Jimland||0|Orange|Expired|8/17/2025 11:57:07 PM|8/24/2025 11:57:07 PM|A general dispute|871291|6,278.15|0|100|
374321|Clash|Discord|Doombrella|17368|Black|298479|Pheren|Lost Atlantis||0|Orange|Expired|8/17/2025 11:56:47 PM|8/24/2025 11:56:47 PM|raid, peace sent|871290|5,910.50|0|100|
374321|Clash|Discord|Doombrella|17368|Black|189732|JimmyD|Jimland||0|Orange|Expired|8/17/2025 11:55:54 PM|8/24/2025 11:55:54 PM|raid, peace sent|871289|7,860.48|0|100|
187132|White Majik|VSOP United|Doombrella|17368|Black|174144|KaiserMelech Mikhail|Marscurian Empire||0|Orange|Expired|8/17/2025 9:30:51 PM|8/24/2025 9:30:51 PM|PM for peace|871288|3,511.08|0|100|
634256|I Win You Lose|I Win You Loose|The Phoenix Federation|17385|Black|504047|TankKiller|Kortaenica|North Atlantic Defense Coalition|17092|Maroon|Expired|8/17/2025 6:53:22 PM|8/24/2025 6:53:22 PM|A general dispute|871287|1,685.66|66|33|
634256|I Win You Lose|I Win You Loose|The Phoenix Federation|17385|Black|522964|Nuclear tech 2|Nuclear tech 2||0|None|Expired|8/17/2025 6:49:15 PM|8/24/2025 6:49:15 PM|A general dispute|871286|3,295.49|68|31|
646209|My Name Is KMob|KMobs Territory|Deathblow|17387|Black|637383|Damandy|Damandyville||0|Red|Expired|8/17/2025 6:31:52 PM|8/24/2025 6:31:52 PM|A general dispute|871285|536.73|0|100|
626860|BringMeTheHorizon|Dakotas|Doombrella|17368|Black|642792|Gipper|Arverni||0|Orange|Expired|8/17/2025 6:38:56 AM|8/24/2025 6:38:56 AM|A general dispute|871284|1,721.98|2|97|
627592|Lord Xamaeron|Celtic Forest|DOOMBIRD DOOMCAVE|10449|Black|642792|Gipper|Arverni||0|Orange|Expired|8/16/2025 1:39:12 PM|8/23/2025 1:39:12 PM|raid, peace sent|871283|1,640.53|6|93|
610594|ADude|OceaniaRedux|Doom Squad|16454|Black|189605|Polemos|Realm of Fury||0|Maroon|Expired|8/15/2025 9:48:43 AM|8/22/2025 9:48:43 AM|Hello again!|871281|5,388.39|85|14|
647179|Victon|Francewww5|Post Grunge Supergroup|16367|Brown|620239|Farlight|AuricSolarium||0|Brown|Expired|8/14/2025 2:54:24 PM|8/21/2025 2:54:24 PM|A general dispute|871280|686.07|0|100|
325202|murtibing|Fluens|Axiom of Regularity|17122|Blue|635658|Chaotican|United CroatiaUC|Wurst Alliance|16919|Green|Expired|8/13/2025 11:54:13 PM|8/20/2025 11:54:13 PM|Deferred developments|871279|4,978.13|6|93|
610594|ADude|OceaniaRedux|Doom Squad|16454|Black|542550|Jim Beam|Whiskey Land|We Are Perth Army|10036|White|Expired|8/13/2025 9:38:39 AM|8/20/2025 9:38:39 AM|Get me 1 mil|871278|15,765.21|59|40|
645829|blegth|irting|Nuclear Proliferation League|17228|Aqua|259695|OTTOTTO|OTTOTTO||0|Red|Expired|8/12/2025 3:08:24 PM|8/19/2025 3:08:24 PM|A general dispute|871276|1,743.25|0|100|
646209|My Name Is KMob|KMobs Territory|Deathblow|17387|Black|647062|mememan|Findaq||0|Blue|Expired|8/12/2025 5:31:47 AM|8/19/2025 5:31:47 AM|A general dispute|871275|1,561.00|50|49|
535865|Donbo McSlay|Donbo Land|Federation Of Armed Nations|10021|Yellow|259695|OTTOTTO|OTTOTTO||0|Red|Expired|8/11/2025 8:25:05 AM|8/18/2025 8:25:05 AM|A general dispute|871272|1,596.54|0|100|
634256|I Win You Lose|I Win You Loose|The Phoenix Federation|17385|Black|259695|OTTOTTO|OTTOTTO||0|Red|Expired|8/11/2025 6:45:57 AM|8/18/2025 6:45:57 AM|A general dispute|871270|1,205.74|0|100|
647152|White Ruler|Exotica|Veneris|17356|White|620239|Farlight|AuricSolarium||0|Brown|Expired|8/11/2025 2:34:00 AM|8/18/2025 2:34:00 AM|A general dispute|871269|2,415.56|0|100|
647152|White Ruler|Exotica|Veneris|17356|White|646860|Henry Jones Sr|Rev Rep Sandy Staat||0|Green|Expired|8/11/2025 2:33:50 AM|8/18/2025 2:33:50 AM|A general dispute|871268|2,187.47|11|88|
646540|brasitolandia|brasitolandia2|The Phoenix Federation|17385|Black|259695|OTTOTTO|OTTOTTO||0|Red|Expired|8/10/2025 11:02:44 AM|8/17/2025 11:02:44 AM|Raid, PM for peace|871265|324.78|0|100|
645787|wetsandwich|High Cold River|Deathblow|17387|Black|635096|Peter555111|Peterborough555||0|Aqua|Expired|8/9/2025 6:05:29 AM|8/16/2025 6:05:29 AM|A general dispute|871260|133.93|0|100|
646787|Hye781|Calilove4ever|Christian Coalition Of Countries|10028|Maroon|646209|My Name Is KMob|KMobs Territory|Deathblow|17387|Black|Expired|8/7/2025 5:56:36 PM|8/14/2025 5:56:36 PM|Death to deathdblow|871255|2,419.83|0|100|
644690|kylelandia|Kylelandia|Nuclear Proliferation League|17228|Aqua|631459|Gorbachov|Soviet Union|COMECON|16703|Red|Expired|8/6/2025 5:26:58 PM|8/13/2025 5:26:58 PM|A general dispute|871252|716.46|78|21|
647159|HarryJames|Rigbyium|Nuclear Proliferation League|17228|Blue|645128|Frampton1962|Framtopia||0|Orange|Expired|8/5/2025 8:01:58 AM|8/12/2025 8:01:58 AM|Freeing the people of high tax|871247|692.04|20|79|
645829|blegth|irting|Nuclear Proliferation League|17228|Aqua|259695|OTTOTTO|OTTOTTO||0|Red|Expired|8/4/2025 11:48:46 AM|8/11/2025 11:48:46 AM|A general dispute|871245|653.58|0|100|
646209|My Name Is KMob|KMobs Territory|Deathblow|17387|Black|635096|Peter555111|Peterborough555||0|Aqua|Expired|8/4/2025 4:58:58 AM|8/11/2025 4:58:58 AM|A general dispute|871242|433.83|0|100|
647087|Meow22Meow22|Miwso||0|Blue|647060|CAMOM|CAMOM EMPIRE||0|Red|Expired|8/3/2025 2:26:57 AM|8/10/2025 2:26:57 AM|Tech honestly -___- hi|871240|679.83|38|61|
325202|murtibing|Fluens|Axiom of Regularity|17122|Blue|635658|Chaotican|United CroatiaUC|Wurst Alliance|16919|Green|Expired|8/3/2025 12:00:41 AM|8/10/2025 12:00:41 AM|Empirical verification|871239|9,972.04|14|85|
644690|kylelandia|Kylelandia|Nuclear Proliferation League|17228|Aqua|644803|neruameya1|Sindhudrg|Veneris|17356|White|Expired|8/2/2025 5:58:34 AM|8/9/2025 5:58:34 AM|A general dispute|871238|97.62|0|100|
610594|ADude|OceaniaRedux|Doom Squad|16454|Black|625634|firingline|TheCastle|The Wolves|16660|Black|Expired|7/31/2025 4:16:14 PM|8/7/2025 4:16:14 PM|No navy|871237|17,346.20|57|42|
627592|Lord Xamaeron|Celtic Forest|DOOMBIRD DOOMCAVE|10449|Brown|49861|rabonnobar|Calabria||0|Maroon|Expired|7/30/2025 11:50:46 PM|8/6/2025 11:50:46 PM|tech raid|871234|5,701.18|0|100|
625634|firingline|TheCastle|The Wolves|16660|Black|610594|ADude|OceaniaRedux|Doom Squad|16454|Black|Expired|7/30/2025 8:20:43 PM|8/6/2025 8:20:43 PM|no navy|871231|0.00|0|0|
40650|kerschbs|indica|Non Grata|10097|Maroon|49861|rabonnobar|Calabria||0|Maroon|Expired|7/30/2025 3:37:27 PM|8/6/2025 3:37:27 PM|Come back to NG|871229|601.86|0|100|
634256|I Win You Lose|I Win You Loose|The Phoenix Federation|17385|Black|504047|TankKiller|Kortaenica|North Atlantic Defense Coalition|17092|Maroon|Expired|7/28/2025 8:09:58 AM|8/4/2025 8:09:58 AM|Another raid |871219|196.81|0|100|
373428|Brian|The Looking Glass|Christian Coalition Of Countries|10028|Maroon|623966|TrueBlue|Bulloch|Christian Coalition Of Countries|10028|Maroon|Expired|7/27/2025 3:29:11 PM|8/3/2025 3:29:11 PM|Login and do Trades please |871218|0.00|0|0|
645829|blegth|irting|Nuclear Proliferation League|17228|Aqua|259695|OTTOTTO|OTTOTTO||0|Red|Expired|7/27/2025 2:34:38 PM|8/3/2025 2:34:38 PM|Send 27mil+300 tech for peace|871217|993.33|0|100|
325202|murtibing|Fluens|Axiom of Regularity|17122|Blue|635658|Chaotican|United CroatiaUC|Wurst Alliance|16919|Green|Expired|7/26/2025 11:52:51 PM|8/2/2025 11:52:51 PM|Grand hypothesis|871215|6,893.24|3|96|
647063|geneclar|Kandam|Global Alliance And Treaty Organization|10003|Brown|646209|My Name Is KMob|KMobs Territory|Deathblow|17387|Black|Expired|7/25/2025 11:20:04 AM|8/1/2025 11:20:04 AM|Mutual defense|871214|2,286.26|39|60|
4930|Sir Sci|Scots Empire|Global Alliance And Treaty Organization|10003|Brown|646209|My Name Is KMob|KMobs Territory|Deathblow|17387|Black|Expired|7/25/2025 10:51:30 AM|8/1/2025 10:51:30 AM|Defense and Glory of GATO|871213|2,177.24|0|100|
556496|rheebrosinc|SwagJuice|Christian Coalition Of Countries|10028|Maroon|479290|Sauron1|Mordor1|Christian Coalition Of Countries|10028|Maroon|Expired|7/24/2025 8:37:13 PM|7/31/2025 8:37:13 PM|Log in and send trades pls|871212|0.00|0|0|
646209|My Name Is KMob|KMobs Territory|Deathblow|17387|Black|646801|Chaos Gremlin|Chaostopia|Global Alliance And Treaty Organization|10003|Brown|Expired|7/24/2025 6:04:40 PM|7/31/2025 6:04:40 PM|A general dispute|871211|314.52|0|100|
634256|I Win You Lose|I Win You Loose|The Phoenix Federation|17385|Black|259695|OTTOTTO|OTTOTTO||0|Red|Expired|7/24/2025 3:18:19 PM|7/31/2025 3:18:19 PM|A general dispute|871209|347.18|0|100|
634256|I Win You Lose|I Win You Loose|The Phoenix Federation|17385|Black|504047|TankKiller|Kortaenica|North Atlantic Defense Coalition|17092|Maroon|Expired|7/22/2025 3:12:28 PM|7/29/2025 3:12:28 PM|Raid |871206|203.16|0|100|
487838|Lord von Manteuffel|Kampfgruppe Panzer|Swash Plates And Tail Rotors|10126|None|432428|Kentucky Colonel|Silver Grove|Swash Plates And Tail Rotors|10126|Maroon|Expired|7/22/2025 9:16:35 AM|7/29/2025 9:16:35 AM|Wake up|871205|741.81|32|67|
634256|I Win You Lose|I Win You Loose|The Phoenix Federation|17385|Black|259695|OTTOTTO|OTTOTTO||0|Red|Expired|7/21/2025 12:12:32 PM|7/28/2025 12:12:32 PM|Casualty raid |871204|183.91|0|100|
610594|ADude|OceaniaRedux|Doom Squad|16454|Black|545923|VHongo|Canadian Dominanace|Green Protection Agency|10041|Green|Expired|7/20/2025 10:54:19 AM|7/27/2025 10:54:19 AM|got the whole crew|871198|3,457.77|5|94|
610594|ADude|OceaniaRedux|Doom Squad|16454|Black|548266|Printer635|Faralament|Green Protection Agency|10041|Green|Expired|7/20/2025 10:54:07 AM|7/27/2025 10:54:07 AM|wake up|871197|10,375.78|41|58|
645829|blegth|irting|Nuclear Proliferation League|17228|Aqua|259695|OTTOTTO|OTTOTTO||0|Red|Expired|7/19/2025 2:19:34 PM|7/26/2025 2:19:34 PM|A general dispute|871193|800.06|0|100|
610594|ADude|OceaniaRedux|Doom Squad|16454|Black|259695|OTTOTTO|OTTOTTO||0|Red|Expired|7/18/2025 9:45:47 AM|7/25/2025 9:45:47 AM|CPD thats all|871187|206.38|0|100|
610594|ADude|OceaniaRedux|Doom Squad|16454|Black|644760|Chistoph91|Otnorot|Coalition of Royal Allied Powers|10051|Red|Expired|7/18/2025 9:43:54 AM|7/25/2025 9:43:54 AM|Still ghosting!|871186|478.48|0|100|
610594|ADude|OceaniaRedux|Doom Squad|16454|Black|114074|Kronologic|Kronoland|World Task Force|10053|Blue|Expired|7/18/2025 8:13:44 AM|7/25/2025 8:13:44 AM|A general dispute|871184|568.54|0|100|
627592|Lord Xamaeron|Celtic Forest|DOOMBIRD DOOMCAVE|10449|Brown|130272|diegocg|Espi&#241;a||0|Blue|Expired|7/17/2025 11:06:27 PM|7/24/2025 11:06:27 PM|tech raid, peace sent|871182|2,744.81|0|100|
273509|Enrage|TheEmpire|WWF|14310|Green|471818|karanot|Slovakia|World Task Force|10053|Aqua|Expired|7/17/2025 10:54:21 PM|7/24/2025 10:54:21 PM|raid / pm for peace|871181|5,183.81|0|100|
155826|weebl2000|Azeer|Non Grata|10097|Maroon|189605|Polemos|Realm of Fury||0|Maroon|Expired|7/17/2025 8:58:04 PM|7/24/2025 8:58:04 PM|join NG|871180|21,936.96|37|62|
155826|weebl2000|Azeer|Non Grata|10097|Maroon|130272|diegocg|Espi&#241;a||0|Blue|Expired|7/17/2025 8:48:24 PM|7/24/2025 8:48:24 PM|beep boop join NG|871179|6,800.85|33|66|
325202|murtibing|Fluens|Axiom of Regularity|17122|Maroon|259695|OTTOTTO|OTTOTTO||0|Red|Expired|7/16/2025 2:56:06 PM|7/23/2025 2:56:06 PM|Not only roses are red|871172|6,012.28|0|100|
325202|murtibing|Fluens|Axiom of Regularity|17122|Maroon|254864|morralis|Liberated Texas|The Order Of The Black Rose|10045|Black|Expired|7/14/2025 11:55:23 PM|7/21/2025 11:55:23 PM|Flowery dispute|871167|3,828.95|8|91|
325202|murtibing|Fluens|Axiom of Regularity|17122|Maroon|620463|Sysiphus Maximus|Pelabos|The Order Of The Black Rose|10045|Black|Expired|7/14/2025 11:53:15 PM|7/21/2025 11:53:15 PM|Flowery dispute|871166|17,508.26|17|82|
615966|tehol|Lether|Doom Squad|16454|Black|237395|Spook|SPOGLO||0|Maroon|Expired|7/13/2025 9:11:23 PM|7/20/2025 9:11:23 PM|Fun|871164|19,734.47|18|81|
40650|kerschbs|indica|Non Grata|10097|Maroon|237395|Spook|SPOGLO||0|Maroon|Expired|7/13/2025 5:49:16 PM|7/20/2025 5:49:16 PM|Casualty Raid-PM for peace |871163|5,729.91|65|34|
484851|enderland|Fields of Elysium|Doombrella|17368|Black|471818|karanot|Slovakia|World Task Force|10053|Aqua|Expired|7/13/2025 3:31:48 PM|7/20/2025 3:31:48 PM|Tech raid, peace sent|871158|2,530.02|0|100|
484851|enderland|Fields of Elysium|Doombrella|17368|Black|237395|Spook|SPOGLO||0|Maroon|Expired|7/13/2025 3:18:24 PM|7/20/2025 3:18:24 PM|Raid, peace sent|871157|13,843.28|26|73|
625634|firingline|TheCastle|The Wolves|16660|Black|631406|The Black Kaiser|Medieval Reich||0|Green|Expired|7/12/2025 10:07:51 AM|7/19/2025 10:07:51 AM|Casualty raid|871154|4,146.71|34|65|
630971|Jeremiah|CERAVA|Non Grata|10097|Maroon|631406|The Black Kaiser|Medieval Reich||0|Green|Expired|7/12/2025 12:18:40 AM|7/19/2025 12:18:40 AM|casualties|871152|9,664.14|50|49|
631406|The Black Kaiser|Medieval Reich||0|Green|615969|Al3efix|DaWeasel|The Phoenix Federation|17385|Green|Expired|7/11/2025 10:51:02 PM|7/18/2025 10:51:02 PM|A general dispute|871151|732.11|10|89|
573111|Al Bundy|bundyville|The Wolves|16660|Maroon|631406|The Black Kaiser|Medieval Reich||0|Green|Expired|7/11/2025 10:05:11 PM|7/18/2025 10:05:11 PM|Oooooo Juicy! |871150|16,532.16|35|64|
631406|The Black Kaiser|Medieval Reich||0|Green|589615|Korlath|Korlithica|The Phoenix Federation|17385|Black|Expired|7/11/2025 9:52:45 PM|7/18/2025 9:52:45 PM|A general dispute|871149|4,407.01|59|40|
645829|blegth|irting|Nuclear Proliferation League|17228|Aqua|259695|OTTOTTO|OTTOTTO|Independent Republic Of Orange Nations|10004|Red|Expired|7/11/2025 7:45:47 AM|7/18/2025 7:45:47 AM|A general dispute|871146|579.51|0|100|
646326|DootVader|Canard||0|Green|646209|My Name Is KMob|KMobs Territory|Deathblow|17387|Black|Expired|7/10/2025 6:01:04 AM|7/17/2025 6:01:04 AM|A general dispute|871141|673.23|42|57|
646892|Kamva|Zaire Republic|Nuclear Proliferation League|17228|Aqua|646209|My Name Is KMob|KMobs Territory|Deathblow|17387|Black|Expired|7/10/2025 5:57:58 AM|7/17/2025 5:57:58 AM|A general dispute|871140|204.95|100|0|
626678|slothix|Kevin|Non Grata|10097|Maroon|529964|Pelzig|Salusa Secundus|Non Grata|10097|Maroon|Expired|7/9/2025 2:11:56 PM|7/16/2025 2:11:56 PM|Wake up! Come talk to us.|871138|0.00|0|0|
40650|kerschbs|indica|Non Grata|10097|Maroon|130272|diegocg|Espi&#241;a||0|Blue|Expired|7/9/2025 10:44:13 AM|7/16/2025 10:44:13 AM|Casualties-PM for peace|871136|3,744.03|0|100|
646209|My Name Is KMob|KMobs Territory|Deathblow|17387|Black|646533|Royal Foley|Reggaelia||0|Green|Expired|7/9/2025 9:26:33 AM|7/16/2025 9:26:33 AM|A general dispute|871135|870.97|80|19|
610594|ADude|OceaniaRedux|Doom Squad|16454|Black|2099|Pingu|Free Radicals||0|Orange|Expired|7/8/2025 9:23:11 PM|7/15/2025 9:23:11 PM|dead dudes|871131|13,270.40|69|30|
552359|SeaBeeGipson|Denton|MONGOLS|14492|Maroon|226680|mcp13|Athenenoctua|Green Protection Agency|10041|Green|Expired|7/8/2025 9:08:34 PM|7/15/2025 9:08:34 PM|Casualty Raid - DM for Peace|871130|5,758.80|87|12|
446109|VVhite Majik|VS0P United|Doombrella|17368|Black|369917|Gibsonator21|Gibsonistan|Non Grata|10097|Maroon|Expired|7/8/2025 8:44:10 PM|7/15/2025 8:44:10 PM|Because of chim|871129|4,980.52|24|75|
610594|ADude|OceaniaRedux|Doom Squad|16454|Black|644760|Chistoph91|Otnorot|Coalition of Royal Allied Powers|10051|Red|Expired|7/7/2025 8:40:59 PM|7/14/2025 8:40:59 PM|ghostbusting|871127|479.00|0|100|
610594|ADude|OceaniaRedux|Doom Squad|16454|Black|641533|Haamu|Sampo|WWF|14310|Blue|Expired|7/7/2025 8:19:06 PM|7/14/2025 8:19:06 PM|dead dudes|871126|0.00|0|0|
610594|ADude|OceaniaRedux|Doom Squad|16454|Black|504047|TankKiller|Kortaenica|North Atlantic Defense Coalition|17092|Maroon|Expired|7/7/2025 8:16:36 PM|7/14/2025 8:16:36 PM|you had a break...|871125|1,984.72|10|89|
610594|ADude|OceaniaRedux|Doom Squad|16454|Black|548266|Printer635|Faralament|Green Protection Agency|10041|Green|Expired|7/7/2025 8:16:24 PM|7/14/2025 8:16:24 PM|run it back|871124|8,725.82|33|66|
625634|firingline|TheCastle|The Wolves|16660|Black|545923|VHongo|Canadian Dominanace|Green Protection Agency|10041|Green|Expired|7/7/2025 6:33:31 PM|7/14/2025 6:33:31 PM|Jerdge sent me|871123|245.12|0|100|
634256|I Win You Lose|I Win You Loose|The Phoenix Federation|17385|Black|151549|bros2|LUEshida|Mushroom Kingdom|17088|Maroon|Expired|7/6/2025 6:44:14 PM|7/13/2025 6:44:14 PM|It&#226;&#8364;&#8482;s a RAID |871122|1,859.77|0|100|
626860|BringMeTheHorizon|Dakotas|Doombrella|17368|Black|234540|Oli1980|Badenien|Green Protection Agency|10041|Green|Expired|7/6/2025 12:41:42 PM|7/13/2025 12:41:42 PM|A general dispute|871121|1,307.77|0|100|
552359|SeaBeeGipson|Denton|MONGOLS|14492|Maroon|91865|Earl Dumarest|Gath Of The Winds|We Are Perth Army|10036|White|Expired|7/5/2025 10:23:15 PM|7/12/2025 10:23:15 PM|Casualty Raid - DM for Peace|871116|0.00|0|0|
325202|murtibing|Fluens|Axiom of Regularity|17122|Maroon|545923|VHongo|Canadian Dominanace|Green Protection Agency|10041|Green|Expired|7/3/2025 11:52:54 PM|7/10/2025 11:52:54 PM|Greenhouse effect|871109|10,281.25|2|97|
325202|murtibing|Fluens|Axiom of Regularity|17122|Maroon|254864|morralis|Liberated Texas|The Order Of The Black Rose|10045|Black|Expired|7/3/2025 11:52:36 PM|7/10/2025 11:52:36 PM|Even more liberation|871108|8,167.50|23|76|
325202|murtibing|Fluens|Axiom of Regularity|17122|Maroon|620463|Sysiphus Maximus|Pelabos|The Order Of The Black Rose|10045|Black|Expired|7/3/2025 11:52:18 PM|7/10/2025 11:52:18 PM|...when the forests burn|871107|13,929.85|18|81|
634256|I Win You Lose|I Win You Loose|The Phoenix Federation|17385|Black|259695|OTTOTTO|OTTOTTO||0|Red|Expired|7/3/2025 8:29:37 PM|7/10/2025 8:29:37 PM|Join us |871105|187.00|0|100|
