Declaring ID|Declaring Ruler|Declaring Nation|Declaring Alliance|Declaring Alliance ID|Declaring Team|Receiving ID|Receiving Ruler|Receiving Nation|Receiving Alliance|Receiving Alliance ID|Receiving Team|Status|Money|Technology|Soldiers|Date|Reason|Aid ID|
433547|WhitEarendur|Tol Eressea|New Polar Order|10006|Blue|645740|ShadowSleeper|Noevgono|Nuclear Proliferation League|17228|Aqua|Pending|9000000|0|0|7/23/2025 5:05:39 PM|9/100|4980622|
640557|CrixKringle|Paragonia|Viridian Entente|10010|Green|351954|kobetop|Arulelea|Viridian Entente|10010|Green|Pending|0|100|0|7/23/2025 4:59:03 PM|Tech Deal (1 of 2)|4980621|
362361|Gofast2006|Pioneer Village|Nuclear Proliferation League|17228|Aqua|645525|GodKing Menes|Free Republic of Kem|Nuclear Proliferation League|17228|Aqua|Pending|9000000|0|0|7/23/2025 4:26:45 PM|9/100 tech|4980620|
599846|RandomWon|Hangry|Sparta|10008|Green|119735|smusmu|Smustra|Sparta|10008|Black|Pending|0|100|0|7/23/2025 4:14:07 PM|Financial Assistance|4980619|
645156|RekEm Republic|RekEm Republic|The Legion|10020|Purple|637024|deanimator|Kuzai|The Legion|10020|Purple|Pending|0|100|0|7/23/2025 4:11:00 PM|Financial Assistance|4980618|
604644|cobrastrike|HouseOfSnakes|New Polar Order|10006|Blue|241138|IceFlyer|Eleytheria|New Polar Order|10006|Blue|Pending|0|100|0|7/23/2025 4:10:20 PM|Aid Fall|4980617|
604644|cobrastrike|HouseOfSnakes|New Polar Order|10006|Blue|91526|Dajobo|Disktopia|New Polar Order|10006|Blue|Pending|0|100|0|7/23/2025 4:10:05 PM|Aid Fall|4980616|
639953|Mihail the Just|Republic of Onivlac|New Polar Order|10006|Blue|597501|JayMillz|Curel|New Polar Order|10006|Blue|Pending|0|100|0|7/23/2025 4:09:58 PM|ICECAP Tech|4980615|
604644|cobrastrike|HouseOfSnakes|New Polar Order|10006|Blue|120390|Imperator Azenquor|Vaule|New Polar Order|10006|Blue|Pending|0|100|0|7/23/2025 4:09:50 PM|Aid Fall|4980614|
639953|Mihail the Just|Republic of Onivlac|New Polar Order|10006|Blue|526631|Fyston|Gallifrey|New Polar Order|10006|Blue|Approved|0|100|0|7/23/2025 4:09:37 PM|ICECAP Tech|4980613|
604644|cobrastrike|HouseOfSnakes|New Polar Order|10006|Blue|564085|moonshiner|whiskey island|New Polar Order|10006|Blue|Pending|0|100|0|7/23/2025 4:08:31 PM|Aid Fall|4980612|
644950|Oddin|Glendor|The Grand Lodge Of Freemasons|10029|Orange|256722|MDH962|Claysburgh|The Grand Lodge of Freemasons|10029|Orange|Pending|0|100|0|7/23/2025 4:04:38 PM|Tech Deal |4980611|
639953|Mihail the Just|Republic of Onivlac|New Polar Order|10006|Blue|512699|Mindbraker|Aguda|New Polar Order|10006|Blue|Pending|0|100|0|7/23/2025 4:04:37 PM|ICECAP Tech|4980610|
132232|Justin666|Pain nation 666|Non Grata|10097|Maroon|560469|draggie|Aporia|Non Grata|10097|Maroon|Pending|9000000|0|0|7/23/2025 4:01:38 PM|Financial Assistance|4980609|
538690|CrinkledStraw|The Fierce Crown|Non Grata|10097|Maroon|418916|HeroofTime55|New XGA|Non Grata|10097|Maroon|Pending|0|100|0|7/23/2025 3:34:50 PM|Financial Assistance|4980608|
3673|Zepher|Largonia|New Pacific Order|10000|Red|594363|Greatkitteh|Guahan|New Pacific Order|10000|Red|Pending|9000000|0|0|7/23/2025 3:06:52 PM|Rising Stars|4980607|
3673|Zepher|Largonia|New Pacific Order|10000|Red|618189|Curiosity|Illusion|New Pacific Order|10000|Red|Pending|9000000|0|0|7/23/2025 3:06:20 PM|Bankroll|4980606|
508144|LtHawkeye|Takashia|New Pacific Order|10000|Red|618189|Curiosity|Illusion|New Pacific Order|10000|Red|Pending|9000000|0|0|7/23/2025 2:55:10 PM|Bankroll|4980605|
508144|LtHawkeye|Takashia|New Pacific Order|10000|Red|594363|Greatkitteh|Guahan|New Pacific Order|10000|Red|Pending|9000000|0|0|7/23/2025 2:55:06 PM|Rising Stars|4980604|
508144|LtHawkeye|Takashia|New Pacific Order|10000|Red|572011|Nijil1|Polinasia|New Pacific Order|10000|Red|Approved|9000000|0|0|7/23/2025 2:55:01 PM|Rising Stars|4980603|
508144|LtHawkeye|Takashia|New Pacific Order|10000|Red|639451|ArcWolf3181|Barks Nivvlla|New Pacific Order|10000|Red|Pending|9000000|0|0|7/23/2025 2:54:56 PM|Bankroll|4980602|
508144|LtHawkeye|Takashia|New Pacific Order|10000|Red|554906|Terekhov|Revenge of Gravity|New Pacific Order|10000|Red|Pending|9000000|0|0|7/23/2025 2:54:51 PM|Bankroll|4980601|
508144|LtHawkeye|Takashia|New Pacific Order|10000|Red|535709|Pressure|Newton|New Pacific Order|10000|Red|Pending|9000000|0|0|7/23/2025 2:54:45 PM|Bankroll|4980600|
329142|Donada|Hobis|Argent|10063|Pink|471972|Monkzaon|Ecliptonia|United Equestria|10101|Pink|Pending|9000000|0|0|7/23/2025 2:50:01 PM|Again?|4980599|
441760|jacka|north 40|The Legion|10020|Purple|116618|Thrash|Machas|The Legion|10020|Purple|Pending|0|100|0|7/23/2025 2:40:10 PM|Financial Assistance|4980598|
441760|jacka|north 40|The Legion|10020|Purple|637024|deanimator|Kuzai|The Legion|10020|Purple|Pending|0|100|0|7/23/2025 2:40:01 PM|Financial Assistance|4980597|
554023|loganherring|Herring Island|Knights Of The Round Table|10092|Green|606786|The Milkmaid|Dun Holm|Knights Of The Round Table|10092|White|Pending|9000000|0|0|7/23/2025 1:53:27 PM|Tech|4980596|
207347|Arcane|Arcania|Fark|10002|Aqua|635667|Steves|Steveland|Fark|10002|Aqua|Pending|9000000|0|0|7/23/2025 1:44:50 PM|Tech|4980595|
640620|Frioz|Lusitania Portugalia|Post Grunge Supergroup|16367|Brown|582004|Neforatu|Nation Reborn|Post Grunge Supergroup|16367|Yellow|Pending|0|100|0|7/23/2025 1:43:47 PM|Financial Assistance|4980594|
640620|Frioz|Lusitania Portugalia|Post Grunge Supergroup|16367|Brown|634243|KhanterWinters|Utrennyaya Zvezda|Post Grunge Supergroup|16367|Brown|Pending|0|100|0|7/23/2025 1:43:38 PM|Financial Assistance|4980593|
645984|keyman|Bonland|Nuclear Proliferation League|17228|Aqua|639322|Kaenver|PDR Muog|Madlads Union|17130|Brown|Pending|0|100|0|7/23/2025 1:40:40 PM|Financial Assistance|4980592|
383462|Yeshua Soloman|Incar|Christian Coalition of Countries|10028|Maroon|315967|slmarsch|Rio Grande|Freehold of The Wolves|15157|White|Pending|0|100|0|7/23/2025 1:18:46 PM|VEP Tech|4980591|
383462|Yeshua Soloman|Incar|Christian Coalition of Countries|10028|Maroon|369840|Astron|Svedala|NATO|10037|Blue|Approved|0|100|0|7/23/2025 1:18:15 PM|VEP Tech|4980590|
383462|Yeshua Soloman|Incar|Christian Coalition of Countries|10028|Maroon|206879|Platinumviper|Bekaa|NATO|10037|Blue|Approved|0|100|0|7/23/2025 1:17:50 PM|VEP Tech|4980589|
383462|Yeshua Soloman|Incar|Christian Coalition of Countries|10028|Maroon|554646|A1ph4 0m3ga|Paradisia|Christian Coalition Of Countries|10028|Maroon|Approved|9000000|100|0|7/23/2025 1:14:15 PM|VEP Tech|4980586|
383462|Yeshua Soloman|Incar|Christian Coalition of Countries|10028|Maroon|430046|Beowulf88|Arcanium|Christian Coalition of Countries|10028|Maroon|Pending|9000000|100|0|7/23/2025 1:12:25 PM|VEP Tech|4980585|
383462|Yeshua Soloman|Incar|Christian Coalition of Countries|10028|Maroon|482099|Sir Gunz|Talent|Christian Coalition Of Countries|10028|Maroon|Pending|9000000|100|0|7/23/2025 1:11:45 PM|VEP Tech|4980584|
373428|Brian|The Looking Glass|Christian Coalition Of Countries|10028|Maroon|88398|thepunk|thepunk|Federation Of Armed Nations|10021|Yellow|Pending|0|100|0|7/23/2025 1:05:52 PM|Financial Assistance|4980583|
373428|Brian|The Looking Glass|Christian Coalition Of Countries|10028|Maroon|39465|King Tom|king Tom|NATO|10037|Blue|Pending|0|100|0|7/23/2025 1:05:35 PM|Financial Assistance|4980582|
373428|Brian|The Looking Glass|Christian Coalition Of Countries|10028|Maroon|554646|A1ph4 0m3ga|Paradisia|Christian Coalition Of Countries|10028|Maroon|Approved|0|100|0|7/23/2025 1:05:27 PM|Financial Assistance|4980581|
373428|Brian|The Looking Glass|Christian Coalition Of Countries|10028|Maroon|315967|slmarsch|Rio Grande|Freehold of The Wolves|15157|White|Pending|0|100|0|7/23/2025 1:05:20 PM|Financial Assistance|4980580|
373428|Brian|The Looking Glass|Christian Coalition Of Countries|10028|Maroon|9093|Hannibal Vess|Mimetica|Old Guard|11296|Blue|Pending|0|100|0|7/23/2025 1:05:10 PM|Financial Assistance|4980579|
599455|RearviewRover|Prossy Boat Party|Non Grata|10097|Maroon|490921|Roo Blu II|Blue Roo|Non Grata|10097|Maroon|Pending|0|100|0|7/23/2025 12:28:31 PM|Tech deal|4980578|
599455|RearviewRover|Prossy Boat Party|Non Grata|10097|Maroon|473088|JuiceBox|Phoenix Isle|Non Grata|10097|Maroon|Pending|0|100|0|7/23/2025 12:28:22 PM|Tech deal|4980577|
627572|Latexi|Why would I do this|Non Grata|10097|Maroon|500125|Soxirella|Jusmania|Non Grata|10097|Maroon|Pending|0|100|0|7/23/2025 12:21:26 PM|Financial Assistance|4980576|
639165|Otto Die Heilige|Holy Roman Reich|The Prussian Empire|14204|Green|631432|Elector King|Bohemia Moravia|The Prussian Empire|14204|Green|Pending|9000000|0|0|7/23/2025 12:13:44 PM|9/100?|4980575|
532788|end666|A New India|New Pacific Order|10000|Red|632290|JT the Lionheart|Empire of the Rock|The Wolves|16660|Maroon|Pending|9000000|0|0|7/23/2025 12:10:33 PM|Hugs from NPO|4980574|
532788|end666|A New India|New Pacific Order|10000|Red|679|Gateborg|Gateborg|New Pacific Order|10000|Red|Pending|9000000|0|0|7/23/2025 12:10:27 PM|Bankroll|4980573|
532788|end666|A New India|New Pacific Order|10000|Red|618189|Curiosity|Illusion|New Pacific Order|10000|Red|Pending|9000000|0|0|7/23/2025 12:10:19 PM|Bankroll|4980572|
532788|end666|A New India|New Pacific Order|10000|Red|594363|Greatkitteh|Guahan|New Pacific Order|10000|Red|Pending|9000000|0|0|7/23/2025 12:10:11 PM|Rising Stars|4980571|
532788|end666|A New India|New Pacific Order|10000|Red|572011|Nijil1|Polinasia|New Pacific Order|10000|Red|Approved|9000000|0|0|7/23/2025 12:10:01 PM|Rising Stars|4980570|
374321|Clash|Discord|Doombrella|17368|Black|646870|Waffless|Wafflandia|Doombrella|17368|Black|Pending|9000000|0|4000|7/23/2025 11:57:55 AM|You deserve soldiers too|4980569|
39705|Bmk812|Eisenherz|Global Alliance And Treaty Organization|10003|Brown|647033|rachel666|Rachellia|Global Alliance And Treaty Organization|10003|Brown|Approved|9000000|0|0|7/23/2025 11:57:18 AM|Tech Aid|4980568|
143690|Xavii|Tiltakslos|Doom Squad|16454|Black|99344|lunar146|Dreadnaught|Doom Squad|16454|Black|Approved|0|100|0|7/23/2025 11:45:45 AM|Financial Assistance|4980567|
525223|Zorrr|Deep Zither|Knights of the Round Table|10092|Purple|643321|KerouacLives|Astorion|Knights Of The Round Table|10092|Green|Approved|9000000|0|0|7/23/2025 11:31:39 AM|100 Tek deal|4980566|
511886|The Sentinel|Ruscino|Knights of the Round Table|10092|Green|637080|Secundum|Uhtceare|Knights Of The Round Table|10092|Green|Pending|9000000|0|0|7/23/2025 11:29:57 AM|Tech.9.100|4980565|
636336|Stelth|White Mountain|Union Of Communist Republics|10060|Brown|645347|Randomnameguy|New England INC|Post Grunge Supergroup|16367|Brown|Approved|9000000|0|0|7/23/2025 11:20:47 AM|Tech check|4980564|
12501|onbekende|Kapellen|Independent Republic of Orange Nations|10004|Orange|636601|Wolfbite|Caffinated Wolves|Independent Republic Of Orange Nations|10004|Orange|Pending|0|100|0|7/23/2025 11:19:54 AM|ITF|4980563|
449283|Sir Benevale|Orangewall|Knights of the Round Table|10092|Green|626161|54vee|Tallinn Compact|CLAWS|15841|Black|Pending|9000000|0|0|7/23/2025 11:11:45 AM|Techno $9M/100T|4980562|
628583|Dopes|Slaptico|Church of the Holy Platypus|17265|Brown|647076|Innix|Axis Negentropy|Church of the Holy Platypus|17265|Maroon|Approved|6000000|0|0|7/23/2025 11:10:30 AM|Startup cash|4980561|
612774|Oleg the Disfigured|Slag Vrch|Knights Of The Round Table|10092|Green|604229|St Mungo|Glasgow|Knights Of The Round Table|10092|Green|Approved|9000000|0|0|7/23/2025 11:08:44 AM|100 tech please|4980560|
646327|KittenGosCrazy|Aura Kingdom|Global Alliance And Treaty Organization|10003|Brown|273254|unstpblpimp|unstpblpimp|Global Alliance and Treaty Organization|10003|Brown|Pending|0|100|0|7/23/2025 11:08:27 AM|Purchased Tech|4980559|
643549|KingDutchison|KingDutchison|The Legion|10020|Purple|618779|learjet|Racinante|The Legion|10020|Purple|Pending|0|100|0|7/23/2025 10:40:13 AM|Financial Assistance|4980558|
644206|RubyGloom|Big Scania|COBRA|13717|Green|247134|ShadowChaos|ShadowChaos|COBRA|13717|Maroon|Pending|0|100|0|7/23/2025 10:26:04 AM|Financial Assistance|4980557|
644206|RubyGloom|Big Scania|COBRA|13717|Green|613743|Tacotopia|Bobs Your Uncle|CLAWS|15841|Black|Pending|0|100|0|7/23/2025 10:25:39 AM|Financial Assistance|4980556|
526716|Lev Trotsky|Nikolayev SSR|Interkosmos|16298|Green|287231|Bolivar|Bolivar|Libertarian Socialist Federation|10027|Brown|Pending|9000000|0|0|7/23/2025 10:11:12 AM|Bolivar tech|4980555|
646860|Henry Jones Sr|Rev Rep Sandy Staat||0|Green|628653|Freyz|Mittlemazigste|Knights Of The Round Table|10092|Green|Approved|0|100|0|7/23/2025 10:10:09 AM|texh|4980554|
646984|fruitloomps|Loomberg|Global Alliance And Treaty Organization|10003|Brown|561575|DragonsPhyre|Dragon Spire|Global Alliance And Treaty Organization|10003|Brown|Pending|0|100|0|7/23/2025 10:09:57 AM|Financial Assistance|4980553|
628653|Freyz|Mittlemazigste|Knights Of The Round Table|10092|Green|638158|TheBlob|Space Jelly|Knights Of The Round Table|10092|Red|Pending|9000000|0|0|7/23/2025 10:08:17 AM|Financial Assistance|4980552|
596807|AmeerMuib|SiegeTank|Disciples of Duckroll|17024|Black|541774|Das Blitzkrieger|Leistungsstarke|Disciples of Duckroll|17024|Black|Pending|0|100|0|7/23/2025 10:05:04 AM|Financial Assistance|4980551|
596807|AmeerMuib|SiegeTank|Disciples of Duckroll|17024|Black|585631|Srivatsan|MAHANADU|Disciples of Duckroll|17024|Black|Pending|0|100|0|7/23/2025 10:03:51 AM|Financial Assistance|4980550|
596807|AmeerMuib|SiegeTank|Disciples of Duckroll|17024|Black|230799|Raymond Jaeger|New Alabama|Disciples of Duckroll|17024|Black|Pending|0|100|0|7/23/2025 10:03:38 AM|Financial Assistance|4980549|
596807|AmeerMuib|SiegeTank|Disciples of Duckroll|17024|Black|334182|st6mm|Northern Reich|Disciples of Duckroll|17024|Black|Approved|0|100|0|7/23/2025 10:03:15 AM|Financial Assistance|4980548|
436358|mordred|Lothian and Orcanie|Knights of the Round Table|10092|Green|626161|54vee|Tallinn Compact|CLAWS|15841|Black|Pending|9000000|0|0|7/23/2025 10:02:24 AM|Tech $9m-100t deal|4980547|
644936|bertcoin|Bertlandia|Knights Of The Round Table|10092|Green|637080|Secundum|Uhtceare|Knights Of The Round Table|10092|Green|Approved|9000000|0|0|7/23/2025 9:46:09 AM|Tech Deal?|4980546|
638048|CharlisonX|Willstate|New Polar Order|10006|Blue|553210|tenbob|Mayoabu|New Polar Order|10006|Blue|Approved|0|100|0|7/23/2025 9:41:59 AM|ICECAP Tech|4980545|
644936|bertcoin|Bertlandia|Knights Of The Round Table|10092|Green|636551|gnews|Norveeba|Knights Of The Round Table|10092|Green|Pending|6000000|0|0|7/23/2025 9:41:00 AM|Tech deal?|4980544|
644936|bertcoin|Bertlandia|Knights Of The Round Table|10092|Green|646230|Canuck|Oh Canada|Knights Of The Round Table|10092|Green|Approved|9000000|0|0|7/23/2025 9:40:08 AM|tech deal?|4980543|
119735|smusmu|Smustra|Sparta|10008|Black|644316|Sam Sparks|Mendota|Sparta|10008|Black|Approved|6000000|0|0|7/23/2025 9:39:51 AM|Tech Deal|4980542|
555535|Presidential|WashingtonDC|Viridian Entente|10010|Green|219343|TDEVIL|KINDOM OF HADES|Viridian Entente|10010|Green|Pending|0|100|0|7/23/2025 9:31:55 AM|Financial Assistance|4980541|
555535|Presidential|WashingtonDC|Viridian Entente|10010|Green|491885|Chuck Jongil|Soylent Greenland|Viridian Entente|10010|Green|Pending|0|100|0|7/23/2025 9:31:44 AM|Financial Assistance|4980540|
555535|Presidential|WashingtonDC|Viridian Entente|10010|Green|453991|Lieutenant Yenroh|Baguettador III|Viridian Entente|10010|Green|Pending|0|100|0|7/23/2025 9:31:33 AM|Financial Assistance|4980539|
555535|Presidential|WashingtonDC|Viridian Entente|10010|Green|89354|dougal4chaos|dougal4chaos|Viridian Entente|10010|Green|Approved|0|100|0|7/23/2025 9:31:19 AM|Financial Assistance|4980538|
156693|Magnate|Republic of China|The Legion|10020|Purple|645017|RobbentheRider|Skylarkton|The Legion|10020|Purple|Pending|6000000|0|0|7/23/2025 9:29:30 AM|Financial Assistance|4980537|
156693|Magnate|Republic of China|The Legion|10020|Purple|637999|jumali|Bocorz|The Legion|10020|Purple|Pending|9000000|0|0|7/23/2025 9:29:21 AM|Financial Assistance|4980536|
541983|CVO|Kush|NATO|10037|Blue|646548|mass781|Mass781|Christian Coalition Of Countries|10028|Maroon|Pending|6000000|0|0|7/23/2025 9:17:36 AM|Valyrian Aid|4980535|
581999|Johnny Mac|Big Brother 17|CLAWS|15841|Black|625051|Troopers|Colonist|CLAWS|15841|Black|Pending|9000000|0|0|7/23/2025 9:02:54 AM|$9 mil for 100 tech|4980534|
581999|Johnny Mac|Big Brother 17|CLAWS|15841|Black|634521|Kapleo|Kapleo|The Phoenix Federation|17385|Black|Pending|9000000|0|0|7/23/2025 9:02:17 AM|$9 mil for 100 tech|4980533|
482099|Sir Gunz|Talent|Christian Coalition Of Countries|10028|Maroon|646787|Hye781|Calilove4ever|Christian Coalition Of Countries|10028|Maroon|Pending|6000000|0|0|7/23/2025 8:47:27 AM|Valyrian Aid|4980532|
573111|Al Bundy|bundyville|The Wolves|16660|Maroon|645526|Khanya The Great|Triangula|Veneris|17356|White|Approved|9000000|0|0|7/23/2025 8:45:41 AM|9/100|4980531|
482099|Sir Gunz|Talent|Christian Coalition Of Countries|10028|Maroon|373428|Brian|The Looking Glass|Christian Coalition Of Countries|10028|Maroon|Approved|9000000|0|0|7/23/2025 8:43:12 AM|Valyrian Aid|4980530|
482099|Sir Gunz|Talent|Christian Coalition Of Countries|10028|Maroon|621760|Brother Gerard|Knights of St John|Christian Coalition Of Countries|10028|Maroon|Approved|9000000|0|0|7/23/2025 8:41:25 AM|Valyrian Aid|4980529|
637471|Branjawn|United Bishops|Post Grunge Supergroup|16367|Brown|53832|Starcraftmazter|DPRK|The Dark Templar|10056|Black|Pending|0|100|0|7/23/2025 8:23:22 AM|Financial Assistance|4980528|
181481|HammerMan|Dooche|Non Grata|10097|Maroon|500125|Soxirella|Jusmania|Non Grata|10097|Maroon|Pending|0|100|0|7/23/2025 8:16:15 AM|Financial Assistance|4980527|
181481|HammerMan|Dooche|Non Grata|10097|Maroon|133051|MikeTheFirst|MikeLand|Non Grata|10097|Maroon|Pending|0|0|100|7/23/2025 8:16:02 AM|Financial Assistance|4980526|
638567|Cobert|Brightwood|Non Grata|10097|Maroon|582941|Cydonian Knight|Strodemia|Non Grata|10097|Maroon|Approved|0|100|0|7/23/2025 8:00:31 AM|Tech|4980525|
626980|Aspire|AspireFerty|Non Grata|10097|Maroon|626678|slothix|Kevin|Non Grata|10097|Maroon|Pending|9000000|0|0|7/23/2025 8:00:27 AM|Tech Deal|4980524|
638567|Cobert|Brightwood|Non Grata|10097|Maroon|500125|Soxirella|Jusmania|Non Grata|10097|Maroon|Approved|0|100|0|7/23/2025 8:00:15 AM|Tech|4980523|
644713|Nailz|Clavos|The Legion|10020|Purple|618779|learjet|Racinante|The Legion|10020|Purple|Pending|0|100|0|7/23/2025 7:57:20 AM|Financial Assistance|4980522|
633611|Speeder|Dronterlands|Non Grata|10097|Maroon|500125|Soxirella|Jusmania|Non Grata|10097|Maroon|Approved|0|100|0|7/23/2025 7:57:12 AM|Tech deal|4980521|
230895|TCTriangle|Taninsania|Non Grata|10097|Maroon|560469|draggie|Aporia|Non Grata|10097|Maroon|Pending|9000000|0|0|7/23/2025 7:56:45 AM|Tech Circle|4980520|
646800|Brotherlouie27|Louimerica II|Global Alliance And Treaty Organization|10003|Brown|394625|Empress Elizabeth|DeWitt|Global Alliance And Treaty Organization|10003|Brown|Approved|0|100|0|7/23/2025 7:38:42 AM|Financial Assistance|4980519|
626678|slothix|Kevin|Non Grata|10097|Maroon|418916|HeroofTime55|New XGA|Non Grata|10097|Maroon|Pending|0|100|0|7/23/2025 7:38:29 AM|Financial Assistance|4980518|
646800|Brotherlouie27|Louimerica II|Global Alliance And Treaty Organization|10003|Brown|348468|Ghan Khalav|Khalavistan|Global Alliance and Treaty Organization|10003|Brown|Pending|0|100|0|7/23/2025 7:38:20 AM|Financial Assistance|4980517|
645804|La Mismidad|Libertaris|New Pacific Order|10000|Red|600178|tejuguasu|tejuguasu|New Pacific Order|10000|Red|Approved|0|100|0|7/23/2025 7:34:06 AM|QT Tech|4980516|
645804|La Mismidad|Libertaris|New Pacific Order|10000|Red|152802|eclipse363|Suttonia|New Pacific Order|10000|Red|Pending|0|100|0|7/23/2025 7:33:56 AM|QT Tech|4980515|
607597|LukeDiamondking|Kosletraf Empire|The Greater Confederacy|16370|Green|645274|GRATHGFRT|zUTIA|Knights Of The Round Table|10092|Green|Pending|9000000|0|0|7/23/2025 7:29:47 AM|Tech Deal 9M/100T |4980514|
646497|Arcanium|Averium|Nuclear Proliferation League|17228|Aqua|433547|WhitEarendur|Tol Eressea|New Polar Order|10006|Blue|Approved|0|100|0|7/23/2025 7:29:35 AM|Tech repayment|4980513|
641018|xxPocketxx|Savere|The Legion|10020|Purple|638569|Ozark|Blue Cat Nation|The Legion|10020|Purple|Pending|0|100|0|7/23/2025 7:18:54 AM|Financial Assistance|4980512|
80845|Aracto Totar|Taprobane|Viridian Entente|10010|Green|162795|sterbean|Bean Union|Viridian Entente|10010|Green|Pending|0|100|0|7/23/2025 7:00:19 AM|Financial Assistance|4980511|
40650|kerschbs|indica|Non Grata|10097|Maroon|646989|LordSciolist|Chaleroux|Non Grata|10097|Maroon|Pending|6000000|0|0|7/23/2025 6:54:45 AM|Tech deal|4980510|
40650|kerschbs|indica|Non Grata|10097|Maroon|631569|CaesarGorandius|Ohiostan|Non Grata|10097|Maroon|Approved|9000000|0|0|7/23/2025 6:54:09 AM|Financial Assistance|4980509|
588353|FieryVixen|Craptonia|Global Alliance And Treaty Organization|10003|Brown|394625|Empress Elizabeth|DeWitt|Global Alliance And Treaty Organization|10003|Brown|Approved|0|100|0|7/23/2025 6:51:19 AM|Financial Assistance|4980508|
625634|firingline|TheCastle|The Wolves|16660|Black|410812|Berbers|Kingdom of AlRezana|The Wolves|16660|Black|Pending|0|100|0|7/23/2025 6:44:55 AM|Financial Assistance|4980507|
348556|Overlord Wes|wussys|Global Alliance and Treaty Organization|10003|Brown|601747|Michael Dalton|Attarnia|Global Alliance And Treaty Organization|10003|Brown|Pending|9000000|100|0|7/23/2025 6:38:53 AM|Financial Assistance|4980506|
348556|Overlord Wes|wussys|Global Alliance and Treaty Organization|10003|Brown|561575|DragonsPhyre|Dragon Spire|Global Alliance And Treaty Organization|10003|Brown|Pending|9000000|100|0|7/23/2025 6:38:30 AM|Financial Assistance|4980505|
86943|DenverDan|Greater Basin|CLAWS|15841|Black|625051|Troopers|Colonist|CLAWS|15841|Black|Pending|9000000|0|1|7/23/2025 6:34:21 AM|100 Claws tech deal|4980504|
643784|Cypher Link|Cyphristria|Post Grunge Supergroup|16367|Brown|646058|Jan272|Crater Island|Post Grunge Supergroup|16367|Brown|Pending|6000000|0|0|7/23/2025 6:27:48 AM|Free Money|4980503|
644951|Landric|Republic of Ursus|The Grand Lodge Of Freemasons|10029|Orange|560607|lurkr|Calontir|The Grand Lodge Of Freemasons|10029|Orange|Approved|0|100|0|7/23/2025 6:23:22 AM|Financial Assistance|4980502|
606786|The Milkmaid|Dun Holm|Knights Of The Round Table|10092|White|24905|Arminius|Festung Germania|Old Guard|11296|Blue|Approved|0|100|0|7/23/2025 6:05:10 AM|Wednesday milk delivery|4980500|
64687|Wootmeister|Wootrovia|Global Alliance And Treaty Organization|10003|Brown|529189|Combat Pope|Vaticana|Global Alliance And Treaty Organization|10003|Brown|Pending|9000000|0|0|7/23/2025 6:04:55 AM|Tech Deal|4980499|
646988|Mashirosen|ababab|Global Alliance And Treaty Organization|10003|Brown|394625|Empress Elizabeth|DeWitt|Global Alliance And Treaty Organization|10003|Brown|Approved|0|100|0|7/23/2025 6:02:54 AM|Financial Assistance|4980498|
242836|BozDaBoz|CoastalBendatia|Fark|10002|Aqua|558318|Falcon9|Darkest Chandler|Fark|10002|Aqua|Approved|9000000|0|0|7/23/2025 6:01:29 AM|tech deal 9/100|4980497|
607213|Ernak son of Attila|The Huns|The Prussian Empire|14204|Green|620598|Alexhigh|Nation of Alexander|The Prussian Empire|14204|Green|Approved|9000000|0|0|7/23/2025 5:59:57 AM|The Huns need 100 tech|4980496|
419811|Duke Mark|Old Missouri|Knights Of The Round Table|10092|Green|626161|54vee|Tallinn Compact|CLAWS|15841|Black|Pending|9000000|0|0|7/23/2025 5:52:24 AM|Tech purchase 9/100|4980495|
419811|Duke Mark|Old Missouri|Knights Of The Round Table|10092|Green|646212|Immai|Steampower|Knights Of The Round Table|10092|Green|Pending|6000000|0|0|7/23/2025 5:52:00 AM|Tech purchase 6/100?|4980494|
644967|Mushrat|Ormarr Land|The Grand Lodge Of Freemasons|10029|Orange|33116|+Zeke+|Iron Heart|The Dark Templar|10056|Black|Pending|0|100|0|7/23/2025 5:47:09 AM|Financial Assistance|4980493|
600178|tejuguasu|tejuguasu|New Pacific Order|10000|Red|679|Gateborg|Gateborg|New Pacific Order|10000|Red|Approved|9000000|0|0|7/23/2025 5:44:42 AM|Bankroll|4980492|
600178|tejuguasu|tejuguasu|New Pacific Order|10000|Red|533942|Saxplayer|Arstoria|New Pacific Order|10000|Red|Pending|9000000|0|0|7/23/2025 5:44:35 AM|Bankroll|4980491|
425240|Aqua Archon|Aquamark|Knights Of The Round Table|10092|Aqua|643321|KerouacLives|Astorion|Knights Of The Round Table|10092|Green|Approved|9000000|0|0|7/23/2025 5:22:18 AM|Tech 9/100|4980490|
504045|Agravain Cardif|Dures Mains|Knights Of The Round Table|10092|Green|574720|tuhar|pastia|Knights Of The Round Table|10092|Green|Approved|9000000|0|0|7/23/2025 5:18:59 AM|Tech ($9M/100)|4980489|
646548|mass781|Mass781|Christian Coalition Of Countries|10028|Maroon|646229|Stormraven|Pantora|Christian Coalition Of Countries|10028|Maroon|Pending|6000000|0|0|7/23/2025 5:16:53 AM|Financial Assistance|4980488|
646548|mass781|Mass781|Christian Coalition Of Countries|10028|Maroon|646550|SOURR|LEMONS|Christian Coalition Of Countries|10028|Maroon|Pending|6000000|0|0|7/23/2025 5:16:25 AM|Financial Assistance|4980487|
646548|mass781|Mass781|Christian Coalition Of Countries|10028|Maroon|82136|rdf222|Afrikania|Christian Coalition of Countries|10028|Black|Pending|6000000|0|0|7/23/2025 5:15:56 AM|Financial Assistance|4980486|
646548|mass781|Mass781|Christian Coalition Of Countries|10028|Maroon|646123|tajikee85|Datonia|Christian Coalition Of Countries|10028|Maroon|Pending|6000000|0|0|7/23/2025 5:11:20 AM|Grow aid|4980485|
631385|Kingdom of Denmark|Jutland Germany|The Prussian Empire|14204|Green|152779|Crazyguy945|United Nick|Coalition of Royal Allied Powers|10051|Maroon|Approved|0|100|0|7/23/2025 5:03:57 AM|Financial Assistance|4980484|
646548|mass781|Mass781|Christian Coalition Of Countries|10028|Maroon|646682|HyeUrartu2|UrartuKingdom|Christian Coalition Of Countries|10028|Maroon|Approved|6000000|0|0|7/23/2025 5:03:26 AM|Financial Assistance|4980483|
645156|RekEm Republic|RekEm Republic|The Legion|10020|Purple|638569|Ozark|Blue Cat Nation|The Legion|10020|Purple|Pending|0|100|0|7/23/2025 4:31:08 AM|Financial Assistance|4980482|
647011|Knight del Sol|Esplandian|Veneris|17356|White|149038|Kenfolk GTS|Shogoland|The Chaos Brotherhood|10364|Green|Pending|0|100|0|7/23/2025 4:02:35 AM|Financial Assistance|4980481|
647011|Knight del Sol|Esplandian|Veneris|17356|White|190647|Kapsyl I|Kapsylonia|AGW Overlords|10043|Black|Approved|0|100|0|7/23/2025 4:02:26 AM|Financial Assistance|4980480|
647011|Knight del Sol|Esplandian|Veneris|17356|White|25379|Stylesjl|Pontbridge|Coalition of Royal Allied Powers|10051|Maroon|Pending|0|100|0|7/23/2025 4:02:17 AM|Financial Assistance|4980479|
628732|celticguy40|New Glockinshire|Independent Republic Of Orange Nations|10004|Orange|273843|Northern Empire|Northern Empire|Independent Republic Of Orange Nations|10004|Orange|Approved|0|100|0|7/23/2025 4:01:33 AM|Financial Assistance|4980478|
635306|koumail|Aesperia|Nordreich|11319|Maroon|21368|Melos|Melos|Nordreich|11319|Maroon|Pending|0|100|0|7/23/2025 3:52:59 AM|Financial Assistance|4980477|
107572|oneeightytwo|d&#237;beartach|Fark|10002|Aqua|645696|ChiefCarr|Gidgeedoo|Nuclear Proliferation League|17228|Aqua|Pending|9000000|0|0|7/23/2025 3:48:03 AM|9/100?|4980476|
107572|oneeightytwo|d&#237;beartach|Fark|10002|Aqua|646839|rickm27|Balmoria|Nuclear Proliferation League|17228|Aqua|Approved|9000000|0|0|7/23/2025 3:47:05 AM|9/100?|4980475|
107572|oneeightytwo|d&#237;beartach|Fark|10002|Aqua|539362|Carlos Danger|Death Panel|Fark|10002|Aqua|Approved|9000000|0|0|7/23/2025 3:45:18 AM|Financial Assistance|4980474|
410290|bdrocks|Knights of Honour|CLAWS|15841|Black|626894|Gamestonk|GameStonk|COBRA|13717|Brown|Pending|9000000|0|0|7/23/2025 3:43:26 AM|Tech deal|4980473|
410290|bdrocks|Knights of Honour|CLAWS|15841|Black|626161|54vee|Tallinn Compact|CLAWS|15841|Black|Pending|9000000|0|0|7/23/2025 3:42:57 AM|Tech deal|4980472|
641533|Haamu|Sampo|WWF|14310|Blue|52717|sanpedrodave|San Pedro|Green Protection Agency|10041|Green|Approved|0|100|0|7/23/2025 3:39:28 AM|Financial Assistance|4980471|
633062|SoloRocket|Rocket Republic|Post Grunge Supergroup|16367|Brown|645688|Queen Victoria Hale|Kingdom of Thalassia|Post Grunge Supergroup|16367|Brown|Pending|6000000|0|0|7/23/2025 3:07:03 AM|Tech 6/100|4980470|
190480|Unruly|Republique de Buja|AGW Overlords|10043|Black|561416|CaptainBBear|Arctic Bearland|AGW Overlords|10043|Black|Pending|9000000|0|0|7/23/2025 3:04:19 AM|Financial Assistance|4980469|
138858|Haart|Barbarica|The Templar Knights|10012|Maroon|620598|Alexhigh|Nation of Alexander|The Prussian Empire|14204|Green|Approved|9000000|0|0|7/23/2025 3:02:01 AM|Financial Assistance|4980468|
579649|Dale Flanderlion|Flanderlion|New Pacific Order|10000|Red|75117|rnegafan|Rnegfania|New Pacific Order|10000|Red|Approved|0|100|0|7/23/2025 2:59:51 AM|QT Tech|4980467|
579649|Dale Flanderlion|Flanderlion|New Pacific Order|10000|Red|305440|Daimos|Micon|New Pacific Order|10000|Red|Approved|0|100|0|7/23/2025 2:59:45 AM|QT Tech|4980466|
579649|Dale Flanderlion|Flanderlion|New Pacific Order|10000|Red|600178|tejuguasu|tejuguasu|New Pacific Order|10000|Red|Approved|0|100|0|7/23/2025 2:59:39 AM|QT Tech|4980465|
579649|Dale Flanderlion|Flanderlion|New Pacific Order|10000|Red|152802|eclipse363|Suttonia|New Pacific Order|10000|Red|Approved|0|100|0|7/23/2025 2:59:33 AM|QT Tech|4980464|
374321|Clash|Discord|Doombrella|17368|Black|635159|xAnri|xRoan|Doombrella|17368|Black|Approved|6000000|0|0|7/23/2025 2:59:07 AM|Financial Assistance|4980463|
579649|Dale Flanderlion|Flanderlion|New Pacific Order|10000|Red|629229|HopeFun|LimaPT|New Pacific Order|10000|Red|Pending|0|100|0|7/23/2025 2:59:05 AM|QT Tech|4980462|
580021|General Kanabis|Imperio Mexica|COBRA|13717|Brown|314185|Rhizoctonia|Rhizoctonia|Non Grata|10097|Maroon|Approved|0|100|0|7/23/2025 2:50:35 AM|Financial Assistance|4980461|
100248|Champcardon|Rudostan|Coalition of Royal Allied Powers|10051|Maroon|152779|Crazyguy945|United Nick|Coalition of Royal Allied Powers|10051|Maroon|Approved|0|100|0|7/23/2025 2:24:28 AM|Tech Payment|4980460|
629384|Cruspad the Younger|Cittagazze|CLAWS|15841|Black|624103|Wolf Man|Nuke Inc|CLAWS|15841|Black|Approved|0|100|0|7/23/2025 2:20:04 AM|Your Tech.|4980459|
490921|Roo Blu II|Blue Roo|Non Grata|10097|Maroon|588320|RUB10|Establishmentaria|Non Grata|10097|Maroon|Approved|9000000|0|0|7/23/2025 2:18:50 AM|NG Tech Deal|4980458|
144708|Matthew PK|Commonwealth of LoL|Doombrella|17368|Black|635159|xAnri|xRoan|Doombrella|17368|Black|Approved|6000000|0|0|7/23/2025 2:11:45 AM|Financial Assistance|4980457|
238472|Xerxes|New Persia|Non Grata|10097|Maroon|490921|Roo Blu II|Blue Roo|Non Grata|10097|Maroon|Approved|0|100|0|7/23/2025 2:05:31 AM|Tech|4980456|
238472|Xerxes|New Persia|Non Grata|10097|Maroon|473088|JuiceBox|Phoenix Isle|Non Grata|10097|Maroon|Pending|0|100|0|7/23/2025 2:05:21 AM|Tech|4980455|
624193|The1nonlykk|Biourja|Non Grata|10097|Maroon|437823|zyberzpyder|Zyberia|Non Grata|10097|Maroon|Approved|0|100|0|7/23/2025 1:59:15 AM|Financial Assistance|4980454|
624193|The1nonlykk|Biourja|Non Grata|10097|Maroon|133051|MikeTheFirst|MikeLand|Non Grata|10097|Maroon|Approved|0|100|0|7/23/2025 1:59:09 AM|Financial Assistance|4980453|
531189|Peroman200|Petrolandija|Global Alliance And Treaty Organization|10003|Brown|479490|King Cyan|The Cyan Kingdom|Global Alliance And Treaty Organization|10003|Brown|Pending|0|100|0|7/23/2025 1:57:09 AM|Tech deal|4980452|
570802|IlDuce|ItaliaSS|CLAWS|15841|Black|425377|Commander Ferraday|Ice Station Zebra|CLAWS|15841|Black|Approved|0|100|0|7/23/2025 1:52:13 AM|Deal|4980451|
91872|PuliSher|Kerj&#228;l&#228;|Non Grata|10097|Maroon|274261|Ub3rdude|Uberlandia|Nordreich|11319|Maroon|Pending|0|100|0|7/23/2025 1:39:34 AM|100/100|4980450|
166467|KittyPride207|BlackAngels|New Polar Order|10006|Blue|605765|Darth Actorbass|Tarmon Gaidon|New Polar Order|10006|Blue|Approved|9000000|0|0|7/23/2025 1:32:09 AM|ICECAP Cash|4980449|
539362|Carlos Danger|Death Panel|Fark|10002|Aqua|254501|gijoe|atlantis awakens|Fark|10002|Aqua|Approved|0|100|0|7/23/2025 1:28:13 AM|9/100|4980448|
636192|Elizah|Monshun|Nordreich|11319|Maroon|21368|Melos|Melos|Nordreich|11319|Maroon|Pending|0|100|0|7/23/2025 1:18:28 AM|Financial Assistance|4980447|
646790|ADEVA|Lyceaum|The Legion|10020|Purple|410290|bdrocks|Knights of Honour|CLAWS|15841|Black|Approved|0|100|0|7/23/2025 1:01:38 AM|Financial Assistance|4980446|
646790|ADEVA|Lyceaum|The Legion|10020|Purple|447303|Terminator|USSROK|CLAWS|15841|Aqua|Pending|0|100|0|7/23/2025 1:01:06 AM|Financial Assistance|4980445|
634412|hadwyn|One piece|Nordreich|11319|Maroon|21368|Melos|Melos|Nordreich|11319|Maroon|Pending|0|100|0|7/23/2025 12:54:08 AM|Financial Assistance|4980444|
261397|Rampage3|United Liberocracy|Nuclear Proliferation League|17228|Aqua|543131|Morjon|Wayward Renegade|Nuclear Proliferation League|17228|Aqua|Approved|0|100|0|7/23/2025 12:43:46 AM|The Big Payback|4980443|
632798|KYBALION|HVITIRDREKAR|Knights Of The Round Table|10092|Green|646212|Immai|Steampower|Knights Of The Round Table|10092|Green|Pending|6000000|0|0|7/23/2025 12:31:32 AM|New 6M/100T Deal :-)|4980442|
564085|moonshiner|whiskey island|New Polar Order|10006|Blue|605765|Darth Actorbass|Tarmon Gaidon|New Polar Order|10006|Blue|Pending|6000000|0|0|7/23/2025 12:13:50 AM|For the tech|4980441|
359275|Jesusfreak|El Dorado|Christian Coalition of Countries|10028|Maroon|641804|jackthebest|Jackastan|NATO|10037|Blue|Approved|9000000|0|0|7/23/2025 12:06:50 AM|VEP|4980440|
643321|KerouacLives|Astorion|Knights Of The Round Table|10092|Green|424757|Round Table|Knights of the Grail|Knights of the Round Table|10092|Green|Approved|0|100|0|7/23/2025 12:04:22 AM|Tech|4980439|
359275|Jesusfreak|El Dorado|Christian Coalition of Countries|10028|Maroon|388182|lucky6|Direct Impingement|Federation of Armed Nations|10021|Yellow|Pending|9000000|0|0|7/23/2025 12:03:47 AM|VEP|4980438|
638461|Jerby|Simulacra|Non Grata|10097|Maroon|500125|Soxirella|Jusmania|Non Grata|10097|Maroon|Approved|0|100|0|7/23/2025 12:01:52 AM|Financial Assistance|4980437|
638461|Jerby|Simulacra|Non Grata|10097|Maroon|72766|Gofastleft|Racesteria|Non Grata|10097|Maroon|Pending|0|100|0|7/23/2025 12:01:33 AM|Financial Assistance|4980436|
369917|Gibsonator21|Gibsonistan|Non Grata|10097|Maroon|155817|MutedFaith|Faithoria|Non Grata|10097|Maroon|Approved|0|100|0|7/23/2025 12:00:58 AM|Financial Assistance|4980435|
310672|King Wally|Rep of Queensland|Nuclear Proliferation League|17228|Aqua|362361|Gofast2006|Pioneer Village|Nuclear Proliferation League|17228|Aqua|Approved|0|100|0|7/23/2025 12:00:56 AM|free nuka beers!|4980434|
369917|Gibsonator21|Gibsonistan|Non Grata|10097|Maroon|596901|Malic|Veridia|Non Grata|10097|Maroon|Pending|0|100|0|7/22/2025 11:59:05 PM|Financial Assistance|4980433|
620328|Albasti|Kayi Tribe|New Pacific Order|10000|Red|513358|SeasonsOfLove|Krzyzewskiville|New Pacific Order|10000|Red|Approved|0|100|0|7/22/2025 10:16:59 PM|QT Tech|4980432|
597501|JayMillz|Curel|New Polar Order|10006|Blue|638048|CharlisonX|Willstate|New Polar Order|10006|Blue|Approved|9000000|0|0|7/22/2025 9:45:31 PM|Financial Assistance|4980431|
558318|Falcon9|Darkest Chandler|Fark|10002|Aqua|159130|Decide R Inchief|decided4us|Fark|10002|Aqua|Approved|0|100|0|7/22/2025 9:13:10 PM|7th slot free tech!|4980430|
529267|Pastor Jason|Gods Country|Doom Squad|16454|Black|645382|Kharmandril|PETA nudes|Doom Squad|16454|Black|Approved|0|100|0|7/22/2025 9:10:36 PM|Jesus Christ loves you |4980429|
529267|Pastor Jason|Gods Country|Doom Squad|16454|Black|626860|BringMeTheHorizon|Dakotas|Doombrella|17368|Black|Approved|0|100|0|7/22/2025 9:09:33 PM|Love you brother |4980428|
70316|Myworld|Stealth Kingdom|The Dark Templar|10056|Black|640620|Frioz|Lusitania Portugalia|Post Grunge Supergroup|16367|Brown|Approved|9000000|0|0|7/22/2025 9:06:43 PM|Tech 9/100|4980427|
633267|OkapiBlue|Rymnia|Doom Squad|16454|Black|240223|White Chocolate|Lander Clan|CLAWS|15841|Black|Approved|0|100|0|7/22/2025 9:02:40 PM|Financial Assistance|4980426|
633267|OkapiBlue|Rymnia|Doom Squad|16454|Black|646431|The Cute Twin|Vlasic|Doom Squad|16454|Black|Approved|0|100|0|7/22/2025 9:02:33 PM|Financial Assistance|4980425|
144192|Sagha|Nickelattia|Non Grata|10097|Maroon|646989|LordSciolist|Chaleroux|Non Grata|10097|Maroon|Approved|6000000|0|0|7/22/2025 8:57:48 PM|6mil for 100 tech deal|4980424|
285433|Lord of Darkness|Relm of Darkness|New Pacific Order|10000|Red|572011|Nijil1|Polinasia|New Pacific Order|10000|Red|Approved|9000000|0|0|7/22/2025 8:55:18 PM|Bankroll|4980423|
285433|Lord of Darkness|Relm of Darkness|New Pacific Order|10000|Red|627542|ifesbob|ifesville|New Pacific Order|10000|Red|Pending|9000000|0|0|7/22/2025 8:54:32 PM|Bankroll|4980422|
285433|Lord of Darkness|Relm of Darkness|New Pacific Order|10000|Red|618189|Curiosity|Illusion|New Pacific Order|10000|Red|Pending|9000000|0|0|7/22/2025 8:52:25 PM|Bankroll|4980421|
285433|Lord of Darkness|Relm of Darkness|New Pacific Order|10000|Red|646681|Jokkeh|Andebu Technocracy|New Pacific Order|10000|Red|Approved|9000000|0|0|7/22/2025 8:52:14 PM|Rising Stars|4980420|
285433|Lord of Darkness|Relm of Darkness|New Pacific Order|10000|Red|594363|Greatkitteh|Guahan|New Pacific Order|10000|Red|Pending|9000000|0|0|7/22/2025 8:52:07 PM|Rising Stars|4980419|
285433|Lord of Darkness|Relm of Darkness|New Pacific Order|10000|Red|587834|alucardx13|The United Regions|New Pacific Order|10000|Red|Approved|9000000|0|0|7/22/2025 8:52:00 PM|QT Pay|4980418|
643981|ONXwat|Vanier|Non Grata|10097|Maroon|243186|ditchboy00|Ditchopia|Non Grata|10097|Maroon|Pending|0|100|0|7/22/2025 8:51:38 PM|Financial Assistance|4980417|
643981|ONXwat|Vanier|Non Grata|10097|Maroon|327088|spearo|Deep Blue|Non Grata|10097|Maroon|Pending|0|100|0|7/22/2025 8:51:33 PM|Financial Assistance|4980416|
646813|SaberClawd|Nyxus|Global Alliance And Treaty Organization|10003|Brown|314219|Captain Stage|Maritime|Global Alliance And Treaty Organization|10003|Brown|Pending|0|100|0|7/22/2025 8:51:29 PM|Financial Assistance|4980415|
643981|ONXwat|Vanier|Non Grata|10097|Maroon|166207|Jekalle|Ranus|Non Grata|10097|Maroon|Pending|0|100|0|7/22/2025 8:51:27 PM|Financial Assistance|4980414|
643981|ONXwat|Vanier|Non Grata|10097|Maroon|437823|zyberzpyder|Zyberia|Non Grata|10097|Maroon|Pending|0|100|0|7/22/2025 8:51:19 PM|Financial Assistance|4980413|
643981|ONXwat|Vanier|Non Grata|10097|Maroon|613432|Talbrys|Keltroy|Non Grata|10097|Maroon|Pending|0|100|0|7/22/2025 8:51:12 PM|Financial Assistance|4980412|
643981|ONXwat|Vanier|Non Grata|10097|Maroon|133051|MikeTheFirst|MikeLand|Non Grata|10097|Maroon|Approved|0|100|0|7/22/2025 8:51:02 PM|Financial Assistance|4980411|
322157|Cartmantoria|Cartmantoria|Orange Defense Network|10007|Orange|538755|zeldafan4ever|Terminus|Orange Defense Network|10007|Orange|Approved|9000000|0|0|7/22/2025 8:42:04 PM|9 mil for 300 tech|4980410|
256722|MDH962|Claysburgh|The Grand Lodge of Freemasons|10029|Orange|644951|Landric|Republic of Ursus|The Grand Lodge Of Freemasons|10029|Orange|Approved|6000000|0|0|7/22/2025 8:38:54 PM|Tech Deal|4980409|
646793|Alhakim Ayaanle|Ajuuraan Sultanate||0|Red|326273|Red Rebel|Pi Lambda Phi|Madlads Union|17130|Brown|Approved|0|100|0|7/22/2025 8:02:32 PM|Financial Assistance|4980408|
635667|Steves|Steveland|Fark|10002|Aqua|106123|hindy33|Hindistan|Fark|10002|Aqua|Pending|0|100|0|7/22/2025 7:50:28 PM|Financial Assistance|4980407|
576916|Czar Cootie|Zernograd|Global Alliance And Treaty Organization|10003|Brown|455413|Duke Nukem|NukemLand|Global Alliance And Treaty Organization|10003|Brown|Approved|0|100|0|7/22/2025 7:38:41 PM|Financial Assistance|4980406|
576916|Czar Cootie|Zernograd|Global Alliance And Treaty Organization|10003|Brown|580044|Sir Kiloist|Tiocfaidh ar la|Global Alliance And Treaty Organization|10003|Brown|Pending|0|100|0|7/22/2025 7:38:24 PM|Financial Assistance|4980405|
646989|LordSciolist|Chaleroux|Non Grata|10097|Maroon|264911|tgilleland|Murdergascar|Non Grata|10097|Maroon|Pending|0|100|0|7/22/2025 7:14:18 PM|Tech Wheelin N Dealin|4980404|
646989|LordSciolist|Chaleroux|Non Grata|10097|Maroon|243186|ditchboy00|Ditchopia|Non Grata|10097|Maroon|Pending|0|100|0|7/22/2025 7:12:49 PM|TECH DEAHLZ|4980403|
646383|Son Of Him|Land of Forever|Catholic Reich|17311|Black|93757|Irons82|Zero-One|DOOMBIRD DOOMCAVE|10449|Black|Pending|0|100|0|7/22/2025 7:02:07 PM|Financial Assistance|4980402|
645696|ChiefCarr|Gidgeedoo|Nuclear Proliferation League|17228|Aqua|385567|NinoCelestial|Ciudad de leon|Fark|10002|Aqua|Pending|0|100|0|7/22/2025 6:57:28 PM|Financial Assistance|4980401|
117823|LittleVlad|Morte|Global Alliance and Treaty Organization|10003|Brown|535786|ThE K9|09Charger|Global Alliance And Treaty Organization|10003|Brown|Approved|6000000|0|0|7/22/2025 6:51:47 PM|Financial Assistance|4980400|
117823|LittleVlad|Morte|Global Alliance and Treaty Organization|10003|Brown|646988|Mashirosen|ababab|Global Alliance And Treaty Organization|10003|Brown|Approved|6000000|0|0|7/22/2025 6:51:35 PM|Financial Assistance|4980399|
117823|LittleVlad|Morte|Global Alliance and Treaty Organization|10003|Brown|551982|Jason Cyberius|Cyberium|Global Alliance And Treaty Organization|10003|Brown|Approved|9000000|0|0|7/22/2025 6:51:22 PM|Financial Assistance|4980398|
117823|LittleVlad|Morte|Global Alliance and Treaty Organization|10003|Brown|647027|HorseElectrolytes|Greater Mustangistan|Global Alliance And Treaty Organization|10003|Brown|Approved|6000000|0|0|7/22/2025 6:51:05 PM|Financial Assistance|4980397|
117823|LittleVlad|Morte|Global Alliance and Treaty Organization|10003|Brown|646195|Ebaggerisintown|Tinneas Cinn|Global Alliance And Treaty Organization|10003|Brown|Approved|9000000|0|0|7/22/2025 6:50:44 PM|Financial Assistance|4980396|
117823|LittleVlad|Morte|Global Alliance and Treaty Organization|10003|Brown|576916|Czar Cootie|Zernograd|Global Alliance And Treaty Organization|10003|Brown|Approved|6000000|0|0|7/22/2025 6:49:26 PM|Financial Assistance|4980395|
631432|Elector King|Bohemia Moravia|The Prussian Empire|14204|Green|618698|Arminius Cheruski|Germania Magna|The Prussian Empire|14204|Green|Pending|0|100|0|7/22/2025 6:35:43 PM|Financial Assistance|4980394|
631432|Elector King|Bohemia Moravia|The Prussian Empire|14204|Green|159192|Matt Bowen|Bowenland|Knights Of The Round Table|10092|Green|Approved|0|100|0|7/22/2025 6:35:08 PM|Financial Assistance|4980393|
404438|Herzog|Black Amber|Sparta|10008|Black|119735|smusmu|Smustra|Sparta|10008|Black|Approved|0|100|0|7/22/2025 6:27:00 PM|Financial Assistance|4980392|
619806|Epimethys|Pyrrha|Doombrella|17368|Black|623822|Comrade Marx|GreaterGoonSyndicate|Doombrella|17368|Black|Approved|0|100|0|7/22/2025 6:20:52 PM|Financial Assistance|4980391|
407586|FreezingAssassin|Charr|Fark|10002|Aqua|539362|Carlos Danger|Death Panel|Fark|10002|Aqua|Approved|9000000|0|0|7/22/2025 6:04:43 PM|Financial Assistance|4980390|
407586|FreezingAssassin|Charr|Fark|10002|Aqua|558318|Falcon9|Darkest Chandler|Fark|10002|Aqua|Approved|9000000|0|0|7/22/2025 6:04:39 PM|Financial Assistance|4980389|
616861|TomoGozen|Shoganai|Global Alliance And Treaty Organization|10003|Brown|313301|MK4Slowride|MK4Slowride|Global Alliance And Treaty Organization|10003|Brown|Pending|0|100|0|7/22/2025 6:03:20 PM|Financial Assistance|4980388|
528479|paul711|Paulinca|Non Grata|10097|Maroon|631302|Gatherum|Vermis|Non Grata|10097|Maroon|Pending|9000000|0|0|7/22/2025 5:58:36 PM|Financial Assistance|4980387|
616876|Lady Hawk|Isle of Mann|New Pacific Order|10000|Red|646371|EmpressMei|Luxmortem|New Pacific Order|10000|Red|Approved|9000000|0|0|7/22/2025 5:55:28 PM|Rising Stars|4980386|
616876|Lady Hawk|Isle of Mann|New Pacific Order|10000|Red|618189|Curiosity|Illusion|New Pacific Order|10000|Red|Pending|9000000|0|0|7/22/2025 5:55:10 PM|Bankroll|4980385|
616876|Lady Hawk|Isle of Mann|New Pacific Order|10000|Red|594363|Greatkitteh|Guahan|New Pacific Order|10000|Red|Pending|9000000|0|0|7/22/2025 5:54:58 PM|Rising Stars|4980384|
616876|Lady Hawk|Isle of Mann|New Pacific Order|10000|Red|646681|Jokkeh|Andebu Technocracy|New Pacific Order|10000|Red|Approved|9000000|0|0|7/22/2025 5:54:36 PM|Rising Stars|4980383|
616876|Lady Hawk|Isle of Mann|New Pacific Order|10000|Red|611255|Glaceau|Michelto|New Pacific Order|10000|Red|Approved|9000000|0|0|7/22/2025 5:54:28 PM|Rising Stars|4980382|
596771|Pentix|Mars Colony|New Polar Order|10006|Blue|638457|AlQsar|Imbratoria|New Polar Order|10006|Blue|Approved|9000000|0|0|7/22/2025 5:18:49 PM|Financial Assistance|4980381|
468549|shadowstriker|shadow world|NATO|10037|Blue|646556|DarkFae|FaeRealm|Christian Coalition Of Countries|10028|Maroon|Pending|6000000|0|0|7/22/2025 5:01:13 PM|Valyrian Aid|4980380|
186805|Grendel|Beowulf|Knights Of The Round Table|10092|Green|200690|Andrew Wiggin|Eros|Knights Of The Round Table|10092|Green|Approved|0|100|0|7/22/2025 5:01:02 PM|Tech|4980379|
626587|Iogaro12|Iberia del Norte|Freehold of The Wolves|15157|White|445432|andrewb610|Brennana1|Freehold of The Wolves|15157|White|Approved|0|100|0|7/22/2025 4:57:01 PM|Valyrian Aid|4980378|
626587|Iogaro12|Iberia del Norte|Freehold of The Wolves|15157|White|240549|Codark|Codainia|Freehold of The Wolves|15157|White|Pending|0|100|0|7/22/2025 4:56:50 PM|Valyrian Aid|4980377|
626587|Iogaro12|Iberia del Norte|Freehold of The Wolves|15157|White|592036|LordSanix|Citroto|Freehold of The Wolves|15157|White|Pending|0|100|0|7/22/2025 4:56:41 PM|Valyrian Aid|4980376|
72766|Gofastleft|Racesteria|Non Grata|10097|Maroon|639721|TheCompany0|Malacipe|Non Grata|10097|Maroon|Pending|9000000|0|0|7/22/2025 4:39:33 PM|Tech|4980375|
72766|Gofastleft|Racesteria|Non Grata|10097|Maroon|634903|ToasterOven|Pancake Republic|Non Grata|10097|Maroon|Pending|9000000|0|0|7/22/2025 4:39:07 PM|tech|4980374|
587834|alucardx13|The United Regions|New Pacific Order|10000|Red|513358|SeasonsOfLove|Krzyzewskiville|New Pacific Order|10000|Red|Approved|0|100|0|7/22/2025 4:25:31 PM|QT Tech|4980373|
604565|New Reverie|Hollow Land|Random Insanity Alliance|10038|Maroon|646568|Joan De Marquinly|Rallende|Nuclear Proliferation League|17228|Aqua|Pending|9000000|0|0|7/22/2025 4:07:29 PM|9M/100T|4980372|
10287|Moriarty|Formosa|Knights Of The Round Table|10092|Green|638158|TheBlob|Space Jelly|Knights Of The Round Table|10092|Red|Approved|9000000|0|0|7/22/2025 4:07:16 PM|Tech Deal|4980371|
638048|CharlisonX|Willstate|New Polar Order|10006|Blue|181640|medic32|Ecateca|New Polar Order|10006|Blue|Pending|0|100|0|7/22/2025 3:52:40 PM|ICECAP Tech|4980370|
645844|Dario the Great|Darioland|Non Grata|10097|Maroon|528479|paul711|Paulinca|Non Grata|10097|Maroon|Approved|0|100|0|7/22/2025 3:42:19 PM|NGTechzzz|4980369|
558318|Falcon9|Darkest Chandler|Fark|10002|Aqua|385567|NinoCelestial|Ciudad de leon|Fark|10002|Aqua|Pending|0|100|0|7/22/2025 3:08:00 PM|9/100|4980368|
539362|Carlos Danger|Death Panel|Fark|10002|Aqua|621241|John Mathews|Earth Three|Fark|10002|Aqua|Approved|0|100|0|7/22/2025 3:06:52 PM|9/100|4980367|
640096|recockulous|Yuge Indictments|Fark|10002|Aqua|428668|EViL0nE|Hivestonia|Fark|10002|Aqua|Approved|0|100|0|7/22/2025 3:01:05 PM|7th Aid Slot Free Tech!|4980366|
380797|gainesta09|gainesta09|NATO|10037|Blue|646556|DarkFae|FaeRealm|Christian Coalition Of Countries|10028|Maroon|Pending|6000000|0|0|7/22/2025 2:35:49 PM|Financial Assistance|4980365|
638569|Ozark|Blue Cat Nation|The Legion|10020|Purple|644999|Warrior3991|Firebase 901|The Legion|10020|Purple|Pending|6000000|0|0|7/22/2025 2:30:10 PM|Financial Assistance|4980364|
634597|LiaColle|Prynthian|Non Grata|10097|Maroon|474935|Enabran Tain|Obsidian Order|Non Grata|10097|Maroon|Approved|0|100|0|7/22/2025 2:26:00 PM|Financial Assistance|4980363|
529025|Chllama|Renton|Post Grunge Supergroup|16367|Brown|53832|Starcraftmazter|DPRK|The Dark Templar|10056|Black|Approved|0|100|0|7/22/2025 2:16:17 PM|Financial Assistance|4980362|
645372|darkestofdans|Alert1|Federation Of Armed Nations|10021|Blue|160360|forthehalibut|Bonehead|Federation of Armed Nations|10021|Yellow|Approved|100|0|0|7/22/2025 1:44:36 PM|Financial Assistance|4980361|
250983|Shakka Kahn|Shakka Land|Mostly Harmless Alliance|14879|Aqua|137753|The Doogan|Republic of Wang|Mostly Harmless Alliance|14879|Aqua|Pending|9000000|0|0|7/22/2025 1:43:22 PM|Tech deal?|4980360|
645561|BriskyHaze|Pareamaztopia|Doom Squad|16454|Black|281387|Thud III|Thudsylvania|CLAWS|15841|Black|Approved|0|100|0|7/22/2025 1:38:56 PM|Tech|4980359|
645561|BriskyHaze|Pareamaztopia|Doom Squad|16454|Black|51153|chiles|The UFOC|CLAWS|15841|Black|Pending|0|100|0|7/22/2025 1:38:44 PM|Tech|4980358|
639165|Otto Die Heilige|Holy Roman Reich|The Prussian Empire|14204|Green|646118|King Lavey|Republic of Hamster|The Prussian Empire|14204|Green|Pending|9000000|0|0|7/22/2025 1:22:12 PM|9/100?|4980357|
639165|Otto Die Heilige|Holy Roman Reich|The Prussian Empire|14204|Green|645994|Emperor Hintz|Hintztopia|The Prussian Empire|14204|Green|Pending|9000000|0|0|7/22/2025 1:21:20 PM|9/100?|4980356|
639165|Otto Die Heilige|Holy Roman Reich|The Prussian Empire|14204|Green|646090|big daddy 69|Underwater Rapture|The Prussian Empire|14204|Green|Pending|9000000|0|0|7/22/2025 1:20:37 PM|9/100?|4980355|
36287|SirWilliam|Blissfields|Post Grunge Supergroup|16367|Brown|632434|Stineamania|Nowitme|Post Grunge Supergroup|16367|Brown|Approved|0|100|0|7/22/2025 1:17:26 PM|Financial Assistance|4980353|
36287|SirWilliam|Blissfields|Post Grunge Supergroup|16367|Brown|627118|Shabalabadingdong|Shabnation|Post Grunge Supergroup|16367|Yellow|Approved|0|100|0|7/22/2025 1:17:19 PM|Financial Assistance|4980352|
627177|SupaSural|Suraltopia|Post Grunge Supergroup|16367|Brown|632434|Stineamania|Nowitme|Post Grunge Supergroup|16367|Brown|Approved|0|100|0|7/22/2025 1:13:37 PM|Dropping off Bad Stuff|4980351|
2621|James|TIEIXIAIS|Non Grata|10097|Maroon|560469|draggie|Aporia|Non Grata|10097|Maroon|Pending|9000000|0|0|7/22/2025 1:13:23 PM|Financial Assistance|4980350|
627177|SupaSural|Suraltopia|Post Grunge Supergroup|16367|Brown|139990|BacTalan|NorseTurks|Global Alliance And Treaty Organization|10003|Brown|Approved|0|100|0|7/22/2025 1:13:06 PM|B-Tech for u know what ;)|4980349|
627177|SupaSural|Suraltopia|Post Grunge Supergroup|16367|Brown|627118|Shabalabadingdong|Shabnation|Post Grunge Supergroup|16367|Yellow|Approved|0|100|0|7/22/2025 1:08:23 PM|Lolberts Gape|4980348|
254775|Bionic redhead|Bionicus|Non Grata|10097|Aqua|539362|Carlos Danger|Death Panel|Fark|10002|Aqua|Approved|9000000|0|0|7/22/2025 1:04:07 PM|Tech deal|4980347|
623987|MasterBadey|mastabadeia|Global Alliance And Treaty Organization|10003|Brown|314219|Captain Stage|Maritime|Global Alliance And Treaty Organization|10003|Brown|Pending|0|100|0|7/22/2025 1:03:17 PM|eat moar tech|4980346|
12258|Commissar Sendoa|Cataduanes|Non Grata|10097|Maroon|243186|ditchboy00|Ditchopia|Non Grata|10097|Maroon|Pending|0|100|0|7/22/2025 1:01:49 PM|Financial Assistance|4980345|
12258|Commissar Sendoa|Cataduanes|Non Grata|10097|Maroon|613432|Talbrys|Keltroy|Non Grata|10097|Maroon|Approved|0|100|0|7/22/2025 1:00:50 PM|Financial Assistance|4980344|
134146|Lenadius|Espa&#241;ola|New Pacific Order|10000|Red|450111|Crowncowboy|Confederate Isle|The Wolves|16660|Maroon|Pending|9000000|0|0|7/22/2025 12:54:58 PM|Hugs from NPO|4980343|
620598|Alexhigh|Nation of Alexander|The Prussian Empire|14204|Green|630575|Sven Herrman|Germanus|The Prussian Empire|14204|Green|Approved|0|100|0|7/22/2025 12:54:55 PM|Financial Assistance|4980342|
634521|Kapleo|Kapleo|The Phoenix Federation|17385|Black|589615|Korlath|Korlithica|The Phoenix Federation|17385|Black|Pending|0|100|0|7/22/2025 12:52:04 PM|Financial Assistance|4980341|
301419|SirTwist|Twistland|The Grand Lodge Of Freemasons|10029|Orange|138858|Haart|Barbarica|The Templar Knights|10012|Maroon|Approved|0|100|0|7/22/2025 12:47:29 PM|Tech|4980340|
301419|SirTwist|Twistland|The Grand Lodge Of Freemasons|10029|Orange|353933|Chuck|Teutonic Empire|The Templar Knights|10012|Maroon|Approved|0|100|0|7/22/2025 12:47:06 PM|Tech|4980339|
280709|Supersub68|Subway|Sparta|10008|Black|599846|RandomWon|Hangry|Sparta|10008|Green|Approved|6000000|0|0|7/22/2025 12:44:49 PM|Financial Assistance|4980338|
280709|Supersub68|Subway|Sparta|10008|Black|644316|Sam Sparks|Mendota|Sparta|10008|Black|Approved|6000000|0|0|7/22/2025 12:43:39 PM|Financial Assistance|4980337|
280709|Supersub68|Subway|Sparta|10008|Black|431619|rotinom|Gideons|Sparta|10008|Black|Pending|9000000|0|0|7/22/2025 12:43:06 PM|Financial Assistance|4980336|
404176|Sadero|Saderia|New Polar Order|10006|Blue|181640|medic32|Ecateca|New Polar Order|10006|Blue|Pending|0|100|0|7/22/2025 12:35:59 PM|ICECAP Tech|4980335|
545923|VHongo|Canadian Dominanace|Green Protection Agency|10041|Green|380432|dimaradona|Piedra Negra|Green Protection Agency|10041|Green|Approved|0|100|0|7/22/2025 12:32:29 PM|2nd of 200|4980334|
418916|HeroofTime55|New XGA|Non Grata|10097|Maroon|457345|Taiki11|Taiki Land|Non Grata|10097|Maroon|Approved|9000000|0|0|7/22/2025 12:31:21 PM|Financial Assistance|4980333|
552285|lilweirdward|Land of Too Much Fun|Christian Coalition Of Countries|10028|Maroon|588320|RUB10|Establishmentaria|Non Grata|10097|Maroon|Approved|9000000|0|0|7/22/2025 12:24:11 PM|Tech Deal|4980332|
533961|zilocke|Zilandia|Mostly Harmless Alliance|14879|Blue|583468|Qldvespanut|Mr Ben|Mostly Harmless Alliance|14879|Aqua|Approved|0|100|0|7/22/2025 12:19:01 PM|Tech Deal|4980331|
348468|Ghan Khalav|Khalavistan|Global Alliance and Treaty Organization|10003|Brown|645136|district10VICTOR|Amelo|Global Alliance And Treaty Organization|10003|Brown|Pending|6000000|0|0|7/22/2025 11:58:11 AM|Tech|4980330|
40650|kerschbs|indica|Non Grata|10097|Maroon|630971|Jeremiah|CERAVA|Non Grata|10097|Maroon|Approved|9000000|0|0|7/22/2025 11:55:53 AM|Financial Assistance|4980329|
576649|Caighil Coiri|Emerald Isles|New Pacific Order|10000|Red|636711|Praetor Cuddles|Romulan Star Empire|New Pacific Order|10000|Red|Pending|0|100|0|7/22/2025 11:39:00 AM|QT Tech|4980328|
576649|Caighil Coiri|Emerald Isles|New Pacific Order|10000|Red|522260|kalev60|Hiiumaa|New Pacific Order|10000|Red|Pending|0|100|0|7/22/2025 11:38:52 AM|QT Tech|4980327|
576649|Caighil Coiri|Emerald Isles|New Pacific Order|10000|Red|513358|SeasonsOfLove|Krzyzewskiville|New Pacific Order|10000|Red|Approved|0|100|0|7/22/2025 11:38:46 AM|QT Tech|4980326|
646988|Mashirosen|ababab|Global Alliance And Treaty Organization|10003|Brown|314219|Captain Stage|Maritime|Global Alliance And Treaty Organization|10003|Brown|Pending|0|100|0|7/22/2025 11:34:27 AM|Financial Assistance|4980325|
623795|Aristarchus of Samos|baklava|The Legion|10020|Purple|642002|Telikos Terakhir|Eschatosia|The Legion|10020|Purple|Approved|9000000|0|0|7/22/2025 11:34:25 AM|Financial Assistance|4980324|
623795|Aristarchus of Samos|baklava|The Legion|10020|Purple|644999|Warrior3991|Firebase 901|The Legion|10020|Purple|Pending|6000000|0|0|7/22/2025 11:34:04 AM|Financial Assistance|4980323|
646815|godtoh1|hotdogal|Global Alliance And Treaty Organization|10003|Brown|35448|Randle|Cheesia|Global Alliance and Treaty Organization|10003|Brown|Approved|0|100|0|7/22/2025 11:30:09 AM|Financial Assistance|4980322|
353933|Chuck|Teutonic Empire|The Templar Knights|10012|Maroon|349838|Kaiser Nichols|Holstria|United Purple Nations|10025|Purple|Approved|6000000|0|0|7/22/2025 11:13:11 AM|Tech Deal|4980321|
641804|jackthebest|Jackastan|NATO|10037|Blue|541983|CVO|Kush|NATO|10037|Blue|Approved|0|100|0|7/22/2025 11:11:02 AM|Financial Assistance|4980320|
587594|Jason8|Waldo|Post Grunge Supergroup|16367|Brown|645688|Queen Victoria Hale|Kingdom of Thalassia|Post Grunge Supergroup|16367|Brown|Approved|6000000|0|0|7/22/2025 11:07:49 AM|FREE MONEY|4980319|
587594|Jason8|Waldo|Post Grunge Supergroup|16367|Brown|646890|HarryJ|Wambulance|Post Grunge Supergroup|16367|Brown|Approved|6000000|0|0|7/22/2025 11:07:33 AM|FREE MONEY|4980318|
587594|Jason8|Waldo|Post Grunge Supergroup|16367|Brown|643741|Danteeternity|Balan|Post Grunge Supergroup|16367|Brown|Approved|9000000|0|0|7/22/2025 11:07:15 AM|FREE MONEY|4980317|
587594|Jason8|Waldo|Post Grunge Supergroup|16367|Brown|646058|Jan272|Crater Island|Post Grunge Supergroup|16367|Brown|Approved|6000000|0|0|7/22/2025 11:06:31 AM|FREE MONEY|4980316|
587594|Jason8|Waldo|Post Grunge Supergroup|16367|Brown|542485|RedQueen|Myotistan|Post Grunge Supergroup|16367|Brown|Pending|9000000|0|0|7/22/2025 11:06:16 AM|FREE MONEY|4980315|
348556|Overlord Wes|wussys|Global Alliance and Treaty Organization|10003|Brown|39842|Uelen|Uelen|Global Alliance and Treaty Organization|10003|Brown|Approved|9000000|100|0|7/22/2025 10:57:03 AM|Financial Assistance|4980313|
348556|Overlord Wes|wussys|Global Alliance and Treaty Organization|10003|Brown|102751|Jack Whiterstein|Gyuard|Global Alliance And Treaty Organization|10003|Brown|Approved|9000000|100|0|7/22/2025 10:56:52 AM|Financial Assistance|4980312|
348556|Overlord Wes|wussys|Global Alliance and Treaty Organization|10003|Brown|429171|Inquisitor Gaunt|Cult Imperialis|Global Alliance And Treaty Organization|10003|Brown|Pending|9000000|100|0|7/22/2025 10:56:41 AM|Financial Assistance|4980311|
348556|Overlord Wes|wussys|Global Alliance and Treaty Organization|10003|Brown|83518|Johnny Apocalypse|Anubia|Global Alliance And Treaty Organization|10003|Brown|Approved|9000000|100|0|7/22/2025 10:56:28 AM|Financial Assistance|4980310|
646327|KittenGosCrazy|Aura Kingdom|Global Alliance And Treaty Organization|10003|Brown|348468|Ghan Khalav|Khalavistan|Global Alliance and Treaty Organization|10003|Brown|Approved|0|100|0|7/22/2025 10:51:59 AM|Purchased Tech|4980309|
181481|HammerMan|Dooche|Non Grata|10097|Maroon|188637|Caustic|Hazardous Materials|Non Grata|10097|Maroon|Approved|0|100|0|7/22/2025 10:43:58 AM|Financial Assistance|4980308|
341362|Erwin Schrodinger|Bermuda Islands|Non Grata|10097|Maroon|133051|MikeTheFirst|MikeLand|Non Grata|10097|Maroon|Approved|0|100|0|7/22/2025 10:42:14 AM|Financial Assistance|4980307|
341362|Erwin Schrodinger|Bermuda Islands|Non Grata|10097|Maroon|132232|Justin666|Pain nation 666|Non Grata|10097|Maroon|Approved|0|100|0|7/22/2025 10:42:02 AM|Financial Assistance|4980306|
599455|RearviewRover|Prossy Boat Party|Non Grata|10097|Maroon|307315|ni431|ni nation|Non Grata|10097|Maroon|Pending|0|100|0|7/22/2025 10:41:53 AM|Tech deal|4980305|
341362|Erwin Schrodinger|Bermuda Islands|Non Grata|10097|Maroon|188637|Caustic|Hazardous Materials|Non Grata|10097|Maroon|Approved|0|100|0|7/22/2025 10:41:50 AM|Financial Assistance|4980304|
599455|RearviewRover|Prossy Boat Party|Non Grata|10097|Maroon|528479|paul711|Paulinca|Non Grata|10097|Maroon|Approved|0|100|0|7/22/2025 10:41:42 AM|Tech deal|4980303|
341362|Erwin Schrodinger|Bermuda Islands|Non Grata|10097|Maroon|528479|paul711|Paulinca|Non Grata|10097|Maroon|Pending|0|100|0|7/22/2025 10:41:41 AM|Financial Assistance|4980302|
341362|Erwin Schrodinger|Bermuda Islands|Non Grata|10097|Maroon|582941|Cydonian Knight|Strodemia|Non Grata|10097|Maroon|Approved|0|100|0|7/22/2025 10:41:28 AM|Financial Assistance|4980301|
341362|Erwin Schrodinger|Bermuda Islands|Non Grata|10097|Maroon|314185|Rhizoctonia|Rhizoctonia|Non Grata|10097|Maroon|Approved|0|100|0|7/22/2025 10:41:10 AM|Financial Assistance|4980300|
280326|Scytale|Tleilax|Fark|10002|Aqua|645696|ChiefCarr|Gidgeedoo|Nuclear Proliferation League|17228|Aqua|Approved|9000000|0|0|7/22/2025 10:16:08 AM|tech|4980299|
638461|Jerby|Simulacra|Non Grata|10097|Maroon|418916|HeroofTime55|New XGA|Non Grata|10097|Maroon|Approved|0|100|0|7/22/2025 10:11:56 AM|Financial Assistance|4980298|
638461|Jerby|Simulacra|Non Grata|10097|Maroon|475014|cirk2|Agatea|Non Grata|10097|Maroon|Approved|0|100|0|7/22/2025 10:11:35 AM|Financial Assistance|4980297|
217577|MontyKo|Tuborg|Freehold of The Wolves|15157|White|646556|DarkFae|FaeRealm|Christian Coalition Of Countries|10028|Maroon|Pending|6000000|0|0|7/22/2025 10:04:59 AM|Valyrian Aid|4980296|
624103|Wolf Man|Nuke Inc|CLAWS|15841|Black|634521|Kapleo|Kapleo|The Phoenix Federation|17385|Black|Approved|9000000|0|0|7/22/2025 9:57:34 AM|tech deal|4980295|
624103|Wolf Man|Nuke Inc|CLAWS|15841|Black|570802|IlDuce|ItaliaSS|CLAWS|15841|Black|Approved|9000000|0|0|7/22/2025 9:57:17 AM|tech deal|4980294|
163031|MasterChief777|The New Empire|Global Alliance And Treaty Organization|10003|Brown|576916|Czar Cootie|Zernograd|Global Alliance And Treaty Organization|10003|Brown|Approved|6000000|0|0|7/22/2025 9:46:22 AM|Tech deal 6/100|4980293|
206879|Platinumviper|Bekaa|NATO|10037|Blue|646556|DarkFae|FaeRealm|Christian Coalition Of Countries|10028|Maroon|Pending|6000000|0|0|7/22/2025 9:46:22 AM|VEP|4980292|
546488|levothy|mycybernation|Knights Of The Round Table|10092|Green|410737|daoide|dahoam||0|Maroon|Pending|0|100|0|7/22/2025 9:38:42 AM|gift |4980291|
544925|Jacksonians|Barataria|Global Alliance And Treaty Organization|10003|Brown|35448|Randle|Cheesia|Global Alliance and Treaty Organization|10003|Brown|Approved|0|100|0|7/22/2025 9:35:43 AM|Financial Assistance|4980290|
168105|Bobogoobo|Bobogoobo|New Pacific Order|10000|Red|643162|DarkDefiance|United Defiance|New Pacific Order|10000|Red|Approved|9000000|0|0|7/22/2025 9:35:28 AM|Bankroll|4980289|
168105|Bobogoobo|Bobogoobo|New Pacific Order|10000|Red|450111|Crowncowboy|Confederate Isle|The Wolves|16660|Maroon|Pending|9000000|0|0|7/22/2025 9:35:20 AM|Hugs from NPO|4980288|
637489|Osirispuprex|Osirispuprex|Post Grunge Supergroup|16367|Brown|632434|Stineamania|Nowitme|Post Grunge Supergroup|16367|Brown|Approved|0|100|2000|7/22/2025 9:27:35 AM|Financial Assistance|4980287|
487838|Lord von Manteuffel|Kampfgruppe Panzer|Swash Plates And Tail Rotors|10126|None|576335|Smitty256|HouseStark|Christian Coalition Of Countries|10028|Maroon|Approved|9000000|100|0|7/22/2025 9:11:33 AM|SeaBeeGipson|4980286|
627572|Latexi|Why would I do this|Non Grata|10097|Maroon|437823|zyberzpyder|Zyberia|Non Grata|10097|Maroon|Approved|0|100|0|7/22/2025 9:11:29 AM|Financial Assistance|4980285|
627572|Latexi|Why would I do this|Non Grata|10097|Maroon|155826|weebl2000|Azeer|Non Grata|10097|Maroon|Approved|0|100|0|7/22/2025 9:11:06 AM|Financial Assistance|4980284|
646371|EmpressMei|Luxmortem|New Pacific Order|10000|Red|522260|kalev60|Hiiumaa|New Pacific Order|10000|Red|Approved|0|100|0|7/22/2025 9:07:31 AM|QT Tech|4980283|
262358|Johnny123|Johhny|New Polar Order|10006|Blue|644304|Popsikle|Zufia|New Polar Order|10006|Blue|Pending|6000000|0|0|7/22/2025 9:07:20 AM|Aid Fall|4980282|
646371|EmpressMei|Luxmortem|New Pacific Order|10000|Red|152802|eclipse363|Suttonia|New Pacific Order|10000|Red|Approved|0|100|0|7/22/2025 9:07:19 AM|QT Tech|4980281|
646371|EmpressMei|Luxmortem|New Pacific Order|10000|Red|17202|Cybolt|Time and Space|New Pacific Order|10000|Red|Pending|0|100|0|7/22/2025 9:07:10 AM|QT Tech|4980280|
262358|Johnny123|Johhny|New Polar Order|10006|Blue|556219|vedacool|Fania|New Polar Order|10006|Blue|Pending|9000000|0|0|7/22/2025 9:06:21 AM|icecap cash|4980279|
262358|Johnny123|Johhny|New Polar Order|10006|Blue|520826|Ryan Greenberg|Funktopia|New Polar Order|10006|Blue|Pending|9000000|0|0|7/22/2025 9:06:02 AM|icecap cash|4980278|
262358|Johnny123|Johhny|New Polar Order|10006|Blue|638457|AlQsar|Imbratoria|New Polar Order|10006|Blue|Approved|9000000|0|0|7/22/2025 9:05:43 AM|icecap cash|4980277|
234325|Ben Gates|TreasureLand|Independent Republic Of Orange Nations|10004|Orange|635734|Monyulking|Bomdi La|Independent Republic Of Orange Nations|10004|Orange|Pending|9000000|0|0|7/22/2025 9:05:27 AM|ITF|4980276|
262358|Johnny123|Johhny|New Polar Order|10006|Blue|643625|DERVISHchaff|Sudentor|New Polar Order|10006|Blue|Approved|6000000|0|0|7/22/2025 9:05:24 AM|icecap cash|4980275|
635357|Stephen Michael I|Yanceysylvania|Knights Of The Round Table|10092|Green|646540|brasitolandia|brasitolandia2|The Phoenix Federation|17385|Black|Approved|6000000|0|0|7/22/2025 8:48:23 AM|Buying 100 tech for $6m|4980274|
645946|LiFeng|Qwertyiop|Non Grata|10097|Maroon|613432|Talbrys|Keltroy|Non Grata|10097|Maroon|Approved|0|100|0|7/22/2025 8:46:33 AM|Financial Assistance|4980273|
638048|CharlisonX|Willstate|New Polar Order|10006|Blue|629752|Jamo199599|C1995|New Polar Order|10006|Blue|Approved|0|100|0|7/22/2025 8:45:06 AM|ICECAP Tech|4980272|
88398|thepunk|thepunk|Federation Of Armed Nations|10021|Yellow|646556|DarkFae|FaeRealm|Christian Coalition Of Countries|10028|Maroon|Pending|6000000|0|0|7/22/2025 8:40:55 AM|Financial Assistance|4980271|
293406|Jeffimus|Smoothwater|The Dark Templar|10056|Black|402037|Soviet Mudkip|In Soviet Russia|The Dark Templar|10056|Black|Approved|0|100|0|7/22/2025 8:11:19 AM|Financial Assistance|4980270|
539696|God Almighty|Kingdom of God|New Pacific Order|10000|Red|642107|xUnwanteDx|xNazaricKx|New Pacific Order|10000|Red|Approved|9000000|0|0|7/22/2025 8:11:14 AM|Bankroll|4980269|
539696|God Almighty|Kingdom of God|New Pacific Order|10000|Red|618189|Curiosity|Illusion|New Pacific Order|10000|Red|Approved|9000000|0|0|7/22/2025 8:10:35 AM|Bankroll|4980268|
539696|God Almighty|Kingdom of God|New Pacific Order|10000|Red|450111|Crowncowboy|Confederate Isle|The Wolves|16660|Maroon|Pending|9000000|0|0|7/22/2025 8:10:24 AM|Hugs from NPO|4980267|
539696|God Almighty|Kingdom of God|New Pacific Order|10000|Red|570155|Thrash04|Ohio Terrority|New Pacific Order|10000|Red|Approved|9000000|0|0|7/22/2025 8:10:18 AM|Bankroll|4980266|
539696|God Almighty|Kingdom of God|New Pacific Order|10000|Red|643162|DarkDefiance|United Defiance|New Pacific Order|10000|Red|Approved|9000000|0|0|7/22/2025 8:10:12 AM|Bankroll|4980265|
539696|God Almighty|Kingdom of God|New Pacific Order|10000|Red|533942|Saxplayer|Arstoria|New Pacific Order|10000|Red|Pending|9000000|0|0|7/22/2025 8:10:02 AM|Bankroll|4980264|
626246|Bryan93|Anacostia|Independent Republic Of Orange Nations|10004|Orange|635734|Monyulking|Bomdi La|Independent Republic Of Orange Nations|10004|Orange|Pending|9000000|0|0|7/22/2025 8:05:39 AM|ITF|4980263|
646453|Fortune|Protea|The Legion|10020|Purple|602649|Sultan Adly|Wadi El Bezaz|The Legion|10020|Purple|Approved|0|100|0|7/22/2025 8:05:12 AM|Financial Assistance|4980262|
626246|Bryan93|Anacostia|Independent Republic Of Orange Nations|10004|Orange|584955|Ayiana|Veritable|Independent Republic Of Orange Nations|10004|Orange|Approved|9000000|0|0|7/22/2025 8:02:09 AM|ITF|4980261|
645804|La Mismidad|Libertaris|New Pacific Order|10000|Red|629229|HopeFun|LimaPT|New Pacific Order|10000|Red|Pending|0|100|0|7/22/2025 7:46:12 AM|QT Tech|4980260|
645804|La Mismidad|Libertaris|New Pacific Order|10000|Red|442731|Madd|Modra|New Pacific Order|10000|Red|Approved|0|100|0|7/22/2025 7:46:04 AM|QT Tech|4980259|
645804|La Mismidad|Libertaris|New Pacific Order|10000|Red|17202|Cybolt|Time and Space|New Pacific Order|10000|Red|Approved|0|100|0|7/22/2025 7:45:49 AM|QT Tech|4980258|
64687|Wootmeister|Wootrovia|Global Alliance And Treaty Organization|10003|Brown|544925|Jacksonians|Barataria|Global Alliance And Treaty Organization|10003|Brown|Approved|9000000|0|0|7/22/2025 7:23:08 AM|Tech deal arrr|4980257|
4930|Sir Sci|Scots Empire|Global Alliance and Treaty Organization|10003|Brown|314219|Captain Stage|Maritime|Global Alliance And Treaty Organization|10003|Brown|Pending|0|100|0|7/22/2025 7:09:04 AM|Financial Assistance|4980256|
4930|Sir Sci|Scots Empire|Global Alliance and Treaty Organization|10003|Brown|580044|Sir Kiloist|Tiocfaidh ar la|Global Alliance And Treaty Organization|10003|Brown|Pending|0|100|0|7/22/2025 7:08:52 AM|Financial Assistance|4980255|
324224|SemperFidelis|United Carborundum|Non Grata|10097|Maroon|369917|Gibsonator21|Gibsonistan|Non Grata|10097|Maroon|Approved|9000000|0|0|7/22/2025 7:00:36 AM|NG Tech Deal|4980254|
324224|SemperFidelis|United Carborundum|Non Grata|10097|Maroon|639721|TheCompany0|Malacipe|Non Grata|10097|Maroon|Approved|9000000|0|0|7/22/2025 7:00:16 AM|NG Tech Deal|4980252|
621241|John Mathews|Earth Three|Fark|10002|Aqua|645740|ShadowSleeper|Noevgono|Nuclear Proliferation League|17228|Aqua|Approved|9000000|0|0|7/22/2025 6:58:29 AM|Financial Assistance|4980251|
526716|Lev Trotsky|Nikolayev SSR|Interkosmos|16298|Green|631459|Gorbachov|Soviet Union|COMECON|16703|Red|Approved|9000000|0|0|7/22/2025 6:51:50 AM|Red Alert tech deal|4980250|
626894|Gamestonk|GameStonk|COBRA|13717|Brown|607597|LukeDiamondking|Kosletraf Empire|The Greater Confederacy|16370|Green|Approved|0|100|0|7/22/2025 6:47:08 AM|100/100|4980249|
647033|rachel666|Rachellia|Global Alliance And Treaty Organization|10003|Brown|206001|Mallardius|Dominion of the Duck|Global Alliance And Treaty Organization|10003|Brown|Approved|0|100|0|7/22/2025 6:33:08 AM|Financial Assistance|4980247|
613652|Peterkin|Quaraguay|Freehold of The Wolves|15157|White|645871|Danial Frank|Floriida|The Phoenix Federation|17385|Black|Approved|6000000|0|0|7/22/2025 6:30:20 AM|6mil/100tech|4980246|
242836|BozDaBoz|CoastalBendatia|Fark|10002|Aqua|645829|blegth|irting|Nuclear Proliferation League|17228|Aqua|Approved|9000000|0|0|7/22/2025 6:29:44 AM|tech deal 9/100|4980245|
643197|HoustonBeBack|Larsden|Nuclear Proliferation League|17228|Aqua|107572|oneeightytwo|d&#237;beartach|Fark|10002|Aqua|Approved|0|100|0|7/22/2025 6:21:22 AM|9/10|4980244|
288430|jrsyboy|toqueville|Non Grata|10097|Maroon|644042|calicocatface|Calico Islands|Non Grata|10097|Maroon|Approved|9000000|0|0|7/22/2025 6:13:06 AM|Financial Assistance|4980243|
634963|Trout87|Birchy Head|Post Grunge Supergroup|16367|Black|529025|Chllama|Renton|Post Grunge Supergroup|16367|Brown|Approved|9000000|0|0|7/22/2025 6:03:37 AM|Financial Assistance|4980242|
384577|wayoik|SunOase|Knights Of The Round Table|10092|Green|646827|WarandPece|Warhammer101|Knights Of The Round Table|10092|Green|Approved|6000000|0|0|7/22/2025 6:02:58 AM|tech deal?|4980241|
254879|tnnnn|Turtle Empire|Global Alliance and Treaty Organization|10003|Brown|576916|Czar Cootie|Zernograd|Global Alliance And Treaty Organization|10003|Brown|Approved|6000000|0|0|7/22/2025 6:02:32 AM|Financial Assistance|4980240|
579231|Greg23|Chronictopia|Global Alliance And Treaty Organization|10003|Brown|314219|Captain Stage|Maritime|Global Alliance And Treaty Organization|10003|Brown|Pending|0|100|0|7/22/2025 6:02:03 AM|Financial Assistance|4980239|
626678|slothix|Kevin|Non Grata|10097|Maroon|613432|Talbrys|Keltroy|Non Grata|10097|Maroon|Pending|0|100|0|7/22/2025 6:00:13 AM|Financial Assistance|4980238|
545096|Mumzilla|Hulkville|The Dark Templar|10056|Black|628662|Theletas|The Toastian Republi|Madlads Union|17130|Brown|Pending|9000000|0|0|7/22/2025 5:57:05 AM|Financial Assistance|4980237|
197161|Juleandor|Kleptoville|The Legion|10020|Purple|643549|KingDutchison|KingDutchison|The Legion|10020|Purple|Approved|9000000|0|0|7/22/2025 5:50:38 AM|Legion Trade|4980236|
493173|Damascis|Typhon|CLAWS|15841|Black|646832|Greg Gregory Gregers|Udrus|The Phoenix Federation|17385|Black|Approved|6000000|0|0|7/22/2025 5:26:39 AM|Tech dealz|4980235|
626737|BigFilthyDick|GayBar|Non Grata|10097|Maroon|307315|ni431|ni nation|Non Grata|10097|Maroon|Pending|0|100|0|7/22/2025 5:26:37 AM|Financial Assistance|4980234|
626737|BigFilthyDick|GayBar|Non Grata|10097|Maroon|473088|JuiceBox|Phoenix Isle|Non Grata|10097|Maroon|Pending|0|100|0|7/22/2025 5:26:32 AM|Financial Assistance|4980233|
626737|BigFilthyDick|GayBar|Non Grata|10097|Maroon|582941|Cydonian Knight|Strodemia|Non Grata|10097|Maroon|Approved|0|100|0|7/22/2025 5:26:28 AM|Financial Assistance|4980232|
626737|BigFilthyDick|GayBar|Non Grata|10097|Maroon|596901|Malic|Veridia|Non Grata|10097|Maroon|Approved|0|100|0|7/22/2025 5:26:24 AM|Financial Assistance|4980231|
626737|BigFilthyDick|GayBar|Non Grata|10097|Maroon|600902|HackSlash|NewFinlandia|Non Grata|10097|Maroon|Approved|0|100|0|7/22/2025 5:26:20 AM|Financial Assistance|4980230|
626737|BigFilthyDick|GayBar|Non Grata|10097|Maroon|324224|SemperFidelis|United Carborundum|Non Grata|10097|Maroon|Pending|0|100|0|7/22/2025 5:26:16 AM|Financial Assistance|4980229|
200690|Andrew Wiggin|Eros|Knights Of The Round Table|10092|Green|636950|Sir Percival|Galles|Knights Of The Round Table|10092|Green|Approved|9000000|0|0|7/22/2025 5:24:36 AM|Tech deal|4980228|
262614|aml520|Hantou|New Polar Order|10006|Blue|629752|Jamo199599|C1995|New Polar Order|10006|Blue|Approved|0|100|0|7/22/2025 5:23:18 AM|ICECAP Tech|4980227|
283424|Dropo7777|DelOrto|NATO|10037|Blue|647057|Yuri Markovitch|Volgravia|Christian Coalition Of Countries|10028|Maroon|Approved|6000000|0|0|7/22/2025 5:22:05 AM|Valyrian aid|4980226|
644967|Mushrat|Ormarr Land|The Grand Lodge Of Freemasons|10029|Orange|256722|MDH962|Claysburgh|The Grand Lodge of Freemasons|10029|Orange|Approved|0|100|0|7/22/2025 5:21:59 AM|Financial Assistance|4980225|
283424|Dropo7777|DelOrto|NATO|10037|Blue|202168|Dr Doctor|NATO Armed Forces|NATO|10037|Blue|Approved|9000000|0|0|7/22/2025 5:21:14 AM|Valyrian aid|4980224|
637999|jumali|Bocorz|The Legion|10020|Purple|618779|learjet|Racinante|The Legion|10020|Purple|Approved|0|100|0|7/22/2025 5:16:26 AM|Financial Assistance|4980223|
637999|jumali|Bocorz|The Legion|10020|Purple|529402|Firkinvald|Firkinland|The Legion|10020|Purple|Approved|0|100|0|7/22/2025 5:16:04 AM|Financial Assistance|4980222|
538690|CrinkledStraw|The Fierce Crown|Non Grata|10097|Maroon|188637|Caustic|Hazardous Materials|Non Grata|10097|Maroon|Approved|0|100|0|7/22/2025 5:07:33 AM|Financial Assistance|4980221|
433547|WhitEarendur|Tol Eressea|New Polar Order|10006|Blue|646771|King Chocolate|Chocolate Cookie|Nuclear Proliferation League|17228|Aqua|Approved|9000000|0|0|7/22/2025 5:02:04 AM|9/100|4980220|
219727|danhawk|sonyevilempire|The Imperial Order|10082|Blue|647057|Yuri Markovitch|Volgravia|Christian Coalition Of Countries|10028|Maroon|Approved|6000000|0|0|7/22/2025 4:59:40 AM|Vep|4980219|
577964|WagonWheel|Wagons|Post Grunge Supergroup|16367|Brown|637471|Branjawn|United Bishops|Post Grunge Supergroup|16367|Brown|Approved|9000000|0|0|7/22/2025 4:45:44 AM|Tek deal |4980218|
57033|Slywolfe|Slywolfe|New Pacific Order|10000|Red|450111|Crowncowboy|Confederate Isle|The Wolves|16660|Maroon|Pending|9000000|0|0|7/22/2025 4:39:59 AM|Hugs from NPO|4980217|
207736|maxpower316|Lunatic Pandora|New Pacific Order|10000|Red|212835|Minuq|Butan|New Pacific Order|10000|Red|Pending|0|100|0|7/22/2025 4:12:44 AM|Vallum Aelium|4980216|
643971|Blaze I|Brozil|Global Alliance And Treaty Organization|10003|Brown|35448|Randle|Cheesia|Global Alliance and Treaty Organization|10003|Brown|Approved|0|100|0|7/22/2025 4:12:26 AM|Financial Assistance|4980215|
626566|Peacy McPeaceface|New Olde Switzerland|Christian Coalition Of Countries|10028|Maroon|645652|SpaceGhostCTC|Phantom crusier|Federation Of Armed Nations|10021|Yellow|Approved|9000000|0|0|7/22/2025 4:11:12 AM|Valyrian Aid|4980214|
626566|Peacy McPeaceface|New Olde Switzerland|Christian Coalition Of Countries|10028|Maroon|202168|Dr Doctor|NATO Armed Forces|NATO|10037|Blue|Approved|9000000|0|0|7/22/2025 4:10:46 AM|Valyrian Aid|4980213|
132232|Justin666|Pain nation 666|Non Grata|10097|Maroon|645946|LiFeng|Qwertyiop|Non Grata|10097|Maroon|Approved|9000000|0|0|7/22/2025 3:55:17 AM|Financial Assistance|4980212|
643135|Ferocious|Ferocious|Nuclear Proliferation League|17228|Black|430606|KemMo|Maurinaria|Nuclear Proliferation League|17228|Aqua|Pending|0|100|0|7/22/2025 3:03:27 AM|Financial Assistance|4980211|
643135|Ferocious|Ferocious|Nuclear Proliferation League|17228|Black|91088|Dragster|winukka|Nordreich|11319|Maroon|Approved|0|100|0|7/22/2025 3:03:02 AM|Financial Assistance|4980210|
553210|tenbob|Mayoabu|New Polar Order|10006|Blue|643625|DERVISHchaff|Sudentor|New Polar Order|10006|Blue|Approved|6000000|0|0|7/22/2025 2:36:06 AM|icecap cash|4980209|
553210|tenbob|Mayoabu|New Polar Order|10006|Blue|481947|Morgaine|Cruithne|New Polar Order|10006|Blue|Approved|9000000|0|0|7/22/2025 2:35:53 AM|icecap cash|4980208|
238472|Xerxes|New Persia|Non Grata|10097|Maroon|307315|ni431|ni nation|Non Grata|10097|Maroon|Pending|0|100|0|7/22/2025 2:29:36 AM|Tech|4980207|
238472|Xerxes|New Persia|Non Grata|10097|Maroon|528479|paul711|Paulinca|Non Grata|10097|Maroon|Approved|0|100|0|7/22/2025 2:29:26 AM|Tech|4980206|
257166|Yggdrazil|Ginginugap|Independent Republic Of Orange Nations|10004|Orange|260342|abcdefg|Alphabets|Independent Republic Of Orange Nations|10004|Aqua|Approved|0|100|0|7/22/2025 2:19:07 AM|itf|4980205|
443221|Mistral|Nicholas|Post Grunge Supergroup|16367|Brown|646297|Snorkel|Rockies Folk State|Nuclear Proliferation League|17228|Aqua|Approved|9000000|0|0|7/22/2025 2:05:03 AM|9m/100t|4980204|
644042|calicocatface|Calico Islands|Non Grata|10097|Maroon|166207|Jekalle|Ranus|Non Grata|10097|Maroon|Approved|0|100|0|7/22/2025 1:57:49 AM|Financial Assistance|4980203|
639335|Swamplandia|Horna|NATO|10037|Blue|219727|danhawk|sonyevilempire|The Imperial Order|10082|Blue|Approved|0|100|0|7/22/2025 1:48:30 AM|Financial Assistance|4980202|
141583|jerdge|Gaela|Green Protection Agency|10041|Green|641533|Haamu|Sampo|WWF|14310|Blue|Approved|9000000|0|0|7/22/2025 1:29:06 AM|Deal 9Mx100 Tech :-)|4980201|
632798|KYBALION|HVITIRDREKAR|Knights Of The Round Table|10092|Green|646540|brasitolandia|brasitolandia2|The Phoenix Federation|17385|Black|Approved|6000000|0|0|7/22/2025 1:03:20 AM|New 6M/100T Deal :-)|4980200|
645082|TowerQueen|Turrim|New Pacific Order|10000|Red|212835|Minuq|Butan|New Pacific Order|10000|Red|Pending|0|100|0|7/22/2025 12:53:55 AM|Vallum Aelium|4980199|
645082|TowerQueen|Turrim|New Pacific Order|10000|Red|448981|Knight|Alliance of Knights|New Pacific Order|10000|Red|Pending|0|100|0|7/22/2025 12:53:49 AM|QT Tech|4980198|
645082|TowerQueen|Turrim|New Pacific Order|10000|Red|608015|elputojack|villa feliz|New Pacific Order|10000|Red|Approved|0|100|0|7/22/2025 12:53:42 AM|QT Tech|4980197|
633611|Speeder|Dronterlands|Non Grata|10097|Maroon|155826|weebl2000|Azeer|Non Grata|10097|Maroon|Approved|0|100|0|7/22/2025 12:49:05 AM|Tech deal|4980196|
646204|Tunne|minion|Knights Of The Round Table|10092|Green|607597|LukeDiamondking|Kosletraf Empire|The Greater Confederacy|16370|Green|Approved|0|100|0|7/22/2025 12:48:57 AM|Financial Assistance|4980195|
633611|Speeder|Dronterlands|Non Grata|10097|Maroon|437823|zyberzpyder|Zyberia|Non Grata|10097|Maroon|Approved|0|100|0|7/22/2025 12:48:41 AM|Tech deal|4980194|
633611|Speeder|Dronterlands|Non Grata|10097|Maroon|133051|MikeTheFirst|MikeLand|Non Grata|10097|Maroon|Approved|0|100|0|7/22/2025 12:48:29 AM|Tech deal|4980193|
457345|Taiki11|Taiki Land|Non Grata|10097|Maroon|166207|Jekalle|Ranus|Non Grata|10097|Maroon|Approved|0|100|0|7/22/2025 12:47:25 AM|Financial Assistance|4980192|
457345|Taiki11|Taiki Land|Non Grata|10097|Maroon|596901|Malic|Veridia|Non Grata|10097|Maroon|Approved|0|100|0|7/22/2025 12:47:06 AM|Financial Assistance|4980191|
425240|Aqua Archon|Aquamark|Knights Of The Round Table|10092|Aqua|646297|Snorkel|Rockies Folk State|Nuclear Proliferation League|17228|Aqua|Approved|9000000|0|0|7/22/2025 12:46:21 AM|+1 slot Tech 9/100?|4980190|
646827|WarandPece|Warhammer101|Knights Of The Round Table|10092|Green|578874|Dunge|Strathalbyn|Knights Of The Round Table|10092|Green|Approved|0|100|0|7/22/2025 12:45:53 AM|Financial Assistance|4980189|
646827|WarandPece|Warhammer101|Knights Of The Round Table|10092|Green|331985|aljabarian|CrabMan|Knights Of The Round Table|10092|Green|Approved|0|100|0|7/22/2025 12:45:11 AM|Financial Assistance|4980188|
646635|supremeruler|Astros|Post Grunge Supergroup|16367|Yellow|474413|The R00STER|Republic of Ibonn|The Dark Templar|10056|Black|Approved|0|100|0|7/22/2025 12:37:17 AM|tech deal|4980186|
646635|supremeruler|Astros|Post Grunge Supergroup|16367|Yellow|633062|SoloRocket|Rocket Republic|Post Grunge Supergroup|16367|Brown|Approved|0|100|0|7/22/2025 12:36:53 AM|tech deal|4980185|
136993|Hotti|Kiosk|Non Grata|10097|Maroon|474935|Enabran Tain|Obsidian Order|Non Grata|10097|Maroon|Approved|0|100|0|7/22/2025 12:31:50 AM|Financial Assistance|4980184|
136993|Hotti|Kiosk|Non Grata|10097|Maroon|582941|Cydonian Knight|Strodemia|Non Grata|10097|Maroon|Approved|0|100|0|7/22/2025 12:31:36 AM|Financial Assistance|4980183|
136993|Hotti|Kiosk|Non Grata|10097|Maroon|155826|weebl2000|Azeer|Non Grata|10097|Maroon|Approved|0|100|0|7/22/2025 12:31:22 AM|Financial Assistance|4980182|
136993|Hotti|Kiosk|Non Grata|10097|Maroon|634448|Stewie|Stewieland III|Non Grata|10097|Maroon|Approved|0|100|0|7/22/2025 12:31:11 AM|Financial Assistance|4980181|
136993|Hotti|Kiosk|Non Grata|10097|Maroon|132232|Justin666|Pain nation 666|Non Grata|10097|Maroon|Approved|0|100|0|7/22/2025 12:30:59 AM|Financial Assistance|4980180|
645688|Queen Victoria Hale|Kingdom of Thalassia|Post Grunge Supergroup|16367|Brown|266131|RA2Leader|Soviet USA|Madlads Union|17130|Brown|Pending|0|100|0|7/22/2025 12:20:00 AM|Financial Assistance|4980179|
627722|Mustard Pougy|Frog Flats|Knights Of The Round Table|10092|Green|152779|Crazyguy945|United Nick|Coalition of Royal Allied Powers|10051|Maroon|Approved|0|100|0|7/22/2025 12:19:38 AM|A frog was here|4980178|
638158|TheBlob|Space Jelly|Knights Of The Round Table|10092|Red|200690|Andrew Wiggin|Eros|Knights Of The Round Table|10092|Green|Approved|0|100|0|7/22/2025 12:15:56 AM|Glob|4980177|
262614|aml520|Hantou|New Polar Order|10006|Blue|433547|WhitEarendur|Tol Eressea|New Polar Order|10006|Blue|Approved|0|100|0|7/22/2025 12:15:54 AM|RATS Tech|4980176|
155817|MutedFaith|Faithoria|Non Grata|10097|Maroon|639721|TheCompany0|Malacipe|Non Grata|10097|Maroon|Approved|9000000|0|0|7/22/2025 12:12:28 AM|Tech|4980175|
643321|KerouacLives|Astorion|Knights Of The Round Table|10092|Green|635357|Stephen Michael I|Yanceysylvania|Knights Of The Round Table|10092|Green|Approved|0|100|0|7/22/2025 12:11:39 AM|Tech|4980174|
633305|Angel Ray|Tecnia|Knights Of The Round Table|10092|Green|152779|Crazyguy945|United Nick|Coalition of Royal Allied Powers|10051|Maroon|Approved|0|100|0|7/22/2025 12:09:46 AM|Tech deal|4980173|
633305|Angel Ray|Tecnia|Knights Of The Round Table|10092|Green|511886|The Sentinel|Ruscino|Knights of the Round Table|10092|Green|Approved|0|100|0|7/22/2025 12:09:30 AM|Tech deal|4980172|
612774|Oleg the Disfigured|Slag Vrch|Knights Of The Round Table|10092|Green|574720|tuhar|pastia|Knights Of The Round Table|10092|Green|Approved|9000000|0|0|7/22/2025 12:08:46 AM|100 tech please|4980171|
612774|Oleg the Disfigured|Slag Vrch|Knights Of The Round Table|10092|Green|637223|ItsShader|Empire of Kazdouria|Knights Of The Round Table|10092|Green|Approved|9000000|0|0|7/22/2025 12:08:26 AM|100 tech please|4980170|
137646|Otto Stolz|Midgaard|The Legion|10020|Purple|611967|Mirin Kamar|Kamaroon|The Legion|10020|Purple|Approved|9000000|0|0|7/22/2025 12:04:51 AM|Financial Assistance|4980169|
124781|im317|im317|Random Insanity Alliance|10038|Maroon|646297|Snorkel|Rockies Folk State|Nuclear Proliferation League|17228|Aqua|Approved|9000000|0|0|7/21/2025 11:53:35 PM|tech deal|4980168|
124781|im317|im317|Random Insanity Alliance|10038|Maroon|558202|Doug Henning|Magic Land|Nuclear Proliferation League|17228|Aqua|Approved|9000000|0|0|7/21/2025 11:53:23 PM|tech deal|4980167|
124781|im317|im317|Random Insanity Alliance|10038|Maroon|645525|GodKing Menes|Free Republic of Kem|Nuclear Proliferation League|17228|Aqua|Approved|9000000|0|0|7/21/2025 11:53:11 PM|tech deal|4980166|
645525|GodKing Menes|Free Republic of Kem|Nuclear Proliferation League|17228|Aqua|207347|Arcane|Arcania|Fark|10002|Aqua|Approved|0|100|0|7/21/2025 11:50:04 PM|Tech Deal|4980165|
626161|54vee|Tallinn Compact|CLAWS|15841|Black|425377|Commander Ferraday|Ice Station Zebra|CLAWS|15841|Black|Approved|0|100|0|7/21/2025 11:34:16 PM|Tech 9/100|4980164|
106123|hindy33|Hindistan|Fark|10002|Aqua|640096|recockulous|Yuge Indictments|Fark|10002|Aqua|Approved|9000000|0|0|7/21/2025 11:00:48 PM|Tech deal?|4980163|
647037|Pachacan Federation|Pachacan Federation|Independent Republic Of Orange Nations|10004|Orange|605023|JuggernautMD|Framework|Independent Republic Of Orange Nations|10004|Orange|Pending|0|100|0|7/21/2025 10:42:32 PM|ITF|4980162|
645427|Clank|Clank|Doombrella|17368|Black|199494|Bomber66|Baxter|Doombrella|17368|Black|Approved|0|100|0|7/21/2025 10:36:11 PM|Financial Assistance|4980161|
41333|srboslav|Srboslavija|New Polar Order|10006|Blue|241138|IceFlyer|Eleytheria|New Polar Order|10006|Blue|Approved|0|100|0|7/21/2025 10:14:53 PM|Aid Fall|4980160|
41333|srboslav|Srboslavija|New Polar Order|10006|Blue|91526|Dajobo|Disktopia|New Polar Order|10006|Blue|Approved|0|100|0|7/21/2025 10:14:39 PM|Aid Fall|4980159|
41333|srboslav|Srboslavija|New Polar Order|10006|Blue|433547|WhitEarendur|Tol Eressea|New Polar Order|10006|Blue|Approved|0|100|0|7/21/2025 10:14:10 PM|RATS Tech|4980158|
41333|srboslav|Srboslavija|New Polar Order|10006|Blue|564085|moonshiner|whiskey island|New Polar Order|10006|Blue|Approved|0|100|0|7/21/2025 10:13:58 PM|RATS Tech|4980157|
41333|srboslav|Srboslavija|New Polar Order|10006|Blue|466880|Pesticide|Vermin|New Polar Order|10006|Blue|Pending|0|100|0|7/21/2025 10:13:38 PM|Aid Fall|4980156|
41333|srboslav|Srboslavija|New Polar Order|10006|Blue|262358|Johnny123|Johhny|New Polar Order|10006|Blue|Approved|0|100|0|7/21/2025 10:13:29 PM|Aid Fall|4980155|
514492|xxLENZxx|Star Command|The Legion|10020|Purple|611967|Mirin Kamar|Kamaroon|The Legion|10020|Purple|Approved|9000000|0|0|7/21/2025 9:52:12 PM|Praetor Aid|4980154|
526631|Fyston|Gallifrey|New Polar Order|10006|Blue|640161|ToiletGaming3000|Good Game|New Polar Order|10006|Blue|Pending|9000000|0|0|7/21/2025 9:50:48 PM|Aid Fall|4980153|
526631|Fyston|Gallifrey|New Polar Order|10006|Blue|625802|JadenStar10|Daeltheria|New Polar Order|10006|Blue|Pending|9000000|0|0|7/21/2025 9:50:40 PM|Aid Fall|4980152|
526631|Fyston|Gallifrey|New Polar Order|10006|Blue|604644|cobrastrike|HouseOfSnakes|New Polar Order|10006|Blue|Approved|9000000|0|0|7/21/2025 9:50:27 PM|Aid Fall|4980151|
646771|King Chocolate|Chocolate Cookie|Nuclear Proliferation League|17228|Aqua|407586|FreezingAssassin|Charr|Fark|10002|Aqua|Approved|0|100|0|7/21/2025 9:42:07 PM|Financial Assistance|4980150|
584157|Sheekyz|Kingdom Of Xe|Non Grata|10097|Maroon|630971|Jeremiah|CERAVA|Non Grata|10097|Maroon|Approved|9000000|0|0|7/21/2025 9:40:55 PM|Tech Deal|4980149|
445021|Mogar|Mogatopia|COBRA|13717|Brown|351219|Rakul|Winterhaven|The Order Of The Black Rose|10045|Black|Approved|9000000|0|0|7/21/2025 9:36:35 PM|Financial Assistance|4980148|
445021|Mogar|Mogatopia|COBRA|13717|Brown|23916|Lady Stella|Schnitzelburg|The Order Of The Black Rose|10045|Black|Pending|0|100|0|7/21/2025 9:36:11 PM|Financial Assistance|4980147|
445021|Mogar|Mogatopia|COBRA|13717|Brown|549386|ghostofgod|Apocalyptica|The Order Of The Black Rose|10045|Black|Approved|0|100|0|7/21/2025 9:35:54 PM|Financial Assistance|4980146|
445021|Mogar|Mogatopia|COBRA|13717|Brown|254864|morralis|Liberated Texas|The Order of the Black Rose|10045|Black|Pending|9000000|0|0|7/21/2025 9:35:18 PM|Financial Assistance|4980145|
164367|hazardousdoc|EggmanEmpire|New Polar Order|10006|Blue|556219|vedacool|Fania|New Polar Order|10006|Blue|Pending|9000000|0|0|7/21/2025 9:27:54 PM|Aid Fall|4980144|
164367|hazardousdoc|EggmanEmpire|New Polar Order|10006|Blue|640161|ToiletGaming3000|Good Game|New Polar Order|10006|Blue|Pending|9000000|0|0|7/21/2025 9:27:23 PM|Aid Fall|4980143|
164367|hazardousdoc|EggmanEmpire|New Polar Order|10006|Blue|520826|Ryan Greenberg|Funktopia|New Polar Order|10006|Blue|Approved|9000000|0|0|7/21/2025 9:27:13 PM|Aid Fall|4980142|
164367|hazardousdoc|EggmanEmpire|New Polar Order|10006|Blue|625802|JadenStar10|Daeltheria|New Polar Order|10006|Blue|Pending|9000000|0|0|7/21/2025 9:27:01 PM|Aid Fall|4980141|
164367|hazardousdoc|EggmanEmpire|New Polar Order|10006|Blue|603810|Jaguar1|Chrisenstein|New Polar Order|10006|Blue|Pending|9000000|0|0|7/21/2025 9:26:50 PM|Aid Fall|4980140|
164367|hazardousdoc|EggmanEmpire|New Polar Order|10006|Blue|591794|Raden Wijaya|Kerajaan Majapahit|New Polar Order|10006|Green|Approved|9000000|0|0|7/21/2025 9:26:39 PM|Aid Fall|4980139|
619806|Epimethys|Pyrrha|Doombrella|17368|Black|199494|Bomber66|Baxter|Doombrella|17368|Black|Approved|0|100|0|7/21/2025 9:26:19 PM|Financial Assistance|4980138|
430606|KemMo|Maurinaria|Nuclear Proliferation League|17228|Aqua|646568|Joan De Marquinly|Rallende|Nuclear Proliferation League|17228|Aqua|Approved|9000000|0|0|7/21/2025 8:59:42 PM|Send 100 tech to cabomabo|4980137|
529267|Pastor Jason|Gods Country|Doom Squad|16454|Black|99344|lunar146|Dreadnaught|Doom Squad|16454|Black|Approved|0|100|0|7/21/2025 8:55:08 PM|Jesus Christ is Lord |4980136|
646568|Joan De Marquinly|Rallende|Nuclear Proliferation League|17228|Aqua|645985|CaboMabo|CaboMabo|Nuclear Proliferation League|17228|Aqua|Approved|0|100|0|7/21/2025 8:47:50 PM|Financial Assistance|4980135|
645985|CaboMabo|CaboMabo|Nuclear Proliferation League|17228|Aqua|646402|MHOF100|DJANDMATT|Nuclear Proliferation League|17228|Aqua|Approved|6000000|0|0|7/21/2025 8:23:05 PM|Me Amigo|4980134|
360567|jjfx4|Millasville|Orange Defense Network|10007|Orange|538755|zeldafan4ever|Terminus|Orange Defense Network|10007|Orange|Approved|9000000|0|0|7/21/2025 8:22:29 PM|Tech|4980133|
519729|MammothCave|National Park|Swash Plates And Tail Rotors|10126|Maroon|325202|murtibing|Fluens|Axiom of Regularity|17122|Maroon|Approved|9000000|0|0|7/21/2025 8:13:51 PM|Financial Assistance|4980132|
519729|MammothCave|National Park|Swash Plates And Tail Rotors|10126|Maroon|22121|spartan 84|UNSC Reach|Non Grata|10097|Maroon|Approved|9000000|100|0|7/21/2025 8:13:39 PM|Financial Assistance|4980131|
519729|MammothCave|National Park|Swash Plates And Tail Rotors|10126|Maroon|324487|Death from above 82|Black Sheep|MONGOLS|14492|Maroon|Approved|9000000|100|0|7/21/2025 8:13:24 PM|Financial Assistance|4980130|
519729|MammothCave|National Park|Swash Plates And Tail Rotors|10126|Maroon|265697|Laskar Pelangi|Rainbow Soldier|Kaskus|10104|Brown|Approved|9000000|100|0|7/21/2025 8:13:12 PM|Financial Assistance|4980129|
519729|MammothCave|National Park|Swash Plates And Tail Rotors|10126|Maroon|260817|MamazlilMistake|Happy Hunting Ground|Non Grata|10097|Maroon|Pending|9000000|100|0|7/21/2025 8:12:56 PM|Financial Assistance|4980128|
543131|Morjon|Wayward Renegade|Nuclear Proliferation League|17228|Aqua|645984|keyman|Bonland|Nuclear Proliferation League|17228|Aqua|Approved|9000000|0|0|7/21/2025 8:11:41 PM|9/100 Tech Deal|4980127|
86974|Mad Mike|Mikeville|Global Alliance And Treaty Organization|10003|Brown|647063|geneclar|Kandam|Global Alliance And Treaty Organization|10003|Brown|Approved|6000000|0|0|7/21/2025 8:03:26 PM|from your friendly GATITO|4980126|
116324|Wayne World|Wayne World|The Grand Lodge of Freemasons|10029|Orange|624649|arif2016|TheIndomitableEmpire|COBRA|13717|Brown|Approved|9000000|0|0|7/21/2025 8:00:35 PM|Financial Assistance|4980125|
55535|Vash_S|Dethklok|The Dark Templar|10056|Black|50145|makarraka|MAKARRALAND|The Dark Templar|10056|Black|Approved|9000000|0|0|7/21/2025 7:57:24 PM|Financial Assistance|4980124|
55535|Vash_S|Dethklok|The Dark Templar|10056|Black|465336|Teh Chad|Wickistan|The Dark Templar|10056|Black|Pending|9000000|0|0|7/21/2025 7:57:17 PM|Financial Assistance|4980123|
55535|Vash_S|Dethklok|The Dark Templar|10056|Black|642110|Warden of 24 thralls|Hellionia|The Dark Templar|10056|Black|Pending|9000000|0|0|7/21/2025 7:57:06 PM|Financial Assistance|4980122|
55535|Vash_S|Dethklok|The Dark Templar|10056|Black|646025|Hiten21|HAPUD|The Dark Templar|10056|Black|Approved|9000000|0|0|7/21/2025 7:56:56 PM|Financial Assistance|4980121|
55535|Vash_S|Dethklok|The Dark Templar|10056|Black|641700|Sindal Raj|Republic of Ayodhya|The Dark Templar|10056|Black|Pending|9000000|0|0|7/21/2025 7:56:47 PM|Financial Assistance|4980120|
55535|Vash_S|Dethklok|The Dark Templar|10056|Black|639843|TheChickenRun|Costco Wholesale|The Dark Templar|10056|Black|Approved|9000000|0|0|7/21/2025 7:56:36 PM|Financial Assistance|4980119|
259541|NeoNation|NeoNation|Christian Coalition of Countries|10028|Maroon|647057|Yuri Markovitch|Volgravia|Christian Coalition Of Countries|10028|Maroon|Approved|6000000|0|0|7/21/2025 7:50:11 PM|Valyrian Exchange Program|4980118|
259541|NeoNation|NeoNation|Christian Coalition of Countries|10028|Maroon|647032|CVTWayne|Hintonia|Christian Coalition Of Countries|10028|Maroon|Approved|6000000|0|0|7/21/2025 7:49:35 PM|Valyrian Exchange Program|4980117|
591794|Raden Wijaya|Kerajaan Majapahit|New Polar Order|10006|Green|604250|RedHawkRuler|MiamiU|New Polar Order|10006|Blue|Approved|0|100|0|7/21/2025 7:43:32 PM|ICECAP Tech|4980116|
591794|Raden Wijaya|Kerajaan Majapahit|New Polar Order|10006|Green|466880|Pesticide|Vermin|New Polar Order|10006|Blue|Pending|0|100|0|7/21/2025 7:42:13 PM|Aid Fall|4980115|
591794|Raden Wijaya|Kerajaan Majapahit|New Polar Order|10006|Green|512699|Mindbraker|Aguda|New Polar Order|10006|Blue|Approved|0|100|0|7/21/2025 7:40:35 PM|ICECAP Tech|4980114|
611967|Mirin Kamar|Kamaroon|The Legion|10020|Purple|123143|Colin Myrhh|Wychwood|The Legion|10020|Purple|Pending|0|100|0|7/21/2025 7:35:30 PM|Financial Assistance|4980113|
646984|fruitloomps|Loomberg|Global Alliance And Treaty Organization|10003|Brown|429171|Inquisitor Gaunt|Cult Imperialis|Global Alliance And Treaty Organization|10003|Brown|Pending|0|100|0|7/21/2025 7:11:53 PM|Financial Assistance|4980112|
646984|fruitloomps|Loomberg|Global Alliance And Treaty Organization|10003|Brown|139990|BacTalan|NorseTurks|Global Alliance And Treaty Organization|10003|Brown|Approved|0|100|0|7/21/2025 7:11:17 PM|Financial Assistance|4980111|
402492|NikolaP|Wiggles|Disciples of Duckroll|17024|Black|596807|AmeerMuib|SiegeTank|Disciples of Duckroll|17024|Black|Approved|9000000|0|0|7/21/2025 7:08:50 PM|Financial Assistance|4980110|
634306|Lalaa|Lalaa|Doom Squad|16454|Black|392583|Javier360|Tenochtitlan|DOOMBIRD DOOMCAVE|10449|Black|Approved|0|100|0|7/21/2025 7:02:25 PM|Financial Assistance|4980109|
634306|Lalaa|Lalaa|Doom Squad|16454|Black|380007|Supreme Emperor Daeg|Metal|Doom Squad|16454|Black|Pending|0|100|0|7/21/2025 7:02:19 PM|Financial Assistance|4980108|
634306|Lalaa|Lalaa|Doom Squad|16454|Black|99344|lunar146|Dreadnaught|Doom Squad|16454|Black|Approved|0|100|0|7/21/2025 7:02:14 PM|Financial Assistance|4980107|
634306|Lalaa|Lalaa|Doom Squad|16454|Black|416695|pmacdaddy|Sanctuary|DOOMBIRD DOOMCAVE|10449|Black|Pending|0|100|0|7/21/2025 7:02:06 PM|Financial Assistance|4980106|
646327|KittenGosCrazy|Aura Kingdom|Global Alliance And Treaty Organization|10003|Brown|497000|Democzar|frequathrive|Global Alliance And Treaty Organization|10003|Brown|Approved|0|100|0|7/21/2025 6:53:58 PM|Purch|4980105|
261397|Rampage3|United Liberocracy|Nuclear Proliferation League|17228|Aqua|646840|Elowen Tharne|Veridanya|Nuclear Proliferation League|17228|Aqua|Pending|9000000|0|0|7/21/2025 6:50:53 PM|9/100 Tech Deal|4980104|
602563|AntiChoice|SuperNaturale|Sparta|10008|Black|431619|rotinom|Gideons|Sparta|10008|Black|Pending|9000000|0|0|7/21/2025 6:44:20 PM|Tech Deal |4980103|
163031|MasterChief777|The New Empire|Global Alliance And Treaty Organization|10003|Brown|646815|godtoh1|hotdogal|Global Alliance And Treaty Organization|10003|Brown|Approved|6000000|0|0|7/21/2025 6:27:36 PM|Tech deal 6/100|4980102|
556822|Emwem|MUA land|New Pacific Order|10000|Red|21424|John Edward|Ardenchestia|New Pacific Order|10000|Red|Pending|0|100|0|7/21/2025 6:27:18 PM|QT Tech|4980101|
556822|Emwem|MUA land|New Pacific Order|10000|Red|636711|Praetor Cuddles|Romulan Star Empire|New Pacific Order|10000|Red|Approved|0|100|0|7/21/2025 6:27:13 PM|QT Tech|4980100|
556822|Emwem|MUA land|New Pacific Order|10000|Red|576166|Xipz0r|Barafranca|New Pacific Order|10000|Red|Approved|0|100|0|7/21/2025 6:27:09 PM|QT Tech|4980099|
556822|Emwem|MUA land|New Pacific Order|10000|Red|513358|SeasonsOfLove|Krzyzewskiville|New Pacific Order|10000|Red|Approved|0|100|0|7/21/2025 6:27:05 PM|QT Tech|4980098|
556822|Emwem|MUA land|New Pacific Order|10000|Red|498811|Viper89|Viper Land|New Pacific Order|10000|Red|Approved|0|100|0|7/21/2025 6:27:01 PM|QT Tech|4980097|
556822|Emwem|MUA land|New Pacific Order|10000|Red|522260|kalev60|Hiiumaa|New Pacific Order|10000|Red|Approved|0|100|0|7/21/2025 6:26:53 PM|QT Tech|4980096|
644713|Nailz|Clavos|The Legion|10020|Purple|137646|Otto Stolz|Midgaard|The Legion|10020|Purple|Approved|0|100|0|7/21/2025 6:19:49 PM|Financial Assistance|4980095|
357423|claude|Doom House|Doom Squad|16454|Black|199494|Bomber66|Baxter|Doombrella|17368|Black|Approved|0|100|0|7/21/2025 6:15:17 PM|Financial Assistance|4980094|
357423|claude|Doom House|Doom Squad|16454|Black|623822|Comrade Marx|GreaterGoonSyndicate|Doombrella|17368|Black|Approved|0|100|0|7/21/2025 6:14:52 PM|Financial Assistance|4980093|
357423|claude|Doom House|Doom Squad|16454|Black|567720|Cosmic Chocolate|Soaring Eagle|DOOMBIRD DOOMCAVE|10449|Black|Approved|0|100|0|7/21/2025 6:14:30 PM|Financial Assistance|4980092|
452727|Avakael|Klaus Devestatorie|Nuclear Proliferation League|17228|Brown|645829|blegth|irting|Nuclear Proliferation League|17228|Aqua|Approved|9000000|0|0|7/21/2025 6:02:56 PM|Tech deal 9m/100|4980091|
646813|SaberClawd|Nyxus|Global Alliance And Treaty Organization|10003|Brown|39705|Bmk812|Eisenherz|Global Alliance And Treaty Organization|10003|Brown|Approved|0|100|0|7/21/2025 6:02:19 PM|Financial Assistance|4980090|
181640|medic32|Ecateca|New Polar Order|10006|Blue|604644|cobrastrike|HouseOfSnakes|New Polar Order|10006|Blue|Approved|9000000|0|0|7/21/2025 5:40:45 PM|Aid Fall|4980089|
181640|medic32|Ecateca|New Polar Order|10006|Blue|603810|Jaguar1|Chrisenstein|New Polar Order|10006|Blue|Pending|9000000|0|0|7/21/2025 5:40:25 PM|Aid Fall|4980088|
181640|medic32|Ecateca|New Polar Order|10006|Blue|591794|Raden Wijaya|Kerajaan Majapahit|New Polar Order|10006|Green|Approved|9000000|0|0|7/21/2025 5:40:07 PM|Aid Fall|4980087|
181640|medic32|Ecateca|New Polar Order|10006|Blue|641765|Chandragupta Maurya|Maurya Dynasty|New Polar Order|10006|Blue|Pending|9000000|0|0|7/21/2025 5:39:48 PM|ICECAP cash|4980086|
72766|Gofastleft|Racesteria|Non Grata|10097|Maroon|625902|Patrick Stewart|Republic of Yorkshir|Non Grata|10097|Maroon|Approved|9000000|0|0|7/21/2025 5:37:40 PM|Tech|4980085|
262614|aml520|Hantou|New Polar Order|10006|Blue|431565|Dark Zone Elite|Dark Zone Elite|New Polar Order|10006|Blue|Approved|0|100|0|7/21/2025 5:33:51 PM|ICECAP Tech|4980084|
543131|Morjon|Wayward Renegade|Nuclear Proliferation League|17228|Aqua|646892|Kamva|Zaire Republic|Nuclear Proliferation League|17228|Aqua|Approved|6000000|0|0|7/21/2025 5:19:36 PM|6/100 Tech Deal|4980083|
430606|KemMo|Maurinaria|Nuclear Proliferation League|17228|Aqua|643197|HoustonBeBack|Larsden|Nuclear Proliferation League|17228|Aqua|Approved|9000000|0|0|7/21/2025 5:17:56 PM|9/100|4980082|
507771|MtPollux|The Monkey Kingdom|Nuclear Proliferation League|17228|Brown|508630|notkintoot|particle|Nuclear Proliferation League|17228|Aqua|Approved|9000000|0|0|7/21/2025 5:17:56 PM|9/100 deal|4980081|
644999|Warrior3991|Firebase 901|The Legion|10020|Purple|205980|deathbiter|Arrakis2|The Legion|10020|Purple|Approved|0|100|0|7/21/2025 5:16:34 PM|Financial Assistance|4980080|
644999|Warrior3991|Firebase 901|The Legion|10020|Purple|439338|kajkajete|Rheinlander|The Legion|10020|Purple|Pending|0|100|0|7/21/2025 5:16:20 PM|Financial Assistance|4980079|
645829|blegth|irting|Nuclear Proliferation League|17228|Aqua|604565|New Reverie|Hollow Land|Random Insanity Alliance|10038|Maroon|Approved|0|100|0|7/21/2025 5:13:30 PM|Financial Assistance|4980077|
170471|Smurthwaite|Smurthwaite|Nuclear Proliferation League|17228|Aqua|646497|Arcanium|Averium|Nuclear Proliferation League|17228|Aqua|Approved|9000000|0|0|7/21/2025 5:01:29 PM|Tech? 30 Day extra slot|4980076|
310672|King Wally|Rep of Queensland|Nuclear Proliferation League|17228|Aqua|646886|Root3|Kansa|Nuclear Proliferation League|17228|Aqua|Approved|9000000|100|0|7/21/2025 4:57:22 PM|Rampage Bucks! |4980075|
643549|KingDutchison|KingDutchison|The Legion|10020|Purple|439338|kajkajete|Rheinlander|The Legion|10020|Purple|Approved|0|100|0|7/21/2025 4:35:06 PM|Financial Assistance|4980074|
643549|KingDutchison|KingDutchison|The Legion|10020|Purple|288372|king qaz|my own little workd|The Legion|10020|Purple|Approved|0|100|0|7/21/2025 4:34:50 PM|Financial Assistance|4980073|
503436|StevieG|Dinglebay|Doombrella|17368|Black|646870|Waffless|Wafflandia|Doombrella|17368|Black|Approved|9000000|0|0|7/21/2025 4:10:34 PM|Financial Assistance|4980072|
273493|Iceknave|Armed Federation|New Pacific Order|10000|Red|642107|xUnwanteDx|xNazaricKx|New Pacific Order|10000|Red|Approved|9000000|0|0|7/21/2025 3:45:16 PM|Bankroll|4980071|
273493|Iceknave|Armed Federation|New Pacific Order|10000|Red|450111|Crowncowboy|Confederate Isle|The Wolves|16660|Maroon|Pending|9000000|0|0|7/21/2025 3:45:09 PM|Hugs from NPO|4980070|
273493|Iceknave|Armed Federation|New Pacific Order|10000|Red|644646|Naturschuetzer|Naturumgibt|New Pacific Order|10000|Red|Pending|9000000|0|0|7/21/2025 3:45:04 PM|Bankroll|4980069|
273493|Iceknave|Armed Federation|New Pacific Order|10000|Red|637699|0xRedd|CyberIndo|New Pacific Order|10000|Red|Approved|9000000|0|0|7/21/2025 3:44:58 PM|QT Pay|4980068|
273493|Iceknave|Armed Federation|New Pacific Order|10000|Red|611255|Glaceau|Michelto|New Pacific Order|10000|Red|Approved|9000000|0|0|7/21/2025 3:44:54 PM|Rising Stars|4980067|
273493|Iceknave|Armed Federation|New Pacific Order|10000|Red|576649|Caighil Coiri|Emerald Isles|New Pacific Order|10000|Red|Approved|9000000|0|0|7/21/2025 3:44:50 PM|QT Pay|4980066|
599846|RandomWon|Hangry|Sparta|10008|Green|299207|Gingray|Colonia Irlanda|Sparta|10008|Black|Approved|0|100|0|7/21/2025 3:40:22 PM|Financial Assistance|4980065|
240549|Codark|Codainia|Freehold of The Wolves|15157|White|647057|Yuri Markovitch|Volgravia|Christian Coalition Of Countries|10028|Maroon|Approved|6000000|0|0|7/21/2025 3:32:39 PM|Valyrian Cash|4980064|
240549|Codark|Codainia|Freehold of The Wolves|15157|White|647032|CVTWayne|Hintonia|Christian Coalition Of Countries|10028|Maroon|Approved|6000000|0|0|7/21/2025 3:32:19 PM|Valyrian Cash|4980063|
590030|toledomike|BUGANATION|CLAWS|15841|Black|86943|DenverDan|Greater Basin|CLAWS|15841|Black|Approved|0|100|0|7/21/2025 3:14:29 PM|Financial Assistance|4980062|
590030|toledomike|BUGANATION|CLAWS|15841|Black|275547|BigKif|KifLand|CLAWS|15841|Black|Pending|0|100|0|7/21/2025 3:13:30 PM|Financial Assistance|4980061|
441760|jacka|north 40|The Legion|10020|Purple|485586|veracity|drunkenville|The Legion|10020|Purple|Approved|0|100|0|7/21/2025 3:12:25 PM|Financial Assistance|4980060|
618381|Drizzy|Corneria|New Pacific Order|10000|Red|608015|elputojack|villa feliz|New Pacific Order|10000|Red|Approved|0|100|0|7/21/2025 3:01:45 PM|QT Tech|4980059|
618381|Drizzy|Corneria|New Pacific Order|10000|Red|522260|kalev60|Hiiumaa|New Pacific Order|10000|Red|Approved|0|100|0|7/21/2025 3:01:40 PM|QT Tech|4980058|
618381|Drizzy|Corneria|New Pacific Order|10000|Red|21424|John Edward|Ardenchestia|New Pacific Order|10000|Red|Approved|0|100|0|7/21/2025 3:01:34 PM|QT Tech|4980057|
618381|Drizzy|Corneria|New Pacific Order|10000|Red|636711|Praetor Cuddles|Romulan Star Empire|New Pacific Order|10000|Red|Approved|0|100|0|7/21/2025 3:01:28 PM|QT Tech|4980056|
618381|Drizzy|Corneria|New Pacific Order|10000|Red|97698|Guido|Itally|New Pacific Order|10000|Red|Pending|0|100|0|7/21/2025 3:01:21 PM|QT Tech|4980055|
618381|Drizzy|Corneria|New Pacific Order|10000|Red|513358|SeasonsOfLove|Krzyzewskiville|New Pacific Order|10000|Red|Approved|0|100|0|7/21/2025 3:01:15 PM|QT Tech|4980054|
484657|Augustus Caesar|South Holland|Non Grata|10097|Maroon|613432|Talbrys|Keltroy|Non Grata|10097|Maroon|Approved|9000000|0|0|7/21/2025 2:59:58 PM|POOR|4980053|
484657|Augustus Caesar|South Holland|Non Grata|10097|Maroon|260817|MamazlilMistake|Happy Hunting Ground|Non Grata|10097|Maroon|Pending|9000000|0|0|7/21/2025 2:59:39 PM|POOR|4980052|
79371|xkirra|Mordlandia|Global Alliance And Treaty Organization|10003|Brown|646327|KittenGosCrazy|Aura Kingdom|Global Alliance And Treaty Organization|10003|Brown|Approved|9000000|0|0|7/21/2025 2:23:17 PM|Financial Assistance|4980051|
571763|JohelleTapper|StoneSour|New Pacific Order|10000|Red|608015|elputojack|villa feliz|New Pacific Order|10000|Red|Approved|0|100|0|7/21/2025 2:02:46 PM|QT Tech|4980050|
571763|JohelleTapper|StoneSour|New Pacific Order|10000|Red|442731|Madd|Modra|New Pacific Order|10000|Red|Approved|0|100|0|7/21/2025 2:02:42 PM|QT Tech|4980049|
645347|Randomnameguy|New England INC|Post Grunge Supergroup|16367|Brown|474413|The R00STER|Republic of Ibonn|The Dark Templar|10056|Black|Approved|0|100|0|7/21/2025 1:38:01 PM|Tech payment|4980048|
645347|Randomnameguy|New England INC|Post Grunge Supergroup|16367|Brown|620004|Joesph Stalin|Ressurectioned USSR|Union Of Communist Republics|10060|Brown|Approved|0|100|0|7/21/2025 1:37:50 PM|Tech Payment|4980047|
479490|King Cyan|The Cyan Kingdom|Global Alliance And Treaty Organization|10003|Brown|487436|Arborder|Garrison One|Avalanche|10078|Blue|Approved|9000000|0|0|7/21/2025 1:37:47 PM|Tech deal|4980046|
645374|Zia Ul Haq|Emirate of Pakistan|COBRA|13717|Brown|545096|Mumzilla|Hulkville|The Dark Templar|10056|Black|Approved|0|100|0|7/21/2025 1:37:01 PM|Tech Shipment 21/7/2025|4980045|
319343|realpal|REALPAL|Fark|10002|Aqua|635667|Steves|Steveland|Fark|10002|Aqua|Approved|9000000|0|0|7/21/2025 1:19:14 PM|9/100|4980044|
319343|realpal|REALPAL|Fark|10002|Aqua|567239|GrumpyOldFool|Sugarstan|Fark|10002|Aqua|Pending|9000000|0|0|7/21/2025 1:17:57 PM|9/100|4980043|
319343|realpal|REALPAL|Fark|10002|Aqua|558318|Falcon9|Darkest Chandler|Fark|10002|Aqua|Approved|9000000|0|0|7/21/2025 1:15:25 PM|9/100|4980042|
642140|Venusia|Tenebris|Post Grunge Supergroup|16367|Brown|630254|Venoxis|Anartektica|Post Grunge Supergroup|16367|Brown|Approved|0|100|0|7/21/2025 12:25:20 PM|Financial Assistance|4980041|
642140|Venusia|Tenebris|Post Grunge Supergroup|16367|Brown|418455|Sabcat|Sabcat Island|Libertarian Socialist Federation|10027|Brown|Approved|0|100|0|7/21/2025 12:15:58 PM|Financial Assistance|4980040|
642140|Venusia|Tenebris|Post Grunge Supergroup|16367|Brown|577964|WagonWheel|Wagons|Post Grunge Supergroup|16367|Brown|Pending|0|100|0|7/21/2025 12:15:52 PM|Financial Assistance|4980039|
40650|kerschbs|indica|Non Grata|10097|Maroon|646950|KarmaBlaster|NoNameIstan|Non Grata|10097|Maroon|Approved|6000000|0|0|7/21/2025 11:54:05 AM|Tech deal|4980038|
642002|Telikos Terakhir|Eschatosia|The Legion|10020|Purple|485586|veracity|drunkenville|The Legion|10020|Purple|Approved|0|100|0|7/21/2025 11:18:45 AM|Financial Assistance|4980037|
642002|Telikos Terakhir|Eschatosia|The Legion|10020|Purple|231614|Frey the Great|Freytopia|The Legion|10020|Purple|Approved|0|100|0|7/21/2025 11:18:37 AM|Financial Assistance|4980036|
642002|Telikos Terakhir|Eschatosia|The Legion|10020|Purple|638569|Ozark|Blue Cat Nation|The Legion|10020|Purple|Approved|0|100|0|7/21/2025 11:18:22 AM|Financial Assistance|4980035|
642002|Telikos Terakhir|Eschatosia|The Legion|10020|Purple|568971|Lord Windmark|Regnum Saoirse|The Legion|10020|Purple|Approved|0|100|0|7/21/2025 11:18:14 AM|Financial Assistance|4980034|
554572|paulpig|Strongland|Avalanche|10078|Blue|632534|valves|valves2|Avalanche|10078|Blue|Pending|6000000|0|0|7/21/2025 11:13:26 AM|Financial Assistance|4980033|
554572|paulpig|Strongland|Avalanche|10078|Blue|604964|SirDog|Wollemi|Avalanche|10078|Blue|Approved|9000000|0|0|7/21/2025 11:13:09 AM|Financial Assistance|4980032|
554572|paulpig|Strongland|Avalanche|10078|Blue|487436|Arborder|Garrison One|Avalanche|10078|Blue|Approved|9000000|0|0|7/21/2025 11:12:52 AM|Financial Assistance|4980031|
636336|Stelth|White Mountain|Union Of Communist Republics|10060|Brown|645467|LiefzDel|Greater Czechia|Post Grunge Supergroup|16367|Brown|Approved|9000000|0|0|7/21/2025 11:12:27 AM|Tech czech|4980030|
633318|Immortalis712|Republic of Intima|New Pacific Order|10000|Red|448981|Knight|Alliance of Knights|New Pacific Order|10000|Red|Approved|0|100|0|7/21/2025 10:39:32 AM|QT Tech|4980029|
633318|Immortalis712|Republic of Intima|New Pacific Order|10000|Red|608015|elputojack|villa feliz|New Pacific Order|10000|Red|Approved|0|100|0|7/21/2025 10:39:18 AM|QT Tech|4980028|
544732|axel3200|Valta|New Pacific Order|10000|Red|608015|elputojack|villa feliz|New Pacific Order|10000|Red|Approved|0|100|0|7/21/2025 10:36:02 AM|QT Tech|4980027|
544732|axel3200|Valta|New Pacific Order|10000|Red|448981|Knight|Alliance of Knights|New Pacific Order|10000|Red|Approved|0|100|0|7/21/2025 10:35:58 AM|QT Tech|4980026|
544732|axel3200|Valta|New Pacific Order|10000|Red|442731|Madd|Modra|New Pacific Order|10000|Red|Approved|0|100|0|7/21/2025 10:35:54 AM|QT Tech|4980025|
544732|axel3200|Valta|New Pacific Order|10000|Red|17202|Cybolt|Time and Space|New Pacific Order|10000|Red|Approved|0|100|0|7/21/2025 10:35:51 AM|QT Tech|4980024|
544732|axel3200|Valta|New Pacific Order|10000|Red|522260|kalev60|Hiiumaa|New Pacific Order|10000|Red|Pending|0|100|0|7/21/2025 10:35:47 AM|QT Tech|4980023|
544732|axel3200|Valta|New Pacific Order|10000|Red|511698|hailkirk10|Kirklan|New Pacific Order|10000|Red|Pending|0|100|0|7/21/2025 10:35:43 AM|QT Tech|4980022|
637471|Branjawn|United Bishops|Post Grunge Supergroup|16367|Brown|630254|Venoxis|Anartektica|Post Grunge Supergroup|16367|Brown|Approved|0|100|0|7/21/2025 10:28:27 AM|Financial Assistance|4980021|
637471|Branjawn|United Bishops|Post Grunge Supergroup|16367|Brown|311659|tanglerat|Tir Mor|Post Grunge Supergroup|16367|Brown|Approved|0|100|0|7/21/2025 10:27:02 AM|Financial Assistance|4980020|
206853|Tsayka|Trisaram|NATO|10037|Blue|229836|apemax|smugglers and mercs|The Imperial Order|10082|Blue|Approved|0|100|0|7/21/2025 10:25:49 AM|Financial Assistance|4980019|
206853|Tsayka|Trisaram|NATO|10037|Blue|369840|Astron|Svedala|NATO|10037|Blue|Approved|0|100|0|7/21/2025 10:25:30 AM|Financial Assistance|4980018|
206853|Tsayka|Trisaram|NATO|10037|Blue|248357|MrSka|Slartibartfast|NATO|10037|Blue|Pending|0|100|0|7/21/2025 10:25:11 AM|Financial Assistance|4980017|
206853|Tsayka|Trisaram|NATO|10037|Blue|106012|President JR Seisa|Themysciera|NATO|10037|Blue|Approved|0|100|0|7/21/2025 10:24:44 AM|Financial Assistance|4980016|
206853|Tsayka|Trisaram|NATO|10037|Blue|493791|azntrigboi|Symmetry|NATO|10037|Blue|Approved|0|100|0|7/21/2025 10:24:23 AM|Financial Assistance|4980015|
206853|Tsayka|Trisaram|NATO|10037|Blue|428260|Warden|Llama Land|NATO|10037|Blue|Approved|0|100|0|7/21/2025 10:24:10 AM|Financial Assistance|4980014|
546488|levothy|mycybernation|Knights Of The Round Table|10092|Green|425240|Aqua Archon|Aquamark|Knights Of The Round Table|10092|Aqua|Approved|0|100|0|7/21/2025 10:15:56 AM|Tech Insurance Isla Guaha|4980013|
559191|Darksight1|ChineseEmpire|New Pacific Order|10000|Red|212835|Minuq|Butan|New Pacific Order|10000|Red|Pending|0|100|0|7/21/2025 10:14:25 AM|Vallum Aelium|4980012|
559191|Darksight1|ChineseEmpire|New Pacific Order|10000|Red|448981|Knight|Alliance of Knights|New Pacific Order|10000|Red|Approved|0|100|0|7/21/2025 10:14:19 AM|QT Tech|4980011|
559191|Darksight1|ChineseEmpire|New Pacific Order|10000|Red|99297|MudBug|Swamplandia|New Pacific Order|10000|Red|Pending|0|100|0|7/21/2025 10:14:14 AM|QT Tech|4980010|
533961|zilocke|Zilandia|Mostly Harmless Alliance|14879|Blue|229210|Carrona|WoW Addicts Paradise|Mostly Harmless Alliance|14879|Blue|Approved|0|100|0|7/21/2025 10:09:49 AM|Tech Deal|4980009|
233988|Antiglams|Benerilandia|NATO|10037|Blue|440257|lonabis|flying dutchmen|NATO|10037|Blue|Approved|0|100|0|7/21/2025 9:52:54 AM|Valyrian Aid|4980008|
39465|King Tom|king Tom|NATO|10037|Blue|647032|CVTWayne|Hintonia|Christian Coalition Of Countries|10028|Maroon|Approved|6000000|0|0|7/21/2025 9:36:16 AM|vep|4980007|
39465|King Tom|king Tom|NATO|10037|Blue|645652|SpaceGhostCTC|Phantom crusier|Federation Of Armed Nations|10021|Yellow|Approved|9000000|0|0|7/21/2025 9:35:46 AM|vep|4980006|
487838|Lord von Manteuffel|Kampfgruppe Panzer|Swash Plates And Tail Rotors|10126|None|324487|Death from above 82|Black Sheep|MONGOLS|14492|Maroon|Approved|9000000|100|0|7/21/2025 9:33:23 AM|Financial Assistance|4980005|
487838|Lord von Manteuffel|Kampfgruppe Panzer|Swash Plates And Tail Rotors|10126|None|260817|MamazlilMistake|Happy Hunting Ground|Non Grata|10097|Maroon|Pending|9000000|100|0|7/21/2025 9:33:10 AM|Financial Assistance|4980004|
487838|Lord von Manteuffel|Kampfgruppe Panzer|Swash Plates And Tail Rotors|10126|None|325202|murtibing|Fluens|Axiom of Regularity|17122|Maroon|Approved|9000000|0|0|7/21/2025 9:32:56 AM|Financial Assistance|4980003|
487838|Lord von Manteuffel|Kampfgruppe Panzer|Swash Plates And Tail Rotors|10126|None|265697|Laskar Pelangi|Rainbow Soldier|Kaskus|10104|Brown|Approved|9000000|100|0|7/21/2025 9:32:46 AM|Financial Assistance|4980002|
443221|Mistral|Nicholas|Post Grunge Supergroup|16367|Brown|644189|Gul le Necro|Old glorious iceland|Post Grunge Supergroup|16367|Brown|Pending|9000000|0|0|7/21/2025 9:24:00 AM|Free aid!|4980001|
580983|Burtonboarder230|Adult ed|New Pacific Order|10000|Red|642107|xUnwanteDx|xNazaricKx|New Pacific Order|10000|Red|Approved|9000000|0|0|7/21/2025 9:21:51 AM|Bankroll|4980000|
580983|Burtonboarder230|Adult ed|New Pacific Order|10000|Red|632290|JT the Lionheart|Empire of the Rock|The Wolves|16660|Maroon|Approved|9000000|0|0|7/21/2025 9:21:47 AM|Hugs from NPO|4979999|
580983|Burtonboarder230|Adult ed|New Pacific Order|10000|Red|570155|Thrash04|Ohio Terrority|New Pacific Order|10000|Red|Approved|9000000|0|0|7/21/2025 9:21:43 AM|Bankroll|4979998|
580983|Burtonboarder230|Adult ed|New Pacific Order|10000|Red|450111|Crowncowboy|Confederate Isle|The Wolves|16660|Maroon|Pending|9000000|0|0|7/21/2025 9:21:39 AM|Hugs from NPO|4979997|
580983|Burtonboarder230|Adult ed|New Pacific Order|10000|Red|642970|Rhett Kahn|Retconia|New Pacific Order|10000|Red|Approved|9000000|0|0|7/21/2025 9:21:35 AM|QT Pay|4979996|
580983|Burtonboarder230|Adult ed|New Pacific Order|10000|Red|633137|International Waters|International Waters|New Pacific Order|10000|Red|Approved|9000000|0|0|7/21/2025 9:21:30 AM|Bankroll|4979995|
637489|Osirispuprex|Osirispuprex|Post Grunge Supergroup|16367|Brown|632435|Lordsmallballs|Acadian States|Post Grunge Supergroup|16367|Brown|Approved|0|100|2000|7/21/2025 9:20:47 AM|Financial Assistance|4979994|
579519|EatDirtFartDust|Testiclania|Doom Squad|16454|Black|240223|White Chocolate|Lander Clan|CLAWS|15841|Black|Approved|0|100|0|7/21/2025 9:17:54 AM|Financial Assistance|4979993|
579519|EatDirtFartDust|Testiclania|Doom Squad|16454|Black|199494|Bomber66|Baxter|Doombrella|17368|Black|Approved|0|100|0|7/21/2025 9:17:48 AM|Financial Assistance|4979992|
579519|EatDirtFartDust|Testiclania|Doom Squad|16454|Black|623822|Comrade Marx|GreaterGoonSyndicate|Doombrella|17368|Black|Approved|0|100|0|7/21/2025 9:17:42 AM|Financial Assistance|4979991|
579519|EatDirtFartDust|Testiclania|Doom Squad|16454|Black|139809|John Orris|Commonwealth of John|Doombrella|17368|Black|Approved|0|100|0|7/21/2025 9:17:35 AM|Financial Assistance|4979990|
579519|EatDirtFartDust|Testiclania|Doom Squad|16454|Black|567720|Cosmic Chocolate|Soaring Eagle|DOOMBIRD DOOMCAVE|10449|Black|Approved|0|100|0|7/21/2025 9:17:12 AM|Financial Assistance|4979989|
579519|EatDirtFartDust|Testiclania|Doom Squad|16454|Black|466941|Komplex|Despair|DOOMBIRD DOOMCAVE|10449|Black|Approved|0|100|0|7/21/2025 9:17:06 AM|Financial Assistance|4979988|
340698|Onified|Spork|NATO|10037|Blue|647032|CVTWayne|Hintonia|Christian Coalition Of Countries|10028|Maroon|Approved|6000000|0|0|7/21/2025 9:05:49 AM|vep|4979987|
340698|Onified|Spork|NATO|10037|Blue|645652|SpaceGhostCTC|Phantom crusier|Federation Of Armed Nations|10021|Yellow|Approved|9000000|0|0|7/21/2025 9:05:40 AM|vep|4979986|
340698|Onified|Spork|NATO|10037|Blue|580046|Body Jryant|Conservative South|Christian Coalition Of Countries|10028|Maroon|Approved|9000000|0|0|7/21/2025 9:05:32 AM|vep|4979985|
340698|Onified|Spork|NATO|10037|Blue|388182|lucky6|Direct Impingement|Federation of Armed Nations|10021|Yellow|Approved|9000000|0|0|7/21/2025 9:05:24 AM|vep|4979984|
340698|Onified|Spork|NATO|10037|Blue|202168|Dr Doctor|NATO Armed Forces|NATO|10037|Blue|Approved|9000000|0|0|7/21/2025 9:05:10 AM|vep|4979983|
632798|KYBALION|HVITIRDREKAR|Knights Of The Round Table|10092|Green|626421|JesusCrocs|Isla Guahan|Knights Of The Round Table|10092|Green|Approved|6000000|0|0|7/21/2025 8:43:47 AM|New 6M/100T Deal :-)|4979982|
645017|RobbentheRider|Skylarkton|The Legion|10020|Purple|568971|Lord Windmark|Regnum Saoirse|The Legion|10020|Purple|Approved|0|100|0|7/21/2025 8:43:33 AM|Financial Assistance|4979981|
644713|Nailz|Clavos|The Legion|10020|Purple|129686|HK Boris|USEAR|The Legion|10020|Purple|Approved|0|100|0|7/21/2025 8:37:33 AM|Financial Assistance|4979980|
487436|Arborder|Garrison One|Avalanche|10078|Blue|25745|JJ452|Eire.|Avalanche|10078|Blue|Pending|0|100|0|7/21/2025 8:31:51 AM|Shipment 1|4979979|
487436|Arborder|Garrison One|Avalanche|10078|Blue|348070|Chopin|Republic of Poland|Avalanche|10078|Blue|Approved|0|100|0|7/21/2025 8:31:37 AM|Shipment 1|4979978|
216336|Stetson76|Axeland|CLAWS|15841|Black|646383|Son Of Him|Land of Forever|Catholic Reich|17311|Black|Approved|9000000|0|0|7/21/2025 8:22:09 AM|$9mil for 100 tech deal?|4979977|
216336|Stetson76|Axeland|CLAWS|15841|Black|570802|IlDuce|ItaliaSS|CLAWS|15841|Black|Approved|9000000|0|0|7/21/2025 8:21:48 AM|$9mil for 100 tech deal?|4979976|
86974|Mad Mike|Mikeville|Global Alliance And Treaty Organization|10003|Brown|646409|Kingdjthadestroyer|King Dj|Global Alliance And Treaty Organization|10003|Brown|Approved|9000000|0|0|7/21/2025 8:15:32 AM|GATITO said too|4979975|
293406|Jeffimus|Smoothwater|The Dark Templar|10056|Black|545096|Mumzilla|Hulkville|The Dark Templar|10056|Black|Approved|0|100|0|7/21/2025 8:03:03 AM|Financial Assistance|4979974|
642141|Crusadan|Doimestea|The Dark Templar|10056|Black|84729|D.A.D.1|IGP Warriors|The Dark Templar|10056|Black|Approved|0|100|0|7/21/2025 8:01:10 AM|Financial Assistance|4979973|
308695|Indiomaestro|Jahara|The Dark Templar|10056|Black|642338|Kauppinen|Savruotland|The Dark Templar|10056|Black|Approved|9000000|0|0|7/21/2025 7:48:05 AM|Financial Assistance|4979972|
242836|BozDaBoz|CoastalBendatia|Fark|10002|Aqua|645525|GodKing Menes|Free Republic of Kem|Nuclear Proliferation League|17228|Aqua|Approved|9000000|0|0|7/21/2025 7:47:36 AM|tech deal 9/100|4979971|
308695|Indiomaestro|Jahara|The Dark Templar|10056|Black|642141|Crusadan|Doimestea|The Dark Templar|10056|Black|Approved|9000000|0|0|7/21/2025 7:47:28 AM|Financial Assistance|4979970|
644454|Mike Oxlong|Dixie Wrecked|Global Alliance And Treaty Organization|10003|Brown|273254|unstpblpimp|unstpblpimp|Global Alliance and Treaty Organization|10003|Brown|Approved|0|100|0|7/21/2025 7:46:14 AM|Financial Assistance|4979969|
645526|Khanya The Great|Triangula|Veneris|17356|White|25379|Stylesjl|Pontbridge|Coalition of Royal Allied Powers|10051|Maroon|Approved|0|100|0|7/21/2025 7:41:20 AM|Financial Assistance|4979968|
573111|Al Bundy|bundyville|The Wolves|16660|Maroon|644573|david har sinay|AuroriNa|Veneris|17356|White|Approved|6000000|0|0|7/21/2025 7:36:13 AM|6/100|4979967|
474413|The R00STER|Republic of Ibonn|The Dark Templar|10056|Black|644785|Optimus881|Wakanda881|Post Grunge Supergroup|16367|Brown|Approved|9000000|0|0|7/21/2025 7:36:01 AM|Long term tech deal?|4979966|
631459|Gorbachov|Soviet Union|COMECON|16703|Red|588563|Kasper|Skora Horda|Knights Of The Round Table|10092|Green|Approved|0|100|0|7/21/2025 7:28:54 AM|Financial Assistance|4979965|
646409|Kingdjthadestroyer|King Dj|Global Alliance And Treaty Organization|10003|Brown|313301|MK4Slowride|MK4Slowride|Global Alliance And Treaty Organization|10003|Brown|Approved|0|100|0|7/21/2025 7:26:27 AM|Financial Assistance|4979964|
639416|Addisonjam|Additomia|The Dark Templar|10056|Black|84729|D.A.D.1|IGP Warriors|The Dark Templar|10056|Black|Approved|0|100|0|7/21/2025 7:25:07 AM|Financial Assistance|4979963|
639416|Addisonjam|Additomia|The Dark Templar|10056|Black|162871|General Ozujsko|Republic of Ozujsko|The Dark Templar|10056|Black|Approved|0|100|0|7/21/2025 7:24:58 AM|Financial Assistance|4979962|
639416|Addisonjam|Additomia|The Dark Templar|10056|Black|474413|The R00STER|Republic of Ibonn|The Dark Templar|10056|Black|Approved|0|100|0|7/21/2025 7:24:51 AM|Financial Assistance|4979961|
443221|Mistral|Nicholas|Post Grunge Supergroup|16367|Brown|644785|Optimus881|Wakanda881|Post Grunge Supergroup|16367|Brown|Approved|9000000|0|0|7/21/2025 7:23:03 AM|9m/100t|4979960|
443221|Mistral|Nicholas|Post Grunge Supergroup|16367|Brown|643741|Danteeternity|Balan|Post Grunge Supergroup|16367|Brown|Approved|9000000|0|0|7/21/2025 7:22:00 AM|9m/100t|4979959|
646195|Ebaggerisintown|Tinneas Cinn|Global Alliance And Treaty Organization|10003|Brown|497000|Democzar|frequathrive|Global Alliance And Treaty Organization|10003|Brown|Approved|0|100|0|7/21/2025 7:20:43 AM|Tech|4979958|
645740|ShadowSleeper|Noevgono|Nuclear Proliferation League|17228|Aqua|207347|Arcane|Arcania|Fark|10002|Aqua|Approved|0|100|0|7/21/2025 7:14:40 AM|Tech repay|4979957|
407657|Shtanto|Shtanto|Non Grata|10097|Maroon|631302|Gatherum|Vermis|Non Grata|10097|Maroon|Approved|9000000|0|0|7/21/2025 7:08:06 AM|Tech Deal 9/100 :)|4979956|
170124|WackyDan|Wackytopia|Nordreich|11319|Maroon|639833|sogekido|sinetron|Nordreich|11319|Maroon|Approved|9000000|0|0|7/21/2025 7:03:20 AM|9M/100t|4979955|
491366|MikeyFlips|MikeyFlips|CLAWS|15841|Black|590030|toledomike|BUGANATION|CLAWS|15841|Black|Approved|9000000|0|0|7/21/2025 6:46:25 AM|Tech|4979954|
636192|Elizah|Monshun|Nordreich|11319|Maroon|240196|Seagram|Siperia|Nordreich|11319|Maroon|Pending|0|100|0|7/21/2025 6:44:33 AM|Financial Assistance|4979953|
364329|Donnie Darko|DarkoLand|Doom Squad|16454|Black|532609|KingJohnny|Nechian Empire|Doom Squad|16454|Black|Approved|9000000|0|0|7/21/2025 6:40:57 AM|Financial Assistance|4979952|
364329|Donnie Darko|DarkoLand|Doom Squad|16454|Black|646799|Salt Meat|Ghost Sea|Doom Squad|16454|Black|Approved|9000000|0|0|7/21/2025 6:38:59 AM|Financial Assistance|4979951|
364329|Donnie Darko|DarkoLand|Doom Squad|16454|Black|506358|lightningjim|Fulmen Ingenium|Doom Squad|16454|Black|Pending|9000000|0|0|7/21/2025 6:38:19 AM|Financial Assistance|4979950|
376391|Dave the Dominator|Taulvia|The Templar Knights|10012|Maroon|301419|SirTwist|Twistland|The Grand Lodge Of Freemasons|10029|Orange|Approved|9000000|0|0|7/21/2025 6:31:14 AM|Tech|4979949|
511886|The Sentinel|Ruscino|Knights of the Round Table|10092|Green|637223|ItsShader|Empire of Kazdouria|Knights Of The Round Table|10092|Green|Approved|9000000|0|0|7/21/2025 6:30:06 AM|Tech.9.100|4979948|
542501|King Georges III|Georgiostan|Sparta|10008|Black|431619|rotinom|Gideons|Sparta|10008|Black|Pending|9000000|0|0|7/21/2025 6:27:42 AM|9mil/100tech|4979947|
623987|MasterBadey|mastabadeia|Global Alliance And Treaty Organization|10003|Brown|152876|Hankidan|Parkview 12|Global Alliance And Treaty Organization|10003|Brown|Approved|0|100|0|7/21/2025 6:27:28 AM|free cat food|4979946|
623987|MasterBadey|mastabadeia|Global Alliance And Treaty Organization|10003|Brown|14658|Manis B|Caesura|Global Alliance and Treaty Organization|10003|Brown|Approved|0|100|0|7/21/2025 6:27:05 AM|free cat food|4979945|
623987|MasterBadey|mastabadeia|Global Alliance And Treaty Organization|10003|Brown|64687|Wootmeister|Wootrovia|Global Alliance And Treaty Organization|10003|Brown|Approved|0|100|0|7/21/2025 6:26:29 AM|Bird feed|4979944|
484240|j3rdegree|United Tadpoles|Global Alliance And Treaty Organization|10003|Brown|348468|Ghan Khalav|Khalavistan|Global Alliance and Treaty Organization|10003|Brown|Approved|0|100|0|7/21/2025 6:24:22 AM|Tech go brrrr|4979943|
139990|BacTalan|NorseTurks|Global Alliance And Treaty Organization|10003|Brown|529189|Combat Pope|Vaticana|Global Alliance And Treaty Organization|10003|Brown|Approved|9000000|0|0|7/21/2025 6:08:02 AM|Financial Assistance|4979941|
310672|King Wally|Rep of Queensland|Nuclear Proliferation League|17228|Aqua|646497|Arcanium|Averium|Nuclear Proliferation League|17228|Aqua|Approved|9000000|100|0|7/21/2025 6:07:58 AM|Put it toward some nukes!|4979940|
407151|Dre4mwe4ver|Fidensgen|Global Alliance And Treaty Organization|10003|Brown|455413|Duke Nukem|NukemLand|Global Alliance And Treaty Organization|10003|Brown|Approved|0|100|0|7/21/2025 6:06:01 AM|Nukem Up|4979939|
596901|Malic|Veridia|Non Grata|10097|Maroon|638567|Cobert|Brightwood|Non Grata|10097|Maroon|Approved|9000000|0|0|7/21/2025 5:52:04 AM|9M for 100 Tech |4979938|
596901|Malic|Veridia|Non Grata|10097|Maroon|625902|Patrick Stewart|Republic of Yorkshir|Non Grata|10097|Maroon|Approved|9000000|0|0|7/21/2025 5:51:40 AM|9M for 100 Tech |4979937|
632434|Stineamania|Nowitme|Post Grunge Supergroup|16367|Brown|645265|kaalle|KALLLAND|Post Grunge Supergroup|16367|Brown|Approved|9000000|0|0|7/21/2025 5:41:38 AM|9mil/100|4979936|
247054|shivamuck|Iarlean|Knights Of The Round Table|10092|Green|641418|The Gingerbread Man|The edge of a wood|Knights Of The Round Table|10092|Green|Approved|9000000|0|0|7/21/2025 5:38:56 AM|for the best :) |4979935|
425240|Aqua Archon|Aquamark|Knights Of The Round Table|10092|Aqua|574720|tuhar|pastia|Knights Of The Round Table|10092|Green|Approved|9000000|0|0|7/21/2025 5:33:51 AM|Tech 9/100|4979934|
638815|BushyBeaver|Beaveland|NATO|10037|Blue|109489|blackpony|the Mad Ninja|Freehold of The Wolves|15157|White|Approved|0|100|0|7/21/2025 5:04:28 AM|valyrian aid|4979933|
638815|BushyBeaver|Beaveland|NATO|10037|Blue|414519|markpalm1|vacous|Freehold of The Wolves|15157|White|Approved|0|100|0|7/21/2025 5:03:31 AM|Valyrian aid|4979932|
632435|Lordsmallballs|Acadian States|Post Grunge Supergroup|16367|Brown|643741|Danteeternity|Balan|Post Grunge Supergroup|16367|Brown|Approved|9000000|0|0|7/21/2025 5:01:27 AM|9 mil / 100 tech|4979931|
479257|Aprentic|MVEMJSUNP|Knights Of The Round Table|10092|Green|186805|Grendel|Beowulf|Knights Of The Round Table|10092|Green|Approved|9000000|0|0|7/21/2025 4:46:48 AM|Financial Assistance|4979930|
646916|SmugglyMcWeed|SmugglyMcWeed|Post Grunge Supergroup|16367|Brown|632397|Gregory24|Candor|Post Grunge Supergroup|16367|Brown|Approved|0|100|0|7/21/2025 4:38:53 AM|tech deal done|4979929|
646118|King Lavey|Republic of Hamster|The Prussian Empire|14204|Green|514897|Phocas|Lighthouse Island|The Prussian Empire|14204|Green|Approved|0|100|0|7/21/2025 4:27:42 AM|Financial Assistance|4979928|
646118|King Lavey|Republic of Hamster|The Prussian Empire|14204|Green|255997|archduke jack|vittatorio|New Polar Order|10006|Blue|Approved|0|100|0|7/21/2025 4:27:35 AM|Financial Assistance|4979927|
646118|King Lavey|Republic of Hamster|The Prussian Empire|14204|Green|638628|Hogboy|Maeshowe|Knights Of The Round Table|10092|Green|Approved|0|100|0|7/21/2025 4:27:28 AM|Financial Assistance|4979926|
646118|King Lavey|Republic of Hamster|The Prussian Empire|14204|Green|553512|Marcin|Karpowicze|Knights Of The Round Table|10092|Green|Approved|0|100|0|7/21/2025 4:27:21 AM|Financial Assistance|4979925|
641765|Chandragupta Maurya|Maurya Dynasty|New Polar Order|10006|Blue|202519|Zombie Glaucon|UTC Labs|New Polar Order|10006|Blue|Pending|0|100|0|7/21/2025 4:26:59 AM|RATS Tech|4979924|
641765|Chandragupta Maurya|Maurya Dynasty|New Polar Order|10006|Blue|120390|Imperator Azenquor|Vaule|New Polar Order|10006|Blue|Pending|0|100|0|7/21/2025 4:26:32 AM|ICECAP Tech|4979923|
641765|Chandragupta Maurya|Maurya Dynasty|New Polar Order|10006|Blue|584263|Beefbone|Beefy|New Polar Order|10006|Blue|Approved|0|100|0|7/21/2025 4:25:59 AM|RATS Tech|4979921|
646090|big daddy 69|Underwater Rapture|The Prussian Empire|14204|Green|255997|archduke jack|vittatorio|New Polar Order|10006|Blue|Approved|0|100|0|7/21/2025 4:23:07 AM|tech|4979920|
645427|Clank|Clank|Doombrella|17368|Black|503436|StevieG|Dinglebay|Doombrella|17368|Black|Approved|0|100|0|7/21/2025 4:22:46 AM|Financial Assistance|4979918|
645994|Emperor Hintz|Hintztopia|The Prussian Empire|14204|Green|618698|Arminius Cheruski|Germania Magna|The Prussian Empire|14204|Green|Pending|0|100|0|7/21/2025 4:21:10 AM|tech deal|4979917|
645994|Emperor Hintz|Hintztopia|The Prussian Empire|14204|Green|255997|archduke jack|vittatorio|New Polar Order|10006|Blue|Approved|0|100|0|7/21/2025 4:21:01 AM|tech deal|4979916|
646230|Canuck|Oh Canada|Knights Of The Round Table|10092|Green|255997|archduke jack|vittatorio|New Polar Order|10006|Blue|Approved|0|100|0|7/21/2025 4:19:03 AM|Financial Assistance|4979915|
646230|Canuck|Oh Canada|Knights Of The Round Table|10092|Green|201332|dawg66|Grand Americana|Knights Of The Round Table|10092|Green|Approved|0|100|0|7/21/2025 4:18:56 AM|Financial Assistance|4979914|
646230|Canuck|Oh Canada|Knights Of The Round Table|10092|Green|620004|Joesph Stalin|Ressurectioned USSR|Union Of Communist Republics|10060|Brown|Approved|0|100|0|7/21/2025 4:18:50 AM|Financial Assistance|4979913|
424757|Round Table|Knights of the Grail|Knights of the Round Table|10092|Green|637223|ItsShader|Empire of Kazdouria|Knights Of The Round Table|10092|Green|Approved|9000000|0|0|7/21/2025 4:10:23 AM|Tech Deal 9/100|4979911|
207900|Queltocz|Quelto|Independent Republic Of Orange Nations|10004|Orange|643876|LordInfamous|Swindlerstan|Independent Republic Of Orange Nations|10004|Orange|Pending|9000000|0|0|7/21/2025 3:56:59 AM|ITF|4979910|
254775|Bionic redhead|Bionicus|Non Grata|10097|Aqua|630971|Jeremiah|CERAVA|Non Grata|10097|Maroon|Approved|9000000|0|0|7/21/2025 3:53:23 AM|Tech deal|4979909|
139990|BacTalan|NorseTurks|Global Alliance And Treaty Organization|10003|Brown|101986|windir|Technology|Global Alliance and Treaty Organization|10003|Brown|Approved|9000000|0|0|7/21/2025 3:21:01 AM|Tech deal|4979908|
627118|Shabalabadingdong|Shabnation|Post Grunge Supergroup|16367|Yellow|645347|Randomnameguy|New England INC|Post Grunge Supergroup|16367|Brown|Approved|9000000|0|0|7/21/2025 3:17:42 AM|9m/100t deal|4979907|
634963|Trout87|Birchy Head|Post Grunge Supergroup|16367|Black|645688|Queen Victoria Hale|Kingdom of Thalassia|Post Grunge Supergroup|16367|Brown|Approved|6000000|0|0|7/21/2025 3:00:03 AM|Financial Assistance|4979906|
643135|Ferocious|Ferocious|Nuclear Proliferation League|17228|Black|531590|Ledon|Ledonia|Knights of the Round Table|10092|Green|Approved|0|100|0|7/21/2025 2:48:09 AM|Financial Assistance|4979905|
512699|Mindbraker|Aguda|New Polar Order|10006|Blue|640161|ToiletGaming3000|Good Game|New Polar Order|10006|Blue|Pending|9000000|0|0|7/21/2025 2:44:56 AM|ICECAP Cash|4979904|
512699|Mindbraker|Aguda|New Polar Order|10006|Blue|641765|Chandragupta Maurya|Maurya Dynasty|New Polar Order|10006|Blue|Approved|9000000|0|0|7/21/2025 2:44:21 AM|ICECAP Cash|4979903|
545724|Matmal|Matmalia|Post Grunge Supergroup|16367|Brown|632397|Gregory24|Candor|Post Grunge Supergroup|16367|Brown|Approved|0|100|0|7/21/2025 2:24:33 AM|Financial Assistance|4979902|
529025|Chllama|Renton|Post Grunge Supergroup|16367|Brown|627118|Shabalabadingdong|Shabnation|Post Grunge Supergroup|16367|Yellow|Approved|0|100|0|7/21/2025 2:21:01 AM|Financial Assistance|4979901|
64343|TrilobyteMan|Trilobyte Land|New Pacific Order|10000|Red|225103|Lord Squintus|Strudeldorf|New Pacific Order|10000|Red|Approved|9000000|100|0|7/21/2025 2:11:10 AM|Vallum Aelium|4979900|
64343|TrilobyteMan|Trilobyte Land|New Pacific Order|10000|Red|212835|Minuq|Butan|New Pacific Order|10000|Red|Pending|0|100|0|7/21/2025 2:10:17 AM|Vallum Aelium|4979899|
64343|TrilobyteMan|Trilobyte Land|New Pacific Order|10000|Red|608015|elputojack|villa feliz|New Pacific Order|10000|Red|Approved|0|100|0|7/21/2025 2:08:53 AM|QT Tech|4979898|
64343|TrilobyteMan|Trilobyte Land|New Pacific Order|10000|Red|448981|Knight|Alliance of Knights|New Pacific Order|10000|Red|Approved|0|100|0|7/21/2025 2:08:40 AM|QT Tech|4979897|
64343|TrilobyteMan|Trilobyte Land|New Pacific Order|10000|Red|17202|Cybolt|Time and Space|New Pacific Order|10000|Red|Approved|0|100|0|7/21/2025 2:08:25 AM|QT Tech|4979896|
64343|TrilobyteMan|Trilobyte Land|New Pacific Order|10000|Red|305440|Daimos|Micon|New Pacific Order|10000|Red|Approved|9000000|100|0|7/21/2025 2:07:57 AM|QT Tech|4979895|
38760|Daedalus27|Daedalistan|Global Alliance and Treaty Organization|10003|Brown|645374|Zia Ul Haq|Emirate of Pakistan|COBRA|13717|Brown|Approved|9000000|0|0|7/21/2025 1:56:24 AM|Tech Deal|4979894|
634448|Stewie|Stewieland III|Non Grata|10097|Maroon|638567|Cobert|Brightwood|Non Grata|10097|Maroon|Approved|9000000|0|0|7/21/2025 1:56:03 AM|Financial Assistance|4979893|
38760|Daedalus27|Daedalistan|Global Alliance and Treaty Organization|10003|Brown|645136|district10VICTOR|Amelo|Global Alliance And Treaty Organization|10003|Brown|Pending|6000000|0|0|7/21/2025 1:55:30 AM|Tech Deal|4979892|
642338|Kauppinen|Savruotland|The Dark Templar|10056|Black|402037|Soviet Mudkip|In Soviet Russia|The Dark Templar|10056|Black|Approved|0|100|0|7/21/2025 1:46:53 AM|tech deal 9M/100|4979891|
175157|Evey Jane|Evey Jane|The Dark Templar|10056|Black|559866|Heel Tribe|Develyes|The Dark Templar|10056|Black|Approved|9000000|0|0|7/21/2025 1:39:18 AM|Tech deal 9/100|4979890|
175157|Evey Jane|Evey Jane|The Dark Templar|10056|Black|639937|The Evilest Eye|NeoNeftyaniki|The Dark Templar|10056|Black|Approved|9000000|0|0|7/21/2025 1:38:43 AM|Tech deal 9/100|4979889|
514492|xxLENZxx|Star Command|The Legion|10020|Purple|638515|silkhyacinth|Taiat|The Legion|10020|Purple|Approved|6000000|0|0|7/21/2025 1:32:14 AM|Praetor Aid|4979888|
25379|Stylesjl|Pontbridge|Coalition of Royal Allied Powers|10051|Maroon|645707|The Goddess|Cotyttia|Veneris|17356|White|Approved|9000000|0|0|7/21/2025 1:28:40 AM|Tech Deal 9/100|4979887|
639937|The Evilest Eye|NeoNeftyaniki|The Dark Templar|10056|Black|474413|The R00STER|Republic of Ibonn|The Dark Templar|10056|Black|Approved|0|100|0|7/21/2025 1:26:18 AM|Your tech|4979886|
61657|Umar ibn Abd al-Aziz|Umayyad Caliphate|DOOMBIRD DOOMCAVE|10449|Black|101493|ak47don|sicily mafia|Doombrella|17368|Black|Approved|9000000|0|0|7/21/2025 1:17:17 AM|Financial Assistance|4979885|
61657|Umar ibn Abd al-Aziz|Umayyad Caliphate|DOOMBIRD DOOMCAVE|10449|Black|641537|Probably Mochi|Kap Land|Doom Squad|16454|Black|Approved|9000000|0|0|7/21/2025 1:15:52 AM|Financial Assistance|4979884|
91872|PuliSher|Kerj&#228;l&#228;|Non Grata|10097|Maroon|501403|Trebs|Trebs|Nordreich|11319|Maroon|Approved|0|100|0|7/21/2025 1:08:55 AM|100/100|4979883|
141583|jerdge|Gaela|Green Protection Agency|10041|Green|548266|Printer635|Faralament|Green Protection Agency|10041|Green|Pending|9000000|0|0|7/21/2025 1:04:06 AM|&quot;Why not?&quot; Aid.|4979882|
645844|Dario the Great|Darioland|Non Grata|10097|Maroon|307315|ni431|ni nation|Non Grata|10097|Maroon|Pending|0|100|0|7/21/2025 12:55:50 AM|NGtechzz|4979881|
645844|Dario the Great|Darioland|Non Grata|10097|Maroon|490921|Roo Blu II|Blue Roo|Non Grata|10097|Maroon|Approved|0|100|0|7/21/2025 12:55:38 AM|NGtechzz|4979880|
126881|Lord Razzia|Razzian Dominion|The Dark Templar|10056|Black|639897|CaptTchalle|Akutan Island|The Dark Templar|10056|Brown|Pending|9000000|0|0|7/21/2025 12:49:14 AM|Tech Deal! 9M/100Tech|4979879|
126881|Lord Razzia|Razzian Dominion|The Dark Templar|10056|Black|293406|Jeffimus|Smoothwater|The Dark Templar|10056|Black|Approved|9000000|0|0|7/21/2025 12:48:25 AM|Tech Deal! 9M/100Tech|4979878|
257166|Yggdrazil|Ginginugap|Independent Republic Of Orange Nations|10004|Orange|87890|Formanj|Norvegs Trøndelag|Independent Republic of Orange Nations|10004|Orange|Approved|0|100|0|7/21/2025 12:38:00 AM|itf|4979877|
384577|wayoik|SunOase|Knights Of The Round Table|10092|Green|604229|St Mungo|Glasgow|Knights Of The Round Table|10092|Green|Approved|9000000|0|0|7/21/2025 12:29:59 AM|tech deal?|4979876|
643625|DERVISHchaff|Sudentor|New Polar Order|10006|Blue|588171|Justine27|Zeronia|New Polar Order|10006|Blue|Approved|0|100|0|7/21/2025 12:27:38 AM|ICECAP Tech|4979875|
638515|silkhyacinth|Taiat|The Legion|10020|Purple|129686|HK Boris|USEAR|The Legion|10020|Purple|Approved|0|100|0|7/21/2025 12:27:10 AM|Financial Assistance|4979874|
643625|DERVISHchaff|Sudentor|New Polar Order|10006|Blue|584263|Beefbone|Beefy|New Polar Order|10006|Blue|Approved|0|100|0|7/21/2025 12:26:50 AM|ICECAP Tech|4979873|
307315|ni431|ni nation|Non Grata|10097|Maroon|631302|Gatherum|Vermis|Non Grata|10097|Maroon|Approved|9000000|0|0|7/21/2025 12:25:55 AM|tech deal 9/100|4979872|
643625|DERVISHchaff|Sudentor|New Polar Order|10006|Blue|512699|Mindbraker|Aguda|New Polar Order|10006|Blue|Approved|0|100|0|7/21/2025 12:25:40 AM|ICECAP Tech|4979871|
643971|Blaze I|Brozil|Global Alliance And Treaty Organization|10003|Brown|147284|Magicninja|Grundy|Global Alliance And Treaty Organization|10003|Brown|Approved|100|0|0|7/21/2025 12:18:02 AM|Financial Assistance|4979870|
643971|Blaze I|Brozil|Global Alliance And Treaty Organization|10003|Brown|79371|xkirra|Mordlandia|Global Alliance And Treaty Organization|10003|Brown|Approved|0|100|0|7/21/2025 12:17:51 AM|Financial Assistance|4979869|
643971|Blaze I|Brozil|Global Alliance And Treaty Organization|10003|Brown|313301|MK4Slowride|MK4Slowride|Global Alliance And Treaty Organization|10003|Brown|Approved|0|100|0|7/21/2025 12:17:38 AM|Financial Assistance|4979868|
643971|Blaze I|Brozil|Global Alliance And Treaty Organization|10003|Brown|429171|Inquisitor Gaunt|Cult Imperialis|Global Alliance And Treaty Organization|10003|Brown|Pending|0|100|0|7/21/2025 12:17:17 AM|Financial Assistance|4979867|
639335|Swamplandia|Horna|NATO|10037|Blue|39465|King Tom|king Tom|NATO|10037|Blue|Approved|0|100|0|7/21/2025 12:13:10 AM|Financial Assistance|4979866|
639335|Swamplandia|Horna|NATO|10037|Blue|168160|Anhur|Esgaron|Old Guard|11296|Blue|Approved|0|100|0|7/21/2025 12:12:35 AM|Financial Assistance|4979865|
33116|+Zeke+|Iron Heart|The Dark Templar|10056|Black|559866|Heel Tribe|Develyes|The Dark Templar|10056|Black|Approved|9000000|0|0|7/21/2025 12:12:13 AM|Tech Deal 9M/100T|4979864|
646212|Immai|Steampower|Knights Of The Round Table|10092|Green|331985|aljabarian|CrabMan|Knights Of The Round Table|10092|Green|Approved|0|100|0|7/21/2025 12:08:58 AM|Financial Assistance|4979863|
644950|Oddin|Glendor|The Grand Lodge Of Freemasons|10029|Orange|120237|Ice Princess|Tundra Mountain|The Grand Lodge of Freemasons|10029|Orange|Approved|0|100|0|7/21/2025 12:05:02 AM|Tech Deal|4979862|
646473|Pegasus Gold Saint|Saint Seiya|Veneris|17356|White|613652|Peterkin|Quaraguay|Freehold of The Wolves|15157|White|Approved|0|100|0|7/21/2025 12:04:23 AM|100 tech|4979861|
635299|Jujohouse|Genshin Impact|Nordreich|11319|Maroon|514274|stonybeast|Los Reyes|Nordreich|11319|Maroon|Approved|0|100|0|7/20/2025 11:46:04 PM|Financial Assistance|4979860|
634412|hadwyn|One piece|Nordreich|11319|Maroon|514274|stonybeast|Los Reyes|Nordreich|11319|Maroon|Approved|0|100|0|7/20/2025 11:32:08 PM|Financial Assistance|4979859|
509652|Tombark|Krispy|Sparta|10008|Black|542501|King Georges III|Georgiostan|Sparta|10008|Black|Approved|0|100|0|7/20/2025 11:26:49 PM|Financial Assistance|4979858|
529189|Combat Pope|Vaticana|Global Alliance And Treaty Organization|10003|Brown|479490|King Cyan|The Cyan Kingdom|Global Alliance And Treaty Organization|10003|Brown|Approved|0|100|0|7/20/2025 11:06:31 PM|Financial Assistance|4979857|
410290|bdrocks|Knights of Honour|CLAWS|15841|Black|590030|toledomike|BUGANATION|CLAWS|15841|Black|Approved|9000000|0|0|7/20/2025 10:36:42 PM|Tech deal|4979856|
463046|Commander Asaiki Tam|Tora Tora|COBRA|13717|Maroon|621029|Le Trout|Lambo Lambo Lambo|Post Grunge Supergroup|16367|Brown|Approved|0|100|0|7/20/2025 10:29:11 PM|Financial Assistance|4979855|
463046|Commander Asaiki Tam|Tora Tora|COBRA|13717|Maroon|643447|Fredrick Wagner|Phinolico|COBRA|13717|Brown|Approved|6000000|0|0|7/20/2025 10:28:23 PM|tech deal|4979854|
463046|Commander Asaiki Tam|Tora Tora|COBRA|13717|Maroon|601941|tikibird|Regression|COBRA|13717|Brown|Approved|9000000|0|0|7/20/2025 10:27:37 PM|Financial Assistance|4979853|
463046|Commander Asaiki Tam|Tora Tora|COBRA|13717|Maroon|644206|RubyGloom|Big Scania|COBRA|13717|Green|Approved|6000000|0|0|7/20/2025 10:27:12 PM|tech deal|4979852|
58119|Laserwolf|Ellisonia|Global Alliance and Treaty Organization|10003|Brown|646195|Ebaggerisintown|Tinneas Cinn|Global Alliance And Treaty Organization|10003|Brown|Approved|9000000|0|0|7/20/2025 10:12:28 PM|9mil Tech Deal|4979851|
525885|Zieg Know|Caldari State|CLAWS|15841|Black|633233|Mike Khunt|Cypress Hill|CLAWS|15841|Black|Approved|0|100|0|7/20/2025 9:45:57 PM|Financial Assistance|4979850|
431565|Dark Zone Elite|Dark Zone Elite|New Polar Order|10006|Blue|640161|ToiletGaming3000|Good Game|New Polar Order|10006|Blue|Pending|9000000|0|0|7/20/2025 9:35:16 PM|ICECAP Cash|4979849|
645652|SpaceGhostCTC|Phantom crusier|Federation Of Armed Nations|10021|Yellow|160360|forthehalibut|Bonehead|Federation of Armed Nations|10021|Yellow|Approved|0|100|0|7/20/2025 9:30:08 PM|Financial Assistance|4979848|
645696|ChiefCarr|Gidgeedoo|Nuclear Proliferation League|17228|Aqua|91088|Dragster|winukka|Nordreich|11319|Maroon|Approved|0|100|0|7/20/2025 9:20:32 PM|Financial Assistance|4979847|
49522|Croix|Edjaal|Random Insanity Alliance|10038|Maroon|514274|stonybeast|Los Reyes|Nordreich|11319|Maroon|Approved|0|100|0|7/20/2025 9:13:42 PM|Financial Assistance|4979846|
388182|lucky6|Direct Impingement|Federation of Armed Nations|10021|Yellow|592036|LordSanix|Citroto|Freehold of The Wolves|15157|White|Approved|0|100|0|7/20/2025 9:09:47 PM|Financial Assistance|4979845|
388182|lucky6|Direct Impingement|Federation of Armed Nations|10021|Yellow|482099|Sir Gunz|Talent|Christian Coalition Of Countries|10028|Maroon|Approved|0|100|0|7/20/2025 9:09:29 PM|Financial Assistance|4979844|
645652|SpaceGhostCTC|Phantom crusier|Federation Of Armed Nations|10021|Yellow|109489|blackpony|the Mad Ninja|Freehold of The Wolves|15157|White|Approved|0|100|0|7/20/2025 9:06:29 PM|Financial Assistance|4979843|
190480|Unruly|Republique de Buja|AGW Overlords|10043|Black|542069|Krihelion|Firebase Rhino|CLAWS|15841|Black|Pending|9000000|0|4000|7/20/2025 8:59:11 PM|Financial Assistance|4979842|
402037|Soviet Mudkip|In Soviet Russia|The Dark Templar|10056|Black|454402|Flyin Hawaiian|Hawaiian Land|The Dark Templar|10056|Black|Approved|9000000|0|0|7/20/2025 8:34:41 PM|9m/100t|4979841|
74164|Zechs19|Neo Chinese Empire|The Templar Knights|10012|Maroon|551356|NuclearGlow|Dawg Nation|The Templar Knights|10012|Maroon|Approved|9000000|0|0|7/20/2025 8:34:05 PM|Financial Assistance|4979840|
582992|Troopa|Southland|New Pacific Order|10000|Red|305440|Daimos|Micon|New Pacific Order|10000|Red|Approved|0|100|0|7/20/2025 8:32:23 PM|QT Tech|4979839|
582992|Troopa|Southland|New Pacific Order|10000|Red|568748|Llednar Twem|Eurica|New Pacific Order|10000|Red|Pending|0|100|0|7/20/2025 8:32:11 PM|QT Tech|4979838|
582992|Troopa|Southland|New Pacific Order|10000|Red|511698|hailkirk10|Kirklan|New Pacific Order|10000|Red|Pending|0|100|0|7/20/2025 8:32:00 PM|QT Tech|4979837|
3673|Zepher|Largonia|New Pacific Order|10000|Red|637699|0xRedd|CyberIndo|New Pacific Order|10000|Red|Approved|9000000|0|0|7/20/2025 8:29:47 PM|QT Pay|4979836|
3673|Zepher|Largonia|New Pacific Order|10000|Red|632290|JT the Lionheart|Empire of the Rock|The Wolves|16660|Maroon|Approved|9000000|0|0|7/20/2025 8:29:16 PM|Hugs from NPO|4979835|
3673|Zepher|Largonia|New Pacific Order|10000|Red|633137|International Waters|International Waters|New Pacific Order|10000|Red|Approved|9000000|0|0|7/20/2025 8:28:58 PM|Bankroll|4979834|
3673|Zepher|Largonia|New Pacific Order|10000|Red|635806|MikeCat|Renastasia|New Pacific Order|10000|Red|Approved|9000000|0|0|7/20/2025 8:28:26 PM|Bankroll|4979833|
391476|mickgreat|Namayan|The Dark Templar|10056|Black|465336|Teh Chad|Wickistan|The Dark Templar|10056|Black|Pending|9000000|0|0|7/20/2025 7:49:15 PM|Gift Aid|4979832|
391476|mickgreat|Namayan|The Dark Templar|10056|Black|50145|makarraka|MAKARRALAND|The Dark Templar|10056|Black|Approved|9000000|0|0|7/20/2025 7:48:57 PM|Gift Aid|4979831|
391476|mickgreat|Namayan|The Dark Templar|10056|Black|642110|Warden of 24 thralls|Hellionia|The Dark Templar|10056|Black|Pending|9000000|0|0|7/20/2025 7:48:19 PM|Gift Aid|4979830|
391476|mickgreat|Namayan|The Dark Templar|10056|Black|627412|Jason Radix|Radix|The Dark Templar|10056|Black|Approved|9000000|0|0|7/20/2025 7:47:58 PM|Gift Aid|4979829|
391476|mickgreat|Namayan|The Dark Templar|10056|Black|641700|Sindal Raj|Republic of Ayodhya|The Dark Templar|10056|Black|Pending|9000000|0|0|7/20/2025 7:47:35 PM|Gift Aid|4979828|
391476|mickgreat|Namayan|The Dark Templar|10056|Black|635568|ReForce|Axors|The Dark Templar|10056|Black|Approved|9000000|0|0|7/20/2025 7:47:00 PM|Gift Aid|4979827|
546488|levothy|mycybernation|Knights Of The Round Table|10092|Green|588563|Kasper|Skora Horda|Knights Of The Round Table|10092|Green|Approved|0|100|0|7/20/2025 7:32:45 PM|KoRT spin 198 |4979826|
470323|plaw44|infinite desire|Doombrella|17368|Black|202255|onelove|We Are One Love|Doombrella|17368|Black|Approved|9000000|0|0|7/20/2025 7:28:31 PM|Financial Assistance|4979825|
543972|zachart|The Father Land|New Pacific Order|10000|Red|442731|Madd|Modra|New Pacific Order|10000|Red|Approved|0|100|0|7/20/2025 7:21:52 PM|Financial Assistance|4979824|
642970|Rhett Kahn|Retconia|New Pacific Order|10000|Red|225103|Lord Squintus|Strudeldorf|New Pacific Order|10000|Red|Approved|0|100|0|7/20/2025 7:16:22 PM|Vallum Aelium|4979823|
638884|WideVader|Balkan Union Pact|Interkosmos|16298|Green|525223|Zorrr|Deep Zither|Knights of the Round Table|10092|Purple|Approved|0|100|0|7/20/2025 7:06:58 PM|tech|4979822|
638884|WideVader|Balkan Union Pact|Interkosmos|16298|Green|514897|Phocas|Lighthouse Island|The Prussian Empire|14204|Green|Approved|0|100|0|7/20/2025 7:06:38 PM|tech|4979821|
240549|Codark|Codainia|Freehold of The Wolves|15157|White|646038|OT Dominic|borneo kenyalang|Christian Coalition Of Countries|10028|Maroon|Approved|9000000|0|0|7/20/2025 6:45:25 PM|Valyrian Cash|4979820|
315967|slmarsch|Rio Grande|Freehold of The Wolves|15157|White|646038|OT Dominic|borneo kenyalang|Christian Coalition Of Countries|10028|Maroon|Approved|9000000|0|0|7/20/2025 6:34:19 PM|VEP|4979819|
315967|slmarsch|Rio Grande|Freehold of The Wolves|15157|White|556496|rheebrosinc|SwagJuice|Christian Coalition Of Countries|10028|Maroon|Approved|9000000|0|0|7/20/2025 6:34:06 PM|VEP|4979818|
646756|DyneVeilstone|Felis Felicitas|Global Alliance And Treaty Organization|10003|Brown|580044|Sir Kiloist|Tiocfaidh ar la|Global Alliance And Treaty Organization|10003|Brown|Approved|0|100|0|7/20/2025 6:09:44 PM|Financial Assistance|4979817|
646135|Sokar|Delmak|Global Alliance And Treaty Organization|10003|Brown|273254|unstpblpimp|unstpblpimp|Global Alliance and Treaty Organization|10003|Brown|Approved|0|100|0|7/20/2025 6:09:13 PM|Financial Assistance|4979816|
264926|Ken T Kent|Codopia|Fark|10002|Aqua|207347|Arcane|Arcania|Fark|10002|Aqua|Approved|0|100|0|7/20/2025 6:07:35 PM|Financial Assistance|4979815|
209648|neonthefox|waltoria|NATO|10037|Blue|109489|blackpony|the Mad Ninja|Freehold of The Wolves|15157|White|Approved|0|100|0|7/20/2025 6:07:17 PM|Financial Assistance|4979814|
544925|Jacksonians|Barataria|Global Alliance And Treaty Organization|10003|Brown|79371|xkirra|Mordlandia|Global Alliance And Treaty Organization|10003|Brown|Approved|0|100|0|7/20/2025 6:07:16 PM|Financial Assistance|4979813|
209648|neonthefox|waltoria|NATO|10037|Blue|414519|markpalm1|vacous|Freehold of The Wolves|15157|White|Approved|0|100|0|7/20/2025 6:07:08 PM|Financial Assistance|4979812|
209648|neonthefox|waltoria|NATO|10037|Blue|578954|Rydin|Vundf|Freehold of The Wolves|15157|White|Approved|0|100|0|7/20/2025 6:06:59 PM|Financial Assistance|4979811|
209648|neonthefox|waltoria|NATO|10037|Blue|440257|lonabis|flying dutchmen|NATO|10037|Blue|Approved|0|100|0|7/20/2025 6:06:50 PM|Financial Assistance|4979810|
209648|neonthefox|waltoria|NATO|10037|Blue|206879|Platinumviper|Bekaa|NATO|10037|Blue|Approved|0|100|0|7/20/2025 6:06:40 PM|Financial Assistance|4979809|
209648|neonthefox|waltoria|NATO|10037|Blue|593353|Kitkat16|Sofie|NATO|10037|Blue|Approved|0|100|0|7/20/2025 6:06:30 PM|Financial Assistance|4979808|
623494|Rick Hunter|Robotech|The Legion|10020|Purple|129686|HK Boris|USEAR|The Legion|10020|Purple|Approved|0|100|0|7/20/2025 5:45:34 PM|Caesar Tech|4979807|
514274|stonybeast|Los Reyes|Nordreich|11319|Maroon|639833|sogekido|sinetron|Nordreich|11319|Maroon|Approved|9000000|0|0|7/20/2025 5:44:57 PM|Tech deal|4979806|
645829|blegth|irting|Nuclear Proliferation League|17228|Aqua|596771|Pentix|Mars Colony|New Polar Order|10006|Blue|Approved|0|100|0|7/20/2025 5:20:10 PM|Financial Assistance|4979805|
645136|district10VICTOR|Amelo|Global Alliance And Treaty Organization|10003|Brown|39842|Uelen|Uelen|Global Alliance and Treaty Organization|10003|Brown|Approved|0|100|0|7/20/2025 5:12:27 PM|Financial Assistance|4979804|
260342|abcdefg|Alphabets|Independent Republic Of Orange Nations|10004|Aqua|647037|Pachacan Federation|Pachacan Federation|Independent Republic Of Orange Nations|10004|Orange|Approved|6000000|0|0|7/20/2025 5:04:49 PM|ITF|4979803|
310672|King Wally|Rep of Queensland|Nuclear Proliferation League|17228|Aqua|621241|John Mathews|Earth Three|Fark|10002|Aqua|Approved|0|100|0|7/20/2025 5:00:22 PM|TheMayor1153 is AWOL |4979802|
493791|azntrigboi|Symmetry|NATO|10037|Blue|556496|rheebrosinc|SwagJuice|Christian Coalition Of Countries|10028|Maroon|Approved|9000000|0|0|7/20/2025 4:19:41 PM|Valyrian Aid|4979801|
493791|azntrigboi|Symmetry|NATO|10037|Blue|646038|OT Dominic|borneo kenyalang|Christian Coalition Of Countries|10028|Maroon|Approved|9000000|0|0|7/20/2025 4:19:34 PM|Valyrian Aid|4979800|
423349|Raiser|Inireland|Orange Defense Network|10007|Orange|322157|Cartmantoria|Cartmantoria|Orange Defense Network|10007|Orange|Approved|0|100|0|7/20/2025 4:12:33 PM|Tech Deal (2/2)|4979799|
141583|jerdge|Gaela|Green Protection Agency|10041|Green|545923|VHongo|Canadian Dominanace|Green Protection Agency|10041|Green|Approved|9000000|0|0|7/20/2025 4:04:05 PM|Money again.|4979798|
531189|Peroman200|Petrolandija|Global Alliance And Treaty Organization|10003|Brown|102751|Jack Whiterstein|Gyuard|Global Alliance And Treaty Organization|10003|Brown|Approved|0|100|0|7/20/2025 4:00:57 PM|Financial Assistance|4979797|
644476|ICCoug|VanDanBerg|Catholic Reich|17311|Black|326267|Steeldor|Jerel|DOOMBIRD DOOMCAVE|10449|Black|Approved|0|100|0|7/20/2025 3:46:31 PM|Financial Assistance|4979796|
4323|Xineoph|Um|The Legion|10020|Purple|485586|veracity|drunkenville|The Legion|10020|Purple|Approved|0|100|0|7/20/2025 3:45:13 PM|Financial Assistance|4979795|
4323|Xineoph|Um|The Legion|10020|Purple|231614|Frey the Great|Freytopia|The Legion|10020|Purple|Approved|0|100|0|7/20/2025 3:45:09 PM|Financial Assistance|4979794|
4323|Xineoph|Um|The Legion|10020|Purple|638569|Ozark|Blue Cat Nation|The Legion|10020|Purple|Approved|0|100|0|7/20/2025 3:45:05 PM|Financial Assistance|4979793|
4323|Xineoph|Um|The Legion|10020|Purple|568971|Lord Windmark|Regnum Saoirse|The Legion|10020|Purple|Approved|0|100|0|7/20/2025 3:45:00 PM|Financial Assistance|4979792|
4323|Xineoph|Um|The Legion|10020|Purple|129686|HK Boris|USEAR|The Legion|10020|Purple|Approved|0|100|0|7/20/2025 3:44:54 PM|Financial Assistance|4979791|
4323|Xineoph|Um|The Legion|10020|Purple|637024|deanimator|Kuzai|The Legion|10020|Purple|Approved|0|100|0|7/20/2025 3:44:49 PM|Financial Assistance|4979790|
604287|Hazib|Kingdom of Lemuria|CLAWS|15841|Black|645467|LiefzDel|Greater Czechia|Post Grunge Supergroup|16367|Brown|Approved|9000000|0|0|7/20/2025 3:41:42 PM|9/100|4979789|
604287|Hazib|Kingdom of Lemuria|CLAWS|15841|Black|643474|Thilsh|Ibvralia|Post Grunge Supergroup|16367|Brown|Approved|9000000|0|0|7/20/2025 3:41:12 PM|9/100|4979788|
580046|Body Jryant|Conservative South|Christian Coalition Of Countries|10028|Maroon|578954|Rydin|Vundf|Freehold of The Wolves|15157|White|Approved|0|100|0|7/20/2025 3:39:55 PM|VEP|4979787|
349838|Kaiser Nichols|Holstria|United Purple Nations|10025|Purple|604565|New Reverie|Hollow Land|Random Insanity Alliance|10038|Maroon|Approved|0|100|0|7/20/2025 3:33:44 PM|Tech owed|4979786|
18236|javaswiller|swillerland|Freehold of The Wolves|15157|White|556496|rheebrosinc|SwagJuice|Christian Coalition Of Countries|10028|Maroon|Approved|9000000|0|0|7/20/2025 3:27:33 PM|Valyrian Aid|4979785|
647037|Pachacan Federation|Pachacan Federation|Independent Republic Of Orange Nations|10004|Orange|586516|W1Ck3d|Aberdonia|Independent Republic Of Orange Nations|10004|Orange|Pending|0|100|0|7/20/2025 3:17:29 PM|Tech Payment 1|4979784|
207736|maxpower316|Lunatic Pandora|New Pacific Order|10000|Red|407948|avatar3619|Shendu|New Pacific Order|10000|Red|Approved|0|100|0|7/20/2025 3:05:56 PM|Vallum Aelium|4979783|
645374|Zia Ul Haq|Emirate of Pakistan|COBRA|13717|Brown|102751|Jack Whiterstein|Gyuard|Global Alliance And Treaty Organization|10003|Brown|Approved|0|100|0|7/20/2025 3:05:45 PM|Tech Shipment  20/7/2025|4979782|
558202|Doug Henning|Magic Land|Nuclear Proliferation League|17228|Aqua|621241|John Mathews|Earth Three|Fark|10002|Aqua|Approved|0|100|0|7/20/2025 3:05:02 PM|Tech Deal 9/100 continued|4979781|
558202|Doug Henning|Magic Land|Nuclear Proliferation League|17228|Aqua|254775|Bionic redhead|Bionicus|Non Grata|10097|Aqua|Approved|0|100|0|7/20/2025 3:02:47 PM|9/100 continuing|4979780|
633233|Mike Khunt|Cypress Hill|CLAWS|15841|Black|627747|bretrun|Togrador|CLAWS|15841|Black|Approved|9000000|0|0|7/20/2025 2:55:07 PM|$9 mil for 100 tech|4979779|
633233|Mike Khunt|Cypress Hill|CLAWS|15841|Black|643474|Thilsh|Ibvralia|Post Grunge Supergroup|16367|Brown|Approved|9000000|0|0|7/20/2025 2:54:26 PM|$9 mil for 100 tech|4979778|
536551|Hammta|ILLINI|Swash Plates And Tail Rotors|10126|Pink|325202|murtibing|Fluens|Axiom of Regularity|17122|Maroon|Approved|9000000|0|0|7/20/2025 2:51:04 PM|Financial Assistance|4979777|
207347|Arcane|Arcania|Fark|10002|Aqua|558318|Falcon9|Darkest Chandler|Fark|10002|Aqua|Approved|9000000|0|0|7/20/2025 2:50:40 PM|Tech|4979776|
536551|Hammta|ILLINI|Swash Plates And Tail Rotors|10126|Pink|260817|MamazlilMistake|Happy Hunting Ground|Non Grata|10097|Maroon|Pending|9000000|100|0|7/20/2025 2:48:06 PM|Financial Assistance|4979775|
536551|Hammta|ILLINI|Swash Plates And Tail Rotors|10126|Pink|552359|SeaBeeGipson|Denton|MONGOLS|14492|Maroon|Approved|9000000|0|0|7/20/2025 2:47:51 PM|Financial Assistance|4979774|
536551|Hammta|ILLINI|Swash Plates And Tail Rotors|10126|Pink|324487|Death from above 82|Black Sheep|MONGOLS|14492|Maroon|Approved|9000000|100|0|7/20/2025 2:47:41 PM|Financial Assistance|4979773|
536551|Hammta|ILLINI|Swash Plates And Tail Rotors|10126|Pink|22121|spartan 84|UNSC Reach|Non Grata|10097|Maroon|Approved|9000000|100|0|7/20/2025 2:47:30 PM|Financial Assistance|4979772|
536551|Hammta|ILLINI|Swash Plates And Tail Rotors|10126|Pink|265697|Laskar Pelangi|Rainbow Soldier|Kaskus|10104|Brown|Approved|9000000|100|0|7/20/2025 2:47:16 PM|Financial Assistance|4979771|
541311|King Quincy|Confederate USA|Green Protection Agency|10041|Green|545923|VHongo|Canadian Dominanace|Green Protection Agency|10041|Green|Approved|9000000|0|0|7/20/2025 2:39:51 PM|Financial Assistance|4979770|
263220|Gambona|Gambona|CLAWS|15841|Black|627747|bretrun|Togrador|CLAWS|15841|Black|Approved|9000000|0|0|7/20/2025 2:29:54 PM|Tech Deal 9/100|4979769|
550914|reilstrap|reilstrap|Independent Republic Of Orange Nations|10004|Orange|87890|Formanj|Norvegs Trøndelag|Independent Republic of Orange Nations|10004|Orange|Approved|0|100|0|7/20/2025 2:26:43 PM|ITF|4979768|
550914|reilstrap|reilstrap|Independent Republic Of Orange Nations|10004|Orange|234325|Ben Gates|TreasureLand|Independent Republic Of Orange Nations|10004|Orange|Approved|0|100|0|7/20/2025 2:26:05 PM|ITF|4979767|
550914|reilstrap|reilstrap|Independent Republic Of Orange Nations|10004|Orange|374610|Captain Crozier|Dime Store Novena|Independent Republic Of Orange Nations|10004|Orange|Approved|0|100|0|7/20/2025 2:25:42 PM|ITF|4979766|
488372|Heinrich I|Das Ostfrankenreich|The Prussian Empire|14204|Green|631432|Elector King|Bohemia Moravia|The Prussian Empire|14204|Green|Approved|9000000|0|0|7/20/2025 2:16:47 PM|Nation Development|4979765|
488372|Heinrich I|Das Ostfrankenreich|The Prussian Empire|14204|Green|635907|Yuan Tsui|Saulteran|The Prussian Empire|14204|Green|Approved|9000000|0|0|7/20/2025 2:15:58 PM|Nation Development|4979764|
488372|Heinrich I|Das Ostfrankenreich|The Prussian Empire|14204|Green|641723|New Rome|Prussia the Great|The Prussian Empire|14204|Orange|Approved|6000000|0|0|7/20/2025 2:14:33 PM|Nation Development|4979763|
488372|Heinrich I|Das Ostfrankenreich|The Prussian Empire|14204|Green|631385|Kingdom of Denmark|Jutland Germany|The Prussian Empire|14204|Green|Approved|9000000|0|0|7/20/2025 2:11:38 PM|9M/100 Tech|4979762|
602009|JDRod|ReDux Empire|Coalition of Royal Allied Powers|10051|Maroon|348070|Chopin|Republic of Poland|Avalanche|10078|Blue|Approved|0|100|0|7/20/2025 2:11:35 PM|Tech|4979761|
602009|JDRod|ReDux Empire|Coalition of Royal Allied Powers|10051|Maroon|604565|New Reverie|Hollow Land|Random Insanity Alliance|10038|Maroon|Approved|0|100|0|7/20/2025 2:11:03 PM|Tech|4979760|
544925|Jacksonians|Barataria|Global Alliance And Treaty Organization|10003|Brown|38760|Daedalus27|Daedalistan|Global Alliance and Treaty Organization|10003|Brown|Approved|0|100|0|7/20/2025 1:36:05 PM|Financial Assistance|4979759|
101765|KevinH|Establishmentism|Independent Republic of Orange Nations|10004|Orange|647037|Pachacan Federation|Pachacan Federation|Independent Republic Of Orange Nations|10004|Orange|Approved|6000000|100|4000|7/20/2025 1:17:27 PM|Pachacan Federation|4979758|
229836|apemax|smugglers and mercs|The Imperial Order|10082|Blue|467217|aroswing|Land of Darkness|Freehold of The Wolves|15157|White|Approved|9000000|0|0|7/20/2025 1:09:31 PM|VEP Tech Deal|4979757|
481103|AzureShadow|Coobie|Doombrella|17368|Black|502087|Astryl|Ethereal|Doombrella|17368|Black|Approved|0|100|0|7/20/2025 12:57:10 PM|Financial Assistance|4979756|
638157|Karifire|Hogsmead|Doom Squad|16454|Black|623822|Comrade Marx|GreaterGoonSyndicate|Doombrella|17368|Black|Approved|0|100|0|7/20/2025 12:47:24 PM|Financial Assistance|4979755|
638157|Karifire|Hogsmead|Doom Squad|16454|Black|139809|John Orris|Commonwealth of John|Doombrella|17368|Black|Pending|0|100|0|7/20/2025 12:47:05 PM|Financial Assistance|4979754|
638157|Karifire|Hogsmead|Doom Squad|16454|Black|634169|Cadlore|OId Lore|CLAWS|15841|Black|Pending|0|100|0|7/20/2025 12:46:31 PM|Financial Assistance|4979753|
527097|Galerion|blighty|Freehold of The Wolves|15157|White|556496|rheebrosinc|SwagJuice|Christian Coalition Of Countries|10028|Maroon|Approved|9000000|0|0|7/20/2025 12:46:02 PM|Valyrian Aid|4979752|
638157|Karifire|Hogsmead|Doom Squad|16454|Black|533155|Monster|Energy|Doombrella|17368|Black|Approved|0|100|0|7/20/2025 12:45:51 PM|Financial Assistance|4979751|
638157|Karifire|Hogsmead|Doom Squad|16454|Black|410812|Berbers|Kingdom of AlRezana|The Wolves|16660|Black|Approved|0|100|0|7/20/2025 12:45:05 PM|Financial Assistance|4979750|
640161|ToiletGaming3000|Good Game|New Polar Order|10006|Blue|166467|KittyPride207|BlackAngels|New Polar Order|10006|Blue|Approved|0|100|0|7/20/2025 12:43:31 PM|ICECAP Tech|4979749|
638157|Karifire|Hogsmead|Doom Squad|16454|Black|622221|cobwebbyarc6|Dasein|Doom Squad|16454|Black|Approved|0|100|0|7/20/2025 12:43:28 PM|Financial Assistance|4979748|
640161|ToiletGaming3000|Good Game|New Polar Order|10006|Blue|120390|Imperator Azenquor|Vaule|New Polar Order|10006|Blue|Approved|0|100|0|7/20/2025 12:42:45 PM|ICECAP Tech|4979747|
622221|cobwebbyarc6|Dasein|Doom Squad|16454|Black|646799|Salt Meat|Ghost Sea|Doom Squad|16454|Black|Approved|9000000|0|0|7/20/2025 12:41:27 PM|Financial Assistance|4979746|
622221|cobwebbyarc6|Dasein|Doom Squad|16454|Black|646804|dragonshardz|Cruinneachadh|Doom Squad|16454|Black|Approved|9000000|0|0|7/20/2025 12:40:54 PM|Financial Assistance|4979745|
633318|Immortalis712|Republic of Intima|New Pacific Order|10000|Red|225103|Lord Squintus|Strudeldorf|New Pacific Order|10000|Red|Approved|0|100|0|7/20/2025 12:35:22 PM|Vallum Aelium|4979743|
623494|Rick Hunter|Robotech|The Legion|10020|Purple|116618|Thrash|Machas|The Legion|10020|Purple|Approved|0|100|0|7/20/2025 12:28:02 PM|Tech Part 2|4979742|
369840|Astron|Svedala|NATO|10037|Blue|556496|rheebrosinc|SwagJuice|Christian Coalition Of Countries|10028|Maroon|Approved|9000000|0|0|7/20/2025 12:25:54 PM|Valyrian Aid|4979741|
369840|Astron|Svedala|NATO|10037|Blue|525090|Codeman|United|Christian Coalition Of Countries|10028|Maroon|Approved|9000000|0|0|7/20/2025 12:25:43 PM|Valyrian Aid|4979740|
369840|Astron|Svedala|NATO|10037|Blue|467217|aroswing|Land of Darkness|Freehold of The Wolves|15157|White|Approved|9000000|0|0|7/20/2025 12:25:33 PM|Valyrian Aid|4979739|
369840|Astron|Svedala|NATO|10037|Blue|132715|DFA MrFox|DFA MrFox|Freehold of The Wolves|15157|White|Approved|9000000|0|0|7/20/2025 12:25:18 PM|Valyrian Aid|4979738|
631191|Magnus IV|Kingdom of Ars Magna|CLAWS|15841|Black|349468|Adolph Mussolini|Aveotrix|CLAWS|15841|Black|Approved|0|100|0|7/20/2025 12:19:32 PM|Tech deal done!|4979737|
631191|Magnus IV|Kingdom of Ars Magna|CLAWS|15841|Black|238151|devnull|Republic of Unix|CLAWS|15841|Black|Approved|0|100|0|7/20/2025 12:19:24 PM|Tech deal done!|4979736|
280326|Scytale|Tleilax|Fark|10002|Aqua|643197|HoustonBeBack|Larsden|Nuclear Proliferation League|17228|Aqua|Approved|9000000|0|0|7/20/2025 12:15:44 PM|tech|4979735|
543131|Morjon|Wayward Renegade|Nuclear Proliferation League|17228|Aqua|124781|im317|im317|Random Insanity Alliance|10038|Maroon|Approved|0|100|0|7/20/2025 12:14:16 PM|Tech owed from NPL Seller|4979734|
431619|rotinom|Gideons|Sparta|10008|Black|119735|smusmu|Smustra|Sparta|10008|Black|Approved|0|100|0|7/20/2025 12:11:53 PM|Financial Assistance|4979733|
533529|NustyPistachio|Isle of Noot|Post Grunge Supergroup|16367|Brown|634243|KhanterWinters|Utrennyaya Zvezda|Post Grunge Supergroup|16367|Brown|Approved|0|100|0|7/20/2025 12:02:00 PM|Tech Deal|4979732|
326605|c0creat0r|Primerica|NATO|10037|Blue|231352|Wippeli|Wippelandia|Freehold of The Wolves|15157|White|Approved|9000000|0|0|7/20/2025 12:00:45 PM|VEP Cash Donation|4979731|
326605|c0creat0r|Primerica|NATO|10037|Blue|132715|DFA MrFox|DFA MrFox|Freehold of The Wolves|15157|White|Approved|9000000|0|0|7/20/2025 12:00:31 PM|VEP Cash Donation|4979730|
544925|Jacksonians|Barataria|Global Alliance And Treaty Organization|10003|Brown|152876|Hankidan|Parkview 12|Global Alliance And Treaty Organization|10003|Brown|Approved|0|100|0|7/20/2025 11:57:14 AM|Financial Assistance|4979729|
646327|KittenGosCrazy|Aura Kingdom|Global Alliance And Treaty Organization|10003|Brown|313301|MK4Slowride|MK4Slowride|Global Alliance And Treaty Organization|10003|Brown|Approved|0|100|0|7/20/2025 11:56:02 AM|Purchased Tech|4979728|
407151|Dre4mwe4ver|Fidensgen|Global Alliance And Treaty Organization|10003|Brown|14735|jsims8|DeKalb|Global Alliance and Treaty Organization|10003|Brown|Approved|0|100|0|7/20/2025 11:55:36 AM|Tech Time!!!|4979727|
544925|Jacksonians|Barataria|Global Alliance And Treaty Organization|10003|Brown|14658|Manis B|Caesura|Global Alliance and Treaty Organization|10003|Brown|Approved|0|100|0|7/20/2025 11:55:24 AM|Financial Assistance|4979726|
184994|Oro Ibah Aozpi|Novgorod|Nordreich|11319|Maroon|636192|Elizah|Monshun|Nordreich|11319|Maroon|Approved|9000000|0|0|7/20/2025 11:53:50 AM|Financial Assistance|4979725|
95044|Allnighte|Allnighteica|Doom Squad|16454|Black|646804|dragonshardz|Cruinneachadh|Doom Squad|16454|Black|Approved|9000000|0|0|7/20/2025 11:46:08 AM|Financial Assistance|4979724|
95044|Allnighte|Allnighteica|Doom Squad|16454|Black|506358|lightningjim|Fulmen Ingenium|Doom Squad|16454|Black|Approved|9000000|0|0|7/20/2025 11:45:09 AM|Financial Assistance|4979723|
95044|Allnighte|Allnighteica|Doom Squad|16454|Black|646799|Salt Meat|Ghost Sea|Doom Squad|16454|Black|Approved|9000000|0|0|7/20/2025 11:44:58 AM|Financial Assistance|4979722|
545096|Mumzilla|Hulkville|The Dark Templar|10056|Black|643474|Thilsh|Ibvralia|Post Grunge Supergroup|16367|Brown|Approved|9000000|0|0|7/20/2025 11:36:55 AM|Financial Assistance|4979721|
645236|Roq Fanclub Presiden|Roq Fanclub|Doombrella|17368|Black|142120|Commander Thrawn|Csilla|Doombrella|17368|Black|Approved|0|100|0|7/20/2025 11:18:09 AM|Financial Assistance|4979720|
645236|Roq Fanclub Presiden|Roq Fanclub|Doombrella|17368|Black|187132|White Majik|VSOP United|Doombrella|17368|Black|Approved|0|100|0|7/20/2025 11:16:21 AM|Financial Assistance|4979719|
645236|Roq Fanclub Presiden|Roq Fanclub|Doombrella|17368|Black|144708|Matthew PK|Commonwealth of LoL|Doombrella|17368|Black|Pending|0|100|0|7/20/2025 11:16:15 AM|Financial Assistance|4979718|
645236|Roq Fanclub Presiden|Roq Fanclub|Doombrella|17368|Black|66883|Crown Prince Mishka|Tygaland|Doombrella|17368|Black|Pending|0|100|0|7/20/2025 11:16:05 AM|Financial Assistance|4979717|
645236|Roq Fanclub Presiden|Roq Fanclub|Doombrella|17368|Black|342957|tayloj7|Rabbitopia|Doombrella|17368|Black|Approved|0|100|0|7/20/2025 11:15:57 AM|Financial Assistance|4979716|
619806|Epimethys|Pyrrha|Doombrella|17368|Black|374321|Clash|Discord|Doombrella|17368|Black|Approved|0|100|0|7/20/2025 11:09:17 AM|Financial Assistance|4979715|
374321|Clash|Discord|Doombrella|17368|Black|566736|amossio|amossio|Doombrella|17368|Black|Approved|9000000|0|0|7/20/2025 11:02:27 AM|Cash|4979714|
604459|Hugh Dick|Perineum|Independent Republic Of Orange Nations|10004|Orange|646540|brasitolandia|brasitolandia2|The Phoenix Federation|17385|Black|Approved|6000000|0|0|7/20/2025 10:44:44 AM|Financial Assistance|4979713|
485589|LUCIOUS IMPERIOUS|INDIANS|Random Insanity Alliance|10038|Maroon|602009|JDRod|ReDux Empire|Coalition of Royal Allied Powers|10051|Maroon|Approved|6000000|0|0|7/20/2025 10:42:56 AM|6M/100T TECH DEAL???|4979712|
644967|Mushrat|Ormarr Land|The Grand Lodge Of Freemasons|10029|Orange|560607|lurkr|Calontir|The Grand Lodge Of Freemasons|10029|Orange|Approved|0|100|0|7/20/2025 10:40:35 AM|Financial Assistance|4979711|
232881|Yashem|Yashemia|New Pacific Order|10000|Red|407948|avatar3619|Shendu|New Pacific Order|10000|Red|Approved|0|100|0|7/20/2025 10:39:11 AM|Vallum Aelium|4979710|
232881|Yashem|Yashemia|New Pacific Order|10000|Red|225103|Lord Squintus|Strudeldorf|New Pacific Order|10000|Red|Approved|0|100|0|7/20/2025 10:39:06 AM|Vallum Aelium|4979709|
232881|Yashem|Yashemia|New Pacific Order|10000|Red|448981|Knight|Alliance of Knights|New Pacific Order|10000|Red|Approved|0|100|0|7/20/2025 10:38:58 AM|QT Tech|4979708|
232881|Yashem|Yashemia|New Pacific Order|10000|Red|17202|Cybolt|Time and Space|New Pacific Order|10000|Red|Approved|0|100|0|7/20/2025 10:38:52 AM|QT Tech|4979707|
353933|Chuck|Teutonic Empire|The Templar Knights|10012|Maroon|287231|Bolivar|Bolivar|Libertarian Socialist Federation|10027|Brown|Approved|9000000|0|0|7/20/2025 10:35:39 AM|Tech Deal|4979706|
353933|Chuck|Teutonic Empire|The Templar Knights|10012|Maroon|132067|Merick|Panamkey|The Templar Knights|10012|Maroon|Pending|9000000|0|0|7/20/2025 10:34:47 AM|Tech Deal|4979705|
356682|Logic|8Bit Nation|Doombrella|17368|Black|151268|Zerileous|Monkey Time|Doombrella|17368|Black|Approved|0|100|0|7/20/2025 10:32:22 AM|Financial Assistance|4979704|
356682|Logic|8Bit Nation|Doombrella|17368|Black|187132|White Majik|VSOP United|Doombrella|17368|Black|Approved|0|100|0|7/20/2025 10:32:13 AM|Financial Assistance|4979703|
275547|BigKif|KifLand|CLAWS|15841|Black|631191|Magnus IV|Kingdom of Ars Magna|CLAWS|15841|Black|Approved|9000000|0|0|7/20/2025 10:32:05 AM|Long Deal|4979702|
404438|Herzog|Black Amber|Sparta|10008|Black|319444|Deej200|Rocca|Sparta|10008|Black|Pending|0|100|0|7/20/2025 10:31:58 AM|Financial Assistance|4979701|
624103|Wolf Man|Nuke Inc|CLAWS|15841|Black|640027|Rdjzozet|Tryzovits|CLAWS|15841|Black|Pending|9000000|0|0|7/20/2025 10:27:01 AM|tech deal|4979700|
289177|Blaskowicz|Doomsland|New Pacific Order|10000|Red|632290|JT the Lionheart|Empire of the Rock|The Wolves|16660|Maroon|Approved|9000000|0|0|7/20/2025 10:17:03 AM|Hugs from NPO|4979699|
289177|Blaskowicz|Doomsland|New Pacific Order|10000|Red|594363|Greatkitteh|Guahan|New Pacific Order|10000|Red|Approved|9000000|0|0|7/20/2025 10:16:59 AM|Bankroll|4979698|
289177|Blaskowicz|Doomsland|New Pacific Order|10000|Red|679|Gateborg|Gateborg|New Pacific Order|10000|Red|Approved|9000000|0|0|7/20/2025 10:16:55 AM|Bankroll|4979697|
289177|Blaskowicz|Doomsland|New Pacific Order|10000|Red|642107|xUnwanteDx|xNazaricKx|New Pacific Order|10000|Red|Approved|9000000|0|0|7/20/2025 10:16:50 AM|Bankroll|4979696|
289177|Blaskowicz|Doomsland|New Pacific Order|10000|Red|635806|MikeCat|Renastasia|New Pacific Order|10000|Red|Approved|9000000|0|0|7/20/2025 10:16:47 AM|Bankroll|4979695|
289177|Blaskowicz|Doomsland|New Pacific Order|10000|Red|225103|Lord Squintus|Strudeldorf|New Pacific Order|10000|Red|Approved|9000000|0|0|7/20/2025 10:16:43 AM|Bankroll|4979694|
541983|CVO|Kush|NATO|10037|Blue|637153|DukeNash|Encantandia|COBRA|13717|Brown|Approved|9000000|0|0|7/20/2025 10:09:54 AM|Valyrian Aid|4979693|
551982|Jason Cyberius|Cyberium|Global Alliance And Treaty Organization|10003|Brown|83518|Johnny Apocalypse|Anubia|Global Alliance And Treaty Organization|10003|Brown|Approved|0|100|0|7/20/2025 9:49:29 AM|Financial Assistance|4979692|
551982|Jason Cyberius|Cyberium|Global Alliance And Treaty Organization|10003|Brown|121872|Katahdin|Fraise de Sang|Global Alliance and Treaty Organization|10003|Brown|Approved|0|100|0|7/20/2025 9:48:10 AM|Financial Assistance|4979691|
184966|The Upper Bass|Little Basses|The Dark Templar|10056|Black|454402|Flyin Hawaiian|Hawaiian Land|The Dark Templar|10056|Black|Approved|9000000|0|0|7/20/2025 9:36:55 AM|Tech Deal|4979690|
168160|Anhur|Esgaron|Old Guard|11296|Blue|646038|OT Dominic|borneo kenyalang|Christian Coalition Of Countries|10028|Maroon|Approved|9000000|0|0|7/20/2025 9:33:07 AM|Valyrian Aid|4979689|
418455|Sabcat|Sabcat Island|Libertarian Socialist Federation|10027|Brown|646593|Lim jayhee|Cat haven|Knights Of The Round Table|10092|Green|Pending|6000000|0|0|7/20/2025 9:22:19 AM|Tech deal|4979688|
365705|rileyaddaff|legalized|Doom Squad|16454|Black|606462|Iamjust0ne|Senstown|Doom Squad|16454|Black|Approved|0|100|0|7/20/2025 9:20:12 AM|Financial Assistance|4979687|
365705|rileyaddaff|legalized|Doom Squad|16454|Black|520285|Banned|Lacedaemon|DOOMBIRD DOOMCAVE|10449|Black|Approved|0|100|0|7/20/2025 9:19:52 AM|U still suck|4979686|
365705|rileyaddaff|legalized|Doom Squad|16454|Black|634169|Cadlore|OId Lore|CLAWS|15841|Black|Approved|0|100|0|7/20/2025 9:19:22 AM|Financial Assistance|4979685|
365705|rileyaddaff|legalized|Doom Squad|16454|Black|567720|Cosmic Chocolate|Soaring Eagle|DOOMBIRD DOOMCAVE|10449|Black|Approved|0|100|0|7/20/2025 9:19:00 AM|Financial Assistance|4979684|
365705|rileyaddaff|legalized|Doom Squad|16454|Black|410812|Berbers|Kingdom of AlRezana|The Wolves|16660|Black|Approved|0|100|0|7/20/2025 9:18:35 AM|Financial Assistance|4979683|
645017|RobbentheRider|Skylarkton|The Legion|10020|Purple|637024|deanimator|Kuzai|The Legion|10020|Purple|Approved|0|100|0|7/20/2025 9:18:19 AM|Financial Assistance|4979682|
365705|rileyaddaff|legalized|Doom Squad|16454|Black|533155|Monster|Energy|Doombrella|17368|Black|Approved|0|100|0|7/20/2025 9:18:16 AM|Financial Assistance|4979681|
367611|TurnipCruncher|Hwicca|Nordreich|11319|Maroon|636192|Elizah|Monshun|Nordreich|11319|Maroon|Approved|9000000|0|0|7/20/2025 9:15:00 AM|Financial Assistance|4979679|
367611|TurnipCruncher|Hwicca|Nordreich|11319|Maroon|639833|sogekido|sinetron|Nordreich|11319|Maroon|Approved|9000000|0|0|7/20/2025 9:14:19 AM|Financial Assistance|4979678|
625051|Troopers|Colonist|CLAWS|15841|Black|177947|Badassname|Badassnation|CLAWS|15841|Black|Approved|0|100|0|7/20/2025 8:57:12 AM|Financial Assistance|4979677|
625051|Troopers|Colonist|CLAWS|15841|Black|275547|BigKif|KifLand|CLAWS|15841|Black|Approved|0|100|0|7/20/2025 8:57:04 AM|Financial Assistance|4979676|
485586|veracity|drunkenville|The Legion|10020|Purple|645017|RobbentheRider|Skylarkton|The Legion|10020|Purple|Approved|6000000|0|0|7/20/2025 8:57:03 AM|CEAZER|4979675|
485586|veracity|drunkenville|The Legion|10020|Purple|637999|jumali|Bocorz|The Legion|10020|Purple|Approved|9000000|0|0|7/20/2025 8:56:17 AM|CEAZER|4979674|
508630|notkintoot|particle|Nuclear Proliferation League|17228|Aqua|431565|Dark Zone Elite|Dark Zone Elite|New Polar Order|10006|Blue|Approved|0|100|0|7/20/2025 8:45:24 AM|9/100 tech|4979673|
508630|notkintoot|particle|Nuclear Proliferation League|17228|Aqua|100705|Linden16|Kiljarit|New Polar Order|10006|Blue|Approved|0|100|0|7/20/2025 8:45:07 AM|9/100 tech|4979672|
646824|AlphaB|Blue Ribbon|The Legion|10020|Purple|629180|filgod|Sicara|The Legion|10020|Purple|Approved|0|100|0|7/20/2025 8:43:51 AM|Financial Assistance|4979671|
646824|AlphaB|Blue Ribbon|The Legion|10020|Purple|288372|king qaz|my own little workd|The Legion|10020|Purple|Approved|0|100|0|7/20/2025 8:43:25 AM|Financial Assistance|4979670|
186805|Grendel|Beowulf|Knights Of The Round Table|10092|Green|627722|Mustard Pougy|Frog Flats|Knights Of The Round Table|10092|Green|Approved|9000000|0|0|7/20/2025 8:39:51 AM|$9m/100t|4979669|
86974|Mad Mike|Mikeville|Global Alliance And Treaty Organization|10003|Brown|405936|Griffy|Rememberence|Global Alliance And Treaty Organization|10003|Brown|Approved|9000000|0|0|7/20/2025 8:30:16 AM|griffy support funds|4979668|
474935|Enabran Tain|Obsidian Order|Non Grata|10097|Maroon|631302|Gatherum|Vermis|Non Grata|10097|Maroon|Approved|9000000|0|0|7/20/2025 8:21:19 AM|Tech Deal|4979667|
474935|Enabran Tain|Obsidian Order|Non Grata|10097|Maroon|645844|Dario the Great|Darioland|Non Grata|10097|Maroon|Approved|9000000|0|0|7/20/2025 8:21:09 AM|Tech Deal|4979666|
645984|keyman|Bonland|Nuclear Proliferation League|17228|Aqua|613652|Peterkin|Quaraguay|Freehold of The Wolves|15157|White|Approved|0|100|0|7/20/2025 8:14:42 AM|Financial Assistance|4979665|
646815|godtoh1|hotdogal|Global Alliance And Treaty Organization|10003|Brown|561575|DragonsPhyre|Dragon Spire|Global Alliance And Treaty Organization|10003|Brown|Approved|0|100|0|7/20/2025 8:08:38 AM|Financial Assistance|4979664|
484240|j3rdegree|United Tadpoles|Global Alliance And Treaty Organization|10003|Brown|561575|DragonsPhyre|Dragon Spire|Global Alliance And Treaty Organization|10003|Brown|Approved|0|100|0|7/20/2025 8:06:54 AM|Tech go brrrr|4979663|
484240|j3rdegree|United Tadpoles|Global Alliance And Treaty Organization|10003|Brown|479490|King Cyan|The Cyan Kingdom|Global Alliance And Treaty Organization|10003|Brown|Approved|0|100|0|7/20/2025 8:06:36 AM|Tech go brrrr|4979662|
484240|j3rdegree|United Tadpoles|Global Alliance And Treaty Organization|10003|Brown|64687|Wootmeister|Wootrovia|Global Alliance And Treaty Organization|10003|Brown|Approved|0|100|0|7/20/2025 8:06:15 AM|Tech go brrrr|4979661|
250431|riser|Goodwill|CLAWS|15841|Black|627747|bretrun|Togrador|CLAWS|15841|Black|Approved|9000000|0|0|7/20/2025 8:06:05 AM|9m/100 tech deal|4979660|
484240|j3rdegree|United Tadpoles|Global Alliance And Treaty Organization|10003|Brown|14735|jsims8|DeKalb|Global Alliance and Treaty Organization|10003|Brown|Approved|0|100|0|7/20/2025 8:05:56 AM|Tech go brrrr|4979659|
484240|j3rdegree|United Tadpoles|Global Alliance And Treaty Organization|10003|Brown|39842|Uelen|Uelen|Global Alliance and Treaty Organization|10003|Brown|Approved|0|100|0|7/20/2025 8:05:40 AM|Tech go brrrr|4979658|
563422|nekro448|North Eugenia|Post Grunge Supergroup|16367|Brown|639275|Giultyspark|Arborija|Post Grunge Supergroup|16367|Brown|Approved|9000000|0|0|7/20/2025 8:00:14 AM|Tech Deal 9m/100t|4979657|
563422|nekro448|North Eugenia|Post Grunge Supergroup|16367|Brown|642140|Venusia|Tenebris|Post Grunge Supergroup|16367|Brown|Approved|9000000|0|0|7/20/2025 7:59:57 AM|Tech Deal 9m/100t|4979656|
563422|nekro448|North Eugenia|Post Grunge Supergroup|16367|Brown|176740|Apolloyon|Logres|Post Grunge Supergroup|16367|None|Approved|6000000|0|0|7/20/2025 7:59:40 AM|Tech 6m/100t|4979655|
166207|Jekalle|Ranus|Non Grata|10097|Maroon|538690|CrinkledStraw|The Fierce Crown|Non Grata|10097|Maroon|Approved|9000000|0|0|7/20/2025 7:58:42 AM|Another round 9/100?|4979654|
14735|jsims8|DeKalb|Global Alliance and Treaty Organization|10003|Brown|646984|fruitloomps|Loomberg|Global Alliance And Treaty Organization|10003|Brown|Approved|6000000|0|0|7/20/2025 7:57:44 AM|Again...|4979653|
428260|Warden|Llama Land|NATO|10037|Blue|645372|darkestofdans|Alert1|Federation Of Armed Nations|10021|Blue|Approved|9000000|0|0|7/20/2025 7:55:52 AM|VEP Aid|4979652|
644454|Mike Oxlong|Dixie Wrecked|Global Alliance And Treaty Organization|10003|Brown|139990|BacTalan|NorseTurks|Global Alliance And Treaty Organization|10003|Brown|Approved|0|100|0|7/20/2025 7:55:43 AM|Financial Assistance|4979651|
646570|CiceroThePoet|Ismuth|NATO|10037|Blue|593353|Kitkat16|Sofie|NATO|10037|Blue|Approved|0|100|0|7/20/2025 7:55:07 AM|vep|4979650|
552285|lilweirdward|Land of Too Much Fun|Christian Coalition Of Countries|10028|Maroon|647057|Yuri Markovitch|Volgravia|Christian Coalition Of Countries|10028|Maroon|Approved|6000000|0|0|7/20/2025 7:53:32 AM|Startup Aid|4979649|
437548|Dutchmaster|Feardare|Coalition of Royal Allied Powers|10051|Maroon|100248|Champcardon|Rudostan|Coalition of Royal Allied Powers|10051|Maroon|Approved|9000000|0|0|7/20/2025 7:51:53 AM|9 million for 100 tech |4979648|
631385|Kingdom of Denmark|Jutland Germany|The Prussian Empire|14204|Green|437548|Dutchmaster|Feardare|Coalition of Royal Allied Powers|10051|Maroon|Approved|0|100|0|7/20/2025 7:46:48 AM|Financial Assistance|4979647|
413336|Tevron|Devion|CLAWS|15841|Black|629384|Cruspad the Younger|Cittagazze|CLAWS|15841|Black|Approved|9000000|0|0|7/20/2025 7:45:18 AM|Financial Assistance|4979646|
75992|weaverc|Weaver|Global Alliance and Treaty Organization|10003|Brown|646801|Chaos Gremlin|Chaostopia|Global Alliance And Treaty Organization|10003|Brown|Pending|6000000|0|0|7/20/2025 7:22:09 AM|Financial Assistance|4979645|
616861|TomoGozen|Shoganai|Global Alliance And Treaty Organization|10003|Brown|38760|Daedalus27|Daedalistan|Global Alliance and Treaty Organization|10003|Brown|Approved|0|100|0|7/20/2025 7:22:04 AM|Financial Assistance|4979644|
75992|weaverc|Weaver|Global Alliance and Treaty Organization|10003|Brown|551982|Jason Cyberius|Cyberium|Global Alliance And Treaty Organization|10003|Brown|Approved|9000000|0|0|7/20/2025 7:21:54 AM|Financial Assistance|4979643|
646195|Ebaggerisintown|Tinneas Cinn|Global Alliance And Treaty Organization|10003|Brown|163031|MasterChief777|The New Empire|Global Alliance And Treaty Organization|10003|Brown|Approved|0|100|0|7/20/2025 7:18:06 AM|TD|4979642|
64687|Wootmeister|Wootrovia|Global Alliance And Treaty Organization|10003|Brown|645467|LiefzDel|Greater Czechia|Post Grunge Supergroup|16367|Brown|Approved|9000000|0|0|7/20/2025 7:14:34 AM|Tech Deal|4979641|
331985|aljabarian|CrabMan|Knights Of The Round Table|10092|Green|626421|JesusCrocs|Isla Guahan|Knights Of The Round Table|10092|Green|Approved|6000000|0|0|7/20/2025 7:13:39 AM|Tech Deal|4979640|
634284|mikeymikes|batmanism|Doombrella|17368|Black|101493|ak47don|sicily mafia|Doombrella|17368|Black|Approved|9000000|100|4000|7/20/2025 7:06:24 AM|aids |4979639|
634284|mikeymikes|batmanism|Doombrella|17368|Black|502087|Astryl|Ethereal|Doombrella|17368|Black|Approved|9000000|100|4000|7/20/2025 7:05:40 AM|aids |4979638|
634284|mikeymikes|batmanism|Doombrella|17368|Black|151268|Zerileous|Monkey Time|Doombrella|17368|Black|Approved|9000000|100|4000|7/20/2025 7:04:57 AM|aids|4979637|
9093|Hannibal Vess|Mimetica|Old Guard|11296|Blue|233988|Antiglams|Benerilandia|NATO|10037|Blue|Approved|9000000|0|0|7/20/2025 7:04:46 AM|Valyrian Aid|4979636|
39842|Uelen|Uelen|Global Alliance and Treaty Organization|10003|Brown|529189|Combat Pope|Vaticana|Global Alliance And Treaty Organization|10003|Brown|Approved|9000000|0|0|7/20/2025 6:58:07 AM|Tech deal|4979635|
490921|Roo Blu II|Blue Roo|Non Grata|10097|Maroon|631302|Gatherum|Vermis|Non Grata|10097|Maroon|Approved|9000000|0|0|7/20/2025 6:45:38 AM|NG Tech Deal|4979634|
618779|learjet|Racinante|The Legion|10020|Purple|644508|texwarhawk|Fjord Republic|The Legion|10020|Purple|Approved|9000000|0|0|7/20/2025 6:43:55 AM|Financial Assistance|4979633|
14658|Manis B|Caesura|Global Alliance and Treaty Organization|10003|Brown|646801|Chaos Gremlin|Chaostopia|Global Alliance And Treaty Organization|10003|Brown|Pending|6000000|0|0|7/20/2025 6:43:50 AM|Financial Assistance|4979632|
646988|Mashirosen|ababab|Global Alliance And Treaty Organization|10003|Brown|561575|DragonsPhyre|Dragon Spire|Global Alliance And Treaty Organization|10003|Brown|Approved|0|100|0|7/20/2025 6:38:07 AM|Financial Assistance|4979631|
625634|firingline|TheCastle|The Wolves|16660|Black|622221|cobwebbyarc6|Dasein|Doom Squad|16454|Black|Approved|0|100|0|7/20/2025 6:30:55 AM|Financial Assistance|4979630|
405936|Griffy|Rememberence|Global Alliance And Treaty Organization|10003|Brown|313301|MK4Slowride|MK4Slowride|Global Alliance And Treaty Organization|10003|Brown|Approved|0|100|0|7/20/2025 6:05:51 AM|Financial Assistance|4979629|
273254|unstpblpimp|unstpblpimp|Global Alliance and Treaty Organization|10003|Brown|646988|Mashirosen|ababab|Global Alliance And Treaty Organization|10003|Brown|Approved|6000000|0|0|7/20/2025 6:04:54 AM|Financial Assistance|4979628|
646462|Stupid Sliver|Tuckvania|Doom Squad|16454|Black|139809|John Orris|Commonwealth of John|Doombrella|17368|Black|Approved|0|100|0|7/20/2025 5:52:01 AM|Financial Assistance|4979627|
646462|Stupid Sliver|Tuckvania|Doom Squad|16454|Black|606462|Iamjust0ne|Senstown|Doom Squad|16454|Black|Approved|0|100|0|7/20/2025 5:51:39 AM|Financial Assistance|4979626|
646462|Stupid Sliver|Tuckvania|Doom Squad|16454|Black|634169|Cadlore|OId Lore|CLAWS|15841|Black|Approved|0|100|0|7/20/2025 5:51:19 AM|Financial Assistance|4979625|
646462|Stupid Sliver|Tuckvania|Doom Squad|16454|Black|410812|Berbers|Kingdom of AlRezana|The Wolves|16660|Black|Approved|0|100|0|7/20/2025 5:50:29 AM|Financial Assistance|4979624|
621876|thebigkas|kekistan69|COBRA|13717|Brown|53781|Algolei|Manitobah|CLAWS|15841|Black|Approved|0|100|0|7/20/2025 5:37:16 AM|Financial Assistance|4979623|
433854|Auctor|Wyrdgar|Doombrella|17368|Black|202255|onelove|We Are One Love|Doombrella|17368|Black|Approved|9000000|100|0|7/20/2025 5:29:49 AM|Financial Assistance|4979622|
433854|Auctor|Wyrdgar|Doombrella|17368|Black|101493|ak47don|sicily mafia|Doombrella|17368|Black|Approved|9000000|100|0|7/20/2025 5:29:38 AM|Financial Assistance|4979621|
433854|Auctor|Wyrdgar|Doombrella|17368|Black|502087|Astryl|Ethereal|Doombrella|17368|Black|Approved|9000000|100|0|7/20/2025 5:29:26 AM|Financial Assistance|4979620|
433854|Auctor|Wyrdgar|Doombrella|17368|Black|151268|Zerileous|Monkey Time|Doombrella|17368|Black|Approved|9000000|100|0|7/20/2025 5:29:12 AM|Financial Assistance|4979619|
607213|Ernak son of Attila|The Huns|The Prussian Empire|14204|Green|638884|WideVader|Balkan Union Pact|Interkosmos|16298|Green|Approved|9000000|0|0|7/20/2025 5:25:41 AM|The Huns need 100 tech|4979618|
243186|ditchboy00|Ditchopia|Non Grata|10097|Maroon|630971|Jeremiah|CERAVA|Non Grata|10097|Maroon|Approved|9000000|0|0|7/20/2025 4:33:29 AM|Financial Assistance|4979617|
201332|dawg66|Grand Americana|Knights Of The Round Table|10092|Green|638702|Vins10|Quebec Second|Post Grunge Supergroup|16367|Brown|Pending|9000000|0|0|7/20/2025 4:22:12 AM|tech|4979616|
511886|The Sentinel|Ruscino|Knights of the Round Table|10092|Green|632937|informator|Ukrainians|Knights Of The Round Table|10092|Green|Approved|9000000|0|0|7/20/2025 4:15:19 AM|Tech.9.100|4979615|
645105|Trench Foast|TrenchFoastia|Christian Coalition Of Countries|10028|Maroon|626566|Peacy McPeaceface|New Olde Switzerland|Christian Coalition Of Countries|10028|Maroon|Approved|0|100|0|7/20/2025 4:12:34 AM|Vep|4979614|
645105|Trench Foast|TrenchFoastia|Christian Coalition Of Countries|10028|Maroon|283424|Dropo7777|DelOrto|NATO|10037|Blue|Approved|0|100|0|7/20/2025 4:11:56 AM|Financial Assistance|4979613|
612774|Oleg the Disfigured|Slag Vrch|Knights Of The Round Table|10092|Green|591794|Raden Wijaya|Kerajaan Majapahit|New Polar Order|10006|Green|Approved|9000000|0|0|7/20/2025 4:08:26 AM|Trade circle bonus|4979612|
573749|necAnt|Lucky Ants|The Gramlins|17275|Green|541311|King Quincy|Confederate USA|Green Protection Agency|10041|Green|Approved|0|100|0|7/20/2025 3:49:52 AM|TD 2/2|4979611|
646916|SmugglyMcWeed|SmugglyMcWeed|Post Grunge Supergroup|16367|Brown|311659|tanglerat|Tir Mor|Post Grunge Supergroup|16367|Brown|Approved|0|100|0|7/20/2025 3:32:56 AM|tech trade done|4979610|
467217|aroswing|Land of Darkness|Freehold of The Wolves|15157|White|18236|javaswiller|swillerland|Freehold of The Wolves|15157|White|Approved|0|100|0|7/20/2025 3:31:26 AM|Valyrian |4979609|
625646|muji111|muji111|Random Insanity Alliance|10038|Maroon|437548|Dutchmaster|Feardare|Coalition of Royal Allied Powers|10051|Maroon|Approved|0|100|0|7/20/2025 3:28:52 AM|Financial Assistance|4979608|
311344|asapilu|Persianiran|NATO|10037|Blue|535865|Donbo McSlay|Donbo Land|Federation Of Armed Nations|10021|Yellow|Approved|9000000|0|0|7/20/2025 3:22:33 AM|Valyrian aid|4979607|
311344|asapilu|Persianiran|NATO|10037|Blue|645372|darkestofdans|Alert1|Federation Of Armed Nations|10021|Blue|Approved|9000000|0|0|7/20/2025 3:22:10 AM|Valyrian aid|4979606|
311344|asapilu|Persianiran|NATO|10037|Blue|640396|Jessiski|New Italy 1|NATO|10037|Blue|Pending|6000000|0|0|7/20/2025 3:21:55 AM|Valyrian aid|4979605|
629384|Cruspad the Younger|Cittagazze|CLAWS|15841|Black|281387|Thud III|Thudsylvania|CLAWS|15841|Black|Approved|0|100|0|7/20/2025 3:18:28 AM|Your Tech.|4979604|
646559|ravana|aaryavat|Nuclear Proliferation League|17228|Aqua|177947|Badassname|Badassnation|CLAWS|15841|Black|Approved|0|100|0|7/20/2025 3:17:31 AM|Financial Assistance|4979603|
646559|ravana|aaryavat|Nuclear Proliferation League|17228|Aqua|613743|Tacotopia|Bobs Your Uncle|CLAWS|15841|Black|Approved|0|100|0|7/20/2025 3:17:00 AM|Financial Assistance|4979602|
639282|Agaton Sax|Asmodean|COBRA|13717|Brown|247134|ShadowChaos|ShadowChaos|COBRA|13717|Maroon|Approved|0|100|0|7/20/2025 2:53:56 AM|Financial Assistance|4979601|
605023|JuggernautMD|Framework|Independent Republic Of Orange Nations|10004|Orange|257166|Yggdrazil|Ginginugap|Independent Republic Of Orange Nations|10004|Orange|Approved|9000000|0|0|7/20/2025 2:33:55 AM|ITF|4979600|
605023|JuggernautMD|Framework|Independent Republic Of Orange Nations|10004|Orange|584955|Ayiana|Veritable|Independent Republic Of Orange Nations|10004|Orange|Approved|9000000|0|0|7/20/2025 2:33:09 AM|ITF|4979599|
605023|JuggernautMD|Framework|Independent Republic Of Orange Nations|10004|Orange|550914|reilstrap|reilstrap|Independent Republic Of Orange Nations|10004|Orange|Approved|9000000|0|0|7/20/2025 2:32:41 AM|ITF|4979598|
577964|WagonWheel|Wagons|Post Grunge Supergroup|16367|Brown|643449|Esabbi|Liberation Islands|Post Grunge Supergroup|16367|Brown|Approved|9000000|0|0|7/20/2025 2:19:24 AM|Tech deal |4979597|
143998|planetary|planetarium|CLAWS|15841|Black|190480|Unruly|Republique de Buja|AGW Overlords|10043|Black|Approved|0|100|0|7/20/2025 2:11:56 AM|techs|4979596|
600902|HackSlash|NewFinlandia|Non Grata|10097|Maroon|538690|CrinkledStraw|The Fierce Crown|Non Grata|10097|Maroon|Approved|9000000|0|0|7/20/2025 2:02:05 AM|Tech Deal 100/9Mil|4979595|
640096|recockulous|Yuge Indictments|Fark|10002|Aqua|319343|realpal|REALPAL|Fark|10002|Aqua|Approved|0|100|0|7/20/2025 1:50:45 AM|9/100|4979594|
501403|Trebs|Trebs|Nordreich|11319|Maroon|634412|hadwyn|One piece|Nordreich|11319|Maroon|Approved|9000000|0|0|7/20/2025 1:43:10 AM|Financial Assistance|4979593|
631459|Gorbachov|Soviet Union|COMECON|16703|Red|25379|Stylesjl|Pontbridge|Coalition of Royal Allied Powers|10051|Maroon|Approved|0|100|0|7/20/2025 1:40:12 AM|Financial Assistance|4979592|
646465|Panglima Burung|Kalimantan Baru|New Pacific Order|10000|Red|407948|avatar3619|Shendu|New Pacific Order|10000|Red|Approved|0|100|0|7/20/2025 1:38:05 AM|Vallum Aelium|4979591|
646465|Panglima Burung|Kalimantan Baru|New Pacific Order|10000|Red|212835|Minuq|Butan|New Pacific Order|10000|Red|Pending|0|100|0|7/20/2025 1:37:56 AM|Vallum Aelium|4979590|
646465|Panglima Burung|Kalimantan Baru|New Pacific Order|10000|Red|225103|Lord Squintus|Strudeldorf|New Pacific Order|10000|Red|Approved|0|100|0|7/20/2025 1:37:44 AM|Vallum Aelium|4979589|
645265|kaalle|KALLLAND|Post Grunge Supergroup|16367|Brown|634963|Trout87|Birchy Head|Post Grunge Supergroup|16367|Black|Approved|0|100|0|7/20/2025 12:53:36 AM|Financial Assistance|4979588|
639937|The Evilest Eye|NeoNeftyaniki|The Dark Templar|10056|Black|184966|The Upper Bass|Little Basses|The Dark Templar|10056|Black|Approved|0|100|0|7/20/2025 12:51:13 AM|Your tech|4979587|
644461|Aran Belmont|Metroidvania|Veneris|17356|White|25379|Stylesjl|Pontbridge|Coalition of Royal Allied Powers|10051|Maroon|Approved|0|100|0|7/20/2025 12:48:25 AM|Financial Assistance|4979586|
443221|Mistral|Nicholas|Post Grunge Supergroup|16367|Brown|645347|Randomnameguy|New England INC|Post Grunge Supergroup|16367|Brown|Approved|9000000|0|0|7/20/2025 12:36:34 AM|9m100T|4979585|
578787|Caspase|Amino Acids|Post Grunge Supergroup|16367|Brown|545724|Matmal|Matmalia|Post Grunge Supergroup|16367|Brown|Approved|6000000|0|0|7/20/2025 12:35:25 AM|Financial Assistance|4979584|
636950|Sir Percival|Galles|Knights Of The Round Table|10092|Green|638628|Hogboy|Maeshowe|Knights Of The Round Table|10092|Green|Approved|0|100|0|7/20/2025 12:33:55 AM|Tech deal|4979583|
310672|King Wally|Rep of Queensland|Nuclear Proliferation League|17228|Aqua|645985|CaboMabo|CaboMabo|Nuclear Proliferation League|17228|Aqua|Approved|9000000|100|0|7/20/2025 12:14:42 AM|Wally 1/5|4979582|
625574|torquewench|Solo Donne|Doom Squad|16454|Black|520285|Banned|Lacedaemon|DOOMBIRD DOOMCAVE|10449|Black|Approved|0|100|0|7/20/2025 12:10:40 AM|Financial Assistance|4979581|
625574|torquewench|Solo Donne|Doom Squad|16454|Black|615966|tehol|Lether|Doom Squad|16454|Black|Approved|0|100|0|7/20/2025 12:09:59 AM|Financial Assistance|4979580|
625574|torquewench|Solo Donne|Doom Squad|16454|Black|567720|Cosmic Chocolate|Soaring Eagle|DOOMBIRD DOOMCAVE|10449|Black|Approved|0|100|0|7/20/2025 12:09:31 AM|Financial Assistance|4979579|
646886|Root3|Kansa|Nuclear Proliferation League|17228|Aqua|170471|Smurthwaite|Smurthwaite|Nuclear Proliferation League|17228|Aqua|Approved|0|100|0|7/20/2025 12:09:05 AM|tech|4979578|
625574|torquewench|Solo Donne|Doom Squad|16454|Black|466941|Komplex|Despair|DOOMBIRD DOOMCAVE|10449|Black|Approved|0|100|0|7/20/2025 12:09:01 AM|Financial Assistance|4979577|
625574|torquewench|Solo Donne|Doom Squad|16454|Black|410812|Berbers|Kingdom of AlRezana|The Wolves|16660|Black|Approved|0|100|0|7/20/2025 12:08:43 AM|Financial Assistance|4979576|
625574|torquewench|Solo Donne|Doom Squad|16454|Black|533155|Monster|Energy|Doombrella|17368|Black|Approved|0|100|0|7/20/2025 12:08:22 AM|Financial Assistance|4979575|
639843|TheChickenRun|Costco Wholesale|The Dark Templar|10056|Black|84729|D.A.D.1|IGP Warriors|The Dark Templar|10056|Black|Approved|0|100|0|7/20/2025 12:08:04 AM|Free Tech|4979574|
646473|Pegasus Gold Saint|Saint Seiya|Veneris|17356|White|190647|Kapsyl I|Kapsylonia|AGW Overlords|10043|Black|Approved|0|100|0|7/20/2025 12:07:01 AM|100 tech|4979573|
4930|Sir Sci|Scots Empire|Global Alliance and Treaty Organization|10003|Brown|416942|Chris Kaos|The Kingdom of Kaos|Global Alliance And Treaty Organization|10003|Brown|Approved|0|100|0|7/20/2025 12:04:38 AM|Financial Assistance|4979572|
372061|Mandystalin|Lutonstan|The Templar Knights|10012|Maroon|132067|Merick|Panamkey|The Templar Knights|10012|Maroon|Pending|9000000|0|0|7/20/2025 12:01:20 AM|Video fees|4979571|
640620|Frioz|Lusitania Portugalia|Post Grunge Supergroup|16367|Brown|326273|Red Rebel|Pi Lambda Phi|Madlads Union|17130|Brown|Approved|0|100|0|7/19/2025 11:48:00 PM|Financial Assistance|4979570|
640620|Frioz|Lusitania Portugalia|Post Grunge Supergroup|16367|Brown|380255|Vaslov|UFPNS|Argent|10063|Pink|Approved|0|100|0|7/19/2025 11:47:48 PM|Financial Assistance|4979569|
87249|Infallible|Mulletville|Orange Defense Network|10007|Orange|423349|Raiser|Inireland|Orange Defense Network|10007|Orange|Approved|6000000|0|0|7/19/2025 11:10:18 PM|6/200|4979568|
402037|Soviet Mudkip|In Soviet Russia|The Dark Templar|10056|Black|639416|Addisonjam|Additomia|The Dark Templar|10056|Black|Approved|9000000|0|0|7/19/2025 10:50:06 PM|9m/100t|4979567|
643887|SilenttShadow27|Temnota|NATO|10037|Blue|593353|Kitkat16|Sofie|NATO|10037|Blue|Approved|0|100|0|7/19/2025 10:21:09 PM|Cupcake refill &lt;3|4979566|
645571|cantbelieveimback|Techlandia|Doombrella|17368|Black|184514|Franz Ferdinand|L252beck|Doombrella|17368|Black|Approved|0|100|0|7/19/2025 9:43:13 PM|Financial Assistance|4979565|
645571|cantbelieveimback|Techlandia|Doombrella|17368|Black|470323|plaw44|infinite desire|Doombrella|17368|Black|Pending|0|100|0|7/19/2025 9:42:54 PM|Financial Assistance|4979564|
645571|cantbelieveimback|Techlandia|Doombrella|17368|Black|142120|Commander Thrawn|Csilla|Doombrella|17368|Black|Pending|0|100|0|7/19/2025 9:42:24 PM|Financial Assistance|4979563|
645571|cantbelieveimback|Techlandia|Doombrella|17368|Black|151268|Zerileous|Monkey Time|Doombrella|17368|Black|Approved|0|100|0|7/19/2025 9:42:07 PM|Financial Assistance|4979562|
645571|cantbelieveimback|Techlandia|Doombrella|17368|Black|66883|Crown Prince Mishka|Tygaland|Doombrella|17368|Black|Approved|0|100|0|7/19/2025 9:41:41 PM|Financial Assistance|4979561|
552285|lilweirdward|Land of Too Much Fun|Christian Coalition Of Countries|10028|Maroon|645946|LiFeng|Qwertyiop|Non Grata|10097|Maroon|Approved|9000000|0|0|7/19/2025 9:40:02 PM|Tech Deal|4979560|
580021|General Kanabis|Imperio Mexica|COBRA|13717|Brown|188637|Caustic|Hazardous Materials|Non Grata|10097|Maroon|Approved|0|100|0|7/19/2025 9:23:10 PM|Financial Assistance|4979559|
261397|Rampage3|United Liberocracy|Nuclear Proliferation League|17228|Aqua|645525|GodKing Menes|Free Republic of Kem|Nuclear Proliferation League|17228|Aqua|Approved|9000000|0|0|7/19/2025 9:09:39 PM|9/100 Tech Deal|4979558|
261397|Rampage3|United Liberocracy|Nuclear Proliferation League|17228|Aqua|645740|ShadowSleeper|Noevgono|Nuclear Proliferation League|17228|Aqua|Approved|9000000|0|0|7/19/2025 9:08:33 PM|9/100 Tech Deal|4979557|
374610|Captain Crozier|Dime Store Novena|Independent Republic Of Orange Nations|10004|Orange|647037|Pachacan Federation|Pachacan Federation|Independent Republic Of Orange Nations|10004|Orange|Approved|6000000|0|0|7/19/2025 9:08:19 PM|ITF|4979556|
362361|Gofast2006|Pioneer Village|Nuclear Proliferation League|17228|Aqua|646892|Kamva|Zaire Republic|Nuclear Proliferation League|17228|Aqua|Approved|6000000|0|0|7/19/2025 9:06:35 PM|Wally aid drop|4979555|
644316|Sam Sparks|Mendota|Sparta|10008|Black|602563|AntiChoice|SuperNaturale|Sparta|10008|Black|Approved|0|100|0|7/19/2025 9:01:42 PM|Tech deal|4979554|
362361|Gofast2006|Pioneer Village|Nuclear Proliferation League|17228|Aqua|508630|notkintoot|particle|Nuclear Proliferation League|17228|Aqua|Approved|9000000|0|0|7/19/2025 8:47:06 PM|9/100 tech|4979553|
261397|Rampage3|United Liberocracy|Nuclear Proliferation League|17228|Aqua|645985|CaboMabo|CaboMabo|Nuclear Proliferation League|17228|Aqua|Approved|9000000|100|0|7/19/2025 8:40:59 PM|1 of 5|4979552|
452727|Avakael|Klaus Devestatorie|Nuclear Proliferation League|17228|Brown|646886|Root3|Kansa|Nuclear Proliferation League|17228|Aqua|Approved|9000000|0|0|7/19/2025 8:31:28 PM|Tech deal 9m/100|4979551|
646801|Chaos Gremlin|Chaostopia|Global Alliance And Treaty Organization|10003|Brown|206001|Mallardius|Dominion of the Duck|Global Alliance And Treaty Organization|10003|Brown|Approved|0|100|0|7/19/2025 7:07:53 PM|Financial Assistance|4979549|
618472|Leftie|Brotherhood|Madlads Union|17130|Brown|646886|Root3|Kansa|Nuclear Proliferation League|17228|Aqua|Approved|9000000|0|0|7/19/2025 7:07:14 PM|9M/100T? - MadLads|4979548|
646801|Chaos Gremlin|Chaostopia|Global Alliance And Treaty Organization|10003|Brown|416942|Chris Kaos|The Kingdom of Kaos|Global Alliance And Treaty Organization|10003|Brown|Approved|0|100|0|7/19/2025 7:06:36 PM|Financial Assistance|4979547|
405936|Griffy|Rememberence|Global Alliance And Treaty Organization|10003|Brown|147284|Magicninja|Grundy|Global Alliance And Treaty Organization|10003|Brown|Approved|0|100|0|7/19/2025 7:03:33 PM|Financial Assistance|4979546|
147284|Magicninja|Grundy|Global Alliance And Treaty Organization|10003|Brown|551982|Jason Cyberius|Cyberium|Global Alliance And Treaty Organization|10003|Brown|Approved|9000000|0|0|7/19/2025 7:00:40 PM|Financial Assistance|4979545|
446109|T-Bone|SmD Island|Doombrella|17368|Black|66883|Crown Prince Mishka|Tygaland|Doombrella|17368|Black|Approved|0|100|0|7/19/2025 6:59:35 PM|Financial Assistance|4979544|
257186|Southern Comfort|Wild Wild West|Knights Of The Round Table|10092|Green|626421|JesusCrocs|Isla Guahan|Knights Of The Round Table|10092|Green|Approved|6000000|0|0|7/19/2025 6:20:12 PM|Tech?|4979543|
645105|Trench Foast|TrenchFoastia|Christian Coalition Of Countries|10028|Maroon|647056|Captsavedahoe|Gilligansisland||0|None|Approved|6000000|0|0|7/19/2025 5:54:34 PM|Financial Assistance|4979542|
641018|xxPocketxx|Savere|The Legion|10020|Purple|638311|FightingSioux405|New Whitehall|The Legion|10020|Purple|Approved|0|100|0|7/19/2025 5:32:25 PM|Financial Assistance|4979541|
575900|TTexas|TTexas|Post Grunge Supergroup|16367|Brown|646949|BBAZOKA|Yummylite|Post Grunge Supergroup|16367|Brown|Pending|6000000|0|0|7/19/2025 5:27:55 PM|Financial Assistance|4979540|
575900|TTexas|TTexas|Post Grunge Supergroup|16367|Brown|646890|HarryJ|Wambulance|Post Grunge Supergroup|16367|Brown|Approved|6000000|0|0|7/19/2025 5:26:54 PM|Financial Assistance|4979538|
626421|JesusCrocs|Isla Guahan|Knights Of The Round Table|10092|Green|186805|Grendel|Beowulf|Knights Of The Round Table|10092|Green|Approved|0|100|0|7/19/2025 4:57:06 PM|Take muh Tek|4979537|
626421|JesusCrocs|Isla Guahan|Knights Of The Round Table|10092|Green|608458|Johnny Cutlass|Claw Key|Knights Of The Round Table|10092|Aqua|Approved|0|100|0|7/19/2025 4:56:47 PM|Take muh Tek|4979536|
470323|plaw44|infinite desire|Doombrella|17368|Black|646870|Waffless|Wafflandia|Doombrella|17368|Black|Approved|9000000|0|0|7/19/2025 4:55:51 PM|Financial Assistance|4979535|
596771|Pentix|Mars Colony|New Polar Order|10006|Blue|646886|Root3|Kansa|Nuclear Proliferation League|17228|Aqua|Approved|9000000|0|0|7/19/2025 4:52:51 PM|9/100|4979534|
596771|Pentix|Mars Colony|New Polar Order|10006|Blue|646497|Arcanium|Averium|Nuclear Proliferation League|17228|Aqua|Approved|9000000|0|0|7/19/2025 4:52:07 PM|9/100|4979533|
643162|DarkDefiance|United Defiance|New Pacific Order|10000|Red|522260|kalev60|Hiiumaa|New Pacific Order|10000|Red|Approved|0|100|0|7/19/2025 4:46:58 PM|QT Tech|4979532|
643162|DarkDefiance|United Defiance|New Pacific Order|10000|Red|542117|Killerbankz|HellOnEarth|New Pacific Order|10000|Red|Approved|0|100|0|7/19/2025 4:46:51 PM|QT Tech|4979531|
441760|jacka|north 40|The Legion|10020|Purple|603270|NekosRule|NekosNation|The Legion|10020|Purple|Pending|0|100|0|7/19/2025 4:24:22 PM|Financial Assistance|4979530|
441760|jacka|north 40|The Legion|10020|Purple|638311|FightingSioux405|New Whitehall|The Legion|10020|Purple|Approved|0|100|0|7/19/2025 4:24:14 PM|Financial Assistance|4979529|
254775|Bionic redhead|Bionicus|Non Grata|10097|Aqua|635667|Steves|Steveland|Fark|10002|Aqua|Approved|9000000|0|0|7/19/2025 4:12:42 PM|Tech deal|4979528|
618698|Arminius Cheruski|Germania Magna|The Prussian Empire|14204|Green|631409|German Made|German Engineering|The Prussian Empire|14204|Green|Pending|9000000|0|0|7/19/2025 4:02:04 PM|9M/100|4979527|
543972|zachart|The Father Land|New Pacific Order|10000|Red|542117|Killerbankz|HellOnEarth|New Pacific Order|10000|Red|Approved|0|100|0|7/19/2025 3:52:45 PM|Financial Assistance|4979526|
525223|Zorrr|Deep Zither|Knights of the Round Table|10092|Purple|646297|Snorkel|Rockies Folk State|Nuclear Proliferation League|17228|Aqua|Approved|9000000|0|0|7/19/2025 3:51:57 PM|100 Tek deal?|4979525|
613653|Supreme|Nu Phi|New Pacific Order|10000|Red|167235|ORCACommander|Hiigaran Federation|New Pacific Order|10000|Red|Approved|0|100|0|7/19/2025 3:47:15 PM|QT Tech|4979524|
613653|Supreme|Nu Phi|New Pacific Order|10000|Red|542117|Killerbankz|HellOnEarth|New Pacific Order|10000|Red|Approved|0|100|0|7/19/2025 3:46:15 PM|QT Tech|4979523|
645768|Sitthemdown|Emperor Protects|Doombrella|17368|Black|184514|Franz Ferdinand|L252beck|Doombrella|17368|Black|Approved|0|100|0|7/19/2025 3:39:14 PM|Financial Assistance|4979522|
379651|reghar73|Zeman|The Dark Templar|10056|Black|293406|Jeffimus|Smoothwater|The Dark Templar|10056|Black|Approved|9000000|0|0|7/19/2025 3:34:47 PM|Tech Deal |4979521|
449283|Sir Benevale|Orangewall|Knights of the Round Table|10092|Green|643321|KerouacLives|Astorion|Knights Of The Round Table|10092|Green|Approved|9000000|0|0|7/19/2025 3:06:06 PM|Techno $9M/100T|4979520|
12258|Commissar Sendoa|Cataduanes|Non Grata|10097|Maroon|2621|James|TIEIXIAIS|Non Grata|10097|Maroon|Approved|0|100|0|7/19/2025 2:56:05 PM|Financial Assistance|4979519|
12258|Commissar Sendoa|Cataduanes|Non Grata|10097|Maroon|469301|Lars Jorgens|Whale of a Time|Non Grata|10097|Maroon|Pending|0|100|0|7/19/2025 2:55:48 PM|Financial Assistance|4979518|
621876|thebigkas|kekistan69|COBRA|13717|Brown|258455|Magical Muslim|Alibaba Land|CLAWS|15841|Black|Approved|0|100|0|7/19/2025 2:28:35 PM|Financial Assistance|4979517|
297707|madalchemist|Wyvren|The Legion|10020|Purple|623494|Rick Hunter|Robotech|The Legion|10020|Purple|Approved|6000000|0|0|7/19/2025 2:28:22 PM|Financial Assistance|4979516|
621876|thebigkas|kekistan69|COBRA|13717|Brown|578787|Caspase|Amino Acids|Post Grunge Supergroup|16367|Brown|Approved|0|100|0|7/19/2025 2:28:19 PM|Financial Assistance|4979515|
481103|AzureShadow|Coobie|Doombrella|17368|Black|187132|White Majik|VSOP United|Doombrella|17368|Black|Approved|0|100|0|7/19/2025 2:26:15 PM|Financial Assistance|4979514|
481103|AzureShadow|Coobie|Doombrella|17368|Black|66883|Crown Prince Mishka|Tygaland|Doombrella|17368|Black|Approved|0|100|0|7/19/2025 2:22:09 PM|Financial Assistance|4979513|
481103|AzureShadow|Coobie|Doombrella|17368|Black|484851|enderland|Fields of Elysium|Doombrella|17368|Black|Approved|0|100|0|7/19/2025 2:21:52 PM|Financial Assistance|4979512|
481103|AzureShadow|Coobie|Doombrella|17368|Black|151268|Zerileous|Monkey Time|Doombrella|17368|Black|Approved|0|100|0|7/19/2025 2:18:36 PM|Financial Assistance|4979511|
616861|TomoGozen|Shoganai|Global Alliance And Treaty Organization|10003|Brown|14658|Manis B|Caesura|Global Alliance and Treaty Organization|10003|Brown|Approved|0|100|0|7/19/2025 1:41:56 PM|Financial Assistance|4979510|
616861|TomoGozen|Shoganai|Global Alliance And Treaty Organization|10003|Brown|79371|xkirra|Mordlandia|Global Alliance And Treaty Organization|10003|Brown|Approved|0|100|0|7/19/2025 1:41:41 PM|Financial Assistance|4979509|
514274|stonybeast|Los Reyes|Nordreich|11319|Maroon|636192|Elizah|Monshun|Nordreich|11319|Maroon|Approved|9000000|0|0|7/19/2025 1:36:22 PM|Tech deal|4979508|
629384|Cruspad the Younger|Cittagazze|CLAWS|15841|Black|250431|riser|Goodwill|CLAWS|15841|Black|Approved|0|100|0|7/19/2025 1:35:30 PM|Your Tech.|4979507|
602552|atliis|Silvertown|Independent Republic Of Orange Nations|10004|Orange|520160|Niels|Isla Vista|Independent Republic Of Orange Nations|10004|Orange|Pending|0|100|0|7/19/2025 1:11:40 PM|ITF|4979506|
602552|atliis|Silvertown|Independent Republic Of Orange Nations|10004|Orange|207900|Queltocz|Quelto|Independent Republic Of Orange Nations|10004|Orange|Approved|0|100|0|7/19/2025 1:11:11 PM|ITF|4979505|
602552|atliis|Silvertown|Independent Republic Of Orange Nations|10004|Orange|234325|Ben Gates|TreasureLand|Independent Republic Of Orange Nations|10004|Orange|Approved|0|100|0|7/19/2025 1:10:48 PM|ITF|4979504|
628583|Dopes|Slaptico|Church of the Holy Platypus|17265|Brown|144192|Sagha|Nickelattia|Non Grata|10097|Maroon|Approved|0|100|0|7/19/2025 1:00:56 PM|Tech 4 u|4979503|
423414|Nashorn|Nashornstan|MONGOLS|14492|Maroon|265697|Laskar Pelangi|Rainbow Soldier|Kaskus|10104|Brown|Approved|9000000|100|0|7/19/2025 12:58:01 PM|Financial Assistance|4979502|
423414|Nashorn|Nashornstan|MONGOLS|14492|Maroon|325202|murtibing|Fluens|Axiom of Regularity|17122|Maroon|Approved|9000000|0|0|7/19/2025 12:56:48 PM|Financial Assistance|4979501|
423414|Nashorn|Nashornstan|MONGOLS|14492|Maroon|22121|spartan 84|UNSC Reach|Non Grata|10097|Maroon|Approved|9000000|100|0|7/19/2025 12:56:24 PM|Financial Assistance|4979500|
423414|Nashorn|Nashornstan|MONGOLS|14492|Maroon|552359|SeaBeeGipson|Denton|MONGOLS|14492|Maroon|Approved|9000000|0|0|7/19/2025 12:55:54 PM|Financial Assistance|4979499|
423414|Nashorn|Nashornstan|MONGOLS|14492|Maroon|324487|Death from above 82|Black Sheep|MONGOLS|14492|Maroon|Approved|9000000|100|0|7/19/2025 12:55:34 PM|Financial Assistance|4979498|
137097|htmlmaster|Technopolis|Argent|10063|Pink|647042|The Sea Monster|The Buccaneers|New Pacific Order|10000|Red|Approved|6000000|0|0|7/19/2025 12:52:39 PM|6/100|4979497|
137097|htmlmaster|Technopolis|Argent|10063|Pink|486033|CobaltBlazer|Cobalt27|United Equestria|10101|Pink|Approved|9000000|0|0|7/19/2025 12:52:06 PM|9/100?|4979496|
485812|Amyante|Zargathia|Shangri La|13799|White|613743|Tacotopia|Bobs Your Uncle|CLAWS|15841|Black|Approved|0|100|0|7/19/2025 12:46:27 PM|Tech deal: 100/100|4979495|
485812|Amyante|Zargathia|Shangri La|13799|White|567361|GradyTheGreat|Secundo Tonku|CLAWS|15841|Black|Pending|0|100|0|7/19/2025 12:46:19 PM|Tech deal: 100/100|4979494|
485812|Amyante|Zargathia|Shangri La|13799|White|479490|King Cyan|The Cyan Kingdom|Global Alliance And Treaty Organization|10003|Brown|Approved|0|100|0|7/19/2025 12:46:11 PM|Tech deal: 100/100|4979493|
485812|Amyante|Zargathia|Shangri La|13799|White|127635|dewe48|tramponia|CLAWS|15841|Black|Pending|0|100|0|7/19/2025 12:46:02 PM|Tech deal: 100/100|4979492|
485812|Amyante|Zargathia|Shangri La|13799|White|53781|Algolei|Manitobah|CLAWS|15841|Black|Approved|0|100|0|7/19/2025 12:45:54 PM|Tech deal: 100/100|4979491|
641533|Haamu|Sampo|WWF|14310|Blue|273509|Enrage|TheEmpire|WWF|14310|Green|Approved|0|100|0|7/19/2025 12:18:39 PM|Financial Assistance|4979490|
396041|Joseph Black|Rural Route 3|Freehold of The Wolves|15157|White|81564|constablepotato|Potatoland|Freehold of The Wolves|15157|White|Approved|0|100|0|7/19/2025 12:13:52 PM|Financial Assistance|4979489|
645652|SpaceGhostCTC|Phantom crusier|Federation Of Armed Nations|10021|Yellow|326605|c0creat0r|Primerica|NATO|10037|Blue|Approved|0|100|0|7/19/2025 11:54:22 AM|Financial Assistance|4979486|
646800|Brotherlouie27|Louimerica II|Global Alliance And Treaty Organization|10003|Brown|152876|Hankidan|Parkview 12|Global Alliance And Treaty Organization|10003|Brown|Approved|0|100|0|7/19/2025 11:45:32 AM|Financial Assistance|4979485|
475014|cirk2|Agatea|Non Grata|10097|Maroon|631302|Gatherum|Vermis|Non Grata|10097|Maroon|Approved|9000000|0|0|7/19/2025 11:45:05 AM|tech deal|4979484|
475014|cirk2|Agatea|Non Grata|10097|Maroon|560469|draggie|Aporia|Non Grata|10097|Maroon|Pending|9000000|0|0|7/19/2025 11:44:41 AM|tech deal|4979483|
475014|cirk2|Agatea|Non Grata|10097|Maroon|634597|LiaColle|Prynthian|Non Grata|10097|Maroon|Approved|9000000|0|0|7/19/2025 11:44:09 AM|tech deal|4979482|
551677|Edward I|Seleucia|New Pacific Order|10000|Red|212835|Minuq|Butan|New Pacific Order|10000|Red|Pending|0|100|0|7/19/2025 11:41:14 AM|Vallum Aelium|4979481|
551677|Edward I|Seleucia|New Pacific Order|10000|Red|603443|Crayon King|Aloyarc|New Pacific Order|10000|Red|Approved|0|100|0|7/19/2025 11:41:08 AM|Vallum Aelium|4979480|
551677|Edward I|Seleucia|New Pacific Order|10000|Red|234918|LordOfTheLand|APIGP|New Pacific Order|10000|Red|Approved|0|100|0|7/19/2025 11:40:58 AM|QT Tech|4979479|
551677|Edward I|Seleucia|New Pacific Order|10000|Red|511698|hailkirk10|Kirklan|New Pacific Order|10000|Red|Pending|0|100|0|7/19/2025 11:40:51 AM|QT Tech|4979478|
551677|Edward I|Seleucia|New Pacific Order|10000|Red|542117|Killerbankz|HellOnEarth|New Pacific Order|10000|Red|Approved|0|100|0|7/19/2025 11:40:47 AM|QT Tech|4979477|
551677|Edward I|Seleucia|New Pacific Order|10000|Red|167235|ORCACommander|Hiigaran Federation|New Pacific Order|10000|Red|Approved|0|100|0|7/19/2025 11:40:43 AM|QT Tech|4979476|
645124|stugots|Trumpopolis|NATO|10037|Blue|326605|c0creat0r|Primerica|NATO|10037|Blue|Approved|0|100|0|7/19/2025 11:16:49 AM|Financial Assistance|4979475|
645124|stugots|Trumpopolis|NATO|10037|Blue|39465|King Tom|king Tom|NATO|10037|Blue|Approved|0|100|0|7/19/2025 11:16:37 AM|Financial Assistance|4979474|
290230|UnLimited|Aurora Borealis|Nordreich|11319|Maroon|91872|PuliSher|Kerj&#228;l&#228;|Non Grata|10097|Maroon|Approved|9000000|0|0|7/19/2025 11:15:30 AM|Financial Assistance|4979473|
512699|Mindbraker|Aguda|New Polar Order|10006|Blue|642764|Nerdslayerx|Friheden|New Polar Order|10006|Blue|Approved|9000000|0|0|7/19/2025 11:02:54 AM|ICECAP Cash|4979472|
629752|Jamo199599|C1995|New Polar Order|10006|Blue|642764|Nerdslayerx|Friheden|New Polar Order|10006|Blue|Approved|9000000|0|0|7/19/2025 10:57:06 AM|ICECAP Cash|4979471|
633318|Immortalis712|Republic of Intima|New Pacific Order|10000|Red|407948|avatar3619|Shendu|New Pacific Order|10000|Red|Approved|0|100|0|7/19/2025 10:55:34 AM|Vallum Aelium|4979470|
616861|TomoGozen|Shoganai|Global Alliance And Treaty Organization|10003|Brown|152876|Hankidan|Parkview 12|Global Alliance And Treaty Organization|10003|Brown|Approved|0|100|0|7/19/2025 10:54:01 AM|Financial Assistance|4979469|
428260|Warden|Llama Land|NATO|10037|Blue|645870|Maximilian von Adler|Preussisches Kaiserr|NATO|10037|Blue|Approved|9000000|0|0|7/19/2025 10:50:48 AM|VEP Aid|4979468|
324421|Einer|Jesusland|Mostly Harmless Alliance|14879|White|645870|Maximilian von Adler|Preussisches Kaiserr|NATO|10037|Blue|Approved|9000000|0|0|7/19/2025 10:41:13 AM|&quot;Valyrian Aid&quot; !|4979467|
642002|Telikos Terakhir|Eschatosia|The Legion|10020|Purple|602649|Sultan Adly|Wadi El Bezaz|The Legion|10020|Purple|Approved|0|100|0|7/19/2025 10:37:08 AM|Financial Assistance|4979466|
645105|Trench Foast|TrenchFoastia|Christian Coalition Of Countries|10028|Maroon|509784|Lord Emperor Clot|Clotvania|Christian Coalition Of Countries|10028|Maroon|Approved|0|100|0|7/19/2025 10:36:16 AM|Financial Assistance|4979465|
627412|Jason Radix|Radix|The Dark Templar|10056|Black|53832|Starcraftmazter|DPRK|The Dark Templar|10056|Black|Approved|0|100|0|7/19/2025 10:35:36 AM|Financial Assistance|4979464|
116324|Wayne World|Wayne World|The Grand Lodge of Freemasons|10029|Orange|647042|The Sea Monster|The Buccaneers|New Pacific Order|10000|Red|Approved|6000000|0|0|7/19/2025 10:28:43 AM|tech plz 100 for 6 m|4979462|
606786|The Milkmaid|Dun Holm|Knights Of The Round Table|10092|White|10287|Moriarty|Formosa|Knights Of The Round Table|10092|Green|Approved|0|100|0|7/19/2025 10:20:54 AM|Saturday milk delivery|4979461|
242836|BozDaBoz|CoastalBendatia|Fark|10002|Aqua|645696|ChiefCarr|Gidgeedoo|Nuclear Proliferation League|17228|Aqua|Approved|9000000|0|0|7/19/2025 10:03:46 AM|tech deal 9/100|4979460|
607213|Ernak son of Attila|The Huns|The Prussian Empire|14204|Green|631385|Kingdom of Denmark|Jutland Germany|The Prussian Empire|14204|Green|Approved|9000000|0|0|7/19/2025 9:58:59 AM|The Huns need 100 tech|4979459|
440257|lonabis|flying dutchmen|NATO|10037|Blue|645372|darkestofdans|Alert1|Federation Of Armed Nations|10021|Blue|Approved|9000000|0|0|7/19/2025 9:52:21 AM|Valyrian Cash|4979458|
440257|lonabis|flying dutchmen|NATO|10037|Blue|640396|Jessiski|New Italy 1|NATO|10037|Blue|Pending|6000000|0|0|7/19/2025 9:50:33 AM|Valyrian Cash|4979457|
440257|lonabis|flying dutchmen|NATO|10037|Blue|639335|Swamplandia|Horna|NATO|10037|Blue|Approved|9000000|0|0|7/19/2025 9:50:17 AM|Valyrian Cash|4979456|
445432|andrewb610|Brennana1|Freehold of The Wolves|15157|White|640396|Jessiski|New Italy 1|NATO|10037|Blue|Pending|6000000|0|0|7/19/2025 9:28:49 AM|Valyrian Cash|4979455|
445432|andrewb610|Brennana1|Freehold of The Wolves|15157|White|639335|Swamplandia|Horna|NATO|10037|Blue|Approved|9000000|0|0|7/19/2025 9:28:31 AM|Valyrian Cash|4979454|
445432|andrewb610|Brennana1|Freehold of The Wolves|15157|White|637153|DukeNash|Encantandia|COBRA|13717|Brown|Approved|9000000|0|0|7/19/2025 9:28:18 AM|Valyrian Cash|4979453|
184994|Oro Ibah Aozpi|Novgorod|Nordreich|11319|Maroon|635299|Jujohouse|Genshin Impact|Nordreich|11319|Maroon|Approved|9000000|0|0|7/19/2025 9:13:53 AM|Financial Assistance|4979452|
184994|Oro Ibah Aozpi|Novgorod|Nordreich|11319|Maroon|91872|PuliSher|Kerj&#228;l&#228;|Non Grata|10097|Maroon|Approved|9000000|0|0|7/19/2025 9:13:23 AM|Financial Assistance|4979451|
627972|GearHead|Rosche|NATO|10037|Blue|640396|Jessiski|New Italy 1|NATO|10037|Blue|Pending|6000000|0|0|7/19/2025 9:10:44 AM|Vep|4979450|
627972|GearHead|Rosche|NATO|10037|Blue|535865|Donbo McSlay|Donbo Land|Federation Of Armed Nations|10021|Yellow|Approved|9000000|0|0|7/19/2025 9:10:26 AM|Vep|4979449|
627972|GearHead|Rosche|NATO|10037|Blue|637153|DukeNash|Encantandia|COBRA|13717|Brown|Approved|9000000|0|0|7/19/2025 9:10:07 AM|Vep|4979448|
646890|HarryJ|Wambulance|Post Grunge Supergroup|16367|Brown|643784|Cypher Link|Cyphristria|Post Grunge Supergroup|16367|Brown|Approved|0|100|0|7/19/2025 9:01:49 AM|tech deal complete|4979446|
646890|HarryJ|Wambulance|Post Grunge Supergroup|16367|Brown|311659|tanglerat|Tir Mor|Post Grunge Supergroup|16367|Brown|Approved|0|100|0|7/19/2025 9:00:51 AM|tech deal complete|4979445|
430606|KemMo|Maurinaria|Nuclear Proliferation League|17228|Aqua|646886|Root3|Kansa|Nuclear Proliferation League|17228|Aqua|Approved|9000000|0|0|7/19/2025 8:57:18 AM|9/100|4979444|
25527|Flembosh|Randall|Mostly Harmless Alliance|14879|Aqua|319343|realpal|REALPAL|Fark|10002|Aqua|Approved|0|100|0|7/19/2025 8:40:07 AM|Financial Assistance|4979443|
231352|Wippeli|Wippelandia|Freehold of The Wolves|15157|White|18236|javaswiller|swillerland|Freehold of The Wolves|15157|White|Approved|0|100|0|7/19/2025 8:35:46 AM|VEP|4979442|
481947|Morgaine|Cruithne|New Polar Order|10006|Blue|588171|Justine27|Zeronia|New Polar Order|10006|Blue|Approved|0|100|0|7/19/2025 8:31:18 AM|RATS Tech|4979441|
481947|Morgaine|Cruithne|New Polar Order|10006|Blue|166467|KittyPride207|BlackAngels|New Polar Order|10006|Blue|Approved|0|100|0|7/19/2025 8:30:14 AM|ICECAP Tech|4979440|
481947|Morgaine|Cruithne|New Polar Order|10006|Blue|629752|Jamo199599|C1995|New Polar Order|10006|Blue|Approved|0|100|0|7/19/2025 8:29:42 AM|ICECAP Tech|4979439|
643607|Aspen|Silus|Union Of Communist Republics|10060|Brown|636336|Stelth|White Mountain|Union Of Communist Republics|10060|Brown|Approved|0|100|0|7/19/2025 8:28:53 AM|Financial Assistance|4979438|
528882|JSoprano|Darasuum|Post Grunge Supergroup|16367|Brown|646635|supremeruler|Astros|Post Grunge Supergroup|16367|Yellow|Approved|9000000|0|0|7/19/2025 8:27:54 AM|9/100 tech deal|4979437|
646462|Stupid Sliver|Tuckvania|Doom Squad|16454|Black|533155|Monster|Energy|Doombrella|17368|Black|Approved|0|100|0|7/19/2025 8:26:10 AM|Financial Assistance|4979436|
556496|rheebrosinc|SwagJuice|Christian Coalition Of Countries|10028|Maroon|219727|danhawk|sonyevilempire|The Imperial Order|10082|Blue|Approved|0|100|0|7/19/2025 8:20:20 AM|valyrian tech|4979435|
120390|Imperator Azenquor|Vaule|New Polar Order|10006|Blue|642764|Nerdslayerx|Friheden|New Polar Order|10006|Blue|Approved|9000000|0|0|7/19/2025 8:04:42 AM|ICECAP Cash|4979434|
120390|Imperator Azenquor|Vaule|New Polar Order|10006|Blue|483058|Dubh Caireallain|Roisin Dubh|New Polar Order|10006|Blue|Approved|9000000|0|0|7/19/2025 8:04:28 AM|ICECAP Cash|4979433|
485586|veracity|drunkenville|The Legion|10020|Purple|633077|DarkStar1348|Aoxomoxoa|The Legion|10020|Purple|Approved|9000000|0|0|7/19/2025 7:52:31 AM|CEAZER|4979431|
573749|necAnt|Lucky Ants|The Gramlins|17275|Green|329142|Donada|Hobis|Argent|10063|Pink|Approved|0|100|0|7/19/2025 7:45:23 AM|TD 1/2|4979430|
573749|necAnt|Lucky Ants|The Gramlins|17275|Green|141164|LiquidMercury|FallenSeraphim|The Gramlins|17275|Green|Approved|0|100|0|7/19/2025 7:45:08 AM|TD 1/2|4979429|
250431|riser|Goodwill|CLAWS|15841|Black|143998|planetary|planetarium|CLAWS|15841|Black|Approved|9000000|0|0|7/19/2025 7:09:13 AM|9m/100 tech deal|4979428|
643876|LordInfamous|Swindlerstan|Independent Republic Of Orange Nations|10004|Orange|87890|Formanj|Norvegs Trøndelag|Independent Republic of Orange Nations|10004|Orange|Approved|0|100|0|7/19/2025 7:05:12 AM|ITF|4979427|
643876|LordInfamous|Swindlerstan|Independent Republic Of Orange Nations|10004|Orange|636601|Wolfbite|Caffinated Wolves|Independent Republic Of Orange Nations|10004|Orange|Approved|0|100|0|7/19/2025 7:04:36 AM|ITF|4979426|
314185|Rhizoctonia|Rhizoctonia|Non Grata|10097|Maroon|634903|ToasterOven|Pancake Republic|Non Grata|10097|Maroon|Approved|9000000|0|0|7/19/2025 6:58:10 AM|Financial Assistance|4979425|
314185|Rhizoctonia|Rhizoctonia|Non Grata|10097|Maroon|633611|Speeder|Dronterlands|Non Grata|10097|Maroon|Approved|9000000|0|0|7/19/2025 6:57:50 AM|Financial Assistance|4979424|
132715|DFA MrFox|DFA MrFox|Freehold of The Wolves|15157|White|18236|javaswiller|swillerland|Freehold of The Wolves|15157|White|Approved|0|100|0|7/19/2025 6:42:06 AM|Valyrian Aod|4979423|
14658|Manis B|Caesura|Global Alliance and Treaty Organization|10003|Brown|101986|windir|Technology|Global Alliance and Treaty Organization|10003|Brown|Approved|9000000|0|0|7/19/2025 6:41:54 AM|Financial Assistance|4979422|
177947|Badassname|Badassnation|CLAWS|15841|Black|621876|thebigkas|kekistan69|COBRA|13717|Brown|Approved|9000000|0|0|7/19/2025 6:41:47 AM|Tech Deal|4979421|
132715|DFA MrFox|DFA MrFox|Freehold of The Wolves|15157|White|414337|Shadowfury|Illyria|Freehold of The Wolves|15157|Black|Approved|0|100|0|7/19/2025 6:41:36 AM|Valyrian Aid|4979420|
311344|asapilu|Persianiran|NATO|10037|Blue|637153|DukeNash|Encantandia|COBRA|13717|Brown|Approved|9000000|0|0|7/19/2025 6:26:18 AM|Valyrian aid|4979419|
644951|Landric|Republic of Ursus|The Grand Lodge Of Freemasons|10029|Orange|606462|Iamjust0ne|Senstown|Doom Squad|16454|Black|Approved|0|100|0|7/19/2025 6:09:30 AM|Financial Assistance|4979418|
579231|Greg23|Chronictopia|Global Alliance And Treaty Organization|10003|Brown|147284|Magicninja|Grundy|Global Alliance And Treaty Organization|10003|Brown|Approved|0|100|0|7/19/2025 6:09:28 AM|Financial Assistance|4979417|
579231|Greg23|Chronictopia|Global Alliance And Treaty Organization|10003|Brown|152876|Hankidan|Parkview 12|Global Alliance And Treaty Organization|10003|Brown|Approved|0|100|0|7/19/2025 6:08:58 AM|Financial Assistance|4979416|
579231|Greg23|Chronictopia|Global Alliance And Treaty Organization|10003|Brown|14658|Manis B|Caesura|Global Alliance and Treaty Organization|10003|Brown|Approved|0|100|0|7/19/2025 6:08:41 AM|Financial Assistance|4979415|
579231|Greg23|Chronictopia|Global Alliance And Treaty Organization|10003|Brown|79371|xkirra|Mordlandia|Global Alliance And Treaty Organization|10003|Brown|Approved|0|100|0|7/19/2025 6:08:17 AM|Financial Assistance|4979414|
424757|Round Table|Knights of the Grail|Knights of the Round Table|10092|Green|637080|Secundum|Uhtceare|Knights Of The Round Table|10092|Green|Approved|9000000|0|0|7/19/2025 6:02:12 AM|Tech Deal 9/100|4979413|
262614|aml520|Hantou|New Polar Order|10006|Blue|202519|Zombie Glaucon|UTC Labs|New Polar Order|10006|Blue|Approved|0|100|0|7/19/2025 5:36:44 AM|RATS Tech|4979412|
639550|Burger|Neo Assyria|Doom Squad|16454|Black|615966|tehol|Lether|Doom Squad|16454|Black|Approved|0|100|0|7/19/2025 5:30:07 AM|Financial Assistance|4979411|
639550|Burger|Neo Assyria|Doom Squad|16454|Black|567720|Cosmic Chocolate|Soaring Eagle|DOOMBIRD DOOMCAVE|10449|Black|Approved|0|100|0|7/19/2025 5:29:55 AM|Financial Assistance|4979410|
639550|Burger|Neo Assyria|Doom Squad|16454|Black|466941|Komplex|Despair|DOOMBIRD DOOMCAVE|10449|Black|Approved|0|100|0|7/19/2025 5:29:42 AM|Financial Assistance|4979409|
639550|Burger|Neo Assyria|Doom Squad|16454|Black|410812|Berbers|Kingdom of AlRezana|The Wolves|16660|Black|Approved|0|100|0|7/19/2025 5:29:32 AM|Financial Assistance|4979408|
639550|Burger|Neo Assyria|Doom Squad|16454|Black|533155|Monster|Energy|Doombrella|17368|Black|Approved|0|100|0|7/19/2025 5:29:19 AM|Financial Assistance|4979407|
639550|Burger|Neo Assyria|Doom Squad|16454|Black|645382|Kharmandril|PETA nudes|Doom Squad|16454|Black|Approved|0|100|0|7/19/2025 5:28:48 AM|Financial Assistance|4979406|
76627|shwampy|Barryteroria|Libertarian Socialist Federation|10027|White|273509|Enrage|TheEmpire|WWF|14310|Green|Approved|0|100|0|7/19/2025 5:23:13 AM|Another quality trade :)|4979405|
634256|I Win You Lose|I Win You Loose|The Phoenix Federation|17385|Black|334182|st6mm|Northern Reich|Disciples of Duckroll|17024|Black|Approved|0|100|0|7/19/2025 5:21:26 AM|Financial Assistance|4979404|
634256|I Win You Lose|I Win You Loose|The Phoenix Federation|17385|Black|131079|losinglife|SlaveII|CLAWS|15841|Black|Approved|0|100|0|7/19/2025 5:21:18 AM|Financial Assistance|4979403|
485589|LUCIOUS IMPERIOUS|INDIANS|Random Insanity Alliance|10038|Maroon|349838|Kaiser Nichols|Holstria|United Purple Nations|10025|Purple|Approved|6000000|0|0|7/19/2025 5:20:25 AM|6M/100T TECH DEAL???|4979401|
485589|LUCIOUS IMPERIOUS|INDIANS|Random Insanity Alliance|10038|Maroon|590806|vocalese|Vocalese|The Imperial Entente|16809|Maroon|Approved|6000000|0|0|7/19/2025 5:19:59 AM|6M/100T TECH DEAL???|4979400|
372061|Mandystalin|Lutonstan|The Templar Knights|10012|Maroon|647042|The Sea Monster|The Buccaneers|New Pacific Order|10000|Red|Approved|6000000|0|0|7/19/2025 5:10:27 AM|Tech Trade|4979399|
646367|Mikal Krosswynd|Malahkina|Post Grunge Supergroup|16367|Brown|632434|Stineamania|Nowitme|Post Grunge Supergroup|16367|Brown|Approved|0|100|0|7/19/2025 4:41:36 AM|Tech Deal|4979398|
249700|Fafafoooey|YourBad|New Pacific Order|10000|Red|533942|Saxplayer|Arstoria|New Pacific Order|10000|Red|Approved|9000000|0|0|7/19/2025 4:37:17 AM|Bankroll|4979397|
249700|Fafafoooey|YourBad|New Pacific Order|10000|Red|646321|equusSuprm|equusSuprm|New Pacific Order|10000|Red|Pending|9000000|0|0|7/19/2025 4:37:11 AM|Rising Stars|4979396|
249700|Fafafoooey|YourBad|New Pacific Order|10000|Red|644646|Naturschuetzer|Naturumgibt|New Pacific Order|10000|Red|Approved|9000000|0|0|7/19/2025 4:37:05 AM|Bankroll|4979395|
249700|Fafafoooey|YourBad|New Pacific Order|10000|Red|632290|JT the Lionheart|Empire of the Rock|The Wolves|16660|Maroon|Approved|9000000|0|0|7/19/2025 4:36:58 AM|Hugs from NPO|4979394|
249700|Fafafoooey|YourBad|New Pacific Order|10000|Red|611255|Glaceau|Michelto|New Pacific Order|10000|Red|Approved|9000000|0|0|7/19/2025 4:36:51 AM|Rising Stars|4979393|
249700|Fafafoooey|YourBad|New Pacific Order|10000|Red|646371|EmpressMei|Luxmortem|New Pacific Order|10000|Red|Approved|9000000|0|0|7/19/2025 4:36:45 AM|Rising Stars|4979392|
637264|RiddervanGelre|Nieuw Gelre|CLAWS|15841|Black|238151|devnull|Republic of Unix|CLAWS|15841|Black|Approved|0|100|0|7/19/2025 4:32:35 AM|Financial Assistance|4979391|
586822|Pauls|Pauls nation|The Templar Knights|10012|Maroon|132067|Merick|Panamkey|The Templar Knights|10012|Maroon|Pending|9000000|0|0|7/19/2025 4:09:34 AM|Financial Assistance|4979390|
616860|Rifazul|FDWState|Knights Of The Round Table|10092|Green|646212|Immai|Steampower|Knights Of The Round Table|10092|Green|Pending|6000000|0|0|7/19/2025 4:03:17 AM|Financial Assistance|4979389|
616860|Rifazul|FDWState|Knights Of The Round Table|10092|Green|646204|Tunne|minion|Knights Of The Round Table|10092|Green|Pending|6000000|0|0|7/19/2025 4:02:47 AM|Financial Assistance|4979388|
616860|Rifazul|FDWState|Knights Of The Round Table|10092|Green|640027|Rdjzozet|Tryzovits|CLAWS|15841|Black|Pending|9000000|0|0|7/19/2025 4:02:15 AM|Financial Assistance|4979387|
583468|Qldvespanut|Mr Ben|Mostly Harmless Alliance|14879|Aqua|647042|The Sea Monster|The Buccaneers|New Pacific Order|10000|Red|Approved|6000000|0|0|7/19/2025 4:01:40 AM|6/100|4979386|
626894|Gamestonk|GameStonk|COBRA|13717|Brown|437548|Dutchmaster|Feardare|Coalition of Royal Allied Powers|10051|Maroon|Approved|0|100|0|7/19/2025 4:00:29 AM|100/100|4979385|
645870|Maximilian von Adler|Preussisches Kaiserr|NATO|10037|Blue|359275|Jesusfreak|El Dorado|Christian Coalition of Countries|10028|Maroon|Approved|0|100|0|7/19/2025 3:42:07 AM|VEP|4979384|
646950|KarmaBlaster|NoNameIstan|Non Grata|10097|Maroon|418916|HeroofTime55|New XGA|Non Grata|10097|Maroon|Approved|0|100|0|7/19/2025 3:30:30 AM|Financial Assistance|4979383|
129686|HK Boris|USEAR|The Legion|10020|Purple|633077|DarkStar1348|Aoxomoxoa|The Legion|10020|Purple|Approved|9000000|0|0|7/19/2025 3:19:19 AM|Financial Assistance|4979382|
129686|HK Boris|USEAR|The Legion|10020|Purple|644508|texwarhawk|Fjord Republic|The Legion|10020|Purple|Approved|9000000|0|0|7/19/2025 3:18:50 AM|Financial Assistance|4979381|
243186|ditchboy00|Ditchopia|Non Grata|10097|Maroon|646167|DoctorDlicious|Lat Flan|Non Grata|10097|Maroon|Pending|9000000|0|0|7/19/2025 3:16:16 AM|Financial Assistance|4979380|
170471|Smurthwaite|Smurthwaite|Nuclear Proliferation League|17228|Aqua|646145|ScootDootson|UnitedPeoplesOfDoot|Goldenrod Accords|17406|Green|Approved|6000000|0|0|7/19/2025 2:39:21 AM|Tech Deal 6 for 100|4979379|
87890|Formanj|Norvegs Trøndelag|Independent Republic of Orange Nations|10004|Orange|602552|atliis|Silvertown|Independent Republic Of Orange Nations|10004|Orange|Approved|9000000|0|0|7/19/2025 2:22:02 AM|ITF|4979377|
643474|Thilsh|Ibvralia|Post Grunge Supergroup|16367|Brown|563422|nekro448|North Eugenia|Post Grunge Supergroup|16367|Brown|Approved|0|100|0|7/19/2025 2:07:45 AM|Financial Assistance|4979376|
604964|SirDog|Wollemi|Avalanche|10078|Blue|632534|valves|valves2|Avalanche|10078|Blue|Pending|6000000|0|0|7/19/2025 2:06:29 AM|Financial Assistance|4979375|
604964|SirDog|Wollemi|Avalanche|10078|Blue|348070|Chopin|Republic of Poland|Avalanche|10078|Blue|Approved|0|100|0|7/19/2025 2:06:11 AM|Financial Assistance|4979374|
604964|SirDog|Wollemi|Avalanche|10078|Blue|25745|JJ452|Eire.|Avalanche|10078|Blue|Pending|0|100|0|7/19/2025 2:05:56 AM|Financial Assistance|4979373|
570802|IlDuce|ItaliaSS|CLAWS|15841|Black|250431|riser|Goodwill|CLAWS|15841|Black|Approved|0|100|0|7/19/2025 2:03:52 AM|Deal|4979372|
91872|PuliSher|Kerj&#228;l&#228;|Non Grata|10097|Maroon|170124|WackyDan|Wackytopia|Nordreich|11319|Maroon|Pending|0|100|0|7/19/2025 1:56:09 AM|100/100|4979371|
532352|Serberus|The State|Post Grunge Supergroup|16367|Brown|646916|SmugglyMcWeed|SmugglyMcWeed|Post Grunge Supergroup|16367|Brown|Approved|6000000|0|0|7/19/2025 1:51:23 AM|Tech Deal|4979370|
532352|Serberus|The State|Post Grunge Supergroup|16367|Brown|647039|cauer|brasil 20|Post Grunge Supergroup|16367|Yellow|Approved|6000000|0|0|7/19/2025 1:50:47 AM|Financial Assistance|4979369|
559866|Heel Tribe|Develyes|The Dark Templar|10056|Black|125086|wasso|wasso|The Dark Templar|10056|Black|Approved|0|100|0|7/19/2025 1:50:32 AM|Financial Assistance|4979368|
645844|Dario the Great|Darioland|Non Grata|10097|Maroon|155031|joanne1|Tweetypie|Non Grata|10097|Maroon|Approved|0|100|0|7/19/2025 1:50:18 AM|NGTechzzz|4979367|
636950|Sir Percival|Galles|Knights Of The Round Table|10092|Green|568130|Bucky Carson|Santa Pecos|Knights Of The Round Table|10092|Green|Approved|0|100|0|7/19/2025 1:45:10 AM|Tech deal|4979366|
604229|St Mungo|Glasgow|Knights Of The Round Table|10092|Green|608458|Johnny Cutlass|Claw Key|Knights Of The Round Table|10092|Aqua|Approved|0|100|0|7/19/2025 1:35:32 AM|Surrender  tech|4979365|
582040|casey3927|landguardian|The Legion|10020|Purple|603270|NekosRule|NekosNation|The Legion|10020|Purple|Approved|0|100|0|7/19/2025 1:33:18 AM|Financial Assistance|4979364|
582040|casey3927|landguardian|The Legion|10020|Purple|629180|filgod|Sicara|The Legion|10020|Purple|Approved|0|100|0|7/19/2025 1:32:51 AM|Financial Assistance|4979363|
582040|casey3927|landguardian|The Legion|10020|Purple|602649|Sultan Adly|Wadi El Bezaz|The Legion|10020|Purple|Approved|0|100|0|7/19/2025 1:32:27 AM|Financial Assistance|4979362|
144192|Sagha|Nickelattia|Non Grata|10097|Maroon|645946|LiFeng|Qwertyiop|Non Grata|10097|Maroon|Approved|9000000|0|0|7/19/2025 1:17:42 AM|9mil for 100 tech|4979361|
638031|Makinde Anthony|NORTH NIGERIA|The Prussian Empire|14204|Blue|646810|Marvelous|ONUDO|Global Alliance And Treaty Organization|10003|Blue|Approved|2000000|0|4000|7/19/2025 1:15:05 AM|Financial Assistance|4979360|
618150|Lyanna Mormont|Bear Island 4 Lyfe|Non Grata|10097|Maroon|582941|Cydonian Knight|Strodemia|Non Grata|10097|Maroon|Approved|0|100|0|7/19/2025 1:13:45 AM|Financial Assistance|4979359|
618150|Lyanna Mormont|Bear Island 4 Lyfe|Non Grata|10097|Maroon|314185|Rhizoctonia|Rhizoctonia|Non Grata|10097|Maroon|Approved|0|100|0|7/19/2025 1:13:40 AM|Financial Assistance|4979358|
646473|Pegasus Gold Saint|Saint Seiya|Veneris|17356|White|372061|Mandystalin|Lutonstan|The Templar Knights|10012|Maroon|Approved|0|100|0|7/19/2025 1:11:28 AM|100 tech|4979357|
621029|Le Trout|Lambo Lambo Lambo|Post Grunge Supergroup|16367|Brown|646635|supremeruler|Astros|Post Grunge Supergroup|16367|Yellow|Approved|9000000|0|0|7/19/2025 12:52:18 AM|YEET 9m/100tech|4979356|
453391|Rokula|Paraiso|New Pacific Order|10000|Red|533942|Saxplayer|Arstoria|New Pacific Order|10000|Red|Approved|9000000|0|0|7/19/2025 12:46:47 AM|Bankroll|4979355|
453391|Rokula|Paraiso|New Pacific Order|10000|Red|632290|JT the Lionheart|Empire of the Rock|The Wolves|16660|Maroon|Approved|9000000|0|0|7/19/2025 12:46:39 AM|Hugs from NPO|4979354|
61657|Umar ibn Abd al-Aziz|Umayyad Caliphate|DOOMBIRD DOOMCAVE|10449|Black|646799|Salt Meat|Ghost Sea|Doom Squad|16454|Black|Approved|9000000|0|0|7/19/2025 12:40:36 AM|Financial Assistance|4979353|
61657|Umar ibn Abd al-Aziz|Umayyad Caliphate|DOOMBIRD DOOMCAVE|10449|Black|506358|lightningjim|Fulmen Ingenium|Doom Squad|16454|Black|Approved|9000000|0|0|7/19/2025 12:39:52 AM|Financial Assistance|4979352|
583468|Qldvespanut|Mr Ben|Mostly Harmless Alliance|14879|Aqua|645139|4 Marzo|Nuova Sicilia|Veneris|17356|White|Approved|9000000|0|0|7/19/2025 12:37:44 AM|9/100|4979351|
636336|Stelth|White Mountain|Union Of Communist Republics|10060|Brown|643741|Danteeternity|Balan|Post Grunge Supergroup|16367|Brown|Approved|9000000|0|0|7/19/2025 12:34:23 AM|Tech check|4979350|
646635|supremeruler|Astros|Post Grunge Supergroup|16367|Yellow|86974|Mad Mike|Mikeville|Global Alliance And Treaty Organization|10003|Brown|Approved|0|100|0|7/19/2025 12:31:05 AM|tech aid|4979349|
639937|The Evilest Eye|NeoNeftyaniki|The Dark Templar|10056|Black|162871|General Ozujsko|Republic of Ozujsko|The Dark Templar|10056|Black|Approved|0|100|0|7/19/2025 12:27:20 AM|Tech for you|4979348|
273692|Pope Bubba XIII|Rebel Virginia|Non Grata|10097|Maroon|624649|arif2016|TheIndomitableEmpire|COBRA|13717|Brown|Approved|9000000|0|0|7/19/2025 12:25:38 AM|Tech|4979347|
646827|WarandPece|Warhammer101|Knights Of The Round Table|10092|Green|568130|Bucky Carson|Santa Pecos|Knights Of The Round Table|10092|Green|Approved|0|100|0|7/19/2025 12:21:13 AM|Financial Assistance|4979346|
645265|kaalle|KALLLAND|Post Grunge Supergroup|16367|Brown|587594|Jason8|Waldo|Post Grunge Supergroup|16367|Brown|Approved|0|100|0|7/19/2025 12:18:10 AM|Financial Assistance|4979345|
4930|Sir Sci|Scots Empire|Global Alliance and Treaty Organization|10003|Brown|497000|Democzar|frequathrive|Global Alliance And Treaty Organization|10003|Brown|Approved|0|100|0|7/19/2025 12:14:23 AM|GATO Tech Supply Train|4979344|
645707|The Goddess|Cotyttia|Veneris|17356|White|195832|hackerhog|Frontier|Random Insanity Alliance|10038|Maroon|Approved|0|100|0|7/19/2025 12:14:17 AM|Financial Assistance|4979343|
4930|Sir Sci|Scots Empire|Global Alliance and Treaty Organization|10003|Brown|152876|Hankidan|Parkview 12|Global Alliance And Treaty Organization|10003|Brown|Approved|0|100|0|7/19/2025 12:13:29 AM|Glory of GATO|4979342|
645946|LiFeng|Qwertyiop|Non Grata|10097|Maroon|273692|Pope Bubba XIII|Rebel Virginia|Non Grata|10097|Maroon|Approved|0|100|0|7/19/2025 12:04:10 AM|Financial Assistance|4979341|
613653|Supreme|Nu Phi|New Pacific Order|10000|Red|603443|Crayon King|Aloyarc|New Pacific Order|10000|Red|Approved|0|100|0|7/18/2025 11:46:38 PM|QT Tech|4979340|
175157|Evey Jane|Evey Jane|The Dark Templar|10056|Black|646025|Hiten21|HAPUD|The Dark Templar|10056|Black|Approved|9000000|0|0|7/18/2025 11:44:49 PM|Happy Friday!|4979339|
341557|Nishiyoshi|Kapon|Mostly Harmless Alliance|14879|Aqua|324421|Einer|Jesusland|Mostly Harmless Alliance|14879|White|Approved|0|100|0|7/18/2025 11:44:18 PM|VEP|4979338|
341557|Nishiyoshi|Kapon|Mostly Harmless Alliance|14879|Aqua|583069|Embowaf|Ilium|Mostly Harmless Alliance|14879|Aqua|Approved|0|100|0|7/18/2025 11:43:43 PM|VEP|4979337|
341557|Nishiyoshi|Kapon|Mostly Harmless Alliance|14879|Aqua|106268|cable77|Tau ri|Fark|10002|Aqua|Approved|0|100|0|7/18/2025 11:43:16 PM|VEP |4979336|
341557|Nishiyoshi|Kapon|Mostly Harmless Alliance|14879|Aqua|414337|Shadowfury|Illyria|Freehold of The Wolves|15157|Black|Approved|0|100|0|7/18/2025 11:42:55 PM|VEP|4979335|
341557|Nishiyoshi|Kapon|Mostly Harmless Alliance|14879|Aqua|56861|Teratogen|Teratogen|Mostly Harmless Alliance|14879|Blue|Pending|0|100|0|7/18/2025 11:42:36 PM|Financial Assistance|4979334|
341557|Nishiyoshi|Kapon|Mostly Harmless Alliance|14879|Aqua|583468|Qldvespanut|Mr Ben|Mostly Harmless Alliance|14879|Aqua|Approved|9000000|100|0|7/18/2025 11:42:19 PM|Vep|4979333|
439338|kajkajete|Rheinlander|The Legion|10020|Purple|632345|FoXXRoam|Blaylock Republic|The Legion|10020|Purple|Approved|9000000|0|0|7/18/2025 11:01:42 PM|Financial Assistance|4979332|
520285|Banned|Lacedaemon|DOOMBIRD DOOMCAVE|10449|Black|646804|dragonshardz|Cruinneachadh|Doom Squad|16454|Black|Approved|9000000|0|0|7/18/2025 10:37:44 PM|Financial Assistance|4979331|
632345|FoXXRoam|Blaylock Republic|The Legion|10020|Purple|602649|Sultan Adly|Wadi El Bezaz|The Legion|10020|Purple|Approved|0|100|0|7/18/2025 10:22:52 PM|Financial Assistance|4979330|
618472|Leftie|Brotherhood|Madlads Union|17130|Brown|76627|shwampy|Barryteroria|Libertarian Socialist Federation|10027|White|Approved|6000000|0|0|7/18/2025 10:03:46 PM|6M for 100T?|4979329|
618472|Leftie|Brotherhood|Madlads Union|17130|Brown|644916|Alexander Falkor|Adalwolf|Post Grunge Supergroup|16367|Brown|Approved|9000000|0|0|7/18/2025 10:03:13 PM|9M/100T? - MadLads|4979328|
367611|TurnipCruncher|Hwicca|Nordreich|11319|Maroon|638457|AlQsar|Imbratoria|New Polar Order|10006|Blue|Approved|9000000|0|0|7/18/2025 9:40:05 PM|Financial Assistance|4979326|
367611|TurnipCruncher|Hwicca|Nordreich|11319|Maroon|634412|hadwyn|One piece|Nordreich|11319|Maroon|Approved|9000000|0|0|7/18/2025 9:39:13 PM|Financial Assistance|4979325|
484851|enderland|Fields of Elysium|Doombrella|17368|Black|646870|Waffless|Wafflandia|Doombrella|17368|Black|Approved|9000000|0|0|7/18/2025 9:04:34 PM|Financial Assistance|4979324|
484851|enderland|Fields of Elysium|Doombrella|17368|Black|646779|RedMetal|Soviet Canuckitstan|Doom Squad|16454|Black|Approved|9000000|0|0|7/18/2025 9:01:53 PM|Financial Assistance|4979322|
620210|stonewall14|Queensryche|Knights Of The Round Table|10092|Black|583014|Rothaic|Munrovia|The Wolves|16660|Maroon|Approved|9000000|100|4000|7/18/2025 8:43:34 PM|firingline Excaliber tech|4979321|
327088|spearo|Deep Blue|Non Grata|10097|Maroon|644042|calicocatface|Calico Islands|Non Grata|10097|Maroon|Approved|9000000|0|0|7/18/2025 7:56:53 PM|Financial Assistance|4979320|
327088|spearo|Deep Blue|Non Grata|10097|Maroon|627572|Latexi|Why would I do this|Non Grata|10097|Maroon|Approved|9000000|0|0|7/18/2025 7:56:39 PM|Financial Assistance|4979319|
645607|vincentchuking|vincent|The Phoenix Federation|17385|Black|131079|losinglife|SlaveII|CLAWS|15841|Black|Approved|0|100|0|7/18/2025 7:54:01 PM|Financial Assistance|4979318|
437779|Clayton Lilleby|Lilleby|Nordreich|11319|Maroon|87922|Baron Zemo|Nordenstrom|Nordreich|11319|Maroon|Approved|9000000|100|0|7/18/2025 7:38:02 PM|Financial Assistance|4979317|
437779|Clayton Lilleby|Lilleby|Nordreich|11319|Maroon|184994|Oro Ibah Aozpi|Novgorod|Nordreich|11319|Maroon|Approved|0|100|0|7/18/2025 7:37:51 PM|Financial Assistance|4979316|
437779|Clayton Lilleby|Lilleby|Nordreich|11319|Maroon|367611|TurnipCruncher|Hwicca|Nordreich|11319|Maroon|Approved|0|100|0|7/18/2025 7:37:32 PM|Financial Assistance|4979315|
437779|Clayton Lilleby|Lilleby|Nordreich|11319|Maroon|360411|Judson|Opportunity|Nordreich|11319|Maroon|Approved|0|100|0|7/18/2025 7:37:14 PM|Financial Assistance|4979314|
437779|Clayton Lilleby|Lilleby|Nordreich|11319|Maroon|290230|UnLimited|Aurora Borealis|Nordreich|11319|Maroon|Pending|0|100|0|7/18/2025 7:36:55 PM|Financial Assistance|4979313|
437779|Clayton Lilleby|Lilleby|Nordreich|11319|Maroon|240196|Seagram|Siperia|Nordreich|11319|Maroon|Pending|0|100|0|7/18/2025 7:36:39 PM|Financial Assistance|4979312|
416695|pmacdaddy|Sanctuary|DOOMBIRD DOOMCAVE|10449|Black|619806|Epimethys|Pyrrha|Doombrella|17368|Black|Approved|9000000|0|0|7/18/2025 7:16:15 PM|Doomerce|4979311|
276365|ShadowSKAR|Hidden Shadows|Non Grata|10097|Maroon|369917|Gibsonator21|Gibsonistan|Non Grata|10097|Maroon|Approved|9000000|0|0|7/18/2025 6:26:54 PM|Tech deal|4979310|
642764|Nerdslayerx|Friheden|New Polar Order|10006|Blue|584263|Beefbone|Beefy|New Polar Order|10006|Blue|Approved|0|100|0|7/18/2025 6:24:57 PM|ICECAP Tech|4979309|
642764|Nerdslayerx|Friheden|New Polar Order|10006|Blue|553210|tenbob|Mayoabu|New Polar Order|10006|Blue|Approved|0|100|0|7/18/2025 6:24:32 PM|RATS Tech|4979308|
642764|Nerdslayerx|Friheden|New Polar Order|10006|Blue|202519|Zombie Glaucon|UTC Labs|New Polar Order|10006|Blue|Approved|0|100|0|7/18/2025 6:24:19 PM|RATS Tech|4979307|
356682|Logic|8Bit Nation|Doombrella|17368|Black|202255|onelove|We Are One Love|Doombrella|17368|Black|Pending|0|100|0|7/18/2025 6:23:45 PM|Financial Assistance|4979306|
580021|General Kanabis|Imperio Mexica|COBRA|13717|Brown|445021|Mogar|Mogatopia|COBRA|13717|Brown|Approved|0|100|0|7/18/2025 6:19:14 PM|Financial Assistance|4979305|
638116|OscarChen5|United Continental|COBRA|13717|Brown|639322|Kaenver|PDR Muog|Madlads Union|17130|Brown|Approved|0|100|0|7/18/2025 6:04:29 PM|Financial Assistance|4979304|
484657|Augustus Caesar|South Holland|Non Grata|10097|Maroon|446109|T-Bone|SmD Island|Doombrella|17368|Black|Approved|9000000|0|0|7/18/2025 5:54:54 PM|Financial Assistance|4979303|
576335|Smitty256|HouseStark|Christian Coalition Of Countries|10028|Maroon|626587|Iogaro12|Iberia del Norte|Freehold of The Wolves|15157|White|Approved|9000000|0|0|7/18/2025 5:53:10 PM|Valyrian Cash|4979302|
253222|SlimCad|Cadii|Global Alliance And Treaty Organization|10003|Brown|535786|ThE K9|09Charger|Global Alliance And Treaty Organization|10003|Brown|Approved|6000000|0|0|7/18/2025 5:49:08 PM|Financial Assistance|4979301|
253222|SlimCad|Cadii|Global Alliance And Treaty Organization|10003|Brown|646808|Siccicbat|Centerra|Global Alliance And Treaty Organization|10003|Brown|Pending|6000000|0|0|7/18/2025 5:48:54 PM|Financial Assistance|4979300|
253222|SlimCad|Cadii|Global Alliance And Treaty Organization|10003|Brown|647033|rachel666|Rachellia|Global Alliance And Treaty Organization|10003|Brown|Approved|6000000|0|0|7/18/2025 5:48:32 PM|Financial Assistance|4979299|
253222|SlimCad|Cadii|Global Alliance And Treaty Organization|10003|Brown|647027|HorseElectrolytes|Greater Mustangistan|Global Alliance And Treaty Organization|10003|Brown|Approved|6000000|0|0|7/18/2025 5:48:06 PM|Financial Assistance|4979298|
326605|c0creat0r|Primerica|NATO|10037|Blue|626587|Iogaro12|Iberia del Norte|Freehold of The Wolves|15157|White|Approved|9000000|0|0|7/18/2025 5:45:58 PM|VEP Cash Donation|4979297|
326605|c0creat0r|Primerica|NATO|10037|Blue|233988|Antiglams|Benerilandia|NATO|10037|Blue|Approved|9000000|0|0|7/18/2025 5:45:45 PM|VEP Cash Donation|4979296|
552285|lilweirdward|Land of Too Much Fun|Christian Coalition Of Countries|10028|Maroon|446109|T-Bone|SmD Island|Doombrella|17368|Black|Approved|9000000|100|4000|7/18/2025 5:31:58 PM|Random free aid|4979295|
625634|firingline|TheCastle|The Wolves|16660|Black|446109|T-Bone|SmD Island|Doombrella|17368|Black|Approved|9000000|100|4000|7/18/2025 5:30:49 PM|Reps|4979294|
630575|Sven Herrman|Germanus|The Prussian Empire|14204|Green|646332|Timot|Empire of El Rotciv|Post Grunge Supergroup|16367|Brown|Pending|6000000|0|0|7/18/2025 5:10:14 PM|Tech Trade|4979293|
630575|Sven Herrman|Germanus|The Prussian Empire|14204|Green|646090|big daddy 69|Underwater Rapture|The Prussian Empire|14204|Green|Approved|9000000|0|0|7/18/2025 5:09:46 PM|Financial Assistance|4979292|
630575|Sven Herrman|Germanus|The Prussian Empire|14204|Green|645994|Emperor Hintz|Hintztopia|The Prussian Empire|14204|Green|Approved|9000000|0|0|7/18/2025 5:09:25 PM|Financial Assistance|4979291|
633077|DarkStar1348|Aoxomoxoa|The Legion|10020|Purple|529402|Firkinvald|Firkinland|The Legion|10020|Purple|Approved|0|100|0|7/18/2025 5:06:59 PM|Financial Assistance|4979290|
633077|DarkStar1348|Aoxomoxoa|The Legion|10020|Purple|638311|FightingSioux405|New Whitehall|The Legion|10020|Purple|Approved|0|100|0|7/18/2025 5:06:50 PM|Financial Assistance|4979289|
633077|DarkStar1348|Aoxomoxoa|The Legion|10020|Purple|602649|Sultan Adly|Wadi El Bezaz|The Legion|10020|Purple|Approved|0|100|0|7/18/2025 5:06:39 PM|Financial Assistance|4979288|
633077|DarkStar1348|Aoxomoxoa|The Legion|10020|Purple|637077|Promethixian|Promethixia|The Legion|10020|Purple|Approved|0|100|0|7/18/2025 5:06:31 PM|Financial Assistance|4979287|
626412|Cyrus De GreenWood|Nagoya|Freehold of The Wolves|15157|White|8515|Turetel|Turetel|Freehold of The Wolves|15157|White|Approved|0|1|0|7/18/2025 5:05:53 PM|VEP|4979286|
626412|Cyrus De GreenWood|Nagoya|Freehold of The Wolves|15157|White|414337|Shadowfury|Illyria|Freehold of The Wolves|15157|Black|Pending|0|100|0|7/18/2025 5:05:21 PM|VEP|4979285|
626412|Cyrus De GreenWood|Nagoya|Freehold of The Wolves|15157|White|322849|BLITZ1|BLITZKRIEG THE FIRST|Freehold of The Wolves|15157|White|Approved|0|100|0|7/18/2025 5:04:53 PM|VEP|4979284|
626412|Cyrus De GreenWood|Nagoya|Freehold of The Wolves|15157|White|217577|MontyKo|Tuborg|Freehold of The Wolves|15157|White|Approved|0|100|0|7/18/2025 5:04:30 PM|VEP|4979283|
533726|An Taoiseach|Eire Nua|CLAWS|15841|Black|581999|Johnny Mac|Big Brother 17|CLAWS|15841|Black|Approved|0|100|0|7/18/2025 4:48:45 PM|Financial Assistance|4979282|
642596|Fine and dandy|New Olsztyn Republic|Viridian Entente|10010|Green|162795|sterbean|Bean Union|Viridian Entente|10010|Green|Approved|0|100|0|7/18/2025 4:47:26 PM|Tech 2/2|4979281|
642596|Fine and dandy|New Olsztyn Republic|Viridian Entente|10010|Green|491885|Chuck Jongil|Soylent Greenland|Viridian Entente|10010|Green|Approved|0|100|0|7/18/2025 4:47:19 PM|Tech 2/2|4979280|
357423|claude|Doom House|Doom Squad|16454|Black|466941|Komplex|Despair|DOOMBIRD DOOMCAVE|10449|Black|Approved|0|100|0|7/18/2025 4:41:30 PM|Financial Assistance|4979279|
357423|claude|Doom House|Doom Squad|16454|Black|533155|Monster|Energy|Doombrella|17368|Black|Approved|0|100|0|7/18/2025 4:41:05 PM|Financial Assistance|4979278|
357423|claude|Doom House|Doom Squad|16454|Black|645382|Kharmandril|PETA nudes|Doom Squad|16454|Black|Approved|0|100|0|7/18/2025 4:40:42 PM|Financial Assistance|4979277|
629180|filgod|Sicara|The Legion|10020|Purple|393441|John Clark|Rainbow|Valhalla|15563|Purple|Approved|9000000|0|0|7/18/2025 4:24:56 PM|Financial Assistance|4979276|
176740|Apolloyon|Logres|Post Grunge Supergroup|16367|None|216336|Stetson76|Axeland|CLAWS|15841|Black|Approved|0|100|0|7/18/2025 4:16:15 PM|Financial Assistance|4979275|
531189|Peroman200|Petrolandija|Global Alliance And Treaty Organization|10003|Brown|253222|SlimCad|Cadii|Global Alliance And Treaty Organization|10003|Brown|Approved|0|100|0|7/18/2025 3:25:17 PM|Tech deal|4979274|
531189|Peroman200|Petrolandija|Global Alliance And Treaty Organization|10003|Brown|39705|Bmk812|Eisenherz|Global Alliance And Treaty Organization|10003|Brown|Approved|0|100|0|7/18/2025 3:24:24 PM|Tech deal|4979273|
393441|John Clark|Rainbow|Valhalla|15563|Purple|602649|Sultan Adly|Wadi El Bezaz|The Legion|10020|Purple|Approved|0|100|0|7/18/2025 3:11:50 PM|Financial Assistance|4979272|
393441|John Clark|Rainbow|Valhalla|15563|Purple|637077|Promethixian|Promethixia|The Legion|10020|Purple|Approved|0|100|0|7/18/2025 3:11:40 PM|Financial Assistance|4979271|
393441|John Clark|Rainbow|Valhalla|15563|Purple|156693|Magnate|Republic of China|The Legion|10020|Purple|Approved|0|100|0|7/18/2025 3:11:30 PM|Financial Assistance|4979270|
393441|John Clark|Rainbow|Valhalla|15563|Purple|354208|DeadASS|Lance|The Legion|10020|Purple|Approved|0|100|0|7/18/2025 3:11:21 PM|Financial Assistance|4979269|
131079|losinglife|SlaveII|CLAWS|15841|Black|631191|Magnus IV|Kingdom of Ars Magna|CLAWS|15841|Black|Approved|9000000|0|0|7/18/2025 3:10:21 PM|9m/100 tech deal|4979268|
491885|Chuck Jongil|Soylent Greenland|Viridian Entente|10010|Green|569906|Tradewind|Republic of Bort|Viridian Entente|10010|Green|Approved|9000000|0|0|7/18/2025 3:08:53 PM|9mill/200tech|4979267|
520285|Banned|Lacedaemon|DOOMBIRD DOOMCAVE|10449|Black|645382|Kharmandril|PETA nudes|Doom Squad|16454|Black|Approved|9000000|100|0|7/18/2025 2:47:52 PM|Movin on up|4979266|
455413|Duke Nukem|NukemLand|Global Alliance And Treaty Organization|10003|Brown|479490|King Cyan|The Cyan Kingdom|Global Alliance And Treaty Organization|10003|Brown|Approved|0|100|0|7/18/2025 2:35:14 PM|Financial Assistance|4979265|
155826|weebl2000|Azeer|Non Grata|10097|Maroon|638567|Cobert|Brightwood|Non Grata|10097|Maroon|Approved|9000000|0|0|7/18/2025 2:29:28 PM|Financial Assistance|4979264|
604287|Hazib|Kingdom of Lemuria|CLAWS|15841|Black|271928|Thebanished|UnitedStatesOfDes|Viridian Entente|10010|Green|Pending|9000000|0|0|7/18/2025 2:08:23 PM|9/200|4979263|
633318|Immortalis712|Republic of Intima|New Pacific Order|10000|Red|603443|Crayon King|Aloyarc|New Pacific Order|10000|Red|Approved|0|100|0|7/18/2025 2:06:06 PM|Vallum Aelium|4979262|
633318|Immortalis712|Republic of Intima|New Pacific Order|10000|Red|234918|LordOfTheLand|APIGP|New Pacific Order|10000|Red|Approved|0|100|0|7/18/2025 2:05:40 PM|QT Tech|4979261|
647027|HorseElectrolytes|Greater Mustangistan|Global Alliance And Treaty Organization|10003|Brown|121872|Katahdin|Fraise de Sang|Global Alliance and Treaty Organization|10003|Brown|Approved|0|100|0|7/18/2025 1:57:50 PM|Financial Assistance|4979260|
132232|Justin666|Pain nation 666|Non Grata|10097|Maroon|634597|LiaColle|Prynthian|Non Grata|10097|Maroon|Approved|9000000|0|0|7/18/2025 1:47:35 PM|Financial Assistance|4979259|
132232|Justin666|Pain nation 666|Non Grata|10097|Maroon|631569|CaesarGorandius|Ohiostan|Non Grata|10097|Maroon|Approved|9000000|0|0|7/18/2025 1:47:17 PM|Financial Assistance|4979258|
353933|Chuck|Teutonic Empire|The Templar Knights|10012|Maroon|551356|NuclearGlow|Dawg Nation|The Templar Knights|10012|Maroon|Approved|9000000|0|0|7/18/2025 1:24:29 PM|Gift|4979257|
190480|Unruly|Republique de Buja|AGW Overlords|10043|Black|631191|Magnus IV|Kingdom of Ars Magna|CLAWS|15841|Black|Approved|9000000|0|0|7/18/2025 1:20:48 PM|Financial Assistance|4979256|
637489|Osirispuprex|Osirispuprex|Post Grunge Supergroup|16367|Brown|577964|WagonWheel|Wagons|Post Grunge Supergroup|16367|Brown|Approved|0|100|2000|7/18/2025 12:51:39 PM|Financial Assistance|4979255|
637489|Osirispuprex|Osirispuprex|Post Grunge Supergroup|16367|Brown|638628|Hogboy|Maeshowe|Knights Of The Round Table|10092|Green|Approved|0|100|0|7/18/2025 12:51:10 PM|Financial Assistance|4979254|
360918|thelittlejd|blahr|The Dark Templar|10056|Black|162871|General Ozujsko|Republic of Ozujsko|The Dark Templar|10056|Black|Approved|0|100|0|7/18/2025 12:50:23 PM|Financial Assistance|4979253|
360918|thelittlejd|blahr|The Dark Templar|10056|Black|402037|Soviet Mudkip|In Soviet Russia|The Dark Templar|10056|Black|Approved|0|100|0|7/18/2025 12:49:56 PM|Financial Assistance|4979252|
360918|thelittlejd|blahr|The Dark Templar|10056|Black|53832|Starcraftmazter|DPRK|The Dark Templar|10056|Black|Approved|0|100|0|7/18/2025 12:49:43 PM|Financial Assistance|4979251|
360918|thelittlejd|blahr|The Dark Templar|10056|Black|633394|Drake Draconis|Draco Purpureus|The Dark Templar|10056|Black|Pending|0|100|0|7/18/2025 12:49:35 PM|Financial Assistance|4979250|
360918|thelittlejd|blahr|The Dark Templar|10056|Black|84729|D.A.D.1|IGP Warriors|The Dark Templar|10056|Black|Approved|0|100|0|7/18/2025 12:49:23 PM|Financial Assistance|4979249|
360918|thelittlejd|blahr|The Dark Templar|10056|Black|308695|Indiomaestro|Jahara|The Dark Templar|10056|Black|Approved|0|100|0|7/18/2025 12:49:16 PM|Financial Assistance|4979248|
612774|Oleg the Disfigured|Slag Vrch|Knights Of The Round Table|10092|Green|644916|Alexander Falkor|Adalwolf|Post Grunge Supergroup|16367|Brown|Approved|9000000|0|0|7/18/2025 12:47:53 PM|100 tech please|4979247|
168160|Anhur|Esgaron|Old Guard|11296|Blue|633463|Mein Kaiser|DasVaterland|Church of the Holy Platypus|17265|Green|Approved|9000000|0|0|7/18/2025 12:45:47 PM|Valyrian Aid|4979246|
168160|Anhur|Esgaron|Old Guard|11296|Blue|626587|Iogaro12|Iberia del Norte|Freehold of The Wolves|15157|White|Approved|9000000|0|0|7/18/2025 12:45:11 PM|Valyrian Aid|4979245|
168160|Anhur|Esgaron|Old Guard|11296|Blue|233988|Antiglams|Benerilandia|NATO|10037|Blue|Approved|9000000|0|0|7/18/2025 12:44:46 PM|Valyrian Aid|4979244|
525090|Codeman|United|Christian Coalition Of Countries|10028|Maroon|414337|Shadowfury|Illyria|Freehold of The Wolves|15157|Black|Approved|0|100|0|7/18/2025 12:37:18 PM|Valyrian Aid|4979243|
525090|Codeman|United|Christian Coalition Of Countries|10028|Maroon|322849|BLITZ1|BLITZKRIEG THE FIRST|Freehold of The Wolves|15157|White|Approved|0|100|0|7/18/2025 12:37:08 PM|Valyrian Aid|4979242|
525090|Codeman|United|Christian Coalition Of Countries|10028|Maroon|217577|MontyKo|Tuborg|Freehold of The Wolves|15157|White|Approved|0|100|0|7/18/2025 12:36:58 PM|Valyrian Aid|4979241|
525090|Codeman|United|Christian Coalition Of Countries|10028|Maroon|359275|Jesusfreak|El Dorado|Christian Coalition of Countries|10028|Maroon|Approved|0|100|0|7/18/2025 12:36:45 PM|Valyrian Aid|4979240|
644785|Optimus881|Wakanda881|Post Grunge Supergroup|16367|Brown|634243|KhanterWinters|Utrennyaya Zvezda|Post Grunge Supergroup|16367|Brown|Approved|0|100|0|7/18/2025 12:28:07 PM| PGS $9M/100Tech|4979239|
644785|Optimus881|Wakanda881|Post Grunge Supergroup|16367|Brown|86974|Mad Mike|Mikeville|Global Alliance And Treaty Organization|10003|Brown|Approved|0|100|0|7/18/2025 12:26:53 PM| PGS $9M/100Tech|4979238|
414519|markpalm1|vacous|Freehold of The Wolves|15157|White|641804|jackthebest|Jackastan|NATO|10037|Blue|Approved|9000000|0|0|7/18/2025 12:21:26 PM|Valyrian Cash|4979237|
414519|markpalm1|vacous|Freehold of The Wolves|15157|White|233988|Antiglams|Benerilandia|NATO|10037|Blue|Approved|9000000|0|0|7/18/2025 12:18:38 PM|Valyrian Cash|4979236|
529025|Chllama|Renton|Post Grunge Supergroup|16367|Brown|560632|Harper77|Harpistan|Post Grunge Supergroup|16367|Brown|Approved|0|100|0|7/18/2025 11:59:53 AM|Financial Assistance|4979235|
573749|necAnt|Lucky Ants|The Gramlins|17275|Green|141583|jerdge|Gaela|Green Protection Agency|10041|Green|Approved|0|100|0|7/18/2025 11:59:15 AM|TD 1/2|4979234|
573749|necAnt|Lucky Ants|The Gramlins|17275|Green|137097|htmlmaster|Technopolis|Argent|10063|Pink|Approved|0|100|0|7/18/2025 11:59:04 AM|TD 1/2|4979233|
404438|Herzog|Black Amber|Sparta|10008|Black|6600|poonertang|PR of pooner|Sparta|10008|Black|Approved|0|100|0|7/18/2025 11:43:22 AM|Financial Assistance|4979232|
636601|Wolfbite|Caffinated Wolves|Independent Republic Of Orange Nations|10004|Orange|645053|Geezy VIII|SOS Empire|Independent Republic Of Orange Nations|10004|Orange|Pending|6000000|0|0|7/18/2025 11:25:05 AM|ITF|4979231|
636601|Wolfbite|Caffinated Wolves|Independent Republic Of Orange Nations|10004|Orange|550914|reilstrap|reilstrap|Independent Republic Of Orange Nations|10004|Orange|Approved|9000000|0|0|7/18/2025 11:24:14 AM|ITF|4979230|
636601|Wolfbite|Caffinated Wolves|Independent Republic Of Orange Nations|10004|Orange|584955|Ayiana|Veritable|Independent Republic Of Orange Nations|10004|Orange|Approved|9000000|0|0|7/18/2025 11:23:54 AM|ITF|4979229|
604148|US Chrisderica|US of Chrisderica|Freehold of The Wolves|15157|White|159031|jefcolpan|scarab marangue|Freehold of The Wolves|15157|White|Approved|0|100|0|7/18/2025 11:16:49 AM|Valyrian Aid|4979228|
604148|US Chrisderica|US of Chrisderica|Freehold of The Wolves|15157|White|527097|Galerion|blighty|Freehold of The Wolves|15157|White|Approved|0|100|0|7/18/2025 11:16:34 AM|Valyrian Aid|4979227|
645124|stugots|Trumpopolis|NATO|10037|Blue|593353|Kitkat16|Sofie|NATO|10037|Blue|Approved|0|100|0|7/18/2025 11:15:42 AM|Financial Assistance|4979226|
645124|stugots|Trumpopolis|NATO|10037|Blue|414337|Shadowfury|Illyria|Freehold of The Wolves|15157|Black|Approved|0|100|0|7/18/2025 11:15:30 AM|Financial Assistance|4979225|
645372|darkestofdans|Alert1|Federation Of Armed Nations|10021|Blue|8515|Turetel|Turetel|Freehold of The Wolves|15157|White|Approved|0|100|0|7/18/2025 11:08:29 AM|Financial Assistance|4979224|
645372|darkestofdans|Alert1|Federation Of Armed Nations|10021|Blue|109489|blackpony|the Mad Ninja|Freehold of The Wolves|15157|White|Approved|0|100|0|7/18/2025 11:08:10 AM|Financial Assistance|4979223|
555535|Presidential|WashingtonDC|Viridian Entente|10010|Green|301014|asawyer|Zabril|Viridian Entente|10010|Green|Approved|0|100|0|7/18/2025 10:56:58 AM|Financial Assistance|4979222|
555535|Presidential|WashingtonDC|Viridian Entente|10010|Green|71592|upchuck|warmarding|Viridian Entente|10010|Green|Approved|0|100|0|7/18/2025 10:56:47 AM|Financial Assistance|4979221|
80845|Aracto Totar|Taprobane|Viridian Entente|10010|Green|241126|cbuzz24|Angle|Viridian Entente|10010|Green|Approved|0|100|0|7/18/2025 10:56:14 AM|Financial Assistance|4979220|
80845|Aracto Totar|Taprobane|Viridian Entente|10010|Green|555346|TacticalAldiko|TacticalAldiko|Viridian Entente|10010|Green|Approved|0|100|0|7/18/2025 10:56:04 AM|Financial Assistance|4979219|
644916|Alexander Falkor|Adalwolf|Post Grunge Supergroup|16367|Brown|560632|Harper77|Harpistan|Post Grunge Supergroup|16367|Brown|Approved|0|100|0|7/18/2025 10:51:08 AM|Tech Deal|4979218|
283424|Dropo7777|DelOrto|NATO|10037|Blue|637153|DukeNash|Encantandia|COBRA|13717|Brown|Approved|9000000|0|0|7/18/2025 10:49:01 AM|Valyrian Aid|4979217|
283424|Dropo7777|DelOrto|NATO|10037|Blue|641804|jackthebest|Jackastan|NATO|10037|Blue|Approved|9000000|0|0|7/18/2025 10:48:42 AM|Valyrian Aid|4979216|
116324|Wayne World|Wayne World|The Grand Lodge of Freemasons|10029|Orange|644950|Oddin|Glendor|The Grand Lodge Of Freemasons|10029|Orange|Approved|9000000|0|0|7/18/2025 10:48:18 AM|tech plz|4979215|
560632|Harper77|Harpistan|Post Grunge Supergroup|16367|Brown|643449|Esabbi|Liberation Islands|Post Grunge Supergroup|16367|Brown|Approved|9000000|0|0|7/18/2025 10:48:09 AM|Financial Assistance|4979214|
116324|Wayne World|Wayne World|The Grand Lodge of Freemasons|10029|Orange|639282|Agaton Sax|Asmodean|COBRA|13717|Brown|Approved|6000000|0|0|7/18/2025 10:47:22 AM|tech plz|4979213|
560607|lurkr|Calontir|The Grand Lodge Of Freemasons|10029|Orange|644950|Oddin|Glendor|The Grand Lodge Of Freemasons|10029|Orange|Approved|9000000|0|0|7/18/2025 10:28:41 AM|Tech 9m/100|4979212|
625634|firingline|TheCastle|The Wolves|16660|Black|225241|Admiral Alexander|The CommonWealthCW|The Wolves|16660|Maroon|Approved|9000000|100|0|7/18/2025 10:26:35 AM|Financial Assistance|4979211|
625634|firingline|TheCastle|The Wolves|16660|Black|583014|Rothaic|Munrovia|The Wolves|16660|Maroon|Approved|0|100|0|7/18/2025 10:26:27 AM|Financial Assistance|4979210|
585631|Srivatsan|MAHANADU|Disciples of Duckroll|17024|Black|646870|Waffless|Wafflandia|Doombrella|17368|Black|Approved|9000000|0|0|7/18/2025 10:15:06 AM|Financial Assistance|4979209|
201332|dawg66|Grand Americana|Knights Of The Round Table|10092|Green|641418|The Gingerbread Man|The edge of a wood|Knights Of The Round Table|10092|Green|Approved|9000000|0|0|7/18/2025 10:13:04 AM|tech|4979208|
63284|Kills with Fire|New Highlands|Federation of Armed Nations|10021|Yellow|637153|DukeNash|Encantandia|COBRA|13717|Brown|Approved|9000000|0|0|7/18/2025 10:08:53 AM|Valyrian|4979207|
63284|Kills with Fire|New Highlands|Federation of Armed Nations|10021|Yellow|627906|AironthFlamewing|The Crown Dominion|Christian Coalition Of Countries|10028|Maroon|Approved|9000000|0|0|7/18/2025 10:08:17 AM|Valyrian|4979206|
533961|zilocke|Zilandia|Mostly Harmless Alliance|14879|Blue|250983|Shakka Kahn|Shakka Land|Mostly Harmless Alliance|14879|Aqua|Approved|0|100|0|7/18/2025 9:57:04 AM|Tech Deal|4979205|
277690|brentaar|Barstonia|New Pacific Order|10000|Red|167235|ORCACommander|Hiigaran Federation|New Pacific Order|10000|Red|Approved|0|100|0|7/18/2025 9:47:31 AM|QT Tech|4979204|
277690|brentaar|Barstonia|New Pacific Order|10000|Red|603443|Crayon King|Aloyarc|New Pacific Order|10000|Red|Approved|0|100|0|7/18/2025 9:47:15 AM|Vallum Aelium|4979203|
277690|brentaar|Barstonia|New Pacific Order|10000|Red|234918|LordOfTheLand|APIGP|New Pacific Order|10000|Red|Approved|0|100|0|7/18/2025 9:47:09 AM|QT Tech|4979202|
277690|brentaar|Barstonia|New Pacific Order|10000|Red|515093|GoldenAura|Communist Crackous|New Pacific Order|10000|Red|Approved|0|100|0|7/18/2025 9:46:32 AM|QT Tech|4979201|
277690|brentaar|Barstonia|New Pacific Order|10000|Red|542117|Killerbankz|HellOnEarth|New Pacific Order|10000|Red|Approved|0|100|0|7/18/2025 9:46:27 AM|QT Tech|4979200|
277690|brentaar|Barstonia|New Pacific Order|10000|Red|511698|hailkirk10|Kirklan|New Pacific Order|10000|Red|Pending|0|100|0|7/18/2025 9:46:21 AM|QT Tech|4979199|
634306|Lalaa|Lalaa|Doom Squad|16454|Black|646804|dragonshardz|Cruinneachadh|Doom Squad|16454|Black|Approved|9000000|0|0|7/18/2025 9:38:13 AM|Financial Assistance|4979198|
634306|Lalaa|Lalaa|Doom Squad|16454|Black|506358|lightningjim|Fulmen Ingenium|Doom Squad|16454|Black|Approved|9000000|0|0|7/18/2025 9:37:01 AM|Financial Assistance|4979197|
627722|Mustard Pougy|Frog Flats|Knights Of The Round Table|10092|Green|201332|dawg66|Grand Americana|Knights Of The Round Table|10092|Green|Approved|0|100|0|7/18/2025 9:23:25 AM|A frog was here|4979196|
526716|Lev Trotsky|Nikolayev SSR|Interkosmos|16298|Green|76627|shwampy|Barryteroria|Libertarian Socialist Federation|10027|White|Approved|6000000|0|0|7/18/2025 9:10:22 AM|Quality tech deal?|4979195|
553512|Marcin|Karpowicze|Knights Of The Round Table|10092|Green|631459|Gorbachov|Soviet Union|COMECON|16703|Red|Approved|9000000|0|0|7/18/2025 9:03:25 AM|Technologia 100|4979194|
553512|Marcin|Karpowicze|Knights Of The Round Table|10092|Green|646204|Tunne|minion|Knights Of The Round Table|10092|Green|Approved|6000000|0|0|7/18/2025 9:02:42 AM|Technologia 100|4979193|
85973|King David the Loyal|Malkavias|The Order Of The Black Rose|10045|Black|351219|Rakul|Winterhaven|The Order Of The Black Rose|10045|Black|Approved|9000000|0|0|7/18/2025 8:55:47 AM|OBR tech|4979192|
202168|Dr Doctor|NATO Armed Forces|NATO|10037|Blue|229836|apemax|smugglers and mercs|The Imperial Order|10082|Blue|Approved|0|100|0|7/18/2025 8:43:11 AM|Valyrian Aid|4979191|
202168|Dr Doctor|NATO Armed Forces|NATO|10037|Blue|593353|Kitkat16|Sofie|NATO|10037|Blue|Approved|0|100|0|7/18/2025 8:42:43 AM|Valyrian Aid|4979190|
202168|Dr Doctor|NATO Armed Forces|NATO|10037|Blue|219727|danhawk|sonyevilempire|The Imperial Order|10082|Blue|Approved|0|100|0|7/18/2025 8:42:29 AM|Valyrian Aid|4979189|
640189|Jeeves|Only Cool People|COBRA|13717|Brown|247134|ShadowChaos|ShadowChaos|COBRA|13717|Maroon|Approved|0|100|0|7/18/2025 8:38:53 AM|Financial Assistance|4979188|
395340|Lord Hershey|Palaven|Doom Squad|16454|Black|646799|Salt Meat|Ghost Sea|Doom Squad|16454|Black|Approved|9000000|100|0|7/18/2025 8:31:53 AM|Financial Assistance|4979187|
395340|Lord Hershey|Palaven|Doom Squad|16454|Black|646804|dragonshardz|Cruinneachadh|Doom Squad|16454|Black|Approved|9000000|100|0|7/18/2025 8:31:37 AM|Financial Assistance|4979186|
395340|Lord Hershey|Palaven|Doom Squad|16454|Black|567720|Cosmic Chocolate|Soaring Eagle|DOOMBIRD DOOMCAVE|10449|Black|Approved|9000000|100|0|7/18/2025 8:31:17 AM|Financial Assistance|4979185|
395340|Lord Hershey|Palaven|Doom Squad|16454|Black|466941|Komplex|Despair|DOOMBIRD DOOMCAVE|10449|Black|Approved|0|100|0|7/18/2025 8:31:00 AM|Financial Assistance|4979184|
395340|Lord Hershey|Palaven|Doom Squad|16454|Black|634169|Cadlore|OId Lore|CLAWS|15841|Black|Approved|0|100|0|7/18/2025 8:30:51 AM|Financial Assistance|4979183|
395340|Lord Hershey|Palaven|Doom Squad|16454|Black|446109|T-Bone|SmD Island|Doombrella|17368|Black|Approved|9000000|100|4000|7/18/2025 8:30:28 AM|Financial Assistance|4979182|
637113|Up in smoke|Ring of Fire Island|CLAWS|15841|Black|646506|Jenna Montreal|Wolvanica|The Phoenix Federation|17385|Black|Approved|9000000|0|0|7/18/2025 8:21:00 AM|$9 mil for 100 tech|4979181|
637113|Up in smoke|Ring of Fire Island|CLAWS|15841|Black|271928|Thebanished|UnitedStatesOfDes|Viridian Entente|10010|Green|Pending|9000000|0|0|7/18/2025 8:20:24 AM|$9 mil for for 100 tech|4979180|
644713|Nailz|Clavos|The Legion|10020|Purple|354208|DeadASS|Lance|The Legion|10020|Purple|Approved|0|100|0|7/18/2025 8:16:16 AM|Financial Assistance|4979179|
200690|Andrew Wiggin|Eros|Knights Of The Round Table|10092|Green|641418|The Gingerbread Man|The edge of a wood|Knights Of The Round Table|10092|Green|Approved|9000000|0|0|7/18/2025 8:08:04 AM|Tech deal|4979178|
144157|Sarkin|My Hero Party|The Dark Templar|10056|Black|639416|Addisonjam|Additomia|The Dark Templar|10056|Black|Approved|9000000|0|0|7/18/2025 8:02:58 AM|Tech deal|4979177|
642148|Exod IV|Ummah AlMuwahhidah|Doom Squad|16454|Black|646779|RedMetal|Soviet Canuckitstan|Doom Squad|16454|Black|Approved|9000000|0|0|7/18/2025 8:00:52 AM|inhumane treatment suppor|4979176|
642148|Exod IV|Ummah AlMuwahhidah|Doom Squad|16454|Black|646975|Thomassh|HighGateHaven|Doombrella|17368|Black|Approved|9000000|0|0|7/18/2025 8:00:07 AM|Financial Assistance|4979175|
552359|SeaBeeGipson|Denton|MONGOLS|14492|Maroon|446109|T-Bone|SmD Island|Doombrella|17368|Black|Approved|9000000|100|4000|7/18/2025 7:55:08 AM|CaH-CN Buddy Award|4979174|
641537|Probably Mochi|Kap Land|Doom Squad|16454|Black|646779|RedMetal|Soviet Canuckitstan|Doom Squad|16454|Black|Approved|9000000|0|0|7/18/2025 7:54:51 AM|Financial Assistance|4979173|
641537|Probably Mochi|Kap Land|Doom Squad|16454|Black|646975|Thomassh|HighGateHaven|Doombrella|17368|Black|Approved|9000000|0|0|7/18/2025 7:54:43 AM|Financial Assistance|4979172|
280326|Scytale|Tleilax|Fark|10002|Aqua|645740|ShadowSleeper|Noevgono|Nuclear Proliferation League|17228|Aqua|Approved|9000000|0|0|7/18/2025 7:42:08 AM|tech|4979171|
324224|SemperFidelis|United Carborundum|Non Grata|10097|Maroon|634903|ToasterOven|Pancake Republic|Non Grata|10097|Maroon|Approved|9000000|0|0|7/18/2025 7:38:44 AM|NG Tech Deal|4979170|
581999|Johnny Mac|Big Brother 17|CLAWS|15841|Black|271928|Thebanished|UnitedStatesOfDes|Viridian Entente|10010|Green|Pending|9000000|0|0|7/18/2025 7:32:59 AM|$9 mil for 100 texh|4979169|
452727|Avakael|Klaus Devestatorie|Nuclear Proliferation League|17228|Brown|646297|Snorkel|Rockies Folk State|Nuclear Proliferation League|17228|Aqua|Approved|9000000|0|0|7/18/2025 7:26:25 AM|Tech deal 9m/100|4979168|
287231|Bolivar|Bolivar|Libertarian Socialist Federation|10027|Brown|604287|Hazib|Kingdom of Lemuria|CLAWS|15841|Black|Approved|0|100|0|7/18/2025 7:21:49 AM|Financial Assistance|4979167|
287231|Bolivar|Bolivar|Libertarian Socialist Federation|10027|Brown|187838|morrisons|scollotto|CLAWS|15841|Black|Approved|0|100|0|7/18/2025 7:21:23 AM|Financial Assistance|4979166|
631385|Kingdom of Denmark|Jutland Germany|The Prussian Empire|14204|Green|608458|Johnny Cutlass|Claw Key|Knights Of The Round Table|10092|Aqua|Approved|0|100|0|7/18/2025 7:10:25 AM|Financial Assistance|4979165|
631459|Gorbachov|Soviet Union|COMECON|16703|Red|425377|Commander Ferraday|Ice Station Zebra|CLAWS|15841|Black|Approved|0|100|0|7/18/2025 7:09:23 AM|Financial Assistance|4979164|
274261|Ub3rdude|Uberlandia|Nordreich|11319|Maroon|635306|koumail|Aesperia|Nordreich|11319|Maroon|Approved|9000000|0|0|7/18/2025 7:07:52 AM|Tech deal|4979163|
274261|Ub3rdude|Uberlandia|Nordreich|11319|Maroon|639833|sogekido|sinetron|Nordreich|11319|Maroon|Approved|9000000|0|0|7/18/2025 7:07:36 AM|Tech deal|4979162|
75992|weaverc|Weaver|Global Alliance and Treaty Organization|10003|Brown|535786|ThE K9|09Charger|Global Alliance And Treaty Organization|10003|Brown|Approved|6000000|0|0|7/18/2025 7:07:29 AM|Financial Assistance|4979161|
75992|weaverc|Weaver|Global Alliance and Treaty Organization|10003|Brown|646808|Siccicbat|Centerra|Global Alliance And Treaty Organization|10003|Brown|Pending|6000000|0|0|7/18/2025 7:07:19 AM|Financial Assistance|4979160|
75992|weaverc|Weaver|Global Alliance and Treaty Organization|10003|Brown|647027|HorseElectrolytes|Greater Mustangistan|Global Alliance And Treaty Organization|10003|Brown|Approved|6000000|0|0|7/18/2025 7:07:13 AM|Financial Assistance|4979159|
75992|weaverc|Weaver|Global Alliance and Treaty Organization|10003|Brown|647033|rachel666|Rachellia|Global Alliance And Treaty Organization|10003|Brown|Approved|9000000|0|0|7/18/2025 7:07:05 AM|Financial Assistance|4979158|
540880|Goosinater|United Mexico States|New Pacific Order|10000|Red|603443|Crayon King|Aloyarc|New Pacific Order|10000|Red|Approved|0|100|0|7/18/2025 6:53:26 AM|Financial Assistance|4979157|
540880|Goosinater|United Mexico States|New Pacific Order|10000|Red|442731|Madd|Modra|New Pacific Order|10000|Red|Approved|0|100|0|7/18/2025 6:53:20 AM|Financial Assistance|4979156|
540880|Goosinater|United Mexico States|New Pacific Order|10000|Red|515093|GoldenAura|Communist Crackous|New Pacific Order|10000|Red|Approved|0|100|0|7/18/2025 6:53:13 AM|Financial Assistance|4979155|
540880|Goosinater|United Mexico States|New Pacific Order|10000|Red|234918|LordOfTheLand|APIGP|New Pacific Order|10000|Red|Approved|0|100|0|7/18/2025 6:53:07 AM|Financial Assistance|4979154|
540880|Goosinater|United Mexico States|New Pacific Order|10000|Red|511698|hailkirk10|Kirklan|New Pacific Order|10000|Red|Pending|0|100|0|7/18/2025 6:53:00 AM|Financial Assistance|4979153|
540880|Goosinater|United Mexico States|New Pacific Order|10000|Red|542117|Killerbankz|HellOnEarth|New Pacific Order|10000|Red|Approved|0|100|0|7/18/2025 6:52:53 AM|Financial Assistance|4979152|
94305|Brettward|Truckerland|Nordreich|11319|Maroon|625646|muji111|muji111|Random Insanity Alliance|10038|Maroon|Approved|9000000|0|0|7/18/2025 6:52:46 AM|Tech deal|4979151|
635299|Jujohouse|Genshin Impact|Nordreich|11319|Maroon|21368|Melos|Melos|Nordreich|11319|Maroon|Approved|0|100|0|7/18/2025 6:51:18 AM|Financial Assistance|4979150|
425377|Commander Ferraday|Ice Station Zebra|CLAWS|15841|Black|287231|Bolivar|Bolivar|Libertarian Socialist Federation|10027|Brown|Approved|9000000|0|0|7/18/2025 6:48:19 AM|Tech deal 9 for 100|4979149|
163031|MasterChief777|The New Empire|Global Alliance And Treaty Organization|10003|Brown|646135|Sokar|Delmak|Global Alliance And Treaty Organization|10003|Brown|Approved|6000000|0|0|7/18/2025 6:44:59 AM|Gatito|4979148|
42086|bones_wizard|_snap_crackle_pop_|AGW Overlords|10043|Black|631459|Gorbachov|Soviet Union|COMECON|16703|Red|Approved|9000000|0|0|7/18/2025 6:42:08 AM|Financial Assistance|4979147|
641246|Werdkesaj|Kektopolis|Post Grunge Supergroup|16367|Brown|630254|Venoxis|Anartektica|Post Grunge Supergroup|16367|Brown|Approved|0|100|0|7/18/2025 6:39:59 AM|Financial Assistance|4979146|
641246|Werdkesaj|Kektopolis|Post Grunge Supergroup|16367|Brown|563422|nekro448|North Eugenia|Post Grunge Supergroup|16367|Brown|Approved|0|100|0|7/18/2025 6:39:48 AM|Financial Assistance|4979145|
597809|Duncan007|The Realm of Light|Global Alliance And Treaty Organization|10003|Brown|35448|Randle|Cheesia|Global Alliance and Treaty Organization|10003|Brown|Approved|0|100|0|7/18/2025 6:36:40 AM|Financial Assistance|4979144|
597809|Duncan007|The Realm of Light|Global Alliance And Treaty Organization|10003|Brown|32861|Drachonum|drachonia|Global Alliance and Treaty Organization|10003|Brown|Approved|0|100|0|7/18/2025 6:36:21 AM|Financial Assistance|4979143|
587834|alucardx13|The United Regions|New Pacific Order|10000|Red|603443|Crayon King|Aloyarc|New Pacific Order|10000|Red|Approved|0|100|0|7/18/2025 6:32:12 AM|QT Tech|4979142|
587834|alucardx13|The United Regions|New Pacific Order|10000|Red|366247|Polgas|Novasea|New Pacific Order|10000|Red|Approved|0|100|0|7/18/2025 6:31:59 AM|QT Tech|4979141|
587834|alucardx13|The United Regions|New Pacific Order|10000|Red|17202|Cybolt|Time and Space|New Pacific Order|10000|Red|Approved|0|100|0|7/18/2025 6:31:55 AM|QT Tech|4979140|
452727|Avakael|Klaus Devestatorie|Nuclear Proliferation League|17228|Brown|645984|keyman|Bonland|Nuclear Proliferation League|17228|Aqua|Approved|9000000|0|0|7/18/2025 6:30:18 AM|Tech deal 9m/100|4979138|
452727|Avakael|Klaus Devestatorie|Nuclear Proliferation League|17228|Brown|646839|rickm27|Balmoria|Nuclear Proliferation League|17228|Aqua|Approved|9000000|0|0|7/18/2025 6:30:11 AM|Tech deal 9m/100|4979137|
452727|Avakael|Klaus Devestatorie|Nuclear Proliferation League|17228|Brown|646771|King Chocolate|Chocolate Cookie|Nuclear Proliferation League|17228|Aqua|Approved|9000000|0|0|7/18/2025 6:30:04 AM|Tech deal 9m/100|4979136|
548141|Pangui|Keshik|Doom Squad|16454|Black|95044|Allnighte|Allnighteica|Doom Squad|16454|Black|Approved|0|100|0|7/18/2025 6:18:57 AM|Financial Assistance|4979134|
548141|Pangui|Keshik|Doom Squad|16454|Black|622221|cobwebbyarc6|Dasein|Doom Squad|16454|Black|Approved|0|100|0|7/18/2025 6:18:33 AM|Financial Assistance|4979133|
548141|Pangui|Keshik|Doom Squad|16454|Black|66883|Crown Prince Mishka|Tygaland|Doombrella|17368|Black|Approved|0|100|0|7/18/2025 6:18:16 AM|Financial Assistance|4979132|
548141|Pangui|Keshik|Doom Squad|16454|Black|99344|lunar146|Dreadnaught|Doom Squad|16454|Black|Approved|0|100|0|7/18/2025 6:17:56 AM|Financial Assistance|4979131|
548141|Pangui|Keshik|Doom Squad|16454|Black|240223|White Chocolate|Lander Clan|CLAWS|15841|Black|Approved|0|100|0|7/18/2025 6:17:38 AM|Financial Assistance|4979130|
548141|Pangui|Keshik|Doom Squad|16454|Black|139809|John Orris|Commonwealth of John|Doombrella|17368|Black|Approved|0|100|0|7/18/2025 6:17:26 AM|Financial Assistance|4979129|
535865|Donbo McSlay|Donbo Land|Federation Of Armed Nations|10021|Yellow|1037|mona lisa|3 oaks|Old Guard|11296|Blue|Approved|0|100|0|7/18/2025 6:17:06 AM|Financial Assistance|4979128|
640027|Rdjzozet|Tryzovits|CLAWS|15841|Black|531590|Ledon|Ledonia|Knights of the Round Table|10092|Green|Approved|0|100|0|7/18/2025 6:01:22 AM|Financial Assistance|4979127|
547395|KameraadLenin|Newfoundland SSR|Non Grata|10097|Maroon|528479|paul711|Paulinca|Non Grata|10097|Maroon|Approved|0|100|0|7/18/2025 5:51:02 AM|Financial Assistance|4979126|
547395|KameraadLenin|Newfoundland SSR|Non Grata|10097|Maroon|474935|Enabran Tain|Obsidian Order|Non Grata|10097|Maroon|Approved|0|100|0|7/18/2025 5:50:35 AM|Financial Assistance|4979125|
547395|KameraadLenin|Newfoundland SSR|Non Grata|10097|Maroon|407657|Shtanto|Shtanto|Non Grata|10097|Maroon|Approved|0|100|0|7/18/2025 5:50:29 AM|Financial Assistance|4979124|
620210|stonewall14|Queensryche|Knights Of The Round Table|10092|Black|449283|Sir Benevale|Orangewall|Knights of the Round Table|10092|Green|Approved|0|100|0|7/18/2025 5:40:59 AM|Excaliber Tech|4979123|
620210|stonewall14|Queensryche|Knights Of The Round Table|10092|Black|419811|Duke Mark|Old Missouri|Knights Of The Round Table|10092|Green|Approved|0|100|0|7/18/2025 5:39:29 AM|Excaliber Tech|4979122|
620210|stonewall14|Queensryche|Knights Of The Round Table|10092|Black|518469|Combmartin Mining Co|Combe Martin|Knights of the Round Table|10092|Green|Approved|0|100|0|7/18/2025 5:38:12 AM|Excaliber Tech|4979121|
620210|stonewall14|Queensryche|Knights Of The Round Table|10092|Black|436358|mordred|Lothian and Orcanie|Knights of the Round Table|10092|Green|Approved|0|100|0|7/18/2025 5:36:21 AM|Excaliber Tech|4979120|
620210|stonewall14|Queensryche|Knights Of The Round Table|10092|Black|424757|Round Table|Knights of the Grail|Knights of the Round Table|10092|Green|Approved|0|100|0|7/18/2025 5:35:59 AM|Excaliber Tech|4979119|
585631|Srivatsan|MAHANADU|Disciples of Duckroll|17024|Black|646975|Thomassh|HighGateHaven|Doombrella|17368|Black|Approved|9000000|0|0|7/18/2025 5:32:56 AM|Financial Assistance|4979117|
1037|mona lisa|3 oaks|Old Guard|11296|Blue|626412|Cyrus De GreenWood|Nagoya|Freehold of The Wolves|15157|White|Approved|9000000|0|0|7/18/2025 5:32:48 AM|Valyrian Aid|4979116|
1037|mona lisa|3 oaks|Old Guard|11296|Blue|583519|Mirakil|The Doom Legions|Freehold of The Wolves|15157|White|Approved|9000000|0|0|7/18/2025 5:32:03 AM|Valyrian Aid|4979115|
6728|Cuatela|Cuatela|New Pacific Order|10000|Red|611255|Glaceau|Michelto|New Pacific Order|10000|Red|Approved|9000000|0|0|7/18/2025 5:31:23 AM|Rising Stars|4979114|
6728|Cuatela|Cuatela|New Pacific Order|10000|Red|646681|Jokkeh|Andebu Technocracy|New Pacific Order|10000|Red|Approved|9000000|0|0|7/18/2025 5:31:07 AM|Rising Stars|4979113|
6728|Cuatela|Cuatela|New Pacific Order|10000|Red|646465|Panglima Burung|Kalimantan Baru|New Pacific Order|10000|Red|Approved|9000000|0|0|7/18/2025 5:30:41 AM|QT Pay|4979112|
6728|Cuatela|Cuatela|New Pacific Order|10000|Red|633137|International Waters|International Waters|New Pacific Order|10000|Red|Approved|9000000|0|0|7/18/2025 5:30:15 AM|Bankroll|4979111|
6728|Cuatela|Cuatela|New Pacific Order|10000|Red|535709|Pressure|Newton|New Pacific Order|10000|Red|Approved|9000000|0|0|7/18/2025 5:29:50 AM|Bankroll|4979110|
503436|StevieG|Dinglebay|Doombrella|17368|Black|646779|RedMetal|Soviet Canuckitstan|Doom Squad|16454|Black|Approved|9000000|0|0|7/18/2025 5:29:27 AM|Financial Assistance|4979109|
6728|Cuatela|Cuatela|New Pacific Order|10000|Red|644646|Naturschuetzer|Naturumgibt|New Pacific Order|10000|Red|Approved|9000000|0|0|7/18/2025 5:29:23 AM|Bankroll|4979108|
503436|StevieG|Dinglebay|Doombrella|17368|Black|646975|Thomassh|HighGateHaven|Doombrella|17368|Black|Approved|9000000|0|0|7/18/2025 5:26:40 AM|Financial Assistance|4979107|
525223|Zorrr|Deep Zither|Knights of the Round Table|10092|Purple|637223|ItsShader|Empire of Kazdouria|Knights Of The Round Table|10092|Green|Approved|9000000|0|0|7/18/2025 5:20:30 AM|100 Tek deal|4979106|
608458|Johnny Cutlass|Claw Key|Knights Of The Round Table|10092|Aqua|643449|Esabbi|Liberation Islands|Post Grunge Supergroup|16367|Brown|Approved|9000000|0|0|7/18/2025 5:11:42 AM|Surrender your tech!|4979105|
639833|sogekido|sinetron|Nordreich|11319|Maroon|21368|Melos|Melos|Nordreich|11319|Maroon|Approved|0|100|0|7/18/2025 5:01:03 AM|Financial Assistance|4979104|
404176|Sadero|Saderia|New Polar Order|10006|Blue|564085|moonshiner|whiskey island|New Polar Order|10006|Blue|Approved|0|100|0|7/18/2025 4:49:54 AM|RATS Tech|4979103|
404176|Sadero|Saderia|New Polar Order|10006|Blue|588171|Justine27|Zeronia|New Polar Order|10006|Blue|Approved|0|100|0|7/18/2025 4:49:35 AM|RATS Tech|4979102|
404176|Sadero|Saderia|New Polar Order|10006|Blue|597501|JayMillz|Curel|New Polar Order|10006|Blue|Approved|0|100|0|7/18/2025 4:49:06 AM|ICECAP Tech|4979101|
404176|Sadero|Saderia|New Polar Order|10006|Blue|553210|tenbob|Mayoabu|New Polar Order|10006|Blue|Approved|0|100|0|7/18/2025 4:48:46 AM|RATS Tech|4979100|
604964|SirDog|Wollemi|Avalanche|10078|Blue|487436|Arborder|Garrison One|Avalanche|10078|Blue|Approved|9000000|0|0|7/18/2025 4:48:13 AM|Financial Assistance|4979099|
529964|Pelzig|Salusa Secundus|Non Grata|10097|Maroon|418916|HeroofTime55|New XGA|Non Grata|10097|Maroon|Approved|0|100|0|7/18/2025 4:41:44 AM|Tek Dealz|4979098|
143690|Xavii|Tiltakslos|Doom Squad|16454|Black|392583|Javier360|Tenochtitlan|DOOMBIRD DOOMCAVE|10449|Black|Approved|0|100|0|7/18/2025 3:53:10 AM|Financial Assistance|4979097|
143690|Xavii|Tiltakslos|Doom Squad|16454|Black|615966|tehol|Lether|Doom Squad|16454|Black|Approved|0|100|0|7/18/2025 3:52:56 AM|Financial Assistance|4979096|
143690|Xavii|Tiltakslos|Doom Squad|16454|Black|364329|Donnie Darko|DarkoLand|Doom Squad|16454|Black|Approved|0|100|0|7/18/2025 3:52:48 AM|Financial Assistance|4979095|
143690|Xavii|Tiltakslos|Doom Squad|16454|Black|326267|Steeldor|Jerel|DOOMBIRD DOOMCAVE|10449|Black|Approved|0|100|0|7/18/2025 3:52:42 AM|Financial Assistance|4979094|
143690|Xavii|Tiltakslos|Doom Squad|16454|Black|95044|Allnighte|Allnighteica|Doom Squad|16454|Black|Approved|0|100|0|7/18/2025 3:52:35 AM|Financial Assistance|4979093|
545724|Matmal|Matmalia|Post Grunge Supergroup|16367|Brown|311659|tanglerat|Tir Mor|Post Grunge Supergroup|16367|Brown|Approved|0|100|0|7/18/2025 3:44:15 AM|Financial Assistance|4979092|
637999|jumali|Bocorz|The Legion|10020|Purple|197161|Juleandor|Kleptoville|The Legion|10020|Purple|Approved|0|100|0|7/18/2025 3:43:18 AM|Financial Assistance|4979091|
170471|Smurthwaite|Smurthwaite|Nuclear Proliferation League|17228|Aqua|639282|Agaton Sax|Asmodean|COBRA|13717|Brown|Approved|6000000|0|0|7/18/2025 3:05:10 AM|Tech Deal|4979090|
630254|Venoxis|Anartektica|Post Grunge Supergroup|16367|Brown|545724|Matmal|Matmalia|Post Grunge Supergroup|16367|Brown|Approved|6000000|0|0|7/18/2025 2:57:11 AM|6m/100t TECH DEAL|4979089|
630254|Venoxis|Anartektica|Post Grunge Supergroup|16367|Brown|643449|Esabbi|Liberation Islands|Post Grunge Supergroup|16367|Brown|Approved|9000000|0|0|7/18/2025 2:57:01 AM|9m/100t TECH DEAL|4979088|
610914|Impossible|Ropadope|Disciples of Duckroll|17024|Black|503436|StevieG|Dinglebay|Doombrella|17368|Black|Approved|0|100|0|7/18/2025 2:32:00 AM|Financial Assistance|4979087|
632798|KYBALION|HVITIRDREKAR|Knights Of The Round Table|10092|Green|645871|Danial Frank|Floriida|The Phoenix Federation|17385|Black|Approved|6000000|0|0|7/18/2025 2:12:16 AM|New Tech Deal 6M/T100 :-)|4979086|
273509|Enrage|TheEmpire|WWF|14310|Green|639282|Agaton Sax|Asmodean|COBRA|13717|Brown|Approved|6000000|0|0|7/18/2025 2:10:30 AM|tech deal for 100|4979085|
127226|LJ Scott|Republic of Jutland|DOOMBIRD DOOMCAVE|10449|Black|646799|Salt Meat|Ghost Sea|Doom Squad|16454|Black|Approved|9000000|0|0|7/18/2025 1:54:15 AM|Financial Assistance|4979084|
127226|LJ Scott|Republic of Jutland|DOOMBIRD DOOMCAVE|10449|Black|532609|KingJohnny|Nechian Empire|Doom Squad|16454|Black|Approved|9000000|0|0|7/18/2025 1:54:04 AM|Financial Assistance|4979083|
127226|LJ Scott|Republic of Jutland|DOOMBIRD DOOMCAVE|10449|Black|646779|RedMetal|Soviet Canuckitstan|Doom Squad|16454|Black|Approved|9000000|0|0|7/18/2025 1:53:47 AM|Financial Assistance|4979082|
490921|Roo Blu II|Blue Roo|Non Grata|10097|Maroon|547395|KameraadLenin|Newfoundland SSR|Non Grata|10097|Maroon|Approved|9000000|0|0|7/18/2025 1:49:15 AM|NG Tech deal|4979081|
624649|arif2016|TheIndomitableEmpire|COBRA|13717|Brown|120237|Ice Princess|Tundra Mountain|The Grand Lodge of Freemasons|10029|Orange|Approved|0|100|0|7/18/2025 1:47:20 AM|Financial Assistance|4979080|
624649|arif2016|TheIndomitableEmpire|COBRA|13717|Brown|247134|ShadowChaos|ShadowChaos|COBRA|13717|Maroon|Approved|0|100|0|7/18/2025 1:47:07 AM|Financial Assistance|4979079|
387694|Dan100|c123po|New Pacific Order|10000|Red|612177|DannyVee|Cvetko|New Pacific Order|10000|Red|Approved|9000000|0|0|7/18/2025 1:42:02 AM|QT Pay|4979078|
387694|Dan100|c123po|New Pacific Order|10000|Red|533942|Saxplayer|Arstoria|New Pacific Order|10000|Red|Approved|9000000|0|0|7/18/2025 1:41:57 AM|Bankroll|4979077|
387694|Dan100|c123po|New Pacific Order|10000|Red|646321|equusSuprm|equusSuprm|New Pacific Order|10000|Red|Pending|9000000|0|0|7/18/2025 1:41:51 AM|Rising Stars|4979076|
387694|Dan100|c123po|New Pacific Order|10000|Red|633137|International Waters|International Waters|New Pacific Order|10000|Red|Approved|9000000|0|0|7/18/2025 1:41:43 AM|Bankroll|4979075|
387694|Dan100|c123po|New Pacific Order|10000|Red|535709|Pressure|Newton|New Pacific Order|10000|Red|Approved|9000000|0|0|7/18/2025 1:41:39 AM|Bankroll|4979074|
387694|Dan100|c123po|New Pacific Order|10000|Red|611255|Glaceau|Michelto|New Pacific Order|10000|Red|Approved|9000000|0|0|7/18/2025 1:41:34 AM|Rising Stars|4979073|
559866|Heel Tribe|Develyes|The Dark Templar|10056|Black|126881|Lord Razzia|Razzian Dominion|The Dark Templar|10056|Black|Approved|0|100|0|7/18/2025 1:38:50 AM|Financial Assistance|4979072|
646762|Kevlar|Sasquatch|Global Alliance And Treaty Organization|10003|Brown|147284|Magicninja|Grundy|Global Alliance And Treaty Organization|10003|Brown|Approved|0|100|0|7/18/2025 1:38:35 AM|Sweet squatch tech|4979071|
646473|Pegasus Gold Saint|Saint Seiya|Veneris|17356|White|42086|bones_wizard|_snap_crackle_pop_|AGW Overlords|10043|Black|Approved|0|100|0|7/18/2025 1:35:10 AM|100 tech|4979070|
138858|Haart|Barbarica|The Templar Knights|10012|Maroon|590806|vocalese|Vocalese|The Imperial Entente|16809|Maroon|Approved|9000000|0|0|7/18/2025 1:19:18 AM|Tech Deal, 9 M - 100 tech|4979069|
380007|Supreme Emperor Daeg|Metal|Doom Squad|16454|Black|532609|KingJohnny|Nechian Empire|Doom Squad|16454|Black|Approved|9000000|0|0|7/18/2025 1:15:37 AM|Financial Assistance|4979068|
380007|Supreme Emperor Daeg|Metal|Doom Squad|16454|Black|646836|Keyzlt5|Chi Seeds|Doom Squad|16454|Black|Approved|9000000|0|0|7/18/2025 1:14:58 AM|Financial Assistance|4979067|
380007|Supreme Emperor Daeg|Metal|Doom Squad|16454|Black|646779|RedMetal|Soviet Canuckitstan|Doom Squad|16454|Black|Approved|9000000|0|0|7/18/2025 1:14:26 AM|Financial Assistance|4979066|
380007|Supreme Emperor Daeg|Metal|Doom Squad|16454|Black|646975|Thomassh|HighGateHaven|Doombrella|17368|Black|Approved|9000000|0|0|7/18/2025 1:14:07 AM|Financial Assistance|4979065|
374321|Clash|Discord|Doombrella|17368|Black|646431|The Cute Twin|Vlasic|Doom Squad|16454|Black|Approved|9000000|0|0|7/18/2025 1:09:44 AM|Financial Assistance|4979064|
166467|KittyPride207|BlackAngels|New Polar Order|10006|Blue|483058|Dubh Caireallain|Roisin Dubh|New Polar Order|10006|Blue|Approved|9000000|0|0|7/18/2025 1:05:53 AM|ICECAP Cash|4979063|
646506|Jenna Montreal|Wolvanica|The Phoenix Federation|17385|Black|187838|morrisons|scollotto|CLAWS|15841|Black|Approved|0|100|0|7/18/2025 1:03:50 AM|Financial Assistance|4979062|
334182|st6mm|Northern Reich|Disciples of Duckroll|17024|Black|646431|The Cute Twin|Vlasic|Doom Squad|16454|Black|Approved|9000000|0|0|7/18/2025 1:00:10 AM|Financial Assistance|4979061|
273692|Pope Bubba XIII|Rebel Virginia|Non Grata|10097|Maroon|590806|vocalese|Vocalese|The Imperial Entente|16809|Maroon|Approved|9000000|0|0|7/18/2025 12:59:02 AM|Tech|4979060|
550914|reilstrap|reilstrap|Independent Republic Of Orange Nations|10004|Orange|273843|Northern Empire|Northern Empire|Independent Republic Of Orange Nations|10004|Orange|Approved|0|100|0|7/18/2025 12:58:47 AM|10/10|4979059|
645707|The Goddess|Cotyttia|Veneris|17356|White|583014|Rothaic|Munrovia|The Wolves|16660|Maroon|Approved|0|100|0|7/18/2025 12:56:51 AM|FL Tech|4979058|
645082|TowerQueen|Turrim|New Pacific Order|10000|Red|407948|avatar3619|Shendu|New Pacific Order|10000|Red|Pending|0|100|0|7/18/2025 12:51:05 AM|Vallum Aelium|4979057|
640096|recockulous|Yuge Indictments|Fark|10002|Aqua|106268|cable77|Tau ri|Fark|10002|Aqua|Approved|0|100|0|7/18/2025 12:46:45 AM|9/100|4979056|
634448|Stewie|Stewieland III|Non Grata|10097|Maroon|580021|General Kanabis|Imperio Mexica|COBRA|13717|Brown|Approved|9000000|0|0|7/18/2025 12:42:49 AM|Financial Assistance|4979055|
49522|Croix|Edjaal|Random Insanity Alliance|10038|Maroon|124781|im317|im317|Random Insanity Alliance|10038|Maroon|Approved|0|100|0|7/18/2025 12:42:44 AM|Financial Assistance|4979054|
49522|Croix|Edjaal|Random Insanity Alliance|10038|Maroon|240196|Seagram|Siperia|Nordreich|11319|Maroon|Approved|0|100|0|7/18/2025 12:42:34 AM|Financial Assistance|4979053|
49522|Croix|Edjaal|Random Insanity Alliance|10038|Maroon|115556|Chuck Normis|Kickastan|Coalition of Royal Allied Powers|10051|Maroon|Approved|0|100|0|7/18/2025 12:42:23 AM|Financial Assistance|4979052|
646771|King Chocolate|Chocolate Cookie|Nuclear Proliferation League|17228|Aqua|553512|Marcin|Karpowicze|Knights Of The Round Table|10092|Green|Approved|0|100|0|7/18/2025 12:26:28 AM|Financial Assistance|4979051|
639335|Swamplandia|Horna|NATO|10037|Blue|627972|GearHead|Rosche|NATO|10037|Blue|Approved|0|100|0|7/18/2025 12:19:25 AM|Financial Assistance|4979050|
643876|LordInfamous|Swindlerstan|Independent Republic Of Orange Nations|10004|Orange|374610|Captain Crozier|Dime Store Novena|Independent Republic Of Orange Nations|10004|Orange|Approved|0|100|0|7/18/2025 12:18:34 AM|itf|4979049|
634284|mikeymikes|batmanism|Doombrella|17368|Black|202255|onelove|We Are One Love|Doombrella|17368|Black|Approved|9000000|100|4000|7/18/2025 12:14:28 AM|aids|4979048|
597501|JayMillz|Curel|New Polar Order|10006|Blue|483058|Dubh Caireallain|Roisin Dubh|New Polar Order|10006|Blue|Approved|9000000|0|0|7/18/2025 12:13:21 AM|Financial Assistance|4979047|
645871|Danial Frank|Floriida|The Phoenix Federation|17385|Black|91088|Dragster|winukka|Nordreich|11319|Maroon|Approved|0|100|0|7/18/2025 12:10:45 AM|Tech Deal|4979046|
601941|tikibird|Regression|COBRA|13717|Brown|407657|Shtanto|Shtanto|Non Grata|10097|Maroon|Approved|0|100|0|7/18/2025 12:08:11 AM|Financial Assistance|4979045|
645265|kaalle|KALLLAND|Post Grunge Supergroup|16367|Brown|638628|Hogboy|Maeshowe|Knights Of The Round Table|10092|Green|Approved|0|100|0|7/18/2025 12:05:56 AM|Financial Assistance|4979044|
604229|St Mungo|Glasgow|Knights Of The Round Table|10092|Green|568130|Bucky Carson|Santa Pecos|Knights Of The Round Table|10092|Green|Approved|0|100|0|7/18/2025 12:05:55 AM|Tech round up|4979043|
175157|Evey Jane|Evey Jane|The Dark Templar|10056|Black|50145|makarraka|MAKARRALAND|The Dark Templar|10056|Black|Approved|9000000|0|0|7/17/2025 11:46:14 PM|Happy Thursday!|4979042|
12258|Commissar Sendoa|Cataduanes|Non Grata|10097|Maroon|264911|tgilleland|Murdergascar|Non Grata|10097|Maroon|Approved|0|100|0|7/17/2025 11:26:45 PM|Financial Assistance|4979040|
585631|Srivatsan|MAHANADU|Disciples of Duckroll|17024|Black|646431|The Cute Twin|Vlasic|Doom Squad|16454|Black|Approved|9000000|0|0|7/17/2025 10:50:31 PM|Financial Assistance|4979038|
144708|Matthew PK|Commonwealth of LoL|Doombrella|17368|Black|202255|onelove|We Are One Love|Doombrella|17368|Black|Approved|9000000|0|0|7/17/2025 10:35:16 PM|Financial Assistance|4979037|
644476|ICCoug|VanDanBerg|Catholic Reich|17311|Black|216336|Stetson76|Axeland|CLAWS|15841|Black|Approved|0|100|0|7/17/2025 10:34:43 PM|Tech Deal|4979036|
144708|Matthew PK|Commonwealth of LoL|Doombrella|17368|Black|101493|ak47don|sicily mafia|Doombrella|17368|Black|Approved|9000000|0|0|7/17/2025 10:31:29 PM|Financial Assistance|4979035|
645768|Sitthemdown|Emperor Protects|Doombrella|17368|Black|101493|ak47don|sicily mafia|Doombrella|17368|Black|Approved|0|100|0|7/17/2025 10:25:14 PM|Financial Assistance|4979034|
645768|Sitthemdown|Emperor Protects|Doombrella|17368|Black|484851|enderland|Fields of Elysium|Doombrella|17368|Black|Approved|0|100|0|7/17/2025 10:24:57 PM|Financial Assistance|4979033|
645768|Sitthemdown|Emperor Protects|Doombrella|17368|Black|151268|Zerileous|Monkey Time|Doombrella|17368|Black|Approved|0|100|0|7/17/2025 10:24:43 PM|Financial Assistance|4979032|
647033|rachel666|Rachellia|Global Alliance And Treaty Organization|10003|Brown|121872|Katahdin|Fraise de Sang|Global Alliance and Treaty Organization|10003|Brown|Approved|0|100|0|7/17/2025 10:20:58 PM|Financial Assistance|4979031|
273509|Enrage|TheEmpire|WWF|14310|Green|635658|Chaotican|United CroatiaUC|Wurst Alliance|16919|Green|Approved|9000000|0|0|7/17/2025 10:04:35 PM|tech deal for 100|4979030|
619806|Epimethys|Pyrrha|Doombrella|17368|Black|184514|Franz Ferdinand|L252beck|Doombrella|17368|Black|Approved|0|100|0|7/17/2025 9:48:08 PM|Financial Assistance|4979029|
326267|Steeldor|Jerel|DOOMBIRD DOOMCAVE|10449|Black|228721|Hob Dobson|Uustonia|Viridian Entente|10010|Green|Approved|9000000|0|0|7/17/2025 9:45:29 PM|Financial Assistance|4979028|
525885|Zieg Know|Caldari State|CLAWS|15841|Black|250431|riser|Goodwill|CLAWS|15841|Black|Approved|0|100|0|7/17/2025 9:39:43 PM|Financial Assistance|4979027|
641018|xxPocketxx|Savere|The Legion|10020|Purple|95966|Totem|Ciumideii|The Legion|10020|Purple|Approved|0|100|0|7/17/2025 9:38:15 PM|Financial Assistance|4979026|
616887|Dontavian|Karnax|Independent Republic Of Orange Nations|10004|Orange|635131|Thandrumland|Thandrumland|Independent Republic Of Orange Nations|10004|Orange|Approved|9000000|0|0|7/17/2025 9:33:01 PM|ITF|4979025|
364329|Donnie Darko|DarkoLand|Doom Squad|16454|Black|228721|Hob Dobson|Uustonia|Viridian Entente|10010|Green|Approved|9000000|0|0|7/17/2025 9:10:44 PM|9/300 Tech|4979024|
396041|Joseph Black|Rural Route 3|Freehold of The Wolves|15157|White|100236|Wolfprince|Azaroth|Freehold of The Wolves|15157|White|Pending|0|100|0|7/17/2025 8:55:03 PM|Financial Assistance|4979023|
396041|Joseph Black|Rural Route 3|Freehold of The Wolves|15157|White|527097|Galerion|blighty|Freehold of The Wolves|15157|White|Approved|0|100|0|7/17/2025 8:54:48 PM|Financial Assistance|4979022|
396041|Joseph Black|Rural Route 3|Freehold of The Wolves|15157|White|80170|stevent37|Buffalonia|Freehold of The Wolves|15157|White|Pending|0|100|0|7/17/2025 8:54:03 PM|Financial Assistance|4979021|
396041|Joseph Black|Rural Route 3|Freehold of The Wolves|15157|White|8515|Turetel|Turetel|Freehold of The Wolves|15157|White|Approved|0|100|0|7/17/2025 8:53:51 PM|Financial Assistance|4979020|
396041|Joseph Black|Rural Route 3|Freehold of The Wolves|15157|White|578954|Rydin|Vundf|Freehold of The Wolves|15157|White|Approved|0|100|0|7/17/2025 8:53:32 PM|Financial Assistance|4979019|
543131|Morjon|Wayward Renegade|Nuclear Proliferation League|17228|Aqua|646221|Appointed Woogster|The Woogie Governy|Goldenrod Accords|17406|Green|Approved|6000000|0|0|7/17/2025 8:32:25 PM|Tech Deal - 6/100|4979017|
638884|WideVader|Balkan Union Pact|Interkosmos|16298|Green|633989|Ernst S Blofeld|Blofeld Wineries|Knights Of The Round Table|10092|Aqua|Approved|0|100|0|7/17/2025 8:31:21 PM|tech|4979015|
638884|WideVader|Balkan Union Pact|Interkosmos|16298|Green|511886|The Sentinel|Ruscino|Knights of the Round Table|10092|Green|Approved|0|100|0|7/17/2025 8:30:56 PM|tech|4979014|
626678|slothix|Kevin|Non Grata|10097|Maroon|188637|Caustic|Hazardous Materials|Non Grata|10097|Maroon|Approved|0|100|0|7/17/2025 8:28:16 PM|Financial Assistance|4979013|
543131|Morjon|Wayward Renegade|Nuclear Proliferation League|17228|Aqua|646326|DootVader|Canard|Goldenrod Accords|17406|Green|Approved|6000000|0|0|7/17/2025 8:27:42 PM|Tech 6/100|4979012|
645427|Clank|Clank|Doombrella|17368|Black|342957|tayloj7|Rabbitopia|Doombrella|17368|Black|Approved|0|100|0|7/17/2025 8:20:25 PM|Financial Assistance|4979011|
640096|recockulous|Yuge Indictments|Fark|10002|Aqua|477144|delthan2|comedyoferrors|Fark|10002|Aqua|Approved|0|100|0|7/17/2025 8:12:39 PM|9/100|4979010|
535786|ThE K9|09Charger|Global Alliance And Treaty Organization|10003|Brown|601747|Michael Dalton|Attarnia|Global Alliance And Treaty Organization|10003|Brown|Approved|0|100|0|7/17/2025 8:10:29 PM|Financial Assistance|4979009|
168160|Anhur|Esgaron|Old Guard|11296|Blue|646131|frostyflakes223|Schoascanist|Old Guard|11296|Blue|Pending|6000000|0|0|7/17/2025 8:08:24 PM|Financial Assistance|4979008|
407151|Dre4mwe4ver|Fidensgen|Global Alliance And Treaty Organization|10003|Brown|253222|SlimCad|Cadii|Global Alliance And Treaty Organization|10003|Brown|Approved|0|100|0|7/17/2025 7:59:37 PM|SLIM!!!!|4979007|
407151|Dre4mwe4ver|Fidensgen|Global Alliance And Treaty Organization|10003|Brown|601747|Michael Dalton|Attarnia|Global Alliance And Treaty Organization|10003|Brown|Approved|0|100|0|7/17/2025 7:58:46 PM|Technologique|4979006|
39705|Bmk812|Eisenherz|Global Alliance And Treaty Organization|10003|Brown|535786|ThE K9|09Charger|Global Alliance And Treaty Organization|10003|Brown|Approved|6000000|0|0|7/17/2025 7:47:54 PM|Tech Aid|4979005|
543972|zachart|The Father Land|New Pacific Order|10000|Red|515093|GoldenAura|Communist Crackous|New Pacific Order|10000|Red|Approved|0|100|0|7/17/2025 7:44:29 PM|Financial Assistance|4979004|
644967|Mushrat|Ormarr Land|The Grand Lodge Of Freemasons|10029|Orange|116324|Wayne World|Wayne World|The Grand Lodge of Freemasons|10029|Orange|Approved|0|100|0|7/17/2025 7:27:21 PM|Financial Assistance|4979003|
72766|Gofastleft|Racesteria|Non Grata|10097|Maroon|369917|Gibsonator21|Gibsonistan|Non Grata|10097|Maroon|Approved|9000000|0|0|7/17/2025 7:05:31 PM|Tech|4979002|
36287|SirWilliam|Blissfields|Post Grunge Supergroup|16367|Brown|634963|Trout87|Birchy Head|Post Grunge Supergroup|16367|Black|Approved|0|100|0|7/17/2025 6:59:23 PM|Financial Assistance|4979001|
640568|Comrade Cornwallis|The cornish communes|Union Of Communist Republics|10060|Brown|620004|Joesph Stalin|Ressurectioned USSR|Union Of Communist Republics|10060|Brown|Approved|0|100|0|7/17/2025 6:29:28 PM|Financial Assistance|4979000|
35448|Randle|Cheesia|Global Alliance and Treaty Organization|10003|Brown|646409|Kingdjthadestroyer|King Dj|Global Alliance And Treaty Organization|10003|Brown|Approved|9000000|0|0|7/17/2025 6:26:44 PM|Financial Assistance|4978999|
627906|AironthFlamewing|The Crown Dominion|Christian Coalition Of Countries|10028|Maroon|1037|mona lisa|3 oaks|Old Guard|11296|Blue|Approved|0|100|0|7/17/2025 6:14:36 PM|Financial Assistance|4978998|
627906|AironthFlamewing|The Crown Dominion|Christian Coalition Of Countries|10028|Maroon|414337|Shadowfury|Illyria|Freehold of The Wolves|15157|Black|Approved|0|100|0|7/17/2025 6:14:23 PM|Financial Assistance|4978997|
627906|AironthFlamewing|The Crown Dominion|Christian Coalition Of Countries|10028|Maroon|8515|Turetel|Turetel|Freehold of The Wolves|15157|White|Approved|0|100|0|7/17/2025 6:14:11 PM|Financial Assistance|4978996|
627906|AironthFlamewing|The Crown Dominion|Christian Coalition Of Countries|10028|Maroon|359275|Jesusfreak|El Dorado|Christian Coalition of Countries|10028|Maroon|Approved|0|100|0|7/17/2025 6:14:01 PM|Financial Assistance|4978995|
627906|AironthFlamewing|The Crown Dominion|Christian Coalition Of Countries|10028|Maroon|141175|Kaiser Willis|Kryton|Freehold of The Wolves|15157|White|Pending|0|100|0|7/17/2025 6:13:52 PM|Financial Assistance|4978994|
70316|Myworld|Stealth Kingdom|The Dark Templar|10056|Black|293406|Jeffimus|Smoothwater|The Dark Templar|10056|Black|Approved|9000000|0|0|7/17/2025 6:05:15 PM|Tech 9/100|4978993|
356682|Logic|8Bit Nation|Doombrella|17368|Black|623822|Comrade Marx|GreaterGoonSyndicate|Doombrella|17368|Black|Approved|0|100|0|7/17/2025 5:26:58 PM|Financial Assistance|4978992|
356682|Logic|8Bit Nation|Doombrella|17368|Black|626860|BringMeTheHorizon|Dakotas|Doombrella|17368|Black|Approved|0|100|0|7/17/2025 5:26:53 PM|Financial Assistance|4978991|
356682|Logic|8Bit Nation|Doombrella|17368|Black|502087|Astryl|Ethereal|Doombrella|17368|Black|Approved|0|100|0|7/17/2025 5:26:49 PM|Financial Assistance|4978990|
379651|reghar73|Zeman|The Dark Templar|10056|Black|644426|Bram Walt Schirkophf|Texkentuck|Catholic Reich|17311|Black|Approved|9000000|0|0|7/17/2025 5:04:40 PM|Tech Deal |4978989|
101765|KevinH|Establishmentism|Independent Republic of Orange Nations|10004|Orange|391465|Lysistrata|Alamo|Independent Republic Of Orange Nations|10004|Orange|Approved|9000000|100|4000|7/17/2025 5:03:10 PM|Mass Deportations|4978988|
635131|Thandrumland|Thandrumland|Independent Republic Of Orange Nations|10004|Orange|636754|MAYBACH EMPIRE|MAYBACH 3MPIRE|Independent Republic Of Orange Nations|10004|Orange|Approved|0|100|0|7/17/2025 4:50:19 PM|ITF|4978987|
635131|Thandrumland|Thandrumland|Independent Republic Of Orange Nations|10004|Orange|260342|abcdefg|Alphabets|Independent Republic Of Orange Nations|10004|Aqua|Approved|0|100|0|7/17/2025 4:49:58 PM|ITF|4978986|
635131|Thandrumland|Thandrumland|Independent Republic Of Orange Nations|10004|Orange|185755|jonah spark|pffoo|Independent Republic of Orange Nations|10004|Orange|Approved|0|100|0|7/17/2025 4:49:33 PM|ITF|4978985|
635131|Thandrumland|Thandrumland|Independent Republic Of Orange Nations|10004|Orange|374610|Captain Crozier|Dime Store Novena|Independent Republic Of Orange Nations|10004|Orange|Approved|0|100|0|7/17/2025 4:49:08 PM|ITF|4978984|
586922|WileyXero|Wiley|CLAWS|15841|Black|645374|Zia Ul Haq|Emirate of Pakistan|COBRA|13717|Brown|Approved|9000000|0|0|7/17/2025 4:46:25 PM|9m/100tech?|4978983|
586922|WileyXero|Wiley|CLAWS|15841|Black|621876|thebigkas|kekistan69|COBRA|13717|Brown|Approved|9000000|0|0|7/17/2025 4:46:10 PM|9m/100tech?|4978982|
613653|Supreme|Nu Phi|New Pacific Order|10000|Red|515093|GoldenAura|Communist Crackous|New Pacific Order|10000|Red|Approved|0|100|0|7/17/2025 4:43:35 PM|QT Tech|4978981|
643607|Aspen|Silus|Union Of Communist Republics|10060|Brown|447303|Terminator|USSROK|CLAWS|15841|Aqua|Approved|0|100|0|7/17/2025 4:26:28 PM|Financial Assistance|4978980|
638031|Makinde Anthony|NORTH NIGERIA|The Prussian Empire|14204|Blue|646690|Oluwfemi|EKITI|Post Grunge Supergroup|16367|Blue|Approved|0|0|2500|7/17/2025 4:20:58 PM|Financial Assistance|4978979|
590030|toledomike|BUGANATION|CLAWS|15841|Black|131079|losinglife|SlaveII|CLAWS|15841|Black|Approved|0|100|0|7/17/2025 4:19:09 PM|Financial Assistance|4978978|
633394|Drake Draconis|Draco Purpureus|The Dark Templar|10056|Black|644476|ICCoug|VanDanBerg|Catholic Reich|17311|Black|Approved|9000000|0|0|7/17/2025 4:14:47 PM|Financial Assistance|4978977|
633394|Drake Draconis|Draco Purpureus|The Dark Templar|10056|Black|639416|Addisonjam|Additomia|The Dark Templar|10056|Black|Approved|9000000|0|0|7/17/2025 4:14:31 PM|Financial Assistance|4978976|
633394|Drake Draconis|Draco Purpureus|The Dark Templar|10056|Black|646383|Son Of Him|Land of Forever|Catholic Reich|17311|Black|Approved|9000000|0|0|7/17/2025 4:14:17 PM|Financial Assistance|4978975|
543972|zachart|The Father Land|New Pacific Order|10000|Red|580705|Theory|Westermont|New Pacific Order|10000|Red|Approved|0|100|0|7/17/2025 4:13:42 PM|Financial Assistance|4978974|
531189|Peroman200|Petrolandija|Global Alliance And Treaty Organization|10003|Brown|83518|Johnny Apocalypse|Anubia|Global Alliance And Treaty Organization|10003|Brown|Approved|0|100|0|7/17/2025 4:13:15 PM|Tech deal|4978973|
531189|Peroman200|Petrolandija|Global Alliance And Treaty Organization|10003|Brown|348468|Ghan Khalav|Khalavistan|Global Alliance and Treaty Organization|10003|Brown|Approved|0|100|0|7/17/2025 4:12:49 PM|Tech deal|4978972|
624696|Hershicus|DoomsDayShekels|Doom Squad|16454|Black|66883|Crown Prince Mishka|Tygaland|Doombrella|17368|Black|Approved|0|100|0|7/17/2025 4:07:45 PM|Financial Assistance|4978971|
624696|Hershicus|DoomsDayShekels|Doom Squad|16454|Black|622221|cobwebbyarc6|Dasein|Doom Squad|16454|Black|Approved|0|100|0|7/17/2025 4:04:39 PM|Financial Assistance|4978970|
624696|Hershicus|DoomsDayShekels|Doom Squad|16454|Black|623822|Comrade Marx|GreaterGoonSyndicate|Doombrella|17368|Black|Approved|0|100|0|7/17/2025 4:04:26 PM|Financial Assistance|4978969|
624696|Hershicus|DoomsDayShekels|Doom Squad|16454|Black|634169|Cadlore|OId Lore|CLAWS|15841|Black|Approved|0|100|0|7/17/2025 4:04:20 PM|Financial Assistance|4978968|
624696|Hershicus|DoomsDayShekels|Doom Squad|16454|Black|615966|tehol|Lether|Doom Squad|16454|Black|Approved|0|100|0|7/17/2025 4:04:14 PM|Financial Assistance|4978967|
624696|Hershicus|DoomsDayShekels|Doom Squad|16454|Black|199494|Bomber66|Baxter|Doombrella|17368|Black|Approved|0|100|0|7/17/2025 4:04:00 PM|Financial Assistance|4978965|
645347|Randomnameguy|New England INC|Post Grunge Supergroup|16367|Brown|639322|Kaenver|PDR Muog|Madlads Union|17130|Brown|Approved|0|100|0|7/17/2025 3:56:42 PM|Tech Payment|4978964|
432428|Kentucky Colonel|Silver Grove|Swash Plates And Tail Rotors|10126|Maroon|423414|Nashorn|Nashornstan|MONGOLS|14492|Maroon|Approved|9000000|100|0|7/17/2025 3:31:09 PM|Financial Assistance|4978963|
632435|Lordsmallballs|Acadian States|Post Grunge Supergroup|16367|Brown|627177|SupaSural|Suraltopia|Post Grunge Supergroup|16367|Brown|Approved|9000000|0|0|7/17/2025 3:30:45 PM|9 mil / 100 tech|4978962|
432428|Kentucky Colonel|Silver Grove|Swash Plates And Tail Rotors|10126|Maroon|325202|murtibing|Fluens|Axiom of Regularity|17122|Maroon|Approved|9000000|0|0|7/17/2025 3:30:38 PM|Financial Assistance|4978961|
432428|Kentucky Colonel|Silver Grove|Swash Plates And Tail Rotors|10126|Maroon|552359|SeaBeeGipson|Denton|MONGOLS|14492|Maroon|Approved|9000000|0|0|7/17/2025 3:30:08 PM|Financial Assistance|4978960|
432428|Kentucky Colonel|Silver Grove|Swash Plates And Tail Rotors|10126|Maroon|22121|spartan 84|UNSC Reach|Non Grata|10097|Maroon|Approved|9000000|100|0|7/17/2025 3:29:21 PM|Financial Assistance|4978959|
432428|Kentucky Colonel|Silver Grove|Swash Plates And Tail Rotors|10126|Maroon|260817|MamazlilMistake|Happy Hunting Ground|Non Grata|10097|Maroon|Approved|9000000|100|0|7/17/2025 3:28:46 PM|Financial Assistance|4978958|
599846|RandomWon|Hangry|Sparta|10008|Green|111387|riffers|Vagumachland|Sparta|10008|Black|Approved|0|100|0|7/17/2025 3:28:08 PM|Financial Assistance|4978957|
432428|Kentucky Colonel|Silver Grove|Swash Plates And Tail Rotors|10126|Maroon|324487|Death from above 82|Black Sheep|MONGOLS|14492|Maroon|Approved|9000000|100|0|7/17/2025 3:27:55 PM|Financial Assistance|4978956|
599846|RandomWon|Hangry|Sparta|10008|Green|125086|wasso|wasso|The Dark Templar|10056|Black|Approved|0|100|0|7/17/2025 3:27:51 PM|Financial Assistance|4978955|
271928|Thebanished|UnitedStatesOfDes|Viridian Entente|10010|Green|348070|Chopin|Republic of Poland|Avalanche|10078|Blue|Approved|0|100|0|7/17/2025 3:24:51 PM|1 of 2 Tech Deal|4978954|
271928|Thebanished|UnitedStatesOfDes|Viridian Entente|10010|Green|162795|sterbean|Bean Union|Viridian Entente|10010|Green|Approved|0|100|0|7/17/2025 3:24:38 PM|1 of 2 Tech Deal|4978953|
271928|Thebanished|UnitedStatesOfDes|Viridian Entente|10010|Green|219343|TDEVIL|KINDOM OF HADES|Viridian Entente|10010|Green|Approved|0|100|0|7/17/2025 3:24:24 PM|1 of 3 Tech Deal|4978952|
168105|Bobogoobo|Bobogoobo|New Pacific Order|10000|Red|612177|DannyVee|Cvetko|New Pacific Order|10000|Red|Approved|9000000|0|0|7/17/2025 3:07:09 PM|QT Pay|4978951|
264911|tgilleland|Murdergascar|Non Grata|10097|Maroon|646950|KarmaBlaster|NoNameIstan|Non Grata|10097|Maroon|Approved|6000000|0|0|7/17/2025 2:11:17 PM|Financial Assistance|4978950|
319843|Sinister|New Terminal|Non Grata|10097|Maroon|622072|Tmac73|Norway2|Non Grata|10097|Maroon|Approved|6000000|0|0|7/17/2025 2:08:37 PM|Financial Assistance|4978949|
115556|Chuck Normis|Kickastan|Coalition of Royal Allied Powers|10051|Maroon|626894|Gamestonk|GameStonk|COBRA|13717|Brown|Approved|9000000|0|0|7/17/2025 1:19:25 PM|Tech Deal 9m/100T |4978948|
632937|informator|Ukrainians|Knights Of The Round Table|10092|Green|588563|Kasper|Skora Horda|Knights Of The Round Table|10092|Green|Approved|0|100|0|7/17/2025 1:07:46 PM|Technology Assistance|4978947|
632937|informator|Ukrainians|Knights Of The Round Table|10092|Green|633989|Ernst S Blofeld|Blofeld Wineries|Knights Of The Round Table|10092|Aqua|Approved|0|100|0|7/17/2025 1:07:32 PM|Technology Assistance|4978946|
501403|Trebs|Trebs|Nordreich|11319|Maroon|636192|Elizah|Monshun|Nordreich|11319|Maroon|Approved|9000000|0|0|7/17/2025 12:57:26 PM|Financial Assistance|4978945|
395389|Temporal91|Aikion|NATO|10037|Blue|120427|Ashleaa|Pigtopia|Federation of Armed Nations|10021|Yellow|Approved|0|100|0|7/17/2025 12:52:42 PM|Valyrian Aid |4978944|
395389|Temporal91|Aikion|NATO|10037|Blue|8515|Turetel|Turetel|Freehold of The Wolves|15157|White|Approved|0|100|0|7/17/2025 12:51:53 PM|Valyrian Aid |4978943|
395389|Temporal91|Aikion|NATO|10037|Blue|359275|Jesusfreak|El Dorado|Christian Coalition of Countries|10028|Maroon|Approved|0|100|0|7/17/2025 12:50:35 PM|V|4978942|
395389|Temporal91|Aikion|NATO|10037|Blue|1037|mona lisa|3 oaks|Old Guard|11296|Blue|Approved|0|100|0|7/17/2025 12:49:42 PM|Valyrian Aid |4978941|
395389|Temporal91|Aikion|NATO|10037|Blue|141175|Kaiser Willis|Kryton|Freehold of The Wolves|15157|White|Approved|0|100|0|7/17/2025 12:49:28 PM|Valyrian Aid |4978940|
395389|Temporal91|Aikion|NATO|10037|Blue|629286|Flycatcher|Sacania|Freehold of The Wolves|15157|White|Approved|0|100|0|7/17/2025 12:49:15 PM|Valyrian Aid |4978939|
629286|Flycatcher|Sacania|Freehold of The Wolves|15157|White|626412|Cyrus De GreenWood|Nagoya|Freehold of The Wolves|15157|White|Approved|9000000|0|0|7/17/2025 12:45:02 PM|Financial Assistance|4978938|
533529|NustyPistachio|Isle of Noot|Post Grunge Supergroup|16367|Brown|633062|SoloRocket|Rocket Republic|Post Grunge Supergroup|16367|Brown|Approved|0|100|0|7/17/2025 12:33:47 PM|Tech Deal|4978936|
533529|NustyPistachio|Isle of Noot|Post Grunge Supergroup|16367|Brown|525223|Zorrr|Deep Zither|Knights of the Round Table|10092|Purple|Approved|0|100|0|7/17/2025 12:33:32 PM|Tech Deal|4978935|
533529|NustyPistachio|Isle of Noot|Post Grunge Supergroup|16367|Brown|568130|Bucky Carson|Santa Pecos|Knights Of The Round Table|10092|Green|Approved|0|100|0|7/17/2025 12:33:20 PM|Tech Deal|4978934|
533529|NustyPistachio|Isle of Noot|Post Grunge Supergroup|16367|Brown|70316|Myworld|Stealth Kingdom|The Dark Templar|10056|Black|Approved|0|100|0|7/17/2025 12:33:06 PM|Tech Deal|4978933|
640396|Jessiski|New Italy 1|NATO|10037|Blue|1037|mona lisa|3 oaks|Old Guard|11296|Blue|Approved|0|100|0|7/17/2025 12:08:03 PM|Valyrian Aid|4978932|
633267|OkapiBlue|Rymnia|Doom Squad|16454|Black|380007|Supreme Emperor Daeg|Metal|Doom Squad|16454|Black|Approved|0|100|0|7/17/2025 12:01:04 PM|Financial Assistance|4978931|
633267|OkapiBlue|Rymnia|Doom Squad|16454|Black|144708|Matthew PK|Commonwealth of LoL|Doombrella|17368|Black|Approved|0|100|0|7/17/2025 12:00:52 PM|Financial Assistance|4978930|
633267|OkapiBlue|Rymnia|Doom Squad|16454|Black|342957|tayloj7|Rabbitopia|Doombrella|17368|Black|Approved|0|100|0|7/17/2025 12:00:46 PM|Financial Assistance|4978929|
441760|jacka|north 40|The Legion|10020|Purple|346487|phate408|Belgrade|The Legion|10020|Purple|Approved|0|100|0|7/17/2025 11:53:15 AM|Financial Assistance|4978928|
233988|Antiglams|Benerilandia|NATO|10037|Blue|468549|shadowstriker|shadow world|NATO|10037|Blue|Approved|0|100|0|7/17/2025 11:49:53 AM|Valkyrian aid|4978927|
635306|koumail|Aesperia|Nordreich|11319|Maroon|240196|Seagram|Siperia|Nordreich|11319|Maroon|Approved|0|100|0|7/17/2025 11:44:02 AM|Financial Assistance|4978926|
552359|SeaBeeGipson|Denton|MONGOLS|14492|Maroon|325202|murtibing|Fluens|Axiom of Regularity|17122|Maroon|Approved|0|100|4000|7/17/2025 11:22:31 AM|Technical Difficulties|4978925|
604250|RedHawkRuler|MiamiU|New Polar Order|10006|Blue|599547|LongFist|Gemini Technocracy|New Polar Order|10006|Maroon|Approved|9000000|0|0|7/17/2025 11:15:36 AM|ICECAP Cash|4978924|
372061|Mandystalin|Lutonstan|The Templar Knights|10012|Maroon|551356|NuclearGlow|Dawg Nation|The Templar Knights|10012|Maroon|Approved|9000000|0|0|7/17/2025 11:14:35 AM|Financial Assistance|4978923|
311344|asapilu|Persianiran|NATO|10037|Blue|646145|ScootDootson|UnitedPeoplesOfDoot|Goldenrod Accords|17406|Green|Approved|6000000|0|0|7/17/2025 10:54:35 AM|Valyrian aid|4978922|
311344|asapilu|Persianiran|NATO|10037|Blue|646038|OT Dominic|borneo kenyalang|Christian Coalition Of Countries|10028|Maroon|Approved|9000000|0|0|7/17/2025 10:54:21 AM|Valyrian aid|4978921|
637080|Secundum|Uhtceare|Knights Of The Round Table|10092|Green|200690|Andrew Wiggin|Eros|Knights Of The Round Table|10092|Green|Approved|0|100|0|7/17/2025 10:38:21 AM|Financial Assistance|4978920|
57033|Slywolfe|Slywolfe|New Pacific Order|10000|Red|552125|Mouseman490|The Empire of Klein|New Pacific Order|10000|Red|Approved|9000000|0|0|7/17/2025 10:36:10 AM|Bankroll|4978919|
57033|Slywolfe|Slywolfe|New Pacific Order|10000|Red|533942|Saxplayer|Arstoria|New Pacific Order|10000|Red|Approved|9000000|0|0|7/17/2025 10:36:06 AM|Bankroll|4978918|
57033|Slywolfe|Slywolfe|New Pacific Order|10000|Red|635806|MikeCat|Renastasia|New Pacific Order|10000|Red|Approved|9000000|0|0|7/17/2025 10:35:59 AM|Bankroll|4978917|
418455|Sabcat|Sabcat Island|Libertarian Socialist Federation|10027|Brown|646827|WarandPece|Warhammer101|Knights Of The Round Table|10092|Green|Approved|6000000|0|0|7/17/2025 10:35:46 AM|Tech deal|4978916|
57033|Slywolfe|Slywolfe|New Pacific Order|10000|Red|612177|DannyVee|Cvetko|New Pacific Order|10000|Red|Approved|9000000|0|0|7/17/2025 10:35:37 AM|QT Pay|4978915|
528882|JSoprano|Darasuum|Post Grunge Supergroup|16367|Brown|529025|Chllama|Renton|Post Grunge Supergroup|16367|Brown|Approved|9000000|0|0|7/17/2025 10:29:06 AM|tech money hunny|4978914|
454402|Flyin Hawaiian|Hawaiian Land|The Dark Templar|10056|Black|545096|Mumzilla|Hulkville|The Dark Templar|10056|Black|Approved|0|100|0|7/17/2025 10:24:43 AM|Financial Assistance|4978913|
201835|Samwise|Gladius|Viridian Entente|10010|Green|647032|CVTWayne|Hintonia|Christian Coalition Of Countries|10028|Maroon|Approved|6000000|0|0|7/17/2025 10:21:16 AM|Financial Assistance|4978912|
545923|VHongo|Canadian Dominanace|Green Protection Agency|10041|Green|598970|Azure|Aldarin|Viridian Entente|10010|Green|Pending|0|100|0|7/17/2025 10:04:11 AM|2nd of 200|4978911|
631385|Kingdom of Denmark|Jutland Germany|The Prussian Empire|14204|Green|514897|Phocas|Lighthouse Island|The Prussian Empire|14204|Green|Approved|0|100|0|7/17/2025 9:49:23 AM|Financial Assistance|4978910|
635357|Stephen Michael I|Yanceysylvania|Knights Of The Round Table|10092|Green|645274|GRATHGFRT|zUTIA|Knights Of The Round Table|10092|Green|Approved|9000000|0|0|7/17/2025 9:31:06 AM|Buying 100 tech for $9m|4978908|
641804|jackthebest|Jackastan|NATO|10037|Blue|468549|shadowstriker|shadow world|NATO|10037|Blue|Approved|0|100|0|7/17/2025 9:30:06 AM|Financial Assistance|4978907|
109489|blackpony|the Mad Ninja|Freehold of The Wolves|15157|White|646145|ScootDootson|UnitedPeoplesOfDoot|Goldenrod Accords|17406|Green|Approved|6000000|0|0|7/17/2025 9:04:56 AM|Vep cash|4978906|
109489|blackpony|the Mad Ninja|Freehold of The Wolves|15157|White|646038|OT Dominic|borneo kenyalang|Christian Coalition Of Countries|10028|Maroon|Approved|9000000|0|0|7/17/2025 9:04:38 AM|Vep cash |4978905|
481103|AzureShadow|Coobie|Doombrella|17368|Black|184514|Franz Ferdinand|L252beck|Doombrella|17368|Black|Approved|0|100|0|7/17/2025 8:50:23 AM|Financial Assistance|4978904|
288430|jrsyboy|toqueville|Non Grata|10097|Maroon|181481|HammerMan|Dooche|Non Grata|10097|Maroon|Approved|9000000|0|0|7/17/2025 8:46:21 AM|Financial Assistance|4978903|
646098|Brutus5149|Legio Lupi|New Pacific Order|10000|Red|75117|rnegafan|Rnegfania|New Pacific Order|10000|Red|Approved|0|100|0|7/17/2025 8:40:27 AM|QT Tech|4978902|
407151|Dre4mwe4ver|Fidensgen|Global Alliance And Treaty Organization|10003|Brown|121872|Katahdin|Fraise de Sang|Global Alliance and Treaty Organization|10003|Brown|Approved|0|100|0|7/17/2025 8:39:27 AM|With Love and Kisses|4978901|
635658|Chaotican|United CroatiaUC|Wurst Alliance|16919|Green|560607|lurkr|Calontir|The Grand Lodge Of Freemasons|10029|Orange|Approved|0|100|0|7/17/2025 8:29:17 AM|Tech Deal|4978899|
635658|Chaotican|United CroatiaUC|Wurst Alliance|16919|Green|367343|whiskerz|arfcom|The Grand Lodge Of Freemasons|10029|Orange|Approved|0|100|0|7/17/2025 8:29:04 AM|Tech Deal|4978898|
635658|Chaotican|United CroatiaUC|Wurst Alliance|16919|Green|119121|mahmah|Banglia|The Grand Lodge of Freemasons|10029|Orange|Approved|0|100|0|7/17/2025 8:28:53 AM|Tech Deal|4978897|
538755|zeldafan4ever|Terminus|Orange Defense Network|10007|Orange|87249|Infallible|Mulletville|Orange Defense Network|10007|Orange|Approved|0|100|0|7/17/2025 8:23:23 AM|Tech 2/3|4978896|
14735|jsims8|DeKalb|Global Alliance and Treaty Organization|10003|Brown|646195|Ebaggerisintown|Tinneas Cinn|Global Alliance And Treaty Organization|10003|Brown|Approved|6000000|0|0|7/17/2025 8:02:32 AM|Financial Assistance|4978895|
620598|Alexhigh|Nation of Alexander|The Prussian Empire|14204|Green|449283|Sir Benevale|Orangewall|Knights of the Round Table|10092|Green|Approved|0|100|0|7/17/2025 7:59:43 AM|Financial Assistance|4978894|
280326|Scytale|Tleilax|Fark|10002|Aqua|558202|Doug Henning|Magic Land|Nuclear Proliferation League|17228|Aqua|Approved|9000000|0|0|7/17/2025 7:48:02 AM|tech|4978893|
638158|TheBlob|Space Jelly|Knights Of The Round Table|10092|Red|257186|Southern Comfort|Wild Wild West|Knights Of The Round Table|10092|Green|Approved|0|100|0|7/17/2025 7:44:05 AM|Glob|4978892|
324224|SemperFidelis|United Carborundum|Non Grata|10097|Maroon|623644|Van Hoo X|Hoovokia|Non Grata|10097|White|Approved|9000000|0|0|7/17/2025 7:43:53 AM|NG Tech Deal|4978891|
646135|Sokar|Delmak|Global Alliance And Treaty Organization|10003|Brown|307792|Jordan Lindeman|Arkalay|Global Alliance And Treaty Organization|10003|Brown|Approved|0|100|0|7/17/2025 7:37:21 AM|Financial Assistance|4978890|
644316|Sam Sparks|Mendota|Sparta|10008|Black|623136|rofrif|rofrif|Sparta|10008|Black|Pending|0|100|0|7/17/2025 7:15:40 AM|Tech deal|4978889|
645984|keyman|Bonland|Nuclear Proliferation League|17228|Aqua|385567|NinoCelestial|Ciudad de leon|Fark|10002|Aqua|Approved|0|100|0|7/17/2025 7:08:56 AM|Financial Assistance|4978888|
309853|Tasuki|Oniwabanshu|New Pacific Order|10000|Red|234918|LordOfTheLand|APIGP|New Pacific Order|10000|Red|Approved|0|100|0|7/17/2025 7:06:52 AM|QT Tech|4978887|
309853|Tasuki|Oniwabanshu|New Pacific Order|10000|Red|568748|Llednar Twem|Eurica|New Pacific Order|10000|Red|Pending|0|100|0|7/17/2025 7:06:46 AM|QT Tech|4978886|
309853|Tasuki|Oniwabanshu|New Pacific Order|10000|Red|75117|rnegafan|Rnegfania|New Pacific Order|10000|Red|Approved|0|100|0|7/17/2025 7:06:39 AM|QT Tech|4978885|
309853|Tasuki|Oniwabanshu|New Pacific Order|10000|Red|580705|Theory|Westermont|New Pacific Order|10000|Red|Approved|0|100|0|7/17/2025 7:06:31 AM|QT Tech|4978884|
334182|st6mm|Northern Reich|Disciples of Duckroll|17024|Black|646947|Hawggystyle|Djibigbouti|Doombrella|17368|Black|Approved|9000000|0|0|7/17/2025 7:01:30 AM|Financial Assistance|4978883|
638|mikharr123|Sirrahistan|New Polar Order|10006|Blue|497470|Skaros Thunderbane|Shimazu Conglomerate|New Polar Order|10006|Blue|Approved|0|100|0|7/17/2025 6:48:45 AM|ICECAP Tech |4978882|
638|mikharr123|Sirrahistan|New Polar Order|10006|Blue|516493|The dutch Dragonborn|The Dutch Dragonborn|New Polar Order|10006|Blue|Approved|0|100|0|7/17/2025 6:46:45 AM|ICECAP Tech|4978881|
638|mikharr123|Sirrahistan|New Polar Order|10006|Blue|599547|LongFist|Gemini Technocracy|New Polar Order|10006|Maroon|Approved|9000000|0|0|7/17/2025 6:45:40 AM|ICECAP Cash|4978880|
637113|Up in smoke|Ring of Fire Island|CLAWS|15841|Black|627747|bretrun|Togrador|CLAWS|15841|Black|Approved|9000000|0|0|7/17/2025 6:31:30 AM|$9 mil for 100 tech|4978879|
24905|Arminius|Festung Germania|Old Guard|11296|Blue|638158|TheBlob|Space Jelly|Knights Of The Round Table|10092|Red|Approved|9000000|0|0|7/17/2025 6:27:39 AM|Financial Assistance|4978878|
526716|Lev Trotsky|Nikolayev SSR|Interkosmos|16298|Green|638884|WideVader|Balkan Union Pact|Interkosmos|16298|Green|Approved|9000000|0|0|7/17/2025 6:15:41 AM|Wonder Assistance|4978877|
436358|mordred|Lothian and Orcanie|Knights of the Round Table|10092|Green|633305|Angel Ray|Tecnia|Knights Of The Round Table|10092|Green|Approved|9000000|0|0|7/17/2025 6:08:49 AM|Tech $9m-100t deal|4978876|
197161|Juleandor|Kleptoville|The Legion|10020|Purple|582040|casey3927|landguardian|The Legion|10020|Purple|Approved|9000000|0|0|7/17/2025 5:52:57 AM|Legion Trade|4978875|
197161|Juleandor|Kleptoville|The Legion|10020|Purple|646738|TechLord|TechLord|The Legion|10020|Purple|Approved|6000000|0|0|7/17/2025 5:52:20 AM|Legion Trade|4978874|
633989|Ernst S Blofeld|Blofeld Wineries|Knights Of The Round Table|10092|Aqua|646593|Lim jayhee|Cat haven|Knights Of The Round Table|10092|Green|Pending|6000000|0|0|7/17/2025 5:52:11 AM|Tech import?|4978873|
376391|Dave the Dominator|Taulvia|The Templar Knights|10012|Maroon|551356|NuclearGlow|Dawg Nation|The Templar Knights|10012|Maroon|Approved|9000000|0|0|7/17/2025 5:41:04 AM|Financial Assistance|4978872|
376391|Dave the Dominator|Taulvia|The Templar Knights|10012|Maroon|132067|Merick|Panamkey|The Templar Knights|10012|Maroon|Approved|9000000|0|0|7/17/2025 5:40:39 AM|Tech!|4978871|
419811|Duke Mark|Old Missouri|Knights Of The Round Table|10092|Green|574720|tuhar|pastia|Knights Of The Round Table|10092|Green|Approved|9000000|0|0|7/17/2025 5:40:31 AM|Tech purchase 9/100|4978870|
625634|firingline|TheCastle|The Wolves|16660|Black|645707|The Goddess|Cotyttia|Veneris|17356|White|Approved|9000000|0|0|7/17/2025 5:37:44 AM|Send 100t to Rothaic pls|4978869|
621029|Le Trout|Lambo Lambo Lambo|Post Grunge Supergroup|16367|Brown|646916|SmugglyMcWeed|SmugglyMcWeed|Post Grunge Supergroup|16367|Brown|Approved|6000000|0|0|7/17/2025 5:18:12 AM|YEET|4978868|
557687|gameoverclocker|kryzhome|NATO|10037|Blue|643887|SilenttShadow27|Temnota|NATO|10037|Blue|Approved|9000000|0|0|7/17/2025 5:08:04 AM|Valyrian Program|4978867|
509784|Lord Emperor Clot|Clotvania|Christian Coalition Of Countries|10028|Maroon|643887|SilenttShadow27|Temnota|NATO|10037|Blue|Approved|9000000|0|0|7/17/2025 4:52:21 AM|VEP money|4978866|
629752|Jamo199599|C1995|New Polar Order|10006|Blue|599547|LongFist|Gemini Technocracy|New Polar Order|10006|Maroon|Approved|9000000|0|0|7/17/2025 4:45:27 AM|ICECAP Cash|4978865|
300255|Argirioc|Argiriahn|The Legion|10020|Purple|354208|DeadASS|Lance|The Legion|10020|Purple|Approved|0|100|0|7/17/2025 4:03:57 AM|Financial Assistance|4978864|
300255|Argirioc|Argiriahn|The Legion|10020|Purple|197161|Juleandor|Kleptoville|The Legion|10020|Purple|Approved|0|100|0|7/17/2025 4:03:50 AM|Financial Assistance|4978863|
300255|Argirioc|Argiriahn|The Legion|10020|Purple|156693|Magnate|Republic of China|The Legion|10020|Purple|Approved|0|100|0|7/17/2025 4:03:43 AM|Financial Assistance|4978862|
300255|Argirioc|Argiriahn|The Legion|10020|Purple|95966|Totem|Ciumideii|The Legion|10020|Purple|Approved|0|100|0|7/17/2025 4:03:37 AM|Financial Assistance|4978861|
300255|Argirioc|Argiriahn|The Legion|10020|Purple|346487|phate408|Belgrade|The Legion|10020|Purple|Approved|0|100|0|7/17/2025 4:03:31 AM|Financial Assistance|4978860|
643474|Thilsh|Ibvralia|Post Grunge Supergroup|16367|Brown|632434|Stineamania|Nowitme|Post Grunge Supergroup|16367|Brown|Approved|0|100|0|7/17/2025 3:35:08 AM|Financial Assistance|4978859|
643474|Thilsh|Ibvralia|Post Grunge Supergroup|16367|Brown|634963|Trout87|Birchy Head|Post Grunge Supergroup|16367|Black|Approved|0|100|0|7/17/2025 3:34:58 AM|Financial Assistance|4978858|
76627|shwampy|Barryteroria|Libertarian Socialist Federation|10027|White|141164|LiquidMercury|FallenSeraphim|The Gramlins|17275|Green|Approved|0|100|0|7/17/2025 3:34:53 AM|Another quality trade :)|4978857|
483058|Dubh Caireallain|Roisin Dubh|New Polar Order|10006|Blue|604250|RedHawkRuler|MiamiU|New Polar Order|10006|Blue|Approved|0|100|0|7/17/2025 3:32:48 AM|ICECAP Tech|4978856|
483058|Dubh Caireallain|Roisin Dubh|New Polar Order|10006|Blue|584263|Beefbone|Beefy|New Polar Order|10006|Blue|Approved|0|100|0|7/17/2025 3:32:37 AM|ICECAP Tech|4978855|
483058|Dubh Caireallain|Roisin Dubh|New Polar Order|10006|Blue|629752|Jamo199599|C1995|New Polar Order|10006|Blue|Approved|0|100|0|7/17/2025 3:32:21 AM|ICECAP Tech|4978854|
136993|Hotti|Kiosk|Non Grata|10097|Maroon|40650|kerschbs|indica|Non Grata|10097|Maroon|Approved|0|100|0|7/17/2025 3:22:15 AM|Financial Assistance|4978853|
341158|Eumirbago|World Wide Web|Doom Squad|16454|Black|342957|tayloj7|Rabbitopia|Doombrella|17368|Black|Approved|0|100|0|7/17/2025 3:00:42 AM|Phat $tax|4978852|
341158|Eumirbago|World Wide Web|Doom Squad|16454|Black|61657|Umar ibn Abd al-Aziz|Umayyad Caliphate|DOOMBIRD DOOMCAVE|10449|Black|Approved|0|100|0|7/17/2025 3:00:22 AM|Phat $tax|4978851|
341158|Eumirbago|World Wide Web|Doom Squad|16454|Black|364329|Donnie Darko|DarkoLand|Doom Squad|16454|Black|Approved|0|100|0|7/17/2025 3:00:03 AM|Phat $tax|4978850|
341158|Eumirbago|World Wide Web|Doom Squad|16454|Black|416695|pmacdaddy|Sanctuary|DOOMBIRD DOOMCAVE|10449|Black|Approved|0|100|0|7/17/2025 2:59:42 AM|Phat $tax|4978849|
341158|Eumirbago|World Wide Web|Doom Squad|16454|Black|96568|Dagny Taggart|Galtian Commune|DOOMBIRD DOOMCAVE|10449|Black|Approved|0|100|0|7/17/2025 2:59:27 AM|Phat $tax|4978848|
341158|Eumirbago|World Wide Web|Doom Squad|16454|Black|520285|Banned|Lacedaemon|DOOMBIRD DOOMCAVE|10449|Black|Approved|0|100|0|7/17/2025 2:59:11 AM|Phat $tax|4978847|
143364|Inkblot|Poverty|Sparta|10008|Black|119735|smusmu|Smustra|Sparta|10008|Black|Approved|0|100|0|7/17/2025 2:58:08 AM|Financial Assistance|4978846|
137646|Otto Stolz|Midgaard|The Legion|10020|Purple|643549|KingDutchison|KingDutchison|The Legion|10020|Purple|Approved|9000000|0|0|7/17/2025 2:57:28 AM|Financial Assistance|4978845|
101986|windir|Technology|Global Alliance and Treaty Organization|10003|Brown|429171|Inquisitor Gaunt|Cult Imperialis|Global Alliance And Treaty Organization|10003|Brown|Approved|0|100|0|7/17/2025 2:52:48 AM|Tech deal 1/3|4978844|
600902|HackSlash|NewFinlandia|Non Grata|10097|Maroon|369917|Gibsonator21|Gibsonistan|Non Grata|10097|Maroon|Approved|9000000|0|0|7/17/2025 2:33:13 AM|Tech Deal 100/9Mil|4978843|
600902|HackSlash|NewFinlandia|Non Grata|10097|Maroon|457345|Taiki11|Taiki Land|Non Grata|10097|Maroon|Approved|9000000|0|0|7/17/2025 2:32:58 AM|Tech Deal 100/9Mil|4978842|
625646|muji111|muji111|Random Insanity Alliance|10038|Maroon|240196|Seagram|Siperia|Nordreich|11319|Maroon|Approved|0|100|0|7/17/2025 2:32:51 AM|Financial Assistance|4978841|
453391|Rokula|Paraiso|New Pacific Order|10000|Red|552125|Mouseman490|The Empire of Klein|New Pacific Order|10000|Red|Approved|9000000|0|0|7/17/2025 2:27:19 AM|Bankroll|4978840|
453391|Rokula|Paraiso|New Pacific Order|10000|Red|635806|MikeCat|Renastasia|New Pacific Order|10000|Red|Approved|9000000|0|0|7/17/2025 2:27:11 AM|Bankroll|4978839|
645467|LiefzDel|Greater Czechia|Post Grunge Supergroup|16367|Brown|636754|MAYBACH EMPIRE|MAYBACH 3MPIRE|Independent Republic Of Orange Nations|10004|Orange|Approved|0|100|0|7/17/2025 2:22:18 AM|9/100 Payback|4978838|
645467|LiefzDel|Greater Czechia|Post Grunge Supergroup|16367|Brown|606462|Iamjust0ne|Senstown|Doom Squad|16454|Black|Approved|0|100|0|7/17/2025 2:21:59 AM|9/100|4978837|
33116|+Zeke+|Iron Heart|The Dark Templar|10056|Black|50145|makarraka|MAKARRALAND|The Dark Templar|10056|Black|Approved|9000000|0|0|7/17/2025 2:12:23 AM|DT Aids Program|4978836|
583468|Qldvespanut|Mr Ben|Mostly Harmless Alliance|14879|Aqua|558202|Doug Henning|Magic Land|Nuclear Proliferation League|17228|Aqua|Approved|9000000|0|0|7/17/2025 2:03:04 AM|9/100|4978835|
620328|Albasti|Kayi Tribe|New Pacific Order|10000|Red|407948|avatar3619|Shendu|New Pacific Order|10000|Red|Approved|0|100|0|7/17/2025 1:39:04 AM|QT Tech|4978834|
620328|Albasti|Kayi Tribe|New Pacific Order|10000|Red|234918|LordOfTheLand|APIGP|New Pacific Order|10000|Red|Approved|0|100|0|7/17/2025 1:38:40 AM|QT Tech|4978833|
620328|Albasti|Kayi Tribe|New Pacific Order|10000|Red|366247|Polgas|Novasea|New Pacific Order|10000|Red|Approved|0|100|0|7/17/2025 1:38:17 AM|QT Tech|4978832|
620328|Albasti|Kayi Tribe|New Pacific Order|10000|Red|305440|Daimos|Micon|New Pacific Order|10000|Red|Approved|0|100|0|7/17/2025 1:37:56 AM|QT Tech|4978831|
620328|Albasti|Kayi Tribe|New Pacific Order|10000|Red|629229|HopeFun|LimaPT|New Pacific Order|10000|Red|Pending|0|100|0|7/17/2025 1:37:35 AM|QT Tech|4978830|
254442|Oddballalex|Alexville|CLAWS|15841|Black|646832|Greg Gregory Gregers|Udrus|The Phoenix Federation|17385|Black|Approved|6000000|0|0|7/17/2025 1:21:09 AM|Tech Deal|4978829|
324421|Einer|Jesusland|Mostly Harmless Alliance|14879|White|558202|Doug Henning|Magic Land|Nuclear Proliferation League|17228|Aqua|Approved|9000000|0|0|7/17/2025 1:20:44 AM|Continuing 9m/100t|4978828|
646205|Vashinator|Cedarland|Veneris|17356|White|613652|Peterkin|Quaraguay|Freehold of The Wolves|15157|White|Approved|0|100|0|7/17/2025 1:18:26 AM|Tech Deal PT 2|4978827|
547395|KameraadLenin|Newfoundland SSR|Non Grata|10097|Maroon|307315|ni431|ni nation|Non Grata|10097|Maroon|Approved|0|100|0|7/17/2025 1:16:31 AM|Financial Assistance|4978826|
644461|Aran Belmont|Metroidvania|Veneris|17356|White|559862|majestic ruler|pedro penduko|Argent|10063|Pink|Approved|0|100|0|7/17/2025 1:11:42 AM|Financial Assistance|4978825|
639275|Giultyspark|Arborija|Post Grunge Supergroup|16367|Brown|633062|SoloRocket|Rocket Republic|Post Grunge Supergroup|16367|Brown|Approved|0|100|0|7/17/2025 1:09:32 AM|Financial Assistance|4978824|
455413|Duke Nukem|NukemLand|Global Alliance And Treaty Organization|10003|Brown|83518|Johnny Apocalypse|Anubia|Global Alliance And Treaty Organization|10003|Brown|Approved|0|100|0|7/17/2025 1:06:56 AM|Financial Assistance|4978823|
646465|Panglima Burung|Kalimantan Baru|New Pacific Order|10000|Red|366247|Polgas|Novasea|New Pacific Order|10000|Red|Approved|0|100|0|7/17/2025 12:54:17 AM|QT Tech|4978822|
646465|Panglima Burung|Kalimantan Baru|New Pacific Order|10000|Red|305440|Daimos|Micon|New Pacific Order|10000|Red|Approved|0|100|0|7/17/2025 12:54:06 AM|QT Tech|4978821|
91088|Dragster|winukka|Nordreich|11319|Maroon|91872|PuliSher|Kerj&#228;l&#228;|Non Grata|10097|Maroon|Approved|9000000|0|0|7/17/2025 12:42:53 AM|9t|4978820|
453991|Lieutenant Yenroh|Baguettador III|Viridian Entente|10010|Green|228721|Hob Dobson|Uustonia|Viridian Entente|10010|Green|Approved|9000000|0|0|7/17/2025 12:38:45 AM|Financial Assistance|4978819|
604229|St Mungo|Glasgow|Knights Of The Round Table|10092|Green|425240|Aqua Archon|Aquamark|Knights Of The Round Table|10092|Aqua|Approved|0|100|0|7/17/2025 12:37:16 AM|Yr 100t|4978818|
141583|jerdge|Gaela|Green Protection Agency|10041|Green|23377|Pippedy|Lauran|Green Protection Agency|10041|Green|Approved|9000000|0|0|7/17/2025 12:18:40 AM|Forever Aid|4978817|
143998|planetary|planetarium|CLAWS|15841|Black|624103|Wolf Man|Nuke Inc|CLAWS|15841|Black|Approved|0|100|0|7/17/2025 12:11:54 AM|techs|4978816|
228721|Hob Dobson|Uustonia|Viridian Entente|10010|Green|277593|falconer360|Gondowan|CLAWS|15841|Purple|Approved|0|100|0|7/17/2025 12:09:52 AM|Tech (1 of  3)|4978815|
228721|Hob Dobson|Uustonia|Viridian Entente|10010|Green|604287|Hazib|Kingdom of Lemuria|CLAWS|15841|Black|Approved|0|100|0|7/17/2025 12:09:33 AM|Tech (2 of 3)|4978814|
38659|Rikhard II|Lunzania|Orange Defense Network|10007|Orange|538755|zeldafan4ever|Terminus|Orange Defense Network|10007|Orange|Approved|9000000|0|0|7/17/2025 12:04:07 AM|Financial Assistance|4978813|
514492|xxLENZxx|Star Command|The Legion|10020|Purple|646453|Fortune|Protea|The Legion|10020|Purple|Approved|6000000|0|0|7/16/2025 11:58:26 PM|Praetor Aid|4978812|
404438|Herzog|Black Amber|Sparta|10008|Black|317431|Evileel|ell pond|Sparta|10008|Black|Approved|0|100|0|7/16/2025 11:55:44 PM|Financial Assistance|4978811|
195832|hackerhog|Frontier|Random Insanity Alliance|10038|Maroon|602009|JDRod|ReDux Empire|Coalition of Royal Allied Powers|10051|Maroon|Approved|6000000|0|0|7/16/2025 11:33:59 PM|Maroon 6M/100T Tech Deal|4978810|
642141|Crusadan|Doimestea|The Dark Templar|10056|Black|262199|Bob|Beta Site|The Dark Templar|10056|Black|Approved|0|100|0|7/16/2025 11:32:13 PM|Financial Assistance|4978809|
642141|Crusadan|Doimestea|The Dark Templar|10056|Black|175157|Evey Jane|Evey Jane|The Dark Templar|10056|Black|Approved|0|100|0|7/16/2025 11:27:54 PM|Financial Assistance|4978808|
276365|ShadowSKAR|Hidden Shadows|Non Grata|10097|Maroon|638461|Jerby|Simulacra|Non Grata|10097|Maroon|Approved|9000000|0|0|7/16/2025 11:23:51 PM|Tech deal|4978807|
276365|ShadowSKAR|Hidden Shadows|Non Grata|10097|Maroon|623644|Van Hoo X|Hoovokia|Non Grata|10097|White|Approved|9000000|0|0|7/16/2025 11:23:44 PM|Tech deal|4978806|
276365|ShadowSKAR|Hidden Shadows|Non Grata|10097|Maroon|633611|Speeder|Dronterlands|Non Grata|10097|Maroon|Approved|9000000|0|0|7/16/2025 11:23:35 PM|Tech deal|4978805|
175157|Evey Jane|Evey Jane|The Dark Templar|10056|Black|641700|Sindal Raj|Republic of Ayodhya|The Dark Templar|10056|Black|Approved|9000000|0|0|7/16/2025 11:18:50 PM|Happy Wednesday!|4978803|
632534|valves|valves2|Avalanche|10078|Blue|348070|Chopin|Republic of Poland|Avalanche|10078|Blue|Approved|0|100|0|7/16/2025 11:16:50 PM|Financial Assistance|4978802|
646808|Siccicbat|Centerra|Global Alliance And Treaty Organization|10003|Brown|206001|Mallardius|Dominion of the Duck|Global Alliance And Treaty Organization|10003|Brown|Approved|0|100|0|7/16/2025 11:10:44 PM|Technology Aid|4978801|
314185|Rhizoctonia|Rhizoctonia|Non Grata|10097|Maroon|622072|Tmac73|Norway2|Non Grata|10097|Maroon|Approved|6000000|0|0|7/16/2025 10:45:16 PM|Financial Assistance|4978800|
570155|Thrash04|Ohio Terrority|New Pacific Order|10000|Red|366247|Polgas|Novasea|New Pacific Order|10000|Red|Approved|0|100|0|7/16/2025 10:33:29 PM|QT Tech|4978799|
610914|Impossible|Ropadope|Disciples of Duckroll|17024|Black|402492|NikolaP|Wiggles|Disciples of Duckroll|17024|Black|Approved|0|100|0|7/16/2025 9:58:46 PM|Financial Assistance|4978798|
610914|Impossible|Ropadope|Disciples of Duckroll|17024|Black|541774|Das Blitzkrieger|Leistungsstarke|Disciples of Duckroll|17024|Black|Approved|9000000|100|0|7/16/2025 9:58:23 PM|Financial Assistance|4978797|
610914|Impossible|Ropadope|Disciples of Duckroll|17024|Black|585631|Srivatsan|MAHANADU|Disciples of Duckroll|17024|Black|Approved|0|100|0|7/16/2025 9:58:15 PM|Financial Assistance|4978796|
610914|Impossible|Ropadope|Disciples of Duckroll|17024|Black|334182|st6mm|Northern Reich|Disciples of Duckroll|17024|Black|Approved|0|100|0|7/16/2025 9:58:10 PM|Financial Assistance|4978795|
610914|Impossible|Ropadope|Disciples of Duckroll|17024|Black|230799|Raymond Jaeger|New Alabama|Disciples of Duckroll|17024|Black|Approved|9000000|100|0|7/16/2025 9:57:58 PM|Financial Assistance|4978794|
634412|hadwyn|One piece|Nordreich|11319|Maroon|274261|Ub3rdude|Uberlandia|Nordreich|11319|Maroon|Approved|0|100|0|7/16/2025 9:49:41 PM|Financial Assistance|4978793|
354208|DeadASS|Lance|The Legion|10020|Purple|646453|Fortune|Protea|The Legion|10020|Purple|Approved|6000000|0|0|7/16/2025 9:46:34 PM|Financial Assistance|4978792|
639897|CaptTchalle|Akutan Island|The Dark Templar|10056|Brown|262199|Bob|Beta Site|The Dark Templar|10056|Black|Approved|0|100|0|7/16/2025 9:17:12 PM|Financial Assistance|4978791|
529267|Pastor Jason|Gods Country|Doom Squad|16454|Black|520285|Banned|Lacedaemon|DOOMBIRD DOOMCAVE|10449|Black|Approved|9000000|100|0|7/16/2025 8:57:56 PM|Love you brother |4978790|
32861|Drachonum|drachonia|Global Alliance and Treaty Organization|10003|Brown|646984|fruitloomps|Loomberg|Global Alliance And Treaty Organization|10003|Brown|Approved|6000000|0|0|7/16/2025 8:35:33 PM|Financial Assistance|4978788|
597809|Duncan007|The Realm of Light|Global Alliance And Treaty Organization|10003|Brown|206001|Mallardius|Dominion of the Duck|Global Alliance And Treaty Organization|10003|Brown|Approved|0|100|0|7/16/2025 8:10:32 PM|Financial Assistance|4978787|
597809|Duncan007|The Realm of Light|Global Alliance And Treaty Organization|10003|Brown|14735|jsims8|DeKalb|Global Alliance and Treaty Organization|10003|Brown|Approved|0|100|0|7/16/2025 8:09:01 PM|Financial Assistance|4978786|
277593|falconer360|Gondowan|CLAWS|15841|Purple|637264|RiddervanGelre|Nieuw Gelre|CLAWS|15841|Black|Approved|9000000|0|0|7/16/2025 7:13:09 PM|Tech deal 9/100|4978785|
230895|TCTriangle|Taninsania|Non Grata|10097|Maroon|590806|vocalese|Vocalese|The Imperial Entente|16809|Maroon|Approved|9000000|0|0|7/16/2025 7:10:41 PM|Tech Circle|4978784|
582992|Troopa|Southland|New Pacific Order|10000|Red|626040|Rewan Demontay|Panagouge|New Pacific Order|10000|Red|Approved|0|100|0|7/16/2025 7:08:08 PM|Vallum Aelium|4978783|
602552|atliis|Silvertown|Independent Republic Of Orange Nations|10004|Orange|605023|JuggernautMD|Framework|Independent Republic Of Orange Nations|10004|Orange|Approved|0|100|0|7/16/2025 7:06:06 PM|ITF|4978782|
602552|atliis|Silvertown|Independent Republic Of Orange Nations|10004|Orange|374610|Captain Crozier|Dime Store Novena|Independent Republic Of Orange Nations|10004|Orange|Approved|0|100|0|7/16/2025 7:05:32 PM|ITF|4978781|
621029|Le Trout|Lambo Lambo Lambo|Post Grunge Supergroup|16367|Brown|36287|SirWilliam|Blissfields|Post Grunge Supergroup|16367|Brown|Approved|9000000|0|0|7/16/2025 7:02:15 PM|9m/100t YEET|4978780|
58119|Laserwolf|Ellisonia|Global Alliance and Treaty Organization|10003|Brown|588353|FieryVixen|Craptonia|Global Alliance And Treaty Organization|10003|Brown|Approved|6000000|0|0|7/16/2025 6:56:32 PM|6 Mil Tech deal|4978779|
58119|Laserwolf|Ellisonia|Global Alliance and Treaty Organization|10003|Brown|597809|Duncan007|The Realm of Light|Global Alliance And Treaty Organization|10003|Brown|Approved|6000000|0|0|7/16/2025 6:56:15 PM|6 Mil Tech deal|4978778|
580046|Body Jryant|Conservative South|Christian Coalition Of Countries|10028|Maroon|554646|A1ph4 0m3ga|Paradisia|Christian Coalition Of Countries|10028|Maroon|Approved|0|100|0|7/16/2025 6:55:41 PM|VEP|4978777|
405936|Griffy|Rememberence|Global Alliance And Treaty Organization|10003|Brown|429171|Inquisitor Gaunt|Cult Imperialis|Global Alliance And Treaty Organization|10003|Brown|Approved|0|100|0|7/16/2025 6:51:11 PM|Financial Assistance|4978776|
130031|Matto|Epointe|Federation of Armed Nations|10021|Yellow|645261|kinmckhatch|dudeydudeworld|Federation Of Armed Nations|10021|Yellow|Approved|9000000|0|4000|7/16/2025 6:45:07 PM|Financial Assistance|4978775|
176740|Apolloyon|Logres|Post Grunge Supergroup|16367|None|326273|Red Rebel|Pi Lambda Phi|Madlads Union|17130|Brown|Approved|0|100|0|7/16/2025 6:36:00 PM|Financial Assistance|4978774|
72766|Gofastleft|Racesteria|Non Grata|10097|Maroon|623644|Van Hoo X|Hoovokia|Non Grata|10097|White|Approved|9000000|0|0|7/16/2025 6:20:13 PM|Tech|4978773|
646738|TechLord|TechLord|The Legion|10020|Purple|439338|kajkajete|Rheinlander|The Legion|10020|Purple|Approved|0|100|0|7/16/2025 6:07:52 PM|Financial Assistance|4978772|
388182|lucky6|Direct Impingement|Federation of Armed Nations|10021|Yellow|593353|Kitkat16|Sofie|NATO|10037|Blue|Approved|0|100|0|7/16/2025 6:07:25 PM|Financial Assistance|4978771|
388182|lucky6|Direct Impingement|Federation of Armed Nations|10021|Yellow|63284|Kills with Fire|New Highlands|Federation of Armed Nations|10021|Yellow|Pending|0|100|0|7/16/2025 6:07:08 PM|Financial Assistance|4978770|
646135|Sokar|Delmak|Global Alliance And Treaty Organization|10003|Brown|86974|Mad Mike|Mikeville|Global Alliance And Treaty Organization|10003|Brown|Approved|0|100|0|7/16/2025 6:04:10 PM|Financial Assistance|4978769|
197161|Juleandor|Kleptoville|The Legion|10020|Purple|646453|Fortune|Protea|The Legion|10020|Purple|Approved|6000000|0|0|7/16/2025 6:03:57 PM|Legion Trade|4978768|
646135|Sokar|Delmak|Global Alliance And Treaty Organization|10003|Brown|313301|MK4Slowride|MK4Slowride|Global Alliance And Treaty Organization|10003|Brown|Approved|0|100|0|7/16/2025 6:03:48 PM|Financial Assistance|4978767|
542485|RedQueen|Myotistan|Post Grunge Supergroup|16367|Brown|632435|Lordsmallballs|Acadian States|Post Grunge Supergroup|16367|Brown|Approved|0|100|0|7/16/2025 5:50:46 PM|Financial Assistance|4978766|
542485|RedQueen|Myotistan|Post Grunge Supergroup|16367|Brown|634963|Trout87|Birchy Head|Post Grunge Supergroup|16367|Black|Approved|0|100|0|7/16/2025 5:50:20 PM|Financial Assistance|4978765|
264926|Ken T Kent|Codopia|Fark|10002|Aqua|428668|EViL0nE|Hivestonia|Fark|10002|Aqua|Approved|0|100|0|7/16/2025 5:48:13 PM|Financial Assistance|4978764|
264926|Ken T Kent|Codopia|Fark|10002|Aqua|254501|gijoe|atlantis awakens|Fark|10002|Aqua|Approved|0|100|0|7/16/2025 5:48:06 PM|Financial Assistance|4978763|
264926|Ken T Kent|Codopia|Fark|10002|Aqua|319343|realpal|REALPAL|Fark|10002|Aqua|Approved|0|100|0|7/16/2025 5:48:00 PM|Financial Assistance|4978762|
180664|Vhalen|LongitudeLatitude|The Dark Templar|10056|Black|635568|ReForce|Axors|The Dark Templar|10056|Black|Approved|9000000|0|0|7/16/2025 5:27:31 PM|DT Aid|4978761|
19959|Elegarth|NewHeavens|New Pacific Order|10000|Red|633137|International Waters|International Waters|New Pacific Order|10000|Red|Approved|9000000|0|0|7/16/2025 5:18:38 PM|Bankroll|4978760|
19959|Elegarth|NewHeavens|New Pacific Order|10000|Red|612177|DannyVee|Cvetko|New Pacific Order|10000|Red|Approved|9000000|0|0|7/16/2025 5:18:25 PM|QT Pay|4978759|
19959|Elegarth|NewHeavens|New Pacific Order|10000|Red|620667|Rosey Song|Llandy|New Pacific Order|10000|Red|Pending|9000000|0|0|7/16/2025 5:18:14 PM|Rising Stars|4978758|
19959|Elegarth|NewHeavens|New Pacific Order|10000|Red|535709|Pressure|Newton|New Pacific Order|10000|Red|Approved|9000000|0|0|7/16/2025 5:17:58 PM|Bankroll|4978757|
83518|Johnny Apocalypse|Anubia|Global Alliance And Treaty Organization|10003|Brown|529189|Combat Pope|Vaticana|Global Alliance And Treaty Organization|10003|Brown|Approved|9000000|0|0|7/16/2025 4:53:38 PM|Financial Assistance|4978756|
326273|Red Rebel|Pi Lambda Phi|Madlads Union|17130|Brown|646439|Sagetheml|Santa Marco|Madlads Union|17130|Brown|Approved|6000000|0|0|7/16/2025 4:51:11 PM|Free Money|4978755|
205980|deathbiter|Arrakis2|The Legion|10020|Purple|646453|Fortune|Protea|The Legion|10020|Purple|Approved|6000000|0|0|7/16/2025 4:35:59 PM|Financial Assistance|4978754|
590030|toledomike|BUGANATION|CLAWS|15841|Black|624103|Wolf Man|Nuke Inc|CLAWS|15841|Black|Approved|0|100|0|7/16/2025 4:12:30 PM|Financial Assistance|4978751|
407657|Shtanto|Shtanto|Non Grata|10097|Maroon|567239|GrumpyOldFool|Sugarstan|Fark|10002|Aqua|Approved|9000000|0|0|7/16/2025 4:05:48 PM|Tech Deal 9/100|4978750|
132067|Merick|Panamkey|The Templar Knights|10012|Maroon|604565|New Reverie|Hollow Land|Random Insanity Alliance|10038|Maroon|Approved|0|100|0|7/16/2025 4:04:51 PM|Financial Assistance|4978749|
643887|SilenttShadow27|Temnota|NATO|10037|Blue|206879|Platinumviper|Bekaa|NATO|10037|Blue|Approved|0|100|0|7/16/2025 4:04:18 PM|Cupcakes &amp; techz &lt;3|4978748|
257166|Yggdrazil|Ginginugap|Independent Republic Of Orange Nations|10004|Orange|575517|asrdragon|freudesch|Independent Republic Of Orange Nations|10004|Orange|Approved|0|100|0|7/16/2025 3:56:57 PM|itf|4978747|
257166|Yggdrazil|Ginginugap|Independent Republic Of Orange Nations|10004|Orange|234325|Ben Gates|TreasureLand|Independent Republic Of Orange Nations|10004|Orange|Approved|0|100|0|7/16/2025 3:56:10 PM|itf|4978746|
232881|Yashem|Yashemia|New Pacific Order|10000|Red|581758|Tiberius|Nuke Town|New Pacific Order|10000|Red|Approved|0|100|0|7/16/2025 3:56:05 PM|Vallum Aelium|4978745|
232881|Yashem|Yashemia|New Pacific Order|10000|Red|626040|Rewan Demontay|Panagouge|New Pacific Order|10000|Red|Approved|0|100|0|7/16/2025 3:55:59 PM|Vallum Aelium|4978744|
533273|AkkenNovikov|NewJersey|Madlads Union|17130|Brown|640620|Frioz|Lusitania Portugalia|Post Grunge Supergroup|16367|Brown|Approved|9000000|0|0|7/16/2025 3:35:30 PM|9mil 100t|4978743|
533273|AkkenNovikov|NewJersey|Madlads Union|17130|Brown|645688|Queen Victoria Hale|Kingdom of Thalassia|Post Grunge Supergroup|16367|Brown|Approved|6000000|0|0|7/16/2025 3:34:59 PM|6mil 100t|4978742|
533273|AkkenNovikov|NewJersey|Madlads Union|17130|Brown|621029|Le Trout|Lambo Lambo Lambo|Post Grunge Supergroup|16367|Brown|Approved|9000000|0|0|7/16/2025 3:34:34 PM|9mil toot|4978741|
533273|AkkenNovikov|NewJersey|Madlads Union|17130|Brown|646439|Sagetheml|Santa Marco|Madlads Union|17130|Brown|Approved|6000000|0|0|7/16/2025 3:33:53 PM|Financial Assistance|4978740|
260817|MamazlilMistake|Happy Hunting Ground|Non Grata|10097|Maroon|645844|Dario the Great|Darioland|Non Grata|10097|Maroon|Approved|9000000|0|0|7/16/2025 3:32:45 PM|techs|4978739|
159192|Matt Bowen|Bowenland|Knights Of The Round Table|10092|Green|645274|GRATHGFRT|zUTIA|Knights Of The Round Table|10092|Green|Approved|9000000|0|1|7/16/2025 3:14:09 PM|Tech Deal $9M/100 Tech|4978738|
592036|LordSanix|Citroto|Freehold of The Wolves|15157|White|631272|Jordo|Omicron Persei 8|Freehold of The Wolves|15157|White|Approved|9000000|0|0|7/16/2025 2:48:04 PM|VEP|4978737|
592036|LordSanix|Citroto|Freehold of The Wolves|15157|White|231352|Wippeli|Wippelandia|Freehold of The Wolves|15157|White|Approved|9000000|0|0|7/16/2025 2:47:32 PM|VEP|4978736|
592036|LordSanix|Citroto|Freehold of The Wolves|15157|White|643887|SilenttShadow27|Temnota|NATO|10037|Blue|Approved|9000000|0|0|7/16/2025 2:47:09 PM|VEP|4978735|
641533|Haamu|Sampo|WWF|14310|Blue|380432|dimaradona|Piedra Negra|Green Protection Agency|10041|Green|Approved|0|100|0|7/16/2025 2:39:12 PM|Financial Assistance|4978734|
471972|Monkzaon|Ecliptonia|United Equestria|10101|Pink|137097|htmlmaster|Technopolis|Argent|10063|Pink|Approved|0|100|0|7/16/2025 2:05:47 PM|Tech|4978733|
471972|Monkzaon|Ecliptonia|United Equestria|10101|Pink|380255|Vaslov|UFPNS|Argent|10063|Pink|Approved|0|100|0|7/16/2025 2:05:29 PM|Tech|4978732|
611967|Mirin Kamar|Kamaroon|The Legion|10020|Purple|439338|kajkajete|Rheinlander|The Legion|10020|Purple|Approved|0|100|0|7/16/2025 2:05:15 PM|Financial Assistance|4978731|
611967|Mirin Kamar|Kamaroon|The Legion|10020|Purple|638311|FightingSioux405|New Whitehall|The Legion|10020|Purple|Approved|0|100|0|7/16/2025 2:04:45 PM|Financial Assistance|4978730|
611967|Mirin Kamar|Kamaroon|The Legion|10020|Purple|373827|VLs Revenge|Revengia|The Legion|10020|Purple|Approved|0|100|0|7/16/2025 2:04:21 PM|Financial Assistance|4978729|
646297|Snorkel|Rockies Folk State|Nuclear Proliferation League|17228|Aqua|430606|KemMo|Maurinaria|Nuclear Proliferation League|17228|Aqua|Approved|0|100|0|7/16/2025 1:48:59 PM|Tech delivery|4978728|
641537|Probably Mochi|Kap Land|Doom Squad|16454|Black|281387|Thud III|Thudsylvania|CLAWS|15841|Black|Approved|0|100|0|7/16/2025 1:48:13 PM|Financial Assistance|4978727|
641537|Probably Mochi|Kap Land|Doom Squad|16454|Black|51153|chiles|The UFOC|CLAWS|15841|Black|Approved|0|100|0|7/16/2025 1:47:55 PM|Financial Assistance|4978726|
18236|javaswiller|swillerland|Freehold of The Wolves|15157|White|638815|BushyBeaver|Beaveland|NATO|10037|Blue|Approved|9000000|0|0|7/16/2025 1:45:59 PM|Valyrian Aid|4978725|
225241|Admiral Alexander|The CommonWealthCW|The Wolves|16660|Maroon|644461|Aran Belmont|Metroidvania|Veneris|17356|White|Approved|9000000|0|0|7/16/2025 1:36:26 PM|Tech Deal 9/100|4978724|
12501|onbekende|Kapellen|Independent Republic of Orange Nations|10004|Orange|183802|nikko|Knossos|Independent Republic Of Orange Nations|10004|Orange|Approved|0|100|0|7/16/2025 1:24:46 PM|ITF|4978723|
12501|onbekende|Kapellen|Independent Republic of Orange Nations|10004|Orange|87890|Formanj|Norvegs Trøndelag|Independent Republic of Orange Nations|10004|Orange|Approved|0|100|0|7/16/2025 1:24:03 PM|ITF|4978722|
12501|onbekende|Kapellen|Independent Republic of Orange Nations|10004|Orange|575517|asrdragon|freudesch|Independent Republic Of Orange Nations|10004|Orange|Approved|0|100|0|7/16/2025 1:22:32 PM|ITF|4978721|
12501|onbekende|Kapellen|Independent Republic of Orange Nations|10004|Orange|234325|Ben Gates|TreasureLand|Independent Republic Of Orange Nations|10004|Orange|Approved|0|100|0|7/16/2025 1:22:12 PM|ITF|4978720|
12501|onbekende|Kapellen|Independent Republic of Orange Nations|10004|Orange|374610|Captain Crozier|Dime Store Novena|Independent Republic Of Orange Nations|10004|Orange|Approved|0|100|0|7/16/2025 1:20:47 PM|ITF|4978719|
229836|apemax|smugglers and mercs|The Imperial Order|10082|Blue|638815|BushyBeaver|Beaveland|NATO|10037|Blue|Approved|9000000|0|0|7/16/2025 1:07:19 PM|VEP Tech Deal|4978718|
646145|ScootDootson|UnitedPeoplesOfDoot|Goldenrod Accords|17406|Green|629286|Flycatcher|Sacania|Freehold of The Wolves|15157|White|Approved|0|100|0|7/16/2025 1:01:19 PM|VEP|4978717|
527097|Galerion|blighty|Freehold of The Wolves|15157|White|643887|SilenttShadow27|Temnota|NATO|10037|Blue|Approved|9000000|0|0|7/16/2025 12:55:32 PM|Valyrian Aid|4978716|
527097|Galerion|blighty|Freehold of The Wolves|15157|White|638815|BushyBeaver|Beaveland|NATO|10037|Blue|Approved|9000000|0|0|7/16/2025 12:55:17 PM|Valyrian Aid|4978715|
583069|Embowaf|Ilium|Mostly Harmless Alliance|14879|Aqua|638815|BushyBeaver|Beaveland|NATO|10037|Blue|Approved|9000000|0|0|7/16/2025 12:35:25 PM|VEP|4978714|
583069|Embowaf|Ilium|Mostly Harmless Alliance|14879|Aqua|630683|Queen Aurore|Turnopia|Christian Coalition Of Countries|10028|Maroon|Approved|9000000|0|0|7/16/2025 12:35:10 PM|VEP|4978713|
635306|koumail|Aesperia|Nordreich|11319|Maroon|501403|Trebs|Trebs|Nordreich|11319|Maroon|Approved|0|100|0|7/16/2025 12:34:50 PM|Financial Assistance|4978712|
636336|Stelth|White Mountain|Union Of Communist Republics|10060|Brown|36287|SirWilliam|Blissfields|Post Grunge Supergroup|16367|Brown|Approved|9000000|0|0|7/16/2025 12:09:12 PM|Financial Assistance|4978711|
573111|Al Bundy|bundyville|The Wolves|16660|Maroon|645139|4 Marzo|Nuova Sicilia|Veneris|17356|White|Approved|9000000|0|0|7/16/2025 11:50:13 AM|9/100|4978710|
573111|Al Bundy|bundyville|The Wolves|16660|Maroon|646049|Sophie van der Meer|Neue Libertatia|Veneris|17356|White|Approved|6000000|0|0|7/16/2025 11:49:58 AM|6/100|4978709|
573111|Al Bundy|bundyville|The Wolves|16660|Maroon|646155|ka tthem|chaosempire|The Wolves|16660|White|Approved|6000000|0|0|7/16/2025 11:49:44 AM|6/100|4978708|
329142|Donada|Hobis|Argent|10063|Pink|486033|CobaltBlazer|Cobalt27|United Equestria|10101|Pink|Approved|9000000|0|0|7/16/2025 11:45:51 AM|Again?|4978707|
329142|Donada|Hobis|Argent|10063|Pink|533961|zilocke|Zilandia|Mostly Harmless Alliance|14879|Blue|Approved|9000000|0|0|7/16/2025 11:45:10 AM|Again?|4978706|
144192|Sagha|Nickelattia|Non Grata|10097|Maroon|646950|KarmaBlaster|NoNameIstan|Non Grata|10097|Maroon|Approved|6000000|0|0|7/16/2025 11:39:00 AM|6mil for 100 tech deal|4978705|
39465|King Tom|king Tom|NATO|10037|Blue|630683|Queen Aurore|Turnopia|Christian Coalition Of Countries|10028|Maroon|Approved|9000000|0|0|7/16/2025 11:22:25 AM|vep|4978704|
632937|informator|Ukrainians|Knights Of The Round Table|10092|Green|331985|aljabarian|CrabMan|Knights Of The Round Table|10092|Green|Approved|0|100|0|7/16/2025 10:57:08 AM|Technology Assistance|4978703|
586922|WileyXero|Wiley|CLAWS|15841|Black|647002|Akshar|Federation of Deli|CLAWS|15841|Black|Approved|6000000|0|0|7/16/2025 10:51:01 AM|Financial Assistance|4978702|
586922|WileyXero|Wiley|CLAWS|15841|Black|645607|vincentchuking|vincent|The Phoenix Federation|17385|Black|Approved|6000000|0|0|7/16/2025 10:49:38 AM|6mill/100tech|4978701|
586922|WileyXero|Wiley|CLAWS|15841|Black|637264|RiddervanGelre|Nieuw Gelre|CLAWS|15841|Black|Approved|9000000|0|0|7/16/2025 10:49:30 AM|9m/100tech?|4978700|
586922|WileyXero|Wiley|CLAWS|15841|Black|627747|bretrun|Togrador|CLAWS|15841|Black|Approved|9000000|0|0|7/16/2025 10:49:22 AM|9m/100tech?|4978699|
645740|ShadowSleeper|Noevgono|Nuclear Proliferation League|17228|Aqua|362361|Gofast2006|Pioneer Village|Nuclear Proliferation League|17228|Aqua|Approved|0|100|0|7/16/2025 10:32:13 AM|Financial Assistance|4978697|
88398|thepunk|thepunk|Federation Of Armed Nations|10021|Yellow|630683|Queen Aurore|Turnopia|Christian Coalition Of Countries|10028|Maroon|Approved|9000000|0|0|7/16/2025 10:26:09 AM|Financial Assistance|4978696|
473088|JuiceBox|Phoenix Isle|Non Grata|10097|Maroon|623644|Van Hoo X|Hoovokia|Non Grata|10097|White|Approved|9000000|0|0|7/16/2025 10:26:06 AM|Financial Assistance|4978695|
132439|Magus Rules|Magusland|New Pacific Order|10000|Red|642107|xUnwanteDx|xNazaricKx|New Pacific Order|10000|Red|Approved|9000000|0|0|7/16/2025 9:58:46 AM|Bankroll|4978694|
132439|Magus Rules|Magusland|New Pacific Order|10000|Red|612177|DannyVee|Cvetko|New Pacific Order|10000|Red|Approved|9000000|0|0|7/16/2025 9:58:38 AM|QT Pay|4978693|
644206|RubyGloom|Big Scania|COBRA|13717|Green|481922|Saphyre|GemStone|CLAWS|15841|Black|Approved|0|100|0|7/16/2025 9:49:43 AM|Financial Assistance|4978692|
644206|RubyGloom|Big Scania|COBRA|13717|Green|567361|GradyTheGreat|Secundo Tonku|CLAWS|15841|Black|Pending|0|100|0|7/16/2025 9:49:26 AM|Financial Assistance|4978691|
643449|Esabbi|Liberation Islands|Post Grunge Supergroup|16367|Brown|53832|Starcraftmazter|DPRK|The Dark Templar|10056|Black|Approved|0|100|0|7/16/2025 9:40:51 AM|Tech deal 100t/9m|4978690|
639165|Otto Die Heilige|Holy Roman Reich|The Prussian Empire|14204|Green|618698|Arminius Cheruski|Germania Magna|The Prussian Empire|14204|Green|Approved|0|100|0|7/16/2025 9:37:43 AM|Financial Assistance|4978689|
639165|Otto Die Heilige|Holy Roman Reich|The Prussian Empire|14204|Green|384577|wayoik|SunOase|Knights Of The Round Table|10092|Green|Approved|0|100|0|7/16/2025 9:37:01 AM|Financial Assistance|4978688|
69978|Garbunkel|Gravillia|CLAWS|15841|Black|647002|Akshar|Federation of Deli|CLAWS|15841|Black|Approved|6000000|0|0|7/16/2025 9:35:48 AM|Claws Welcome Package|4978687|
628583|Dopes|Slaptico|Church of the Holy Platypus|17265|Brown|273692|Pope Bubba XIII|Rebel Virginia|Non Grata|10097|Maroon|Approved|0|100|0|7/16/2025 9:33:15 AM|Techsual healing|4978686|
570802|IlDuce|ItaliaSS|CLAWS|15841|Black|632798|KYBALION|HVITIRDREKAR|Knights Of The Round Table|10092|Green|Approved|0|100|0|7/16/2025 9:23:02 AM|Deal|4978685|
645139|4 Marzo|Nuova Sicilia|Veneris|17356|White|225241|Admiral Alexander|The CommonWealthCW|The Wolves|16660|Maroon|Approved|0|100|0|7/16/2025 9:17:06 AM|Financial Assistance|4978683|
645139|4 Marzo|Nuova Sicilia|Veneris|17356|White|583014|Rothaic|Munrovia|The Wolves|16660|Maroon|Approved|0|100|0|7/16/2025 9:16:46 AM|Financial Assistance|4978682|
646892|Kamva|Zaire Republic|Nuclear Proliferation League|17228|Aqua|129864|Mike the Greatest|Palookastan|Nuclear Proliferation League|17228|Maroon|Pending|0|100|0|7/16/2025 9:14:31 AM|Financial Assistance|4978681|
646892|Kamva|Zaire Republic|Nuclear Proliferation League|17228|Aqua|518299|President Nathanael|Meracia|Nuclear Proliferation League|17228|Black|Pending|0|100|0|7/16/2025 9:14:09 AM|Financial Assistance|4978680|
527310|Canik|Tiny Nation|Freehold of The Wolves|15157|White|445432|andrewb610|Brennana1|Freehold of The Wolves|15157|White|Approved|0|100|0|7/16/2025 9:12:44 AM|VEP Tech|4978679|
527310|Canik|Tiny Nation|Freehold of The Wolves|15157|White|324421|Einer|Jesusland|Mostly Harmless Alliance|14879|White|Approved|0|100|0|7/16/2025 9:07:35 AM|VEP Tech|4978678|
281387|Thud III|Thudsylvania|CLAWS|15841|Black|647002|Akshar|Federation of Deli|CLAWS|15841|Black|Approved|6000000|0|0|7/16/2025 8:46:53 AM|Financial Assistance|4978677|
119735|smusmu|Smustra|Sparta|10008|Black|509652|Tombark|Krispy|Sparta|10008|Black|Approved|9000000|0|0|7/16/2025 8:46:39 AM|Tech Deal|4978676|
447303|Terminator|USSROK|CLAWS|15841|Aqua|647002|Akshar|Federation of Deli|CLAWS|15841|Black|Approved|6000000|0|0|7/16/2025 8:42:40 AM|Financial Assistance|4978675|
293406|Jeffimus|Smoothwater|The Dark Templar|10056|Black|33116|+Zeke+|Iron Heart|The Dark Templar|10056|Black|Approved|0|100|0|7/16/2025 8:35:12 AM|Financial Assistance|4978674|
508630|notkintoot|particle|Nuclear Proliferation League|17228|Aqua|645985|CaboMabo|CaboMabo|Nuclear Proliferation League|17228|Aqua|Approved|9000000|100|0|7/16/2025 8:27:29 AM|Donation deal 5/11|4978673|
567361|GradyTheGreat|Secundo Tonku|CLAWS|15841|Black|647002|Akshar|Federation of Deli|CLAWS|15841|Black|Approved|6000000|0|0|7/16/2025 8:23:02 AM|6/100|4978672|
646307|Hermes Observer|Radchaai|Doombrella|17368|Black|503436|StevieG|Dinglebay|Doombrella|17368|Black|Approved|0|100|0|7/16/2025 8:06:30 AM|Financial Assistance|4978671|
32861|Drachonum|drachonia|Global Alliance and Treaty Organization|10003|Brown|646808|Siccicbat|Centerra|Global Alliance And Treaty Organization|10003|Brown|Approved|6000000|0|0|7/16/2025 8:02:49 AM|Financial Assistance|4978670|
247054|shivamuck|Iarlean|Knights Of The Round Table|10092|Green|606786|The Milkmaid|Dun Holm|Knights Of The Round Table|10092|White|Approved|9000000|0|0|7/16/2025 8:01:58 AM|for methane free cows ;) |4978669|
645804|La Mismidad|Libertaris|New Pacific Order|10000|Red|581758|Tiberius|Nuke Town|New Pacific Order|10000|Red|Approved|0|100|0|7/16/2025 8:00:07 AM|Vallum Aelium|4978668|
640189|Jeeves|Only Cool People|COBRA|13717|Brown|533273|AkkenNovikov|NewJersey|Madlads Union|17130|Brown|Approved|0|100|0|7/16/2025 7:56:44 AM|Financial Assistance|4978667|
640189|Jeeves|Only Cool People|COBRA|13717|Brown|207347|Arcane|Arcania|Fark|10002|Aqua|Approved|0|100|0|7/16/2025 7:56:28 AM|Financial Assistance|4978666|
640189|Jeeves|Only Cool People|COBRA|13717|Brown|445021|Mogar|Mogatopia|COBRA|13717|Brown|Approved|0|100|0|7/16/2025 7:56:21 AM|Financial Assistance|4978665|
621283|SukinGame|FreeRedthai|Interkosmos|16298|Red|526716|Lev Trotsky|Nikolayev SSR|Interkosmos|16298|Green|Approved|0|100|0|7/16/2025 7:54:49 AM|Financial Assistance|4978664|
231614|Frey the Great|Freytopia|The Legion|10020|Purple|616289|Kingzing|Glister|The Legion|10020|Purple|Approved|9000000|0|0|7/16/2025 7:50:29 AM|Financial Assistance|4978663|
599547|LongFist|Gemini Technocracy|New Polar Order|10006|Maroon|588171|Justine27|Zeronia|New Polar Order|10006|Blue|Approved|0|100|0|7/16/2025 7:44:11 AM|ICECAP Tech|4978662|
599547|LongFist|Gemini Technocracy|New Polar Order|10006|Maroon|100705|Linden16|Kiljarit|New Polar Order|10006|Blue|Approved|0|100|0|7/16/2025 7:43:54 AM|ICECAP Tech|4978661|
599547|LongFist|Gemini Technocracy|New Polar Order|10006|Maroon|166467|KittyPride207|BlackAngels|New Polar Order|10006|Blue|Approved|0|100|0|7/16/2025 7:43:23 AM|ICECAP Tech|4978660|
394625|Empress Elizabeth|DeWitt|Global Alliance And Treaty Organization|10003|Brown|568795|Greywall|The Westfold|Global Alliance And Treaty Organization|10003|Brown|Approved|9000000|0|0|7/16/2025 7:36:22 AM|Financial Assistance|4978659|
646681|Jokkeh|Andebu Technocracy|New Pacific Order|10000|Red|581758|Tiberius|Nuke Town|New Pacific Order|10000|Red|Approved|0|100|0|7/16/2025 7:35:40 AM|Vallum Aelium|4978658|
132715|DFA MrFox|DFA MrFox|Freehold of The Wolves|15157|White|592036|LordSanix|Citroto|Freehold of The Wolves|15157|White|Approved|0|100|0|7/16/2025 7:35:37 AM|Valyrian Aid|4978657|
646681|Jokkeh|Andebu Technocracy|New Pacific Order|10000|Red|366247|Polgas|Novasea|New Pacific Order|10000|Red|Approved|0|100|0|7/16/2025 7:35:36 AM|QT Tech|4978656|
646681|Jokkeh|Andebu Technocracy|New Pacific Order|10000|Red|626040|Rewan Demontay|Panagouge|New Pacific Order|10000|Red|Approved|0|100|0|7/16/2025 7:35:31 AM|Vallum Aelium|4978655|
497000|Democzar|frequathrive|Global Alliance And Treaty Organization|10003|Brown|568795|Greywall|The Westfold|Global Alliance And Treaty Organization|10003|Brown|Approved|9000000|0|0|7/16/2025 7:32:30 AM|Financial Assistance|4978654|
280326|Scytale|Tleilax|Fark|10002|Aqua|533961|zilocke|Zilandia|Mostly Harmless Alliance|14879|Blue|Approved|9000000|0|0|7/16/2025 7:31:09 AM|tech|4978653|
231352|Wippeli|Wippelandia|Freehold of The Wolves|15157|White|240549|Codark|Codainia|Freehold of The Wolves|15157|White|Approved|0|100|0|7/16/2025 7:25:19 AM|VEP|4978652|
231352|Wippeli|Wippelandia|Freehold of The Wolves|15157|White|141175|Kaiser Willis|Kryton|Freehold of The Wolves|15157|White|Approved|0|100|0|7/16/2025 7:25:03 AM|VEP|4978651|
273254|unstpblpimp|unstpblpimp|Global Alliance and Treaty Organization|10003|Brown|646756|DyneVeilstone|Felis Felicitas|Global Alliance And Treaty Organization|10003|Brown|Approved|6000000|0|0|7/16/2025 7:16:09 AM|Financial Assistance|4978650|
144157|Sarkin|My Hero Party|The Dark Templar|10056|Black|644785|Optimus881|Wakanda881|Post Grunge Supergroup|16367|Brown|Approved|9000000|0|0|7/16/2025 7:14:48 AM|Tech deal|4978649|
144157|Sarkin|My Hero Party|The Dark Templar|10056|Black|639843|TheChickenRun|Costco Wholesale|The Dark Templar|10056|Black|Approved|9000000|0|0|7/16/2025 7:14:39 AM|Tech deal|4978648|
627412|Jason Radix|Radix|The Dark Templar|10056|Black|70316|Myworld|Stealth Kingdom|The Dark Templar|10056|Black|Approved|0|100|0|7/16/2025 7:09:44 AM|Financial Assistance|4978647|
596901|Malic|Veridia|Non Grata|10097|Maroon|622072|Tmac73|Norway2|Non Grata|10097|Maroon|Approved|6000000|0|0|7/16/2025 6:53:52 AM|6M for 100 Tech|4978646|
646383|Son Of Him|Land of Forever|Catholic Reich|17311|Black|606462|Iamjust0ne|Senstown|Doom Squad|16454|Black|Approved|0|100|0|7/16/2025 6:49:55 AM|Financial Assistance|4978645|
288430|jrsyboy|toqueville|Non Grata|10097|Maroon|631569|CaesarGorandius|Ohiostan|Non Grata|10097|Maroon|Approved|9000000|0|0|7/16/2025 6:48:15 AM|Financial Assistance|4978644|
32861|Drachonum|drachonia|Global Alliance and Treaty Organization|10003|Brown|646756|DyneVeilstone|Felis Felicitas|Global Alliance And Treaty Organization|10003|Brown|Approved|6000000|0|0|7/16/2025 6:45:24 AM|Financial Assistance|4978643|
627722|Mustard Pougy|Frog Flats|Knights Of The Round Table|10092|Green|138858|Haart|Barbarica|The Templar Knights|10012|Maroon|Approved|0|100|0|7/16/2025 6:31:39 AM|A frog was here|4978642|
500125|Soxirella|Jusmania|Non Grata|10097|Maroon|626678|slothix|Kevin|Non Grata|10097|Maroon|Approved|9000000|0|0|7/16/2025 6:31:21 AM|Financial Assistance|4978641|
558202|Doug Henning|Magic Land|Nuclear Proliferation League|17228|Aqua|261397|Rampage3|United Liberocracy|Nuclear Proliferation League|17228|Aqua|Approved|0|100|0|7/16/2025 6:08:18 AM|Get Beefy|4978640|
646762|Kevlar|Sasquatch|Global Alliance And Treaty Organization|10003|Brown|580044|Sir Kiloist|Tiocfaidh ar la|Global Alliance And Treaty Organization|10003|Brown|Approved|0|100|0|7/16/2025 6:06:14 AM|Sweet squatch tech|4978639|
64687|Wootmeister|Wootrovia|Global Alliance And Treaty Organization|10003|Brown|646195|Ebaggerisintown|Tinneas Cinn|Global Alliance And Treaty Organization|10003|Brown|Approved|6000000|0|0|7/16/2025 6:03:12 AM|Tech Deal|4978638|
425377|Commander Ferraday|Ice Station Zebra|CLAWS|15841|Black|143998|planetary|planetarium|CLAWS|15841|Black|Approved|9000000|0|0|7/16/2025 5:30:44 AM|Planetary tech deal|4978637|
430606|KemMo|Maurinaria|Nuclear Proliferation League|17228|Aqua|646840|Elowen Tharne|Veridanya|Nuclear Proliferation League|17228|Aqua|Pending|9000000|0|0|7/16/2025 5:28:07 AM|9/100|4978636|
507771|MtPollux|The Monkey Kingdom|Nuclear Proliferation League|17228|Brown|645696|ChiefCarr|Gidgeedoo|Nuclear Proliferation League|17228|Aqua|Approved|9000000|0|0|7/16/2025 4:53:33 AM|for 100 tech|4978635|
646570|CiceroThePoet|Ismuth|NATO|10037|Blue|583069|Embowaf|Ilium|Mostly Harmless Alliance|14879|Aqua|Approved|0|100|0|7/16/2025 4:52:23 AM|vep|4978634|
646570|CiceroThePoet|Ismuth|NATO|10037|Blue|557687|gameoverclocker|kryzhome|NATO|10037|Blue|Approved|0|100|0|7/16/2025 4:51:38 AM|vep|4978633|
507771|MtPollux|The Monkey Kingdom|Nuclear Proliferation League|17228|Brown|645984|keyman|Bonland|Nuclear Proliferation League|17228|Aqua|Approved|9000000|0|0|7/16/2025 4:49:37 AM|for 100 tech|4978631|
507771|MtPollux|The Monkey Kingdom|Nuclear Proliferation League|17228|Brown|646839|rickm27|Balmoria|Nuclear Proliferation League|17228|Aqua|Approved|9000000|0|0|7/16/2025 4:46:38 AM|for 100 tech|4978630|
507771|MtPollux|The Monkey Kingdom|Nuclear Proliferation League|17228|Brown|646771|King Chocolate|Chocolate Cookie|Nuclear Proliferation League|17228|Aqua|Approved|9000000|0|0|7/16/2025 4:45:16 AM|for 100 tech|4978629|
507771|MtPollux|The Monkey Kingdom|Nuclear Proliferation League|17228|Brown|646240|WelpLOLoofE|Slavnia|Nuclear Proliferation League|17228|Black|Approved|9000000|0|0|7/16/2025 4:42:30 AM|for 100 tech|4978628|
590806|vocalese|Vocalese|The Imperial Entente|16809|Maroon|327088|spearo|Deep Blue|Non Grata|10097|Maroon|Approved|0|100|0|7/16/2025 4:41:45 AM|Financial Assistance|4978627|
590806|vocalese|Vocalese|The Imperial Entente|16809|Maroon|264911|tgilleland|Murdergascar|Non Grata|10097|Maroon|Approved|0|100|0|7/16/2025 4:41:22 AM|Financial Assistance|4978626|
643197|HoustonBeBack|Larsden|Nuclear Proliferation League|17228|Aqua|254775|Bionic redhead|Bionicus|Non Grata|10097|Aqua|Approved|0|100|0|7/16/2025 4:39:47 AM|9/100|4978625|
518469|Combmartin Mining Co|Combe Martin|Knights of the Round Table|10092|Green|635658|Chaotican|United CroatiaUC|Wurst Alliance|16919|Green|Approved|9000000|0|0|7/16/2025 4:33:21 AM|9/100 tech business|4978624|
407657|Shtanto|Shtanto|Non Grata|10097|Maroon|238472|Xerxes|New Persia|Non Grata|10097|Maroon|Approved|9000000|0|0|7/16/2025 4:31:01 AM|Tech Deal 9/100|4978623|
76627|shwampy|Barryteroria|Libertarian Socialist Federation|10027|White|326273|Red Rebel|Pi Lambda Phi|Madlads Union|17130|Brown|Approved|0|100|0|7/16/2025 4:19:55 AM|Another quality trade :)|4978621|
633989|Ernst S Blofeld|Blofeld Wineries|Knights Of The Round Table|10092|Aqua|644916|Alexander Falkor|Adalwolf|Post Grunge Supergroup|16367|Brown|Approved|9000000|0|0|7/16/2025 4:17:15 AM|Tech import?|4978620|
433854|Auctor|Wyrdgar|Doombrella|17368|Black|484851|enderland|Fields of Elysium|Doombrella|17368|Black|Approved|0|100|0|7/16/2025 4:16:19 AM|Financial Assistance|4978619|
380255|Vaslov|UFPNS|Argent|10063|Pink|533961|zilocke|Zilandia|Mostly Harmless Alliance|14879|Blue|Approved|9000000|0|0|7/16/2025 4:02:39 AM|Tech deal|4978618|
645082|TowerQueen|Turrim|New Pacific Order|10000|Red|581758|Tiberius|Nuke Town|New Pacific Order|10000|Red|Approved|0|100|0|7/16/2025 3:36:44 AM|Vallum Aelium|4978617|
492431|Lollerobot|Tigerblue|Knights Of The Round Table|10092|Green|635907|Yuan Tsui|Saulteran|The Prussian Empire|14204|Green|Approved|9000000|0|0|7/16/2025 3:35:08 AM|Penguin Aid|4978616|
101986|windir|Technology|Global Alliance and Treaty Organization|10003|Brown|83518|Johnny Apocalypse|Anubia|Global Alliance And Treaty Organization|10003|Brown|Approved|0|100|0|7/16/2025 3:26:41 AM|Tech deal 2/3|4978615|
568130|Bucky Carson|Santa Pecos|Knights Of The Round Table|10092|Green|644916|Alexander Falkor|Adalwolf|Post Grunge Supergroup|16367|Brown|Approved|9000000|0|0|7/16/2025 3:18:10 AM|Tech round up|4978614|
568130|Bucky Carson|Santa Pecos|Knights Of The Round Table|10092|Green|574720|tuhar|pastia|Knights Of The Round Table|10092|Green|Approved|9000000|0|0|7/16/2025 3:17:52 AM|Tech round up|4978613|
606786|The Milkmaid|Dun Holm|Knights Of The Round Table|10092|White|384577|wayoik|SunOase|Knights Of The Round Table|10092|Green|Approved|0|100|0|7/16/2025 3:08:41 AM|Wednesday dairy delivery|4978612|
637077|Promethixian|Promethixia|The Legion|10020|Purple|616289|Kingzing|Glister|The Legion|10020|Purple|Approved|9000000|0|0|7/16/2025 2:59:33 AM|Financial Assistance|4978611|
155817|MutedFaith|Faithoria|Non Grata|10097|Maroon|623644|Van Hoo X|Hoovokia|Non Grata|10097|White|Approved|9000000|0|0|7/16/2025 2:55:36 AM|Techdeal|4978610|
155817|MutedFaith|Faithoria|Non Grata|10097|Maroon|634903|ToasterOven|Pancake Republic|Non Grata|10097|Maroon|Approved|9000000|0|0|7/16/2025 2:55:13 AM|Techdeal|4978609|
559862|majestic ruler|pedro penduko|Argent|10063|Pink|646473|Pegasus Gold Saint|Saint Seiya|Veneris|17356|White|Approved|9000000|0|0|7/16/2025 2:52:50 AM|9 / 100 tech|4978608|
504045|Agravain Cardif|Dures Mains|Knights Of The Round Table|10092|Green|639275|Giultyspark|Arborija|Post Grunge Supergroup|16367|Brown|Approved|9000000|0|0|7/16/2025 2:50:30 AM|For tech sent 7/6/2025|4978607|
484657|Augustus Caesar|South Holland|Non Grata|10097|Maroon|584157|Sheekyz|Kingdom Of Xe|Non Grata|10097|Maroon|Approved|9000000|0|0|7/16/2025 2:48:09 AM|Financial Assistance|4978606|
569906|Tradewind|Republic of Bort|Viridian Entente|10010|Green|71592|upchuck|warmarding|Viridian Entente|10010|Green|Approved|0|100|0|7/16/2025 2:20:20 AM|Tech 1 of 2|4978605|
100248|Champcardon|Rudostan|Coalition of Royal Allied Powers|10051|Maroon|138858|Haart|Barbarica|The Templar Knights|10012|Maroon|Approved|0|100|0|7/16/2025 2:12:01 AM|Tech Payment|4978604|
100248|Champcardon|Rudostan|Coalition of Royal Allied Powers|10051|Maroon|348070|Chopin|Republic of Poland|Avalanche|10078|Blue|Approved|0|100|0|7/16/2025 2:11:47 AM|Tech Payment|4978603|
250983|Shakka Kahn|Shakka Land|Mostly Harmless Alliance|14879|Aqua|25527|Flembosh|Randall|Mostly Harmless Alliance|14879|Aqua|Approved|9000000|0|0|7/16/2025 2:05:22 AM|Tech deal|4978602|
629384|Cruspad the Younger|Cittagazze|CLAWS|15841|Black|86943|DenverDan|Greater Basin|CLAWS|15841|Black|Approved|0|100|0|7/16/2025 2:03:31 AM|Your Tech.|4978601|
629384|Cruspad the Younger|Cittagazze|CLAWS|15841|Black|187838|morrisons|scollotto|CLAWS|15841|Black|Approved|0|100|0|7/16/2025 2:03:12 AM|Your Tech.|4978600|
10287|Moriarty|Formosa|Knights Of The Round Table|10092|Green|641418|The Gingerbread Man|The edge of a wood|Knights Of The Round Table|10092|Green|Approved|9000000|0|0|7/16/2025 1:47:57 AM|Tech Deal|4978599|
143998|planetary|planetarium|CLAWS|15841|Black|86943|DenverDan|Greater Basin|CLAWS|15841|Black|Approved|0|100|0|7/16/2025 1:46:16 AM|techs|4978598|
633305|Angel Ray|Tecnia|Knights Of The Round Table|10092|Green|425240|Aqua Archon|Aquamark|Knights Of The Round Table|10092|Aqua|Approved|0|100|0|7/16/2025 1:37:57 AM|Tech deal|4978597|
633305|Angel Ray|Tecnia|Knights Of The Round Table|10092|Green|449283|Sir Benevale|Orangewall|Knights of the Round Table|10092|Green|Approved|0|100|0|7/16/2025 1:37:42 AM|Tech deal|4978596|
644461|Aran Belmont|Metroidvania|Veneris|17356|White|573111|Al Bundy|bundyville|The Wolves|16660|Maroon|Approved|0|100|0|7/16/2025 1:35:25 AM|Financial Assistance|4978595|
644461|Aran Belmont|Metroidvania|Veneris|17356|White|583014|Rothaic|Munrovia|The Wolves|16660|Maroon|Approved|0|100|0|7/16/2025 1:35:14 AM|Financial Assistance|4978594|
571873|Kal Asharak|Ceska Republik|Non Grata|10097|Maroon|582941|Cydonian Knight|Strodemia|Non Grata|10097|Maroon|Approved|9000000|100|0|7/16/2025 1:33:09 AM|NG Free Tech &amp; Cash|4978593|
571873|Kal Asharak|Ceska Republik|Non Grata|10097|Maroon|626980|Aspire|AspireFerty|Non Grata|10097|Maroon|Approved|9000000|100|0|7/16/2025 1:32:55 AM|NG Free Tech &amp; Cash|4978592|
571873|Kal Asharak|Ceska Republik|Non Grata|10097|Maroon|437823|zyberzpyder|Zyberia|Non Grata|10097|Maroon|Approved|9000000|100|0|7/16/2025 1:32:42 AM|NG Free Tech &amp; Cash|4978591|
571873|Kal Asharak|Ceska Republik|Non Grata|10097|Maroon|288430|jrsyboy|toqueville|Non Grata|10097|Maroon|Approved|9000000|100|0|7/16/2025 1:32:29 AM|NG Free Tech &amp; Cash|4978590|
571873|Kal Asharak|Ceska Republik|Non Grata|10097|Maroon|166207|Jekalle|Ranus|Non Grata|10097|Maroon|Approved|9000000|100|0|7/16/2025 1:32:15 AM|NG Free Tech &amp; Cash|4978589|
575517|asrdragon|freudesch|Independent Republic Of Orange Nations|10004|Orange|643876|LordInfamous|Swindlerstan|Independent Republic Of Orange Nations|10004|Orange|Approved|9000000|0|0|7/16/2025 1:32:13 AM|ITF|4978588|
571873|Kal Asharak|Ceska Republik|Non Grata|10097|Maroon|327088|spearo|Deep Blue|Non Grata|10097|Maroon|Approved|9000000|100|0|7/16/2025 1:32:01 AM|NG Free Tech &amp; Cash|4978587|
559191|Darksight1|ChineseEmpire|New Pacific Order|10000|Red|581758|Tiberius|Nuke Town|New Pacific Order|10000|Red|Approved|0|100|0|7/16/2025 1:23:54 AM|Vallum Aelium|4978586|
559191|Darksight1|ChineseEmpire|New Pacific Order|10000|Red|626040|Rewan Demontay|Panagouge|New Pacific Order|10000|Red|Approved|0|100|0|7/16/2025 1:23:50 AM|Vallum Aelium|4978585|
559191|Darksight1|ChineseEmpire|New Pacific Order|10000|Red|366247|Polgas|Novasea|New Pacific Order|10000|Red|Approved|0|100|0|7/16/2025 1:23:46 AM|QT Tech|4978584|
633062|SoloRocket|Rocket Republic|Post Grunge Supergroup|16367|Brown|637489|Osirispuprex|Osirispuprex|Post Grunge Supergroup|16367|Brown|Approved|9000000|0|0|7/16/2025 1:17:09 AM|tech 9/100|4978583|
639275|Giultyspark|Arborija|Post Grunge Supergroup|16367|Brown|425240|Aqua Archon|Aquamark|Knights Of The Round Table|10092|Aqua|Approved|0|100|0|7/16/2025 1:14:00 AM|Financial Assistance|4978582|
645707|The Goddess|Cotyttia|Veneris|17356|White|604565|New Reverie|Hollow Land|Random Insanity Alliance|10038|Maroon|Approved|0|100|0|7/16/2025 1:10:27 AM|Financial Assistance|4978581|
78691|konkrage1|konkrage1|The Legion|10020|Purple|373827|VLs Revenge|Revengia|The Legion|10020|Purple|Approved|0|100|0|7/16/2025 1:03:07 AM|Financial Assistance|4978580|
107572|oneeightytwo|d&#237;beartach|Fark|10002|Aqua|645740|ShadowSleeper|Noevgono|Nuclear Proliferation League|17228|Aqua|Approved|9000000|0|0|7/16/2025 12:54:37 AM|Financial Assistance|4978579|
630971|Jeremiah|CERAVA|Non Grata|10097|Maroon|264911|tgilleland|Murdergascar|Non Grata|10097|Maroon|Approved|0|100|0|7/16/2025 12:36:21 AM|Tech Delivery|4978578|
600902|HackSlash|NewFinlandia|Non Grata|10097|Maroon|622072|Tmac73|Norway2|Non Grata|10097|Maroon|Approved|6000000|0|0|7/16/2025 12:36:02 AM|Tech Deal 100/6 Mil|4978577|
624193|The1nonlykk|Biourja|Non Grata|10097|Maroon|469301|Lars Jorgens|Whale of a Time|Non Grata|10097|Maroon|Approved|0|100|0|7/16/2025 12:29:51 AM|Financial Assistance|4978576|
463046|Commander Asaiki Tam|Tora Tora|COBRA|13717|Maroon|624649|arif2016|TheIndomitableEmpire|COBRA|13717|Brown|Approved|9000000|0|0|7/16/2025 12:28:45 AM|tech deal|4978574|
463046|Commander Asaiki Tam|Tora Tora|COBRA|13717|Maroon|640191|Landowner|Free Land for Sale|COBRA|13717|Brown|Approved|9000000|0|0|7/16/2025 12:28:16 AM|tech deal|4978573|
646204|Tunne|minion|Knights Of The Round Table|10092|Green|531590|Ledon|Ledonia|Knights of the Round Table|10092|Green|Approved|0|100|0|7/16/2025 12:13:17 AM|Financial Assistance|4978572|
137646|Otto Stolz|Midgaard|The Legion|10020|Purple|616289|Kingzing|Glister|The Legion|10020|Purple|Approved|9000000|0|0|7/16/2025 12:07:03 AM|Financial Assistance|4978571|
273692|Pope Bubba XIII|Rebel Virginia|Non Grata|10097|Maroon|12258|Commissar Sendoa|Cataduanes|Non Grata|10097|Maroon|Approved|9000000|0|0|7/16/2025 12:04:22 AM|Tech|4978570|
310672|King Wally|Rep of Queensland|Nuclear Proliferation League|17228|Aqua|646839|rickm27|Balmoria|Nuclear Proliferation League|17228|Aqua|Approved|9000000|100|0|7/16/2025 12:03:17 AM|Free nuka beers!|4978569|
645525|GodKing Menes|Free Republic of Kem|Nuclear Proliferation League|17228|Aqua|645985|CaboMabo|CaboMabo|Nuclear Proliferation League|17228|Aqua|Approved|9000000|100|0|7/16/2025 12:02:22 AM|Repayment 6 of 10|4978568|
190480|Unruly|Republique de Buja|AGW Overlords|10043|Black|634256|I Win You Lose|I Win You Loose|The Phoenix Federation|17385|Black|Approved|9000000|0|0|7/15/2025 11:51:38 PM|Financial Assistance|4978567|
346487|phate408|Belgrade|The Legion|10020|Purple|616289|Kingzing|Glister|The Legion|10020|Purple|Approved|9000000|0|0|7/15/2025 11:31:42 PM|Financial Assistance|4978566|
646212|Immai|Steampower|Knights Of The Round Table|10092|Green|635357|Stephen Michael I|Yanceysylvania|Knights Of The Round Table|10092|Green|Approved|0|100|0|7/15/2025 10:52:21 PM|Financial Assistance|4978565|
645274|GRATHGFRT|zUTIA|Knights Of The Round Table|10092|Green|331985|aljabarian|CrabMan|Knights Of The Round Table|10092|Green|Approved|0|100|0|7/15/2025 10:46:29 PM|Financial Assistance|4978564|
518299|President Nathanael|Meracia|Nuclear Proliferation League|17228|Black|646636|New Soviet Loirawers|New Soviet Loirawers|Nuclear Proliferation League|17228|Green|Pending|6000000|0|0|7/15/2025 10:25:29 PM|NPL aid just for fun!|4978563|
514492|xxLENZxx|Star Command|The Legion|10020|Purple|616289|Kingzing|Glister|The Legion|10020|Purple|Approved|9000000|0|0|7/15/2025 9:57:10 PM|Praetor Aid|4978562|
447303|Terminator|USSROK|CLAWS|15841|Aqua|646506|Jenna Montreal|Wolvanica|The Phoenix Federation|17385|Black|Approved|9000000|0|0|7/15/2025 9:20:42 PM|Financial Assistance|4978561|
447303|Terminator|USSROK|CLAWS|15841|Aqua|634521|Kapleo|Kapleo|The Phoenix Federation|17385|Black|Approved|9000000|0|0|7/15/2025 9:19:52 PM|Financial Assistance|4978560|
414741|Gumpper|Verbrecher|New Pacific Order|10000|Red|604873|Iorek|Crusader States|New Pacific Order|10000|Red|Approved|0|100|0|7/15/2025 9:13:31 PM|QT Tech|4978559|
414741|Gumpper|Verbrecher|New Pacific Order|10000|Red|498811|Viper89|Viper Land|New Pacific Order|10000|Red|Approved|0|100|0|7/15/2025 9:13:28 PM|QT Tech|4978558|
414741|Gumpper|Verbrecher|New Pacific Order|10000|Red|478715|New Persia|New Pars|New Pacific Order|10000|Red|Approved|0|100|0|7/15/2025 9:13:25 PM|QT Tech|4978557|
414741|Gumpper|Verbrecher|New Pacific Order|10000|Red|551335|Hakora Kiyanto|Makayan|New Pacific Order|10000|Red|Pending|0|100|0|7/15/2025 9:13:22 PM|QT Tech|4978556|
414741|Gumpper|Verbrecher|New Pacific Order|10000|Red|485321|commanderragnar|Valenwood|New Pacific Order|10000|Red|Approved|0|100|0|7/15/2025 9:13:17 PM|QT Tech|4978555|
414741|Gumpper|Verbrecher|New Pacific Order|10000|Red|26771|proud american|Duorp  Nacirema|New Pacific Order|10000|Red|Pending|0|100|0|7/15/2025 9:13:12 PM|Vallum Aelium|4978554|
242836|BozDaBoz|CoastalBendatia|Fark|10002|Aqua|643135|Ferocious|Ferocious|Nuclear Proliferation League|17228|Black|Approved|9000000|0|0|7/15/2025 8:41:39 PM|tech deal 9/100|4978553|
527310|Canik|Tiny Nation|Freehold of The Wolves|15157|White|578954|Rydin|Vundf|Freehold of The Wolves|15157|White|Approved|0|100|0|7/15/2025 8:26:23 PM|VEP Tech|4978552|
527310|Canik|Tiny Nation|Freehold of The Wolves|15157|White|557687|gameoverclocker|kryzhome|NATO|10037|Blue|Approved|0|100|0|7/15/2025 8:26:05 PM|VEP Tech|4978551|
527310|Canik|Tiny Nation|Freehold of The Wolves|15157|White|414519|markpalm1|vacous|Freehold of The Wolves|15157|White|Approved|0|100|0|7/15/2025 8:25:48 PM|VEP Tech|4978550|
527310|Canik|Tiny Nation|Freehold of The Wolves|15157|White|240549|Codark|Codainia|Freehold of The Wolves|15157|White|Approved|0|100|0|7/15/2025 8:25:34 PM|VEP Tech|4978549|
642970|Rhett Kahn|Retconia|New Pacific Order|10000|Red|604873|Iorek|Crusader States|New Pacific Order|10000|Red|Approved|0|100|0|7/15/2025 8:21:35 PM|QT Tech|4978548|
610594|ADude|OceaniaRedux|Doom Squad|16454|Black|646462|Stupid Sliver|Tuckvania|Doom Squad|16454|Black|Approved|9000000|0|0|7/15/2025 7:46:57 PM|Financial Assistance|4978547|
610594|ADude|OceaniaRedux|Doom Squad|16454|Black|646836|Keyzlt5|Chi Seeds|Doom Squad|16454|Black|Approved|9000000|0|0|7/15/2025 7:46:31 PM|Financial Assistance|4978546|
610594|ADude|OceaniaRedux|Doom Squad|16454|Black|263220|Gambona|Gambona|CLAWS|15841|Black|Approved|0|100|0|7/15/2025 7:45:45 PM|Financial Assistance|4978545|
610594|ADude|OceaniaRedux|Doom Squad|16454|Black|281387|Thud III|Thudsylvania|CLAWS|15841|Black|Approved|0|100|0|7/15/2025 7:45:30 PM|Financial Assistance|4978544|
610594|ADude|OceaniaRedux|Doom Squad|16454|Black|51153|chiles|The UFOC|CLAWS|15841|Black|Approved|0|100|0|7/15/2025 7:45:16 PM|Financial Assistance|4978543|
644718|tikem7|Tikopia|COBRA|13717|Brown|407657|Shtanto|Shtanto|Non Grata|10097|Maroon|Approved|0|100|0|7/15/2025 7:40:41 PM|Financial Assistance|4978542|
644718|tikem7|Tikopia|COBRA|13717|Brown|155031|joanne1|Tweetypie|Non Grata|10097|Maroon|Approved|0|100|0|7/15/2025 7:40:26 PM|Financial Assistance|4978541|
646738|TechLord|TechLord|The Legion|10020|Purple|373827|VLs Revenge|Revengia|The Legion|10020|Purple|Approved|0|100|0|7/15/2025 7:36:46 PM|Financial Assistance|4978540|
543972|zachart|The Father Land|New Pacific Order|10000|Red|134146|Lenadius|Espa&#241;ola|New Pacific Order|10000|Red|Approved|0|100|0|7/15/2025 7:34:03 PM|Financial Assistance|4978539|
543972|zachart|The Father Land|New Pacific Order|10000|Red|604873|Iorek|Crusader States|New Pacific Order|10000|Red|Approved|0|100|0|7/15/2025 7:33:52 PM|Financial Assistance|4978538|
155031|joanne1|Tweetypie|Non Grata|10097|Maroon|238472|Xerxes|New Persia|Non Grata|10097|Maroon|Approved|9000000|0|0|7/15/2025 7:30:42 PM|Financial Assistance|4978537|
639721|TheCompany0|Malacipe|Non Grata|10097|Maroon|155031|joanne1|Tweetypie|Non Grata|10097|Maroon|Approved|0|100|0|7/15/2025 7:06:44 PM|Financial Assistance|4978536|
639721|TheCompany0|Malacipe|Non Grata|10097|Maroon|276365|ShadowSKAR|Hidden Shadows|Non Grata|10097|Maroon|Approved|0|100|0|7/15/2025 7:06:01 PM|Financial Assistance|4978535|
225241|Admiral Alexander|The CommonWealthCW|The Wolves|16660|Maroon|645707|The Goddess|Cotyttia|Veneris|17356|White|Approved|9000000|0|0|7/15/2025 7:04:55 PM|Tech Deal 9/100|4978534|
225241|Admiral Alexander|The CommonWealthCW|The Wolves|16660|Maroon|570802|IlDuce|ItaliaSS|CLAWS|15841|Black|Approved|9000000|0|0|7/15/2025 7:04:23 PM|Tech Deal 9/100|4978533|
225241|Admiral Alexander|The CommonWealthCW|The Wolves|16660|Maroon|525885|Zieg Know|Caldari State|CLAWS|15841|Black|Approved|9000000|0|0|7/15/2025 7:03:59 PM|Tech Deal 9/100|4978532|
627592|Lord Xamaeron|Celtic Forest|DOOMBIRD DOOMCAVE|10449|Brown|646947|Hawggystyle|Djibigbouti|Doombrella|17368|Black|Approved|9000000|0|0|7/15/2025 6:58:44 PM|Financial Assistance|4978531|
641537|Probably Mochi|Kap Land|Doom Squad|16454|Black|646947|Hawggystyle|Djibigbouti|Doombrella|17368|Black|Approved|9000000|0|0|7/15/2025 6:57:34 PM|Financial Assistance|4978530|
630683|Queen Aurore|Turnopia|Christian Coalition Of Countries|10028|Maroon|629286|Flycatcher|Sacania|Freehold of The Wolves|15157|White|Approved|0|100|0|7/15/2025 6:47:30 PM|Valyrian aid|4978529|
630683|Queen Aurore|Turnopia|Christian Coalition Of Countries|10028|Maroon|482099|Sir Gunz|Talent|Christian Coalition Of Countries|10028|Maroon|Approved|0|100|0|7/15/2025 6:47:22 PM|Valyrian aid|4978528|
630683|Queen Aurore|Turnopia|Christian Coalition Of Countries|10028|Maroon|159031|jefcolpan|scarab marangue|Freehold of The Wolves|15157|White|Approved|0|100|0|7/15/2025 6:47:11 PM|Valyrian aid|4978527|
634903|ToasterOven|Pancake Republic|Non Grata|10097|Maroon|634448|Stewie|Stewieland III|Non Grata|10097|Maroon|Approved|0|100|0|7/15/2025 6:38:23 PM|Financial Assistance|4978526|
637999|jumali|Bocorz|The Legion|10020|Purple|373827|VLs Revenge|Revengia|The Legion|10020|Purple|Approved|0|100|0|7/15/2025 6:10:54 PM|Financial Assistance|4978525|
646756|DyneVeilstone|Felis Felicitas|Global Alliance And Treaty Organization|10003|Brown|416942|Chris Kaos|The Kingdom of Kaos|Global Alliance And Treaty Organization|10003|Brown|Approved|0|100|0|7/15/2025 6:03:02 PM|Financial Assistance|4978524|
180664|Vhalen|LongitudeLatitude|The Dark Templar|10056|Black|50145|makarraka|MAKARRALAND|The Dark Templar|10056|Black|Approved|9000000|0|0|7/15/2025 5:50:15 PM|DT Aid|4978523|
180664|Vhalen|LongitudeLatitude|The Dark Templar|10056|Black|642110|Warden of 24 thralls|Hellionia|The Dark Templar|10056|Black|Pending|9000000|0|0|7/15/2025 5:50:05 PM|DT Aid|4978522|
180664|Vhalen|LongitudeLatitude|The Dark Templar|10056|Black|465336|Teh Chad|Wickistan|The Dark Templar|10056|Black|Pending|9000000|0|0|7/15/2025 5:49:55 PM|DT Aid|4978521|
638860|Adrius Adler|Trostland|New Pacific Order|10000|Red|604873|Iorek|Crusader States|New Pacific Order|10000|Red|Approved|0|100|0|7/15/2025 5:49:52 PM|QT Tech|4978520|
180664|Vhalen|LongitudeLatitude|The Dark Templar|10056|Black|641700|Sindal Raj|Republic of Ayodhya|The Dark Templar|10056|Black|Approved|9000000|0|0|7/15/2025 5:49:39 PM|DT Aid|4978519|
638860|Adrius Adler|Trostland|New Pacific Order|10000|Red|580705|Theory|Westermont|New Pacific Order|10000|Red|Approved|0|100|0|7/15/2025 5:49:35 PM|QT Tech|4978518|
180664|Vhalen|LongitudeLatitude|The Dark Templar|10056|Black|646025|Hiten21|HAPUD|The Dark Templar|10056|Black|Approved|9000000|0|0|7/15/2025 5:49:30 PM|DT Aid|4978517|
533529|NustyPistachio|Isle of Noot|Post Grunge Supergroup|16367|Brown|608458|Johnny Cutlass|Claw Key|Knights Of The Round Table|10092|Aqua|Approved|0|100|0|7/15/2025 5:45:34 PM|Tech Deal|4978516|
404176|Sadero|Saderia|New Polar Order|10006|Blue|202519|Zombie Glaucon|UTC Labs|New Polar Order|10006|Blue|Approved|0|100|0|7/15/2025 5:13:42 PM|ICECAP Tech|4978515|
155826|weebl2000|Azeer|Non Grata|10097|Maroon|588320|RUB10|Establishmentaria|Non Grata|10097|Maroon|Approved|9000000|0|0|7/15/2025 5:07:11 PM|tech deal|4978514|
468549|shadowstriker|shadow world|NATO|10037|Blue|645124|stugots|Trumpopolis|NATO|10037|Blue|Approved|9000000|0|0|7/15/2025 5:06:51 PM|Valyrian Aid|4978513|
645236|Roq Fanclub Presiden|Roq Fanclub|Doombrella|17368|Black|502087|Astryl|Ethereal|Doombrella|17368|Black|Approved|0|100|0|7/15/2025 5:06:42 PM|Financial Assistance|4978512|
468549|shadowstriker|shadow world|NATO|10037|Blue|646570|CiceroThePoet|Ismuth|NATO|10037|Blue|Approved|9000000|0|0|7/15/2025 5:06:25 PM|Valyrian Aid|4978511|
190647|Kapsyl I|Kapsylonia|AGW Overlords|10043|Black|486033|CobaltBlazer|Cobalt27|United Equestria|10101|Pink|Approved|9000000|0|0|7/15/2025 4:39:25 PM|Financial Assistance|4978510|
645768|Sitthemdown|Emperor Protects|Doombrella|17368|Black|230799|Raymond Jaeger|New Alabama|Disciples of Duckroll|17024|Black|Approved|0|100|0|7/15/2025 3:51:19 PM|Financial Assistance|4978509|
560607|lurkr|Calontir|The Grand Lodge Of Freemasons|10029|Orange|635294|King Afonso|Porto Novo|Wurst Alliance|16919|Green|Approved|9000000|0|0|7/15/2025 3:45:04 PM|Tech 9m/100|4978508|
645643|WhiteVelvet|La La La La La Land|Veneris|17356|White|647011|Knight del Sol|Esplandian|The Chaos Brotherhood|10364|Brown|Approved|6000000|0|0|7/15/2025 3:40:06 PM|Tc|4978507|
645526|Khanya The Great|Triangula|Veneris|17356|White|531996|Thomas18|Terre Or|Veneris|17356|White|Approved|0|100|0|7/15/2025 3:33:05 PM|Financial Assistance|4978506|
637264|RiddervanGelre|Nieuw Gelre|CLAWS|15841|Black|425377|Commander Ferraday|Ice Station Zebra|CLAWS|15841|Black|Approved|0|100|0|7/15/2025 3:31:39 PM|Financial Assistance|4978505|
637264|RiddervanGelre|Nieuw Gelre|CLAWS|15841|Black|177947|Badassname|Badassnation|CLAWS|15841|Black|Approved|0|100|0|7/15/2025 3:31:23 PM|Financial Assistance|4978504|
473088|JuiceBox|Phoenix Isle|Non Grata|10097|Maroon|634903|ToasterOven|Pancake Republic|Non Grata|10097|Maroon|Approved|9000000|0|0|7/15/2025 3:31:20 PM|Financial Assistance|4978503|
473088|JuiceBox|Phoenix Isle|Non Grata|10097|Maroon|639721|TheCompany0|Malacipe|Non Grata|10097|Maroon|Approved|9000000|0|0|7/15/2025 3:31:05 PM|Financial Assistance|4978502|
288430|jrsyboy|toqueville|Non Grata|10097|Maroon|627572|Latexi|Why would I do this|Non Grata|10097|Maroon|Approved|9000000|0|0|7/15/2025 3:23:53 PM|Financial Assistance|4978501|
288430|jrsyboy|toqueville|Non Grata|10097|Maroon|624193|The1nonlykk|Biourja|Non Grata|10097|Maroon|Approved|9000000|0|0|7/15/2025 3:23:25 PM|Financial Assistance|4978500|
625902|Patrick Stewart|Republic of Yorkshir|Non Grata|10097|Maroon|276365|ShadowSKAR|Hidden Shadows|Non Grata|10097|Maroon|Approved|0|100|0|7/15/2025 3:22:28 PM|Financial Assistance|4978499|
22121|spartan 84|UNSC Reach|Non Grata|10097|Maroon|584157|Sheekyz|Kingdom Of Xe|Non Grata|10097|Maroon|Approved|9000000|0|0|7/15/2025 2:54:25 PM|Financial Assistance|4978498|
640191|Landowner|Free Land for Sale|COBRA|13717|Brown|254442|Oddballalex|Alexville|CLAWS|15841|Black|Approved|0|100|0|7/15/2025 2:50:07 PM|Financial Assistance|4978497|
640191|Landowner|Free Land for Sale|COBRA|13717|Brown|238151|devnull|Republic of Unix|CLAWS|15841|Black|Approved|0|100|0|7/15/2025 2:49:46 PM|Financial Assistance|4978496|
640191|Landowner|Free Land for Sale|COBRA|13717|Brown|413336|Tevron|Devion|CLAWS|15841|Black|Approved|0|100|0|7/15/2025 2:49:36 PM|Financial Assistance|4978495|
634448|Stewie|Stewieland III|Non Grata|10097|Maroon|624193|The1nonlykk|Biourja|Non Grata|10097|Maroon|Approved|9000000|0|0|7/15/2025 2:48:31 PM|Financial Assistance|4978494|
620598|Alexhigh|Nation of Alexander|The Prussian Empire|14204|Green|596771|Pentix|Mars Colony|New Polar Order|10006|Blue|Approved|0|100|0|7/15/2025 2:46:04 PM|Financial Assistance|4978493|
640027|Rdjzozet|Tryzovits|CLAWS|15841|Black|159192|Matt Bowen|Bowenland|Knights Of The Round Table|10092|Green|Approved|0|100|0|7/15/2025 2:44:40 PM|Financial Assistance|4978492|
645467|LiefzDel|Greater Czechia|Post Grunge Supergroup|16367|Brown|633062|SoloRocket|Rocket Republic|Post Grunge Supergroup|16367|Brown|Approved|0|100|0|7/15/2025 2:37:24 PM|9/100 Payback|4978491|
646762|Kevlar|Sasquatch|Global Alliance And Treaty Organization|10003|Brown|416942|Chris Kaos|The Kingdom of Kaos|Global Alliance And Treaty Organization|10003|Brown|Approved|0|100|0|7/15/2025 2:27:07 PM|Sweet squatch tech|4978490|
646762|Kevlar|Sasquatch|Global Alliance And Treaty Organization|10003|Brown|39842|Uelen|Uelen|Global Alliance and Treaty Organization|10003|Brown|Approved|0|100|0|7/15/2025 2:26:32 PM|Sweet squatch tech|4978489|
142120|Commander Thrawn|Csilla|Doombrella|17368|Black|646947|Hawggystyle|Djibigbouti|Doombrella|17368|Black|Approved|9000000|0|0|7/15/2025 2:14:13 PM|Financial Assistance|4978488|
142120|Commander Thrawn|Csilla|Doombrella|17368|Black|566736|amossio|amossio|Doombrella|17368|Black|Approved|9000000|0|0|7/15/2025 2:13:43 PM|Financial Assistance|4978487|
187132|White Majik|VSOP United|Doombrella|17368|Black|646947|Hawggystyle|Djibigbouti|Doombrella|17368|Black|Approved|9000000|0|0|7/15/2025 2:01:35 PM|Financial Assistance|4978486|
166207|Jekalle|Ranus|Non Grata|10097|Maroon|626678|slothix|Kevin|Non Grata|10097|Maroon|Approved|9000000|0|0|7/15/2025 1:54:42 PM|Another round 9/100?|4978485|
613653|Supreme|Nu Phi|New Pacific Order|10000|Red|580705|Theory|Westermont|New Pacific Order|10000|Red|Approved|0|100|0|7/15/2025 1:47:06 PM|QT Tech|4978484|
627592|Lord Xamaeron|Celtic Forest|DOOMBIRD DOOMCAVE|10449|Brown|646431|The Cute Twin|Vlasic|Doom Squad|16454|Black|Approved|9000000|0|0|7/15/2025 1:28:41 PM|Financial Assistance|4978483|
2621|James|TIEIXIAIS|Non Grata|10097|Maroon|588320|RUB10|Establishmentaria|Non Grata|10097|Maroon|Approved|9000000|0|0|7/15/2025 1:25:23 PM|Financial Assistance|4978482|
2621|James|TIEIXIAIS|Non Grata|10097|Maroon|631569|CaesarGorandius|Ohiostan|Non Grata|10097|Maroon|Approved|9000000|0|0|7/15/2025 1:24:27 PM|Financial Assistance|4978481|
2621|James|TIEIXIAIS|Non Grata|10097|Maroon|634597|LiaColle|Prynthian|Non Grata|10097|Maroon|Approved|9000000|0|0|7/15/2025 1:23:20 PM|Financial Assistance|4978480|
2621|James|TIEIXIAIS|Non Grata|10097|Maroon|584157|Sheekyz|Kingdom Of Xe|Non Grata|10097|Maroon|Approved|9000000|0|0|7/15/2025 1:23:03 PM|Financial Assistance|4978479|
632435|Lordsmallballs|Acadian States|Post Grunge Supergroup|16367|Brown|642140|Venusia|Tenebris|Post Grunge Supergroup|16367|Brown|Approved|9000000|0|0|7/15/2025 1:14:53 PM|9 mil / 100 tech|4978477|
646307|Hermes Observer|Radchaai|Doombrella|17368|Black|142120|Commander Thrawn|Csilla|Doombrella|17368|Black|Approved|0|100|0|7/15/2025 12:33:34 PM|Financial Assistance|4978476|
187838|morrisons|scollotto|CLAWS|15841|Black|143998|planetary|planetarium|CLAWS|15841|Black|Approved|9000000|0|0|7/15/2025 12:29:51 PM|Tech Deal|4978475|
626980|Aspire|AspireFerty|Non Grata|10097|Maroon|181481|HammerMan|Dooche|Non Grata|10097|Maroon|Approved|9000000|0|0|7/15/2025 12:09:49 PM|Tech Deal|4978474|
621876|thebigkas|kekistan69|COBRA|13717|Brown|247134|ShadowChaos|ShadowChaos|COBRA|13717|Maroon|Approved|0|100|0|7/15/2025 12:06:34 PM|Financial Assistance|4978473|
618150|Lyanna Mormont|Bear Island 4 Lyfe|Non Grata|10097|Maroon|634448|Stewie|Stewieland III|Non Grata|10097|Maroon|Approved|0|100|0|7/15/2025 12:01:03 PM|Financial Assistance|4978472|
618150|Lyanna Mormont|Bear Island 4 Lyfe|Non Grata|10097|Maroon|155826|weebl2000|Azeer|Non Grata|10097|Maroon|Approved|0|100|0|7/15/2025 12:00:57 PM|Financial Assistance|4978471|
618150|Lyanna Mormont|Bear Island 4 Lyfe|Non Grata|10097|Maroon|188637|Caustic|Hazardous Materials|Non Grata|10097|Maroon|Approved|0|100|0|7/15/2025 12:00:52 PM|Financial Assistance|4978470|
618150|Lyanna Mormont|Bear Island 4 Lyfe|Non Grata|10097|Maroon|230895|TCTriangle|Taninsania|Non Grata|10097|Maroon|Approved|0|100|0|7/15/2025 12:00:49 PM|Financial Assistance|4978469|
633463|Mein Kaiser|DasVaterland|Church of the Holy Platypus|17265|Green|414519|markpalm1|vacous|Freehold of The Wolves|15157|White|Approved|0|100|0|7/15/2025 11:57:40 AM|Financial Assistance|4978468|
573749|necAnt|Lucky Ants|The Gramlins|17275|Green|380432|dimaradona|Piedra Negra|Green Protection Agency|10041|Green|Approved|0|100|0|7/15/2025 11:57:31 AM|TD 1/2|4978467|
633463|Mein Kaiser|DasVaterland|Church of the Holy Platypus|17265|Green|493791|azntrigboi|Symmetry|NATO|10037|Blue|Approved|0|100|0|7/15/2025 11:57:11 AM|Financial Assistance|4978466|
633463|Mein Kaiser|DasVaterland|Church of the Holy Platypus|17265|Green|324421|Einer|Jesusland|Mostly Harmless Alliance|14879|White|Approved|0|100|0|7/15/2025 11:56:08 AM|Financial Assistance|4978465|
633463|Mein Kaiser|DasVaterland|Church of the Holy Platypus|17265|Green|583069|Embowaf|Ilium|Mostly Harmless Alliance|14879|Aqua|Approved|0|100|0|7/15/2025 11:55:29 AM|Financial Assistance|4978464|
633463|Mein Kaiser|DasVaterland|Church of the Holy Platypus|17265|Green|340698|Onified|Spork|NATO|10037|Blue|Approved|0|100|0|7/15/2025 11:55:12 AM|Financial Assistance|4978463|
554646|A1ph4 0m3ga|Paradisia|Christian Coalition Of Countries|10028|Maroon|646787|Hye781|Calilove4ever|Christian Coalition Of Countries|10028|Maroon|Approved|6000000|0|0|7/15/2025 11:36:54 AM|VEP|4978462|
449283|Sir Benevale|Orangewall|Knights of the Round Table|10092|Green|636950|Sir Percival|Galles|Knights Of The Round Table|10092|Green|Approved|9000000|0|0|7/15/2025 11:36:00 AM|Techno $9M/100T|4978461|
554646|A1ph4 0m3ga|Paradisia|Christian Coalition Of Countries|10028|Maroon|621760|Brother Gerard|Knights of St John|Christian Coalition Of Countries|10028|Maroon|Approved|9000000|0|0|7/15/2025 11:35:59 AM|VEP|4978460|
554646|A1ph4 0m3ga|Paradisia|Christian Coalition Of Countries|10028|Maroon|525090|Codeman|United|Christian Coalition Of Countries|10028|Maroon|Approved|9000000|0|0|7/15/2025 11:34:56 AM|VEP|4978459|
132439|Magus Rules|Magusland|New Pacific Order|10000|Red|642970|Rhett Kahn|Retconia|New Pacific Order|10000|Red|Approved|9000000|0|0|7/15/2025 11:11:45 AM|QT Pay|4978456|
546488|levothy|mycybernation|Knights Of The Round Table|10092|Green|632798|KYBALION|HVITIRDREKAR|Knights Of The Round Table|10092|Green|Approved|0|100|0|7/15/2025 11:11:38 AM|KoRT spin 197|4978455|
132439|Magus Rules|Magusland|New Pacific Order|10000|Red|646371|EmpressMei|Luxmortem|New Pacific Order|10000|Red|Approved|9000000|0|0|7/15/2025 11:11:35 AM|Rising Stars|4978454|
132439|Magus Rules|Magusland|New Pacific Order|10000|Red|644646|Naturschuetzer|Naturumgibt|New Pacific Order|10000|Red|Approved|9000000|0|0|7/15/2025 11:11:27 AM|Bankroll|4978453|
132439|Magus Rules|Magusland|New Pacific Order|10000|Red|616294|Japanese Schoolgirls|Japanese Schoolgirls|New Pacific Order|10000|Red|Pending|9000000|0|0|7/15/2025 11:11:19 AM|Rising Stars|4978452|
257186|Southern Comfort|Wild Wild West|Knights Of The Round Table|10092|Green|646212|Immai|Steampower|Knights Of The Round Table|10092|Green|Approved|6000000|0|0|7/15/2025 11:09:59 AM|Tech?|4978451|
228721|Hob Dobson|Uustonia|Viridian Entente|10010|Green|598970|Azure|Aldarin|Viridian Entente|10010|Green|Pending|0|100|0|7/15/2025 11:02:56 AM|Tech (2 of 3)|4978450|
621283|SukinGame|FreeRedthai|Interkosmos|16298|Red|504045|Agravain Cardif|Dures Mains|Knights Of The Round Table|10092|Green|Approved|0|100|0|7/15/2025 10:47:38 AM|Financial Assistance|4978449|
621283|SukinGame|FreeRedthai|Interkosmos|16298|Red|553512|Marcin|Karpowicze|Knights Of The Round Table|10092|Green|Approved|0|100|0|7/15/2025 10:47:29 AM|Financial Assistance|4978448|
621283|SukinGame|FreeRedthai|Interkosmos|16298|Red|10287|Moriarty|Formosa|Knights Of The Round Table|10092|Green|Approved|0|100|0|7/15/2025 10:47:19 AM|Financial Assistance|4978447|
168105|Bobogoobo|Bobogoobo|New Pacific Order|10000|Red|646321|equusSuprm|equusSuprm|New Pacific Order|10000|Red|Pending|9000000|0|0|7/15/2025 10:34:10 AM|Rising Stars|4978446|
637080|Secundum|Uhtceare|Knights Of The Round Table|10092|Green|633989|Ernst S Blofeld|Blofeld Wineries|Knights Of The Round Table|10092|Aqua|Approved|0|100|0|7/15/2025 10:25:52 AM|Financial Assistance|4978445|
567361|GradyTheGreat|Secundo Tonku|CLAWS|15841|Black|637264|RiddervanGelre|Nieuw Gelre|CLAWS|15841|Black|Approved|9000000|0|0|7/15/2025 10:22:52 AM|9/100|4978444|
567361|GradyTheGreat|Secundo Tonku|CLAWS|15841|Black|646303|S3alz|Verdansk|Orange Defense Network|10007|Orange|Pending|6000000|0|0|7/15/2025 10:21:27 AM|6/100|4978443|
217577|MontyKo|Tuborg|Freehold of The Wolves|15157|White|646893|Katexe|Andolia|NATO|10037|Blue|Approved|6000000|0|0|7/15/2025 10:14:39 AM|Valyrian Aid|4978442|
640769|Unite front|Republic of Teksas|Doom Squad|16454|Black|566736|amossio|amossio|Doombrella|17368|Black|Approved|9000000|0|0|7/15/2025 10:14:31 AM|Financial Assistance|4978441|
640769|Unite front|Republic of Teksas|Doom Squad|16454|Black|532609|KingJohnny|Nechian Empire|Doom Squad|16454|Black|Approved|9000000|0|0|7/15/2025 10:12:08 AM|Financial Assistance|4978439|
532788|end666|A New India|New Pacific Order|10000|Red|535709|Pressure|Newton|New Pacific Order|10000|Red|Approved|9000000|0|0|7/15/2025 9:52:03 AM|Financial Assistance|4978438|
152779|Crazyguy945|United Nick|Coalition of Royal Allied Powers|10051|Maroon|625646|muji111|muji111|Random Insanity Alliance|10038|Maroon|Approved|9000000|0|0|7/15/2025 9:50:08 AM|tech deal|4978437|
493791|azntrigboi|Symmetry|NATO|10037|Blue|646893|Katexe|Andolia|NATO|10037|Blue|Approved|6000000|0|0|7/15/2025 9:37:13 AM|Valyrian Aid|4978435|
541983|CVO|Kush|NATO|10037|Blue|646893|Katexe|Andolia|NATO|10037|Blue|Approved|6000000|0|0|7/15/2025 9:28:06 AM|&quot;Valyrian Aid&quot; |4978434|
646098|Brutus5149|Legio Lupi|New Pacific Order|10000|Red|629229|HopeFun|LimaPT|New Pacific Order|10000|Red|Pending|0|100|0|7/15/2025 9:28:03 AM|QT Tech|4978433|
646098|Brutus5149|Legio Lupi|New Pacific Order|10000|Red|580705|Theory|Westermont|New Pacific Order|10000|Red|Approved|0|100|0|7/15/2025 9:27:56 AM|QT Tech|4978432|
646098|Brutus5149|Legio Lupi|New Pacific Order|10000|Red|515093|GoldenAura|Communist Crackous|New Pacific Order|10000|Red|Approved|0|100|0|7/15/2025 9:27:51 AM|QT Tech|4978431|
645268|fucho|fucho|Veneris|17356|White|531996|Thomas18|Terre Or|Veneris|17356|White|Approved|0|100|0|7/15/2025 9:27:48 AM|Tech deal|4978430|
646098|Brutus5149|Legio Lupi|New Pacific Order|10000|Red|511698|hailkirk10|Kirklan|New Pacific Order|10000|Red|Pending|0|100|0|7/15/2025 9:27:45 AM|QT Tech|4978429|
646098|Brutus5149|Legio Lupi|New Pacific Order|10000|Red|134146|Lenadius|Espa&#241;ola|New Pacific Order|10000|Red|Approved|0|100|0|7/15/2025 9:27:37 AM|QT Tech|4978428|
201332|dawg66|Grand Americana|Knights Of The Round Table|10092|Green|606786|The Milkmaid|Dun Holm|Knights Of The Round Table|10092|White|Approved|9000000|0|0|7/15/2025 9:24:32 AM|tech deal|4978426|
646764|Reverend Edo|Outopostan|Global Alliance And Treaty Organization|10003|Brown|416942|Chris Kaos|The Kingdom of Kaos|Global Alliance And Treaty Organization|10003|Brown|Approved|0|100|0|7/15/2025 9:20:16 AM|Financial Assistance|4978425|
646764|Reverend Edo|Outopostan|Global Alliance And Treaty Organization|10003|Brown|102751|Jack Whiterstein|Gyuard|Global Alliance And Treaty Organization|10003|Brown|Approved|0|100|0|7/15/2025 9:20:07 AM|Financial Assistance|4978424|
646764|Reverend Edo|Outopostan|Global Alliance And Treaty Organization|10003|Brown|79371|xkirra|Mordlandia|Global Alliance And Treaty Organization|10003|Brown|Approved|0|100|0|7/15/2025 9:19:56 AM|Financial Assistance|4978423|
163031|MasterChief777|The New Empire|Global Alliance And Treaty Organization|10003|Brown|101986|windir|Technology|Global Alliance and Treaty Organization|10003|Brown|Approved|9000000|0|0|7/15/2025 9:10:49 AM|Tech deal 9/300|4978422|
373827|VLs Revenge|Revengia|The Legion|10020|Purple|646824|AlphaB|Blue Ribbon|The Legion|10020|Purple|Approved|6000000|0|0|7/15/2025 9:04:48 AM|Financial Assistance|4978421|
373827|VLs Revenge|Revengia|The Legion|10020|Purple|644508|texwarhawk|Fjord Republic|The Legion|10020|Purple|Approved|9000000|0|0|7/15/2025 9:04:36 AM|Financial Assistance|4978420|
162871|General Ozujsko|Republic of Ozujsko|The Dark Templar|10056|Black|642140|Venusia|Tenebris|Post Grunge Supergroup|16367|Brown|Approved|9000000|0|0|7/15/2025 9:03:19 AM|Tech Deal - $9m/100t|4978418|
433547|WhitEarendur|Tol Eressea|New Polar Order|10006|Blue|643197|HoustonBeBack|Larsden|Nuclear Proliferation League|17228|Aqua|Approved|9000000|0|0|7/15/2025 9:01:03 AM|9/100|4978417|
638311|FightingSioux405|New Whitehall|The Legion|10020|Purple|582040|casey3927|landguardian|The Legion|10020|Purple|Approved|9000000|0|0|7/15/2025 9:01:02 AM|Financial Assistance|4978416|
322849|BLITZ1|BLITZKRIEG THE FIRST|Freehold of The Wolves|15157|White|535865|Donbo McSlay|Donbo Land|Federation Of Armed Nations|10021|Yellow|Approved|9000000|0|0|7/15/2025 8:41:29 AM|Valyrian Aid|4978415|
322849|BLITZ1|BLITZKRIEG THE FIRST|Freehold of The Wolves|15157|White|645870|Maximilian von Adler|Preussisches Kaiserr|NATO|10037|Blue|Approved|9000000|0|0|7/15/2025 8:41:01 AM|Valyrian Aid|4978413|
322849|BLITZ1|BLITZKRIEG THE FIRST|Freehold of The Wolves|15157|White|646893|Katexe|Andolia|NATO|10037|Blue|Approved|6000000|0|0|7/15/2025 8:40:34 AM|Valyrian Aid|4978411|
470323|plaw44|infinite desire|Doombrella|17368|Black|566736|amossio|amossio|Doombrella|17368|Black|Approved|9000000|0|0|7/15/2025 8:35:14 AM|Financial Assistance|4978410|
570155|Thrash04|Ohio Terrority|New Pacific Order|10000|Red|580705|Theory|Westermont|New Pacific Order|10000|Red|Approved|0|100|0|7/15/2025 8:34:33 AM|QT Tech|4978408|
570155|Thrash04|Ohio Terrority|New Pacific Order|10000|Red|75117|rnegafan|Rnegfania|New Pacific Order|10000|Red|Approved|0|100|0|7/15/2025 8:34:27 AM|QT Tech|4978407|
570155|Thrash04|Ohio Terrority|New Pacific Order|10000|Red|515093|GoldenAura|Communist Crackous|New Pacific Order|10000|Red|Approved|0|100|0|7/15/2025 8:34:21 AM|QT Tech|4978406|
642148|Exod IV|Ummah AlMuwahhidah|Doom Squad|16454|Black|506358|lightningjim|Fulmen Ingenium|Doom Squad|16454|Black|Approved|9000000|0|0|7/15/2025 8:12:15 AM|Financial Assistance|4978405|
642148|Exod IV|Ummah AlMuwahhidah|Doom Squad|16454|Black|532609|KingJohnny|Nechian Empire|Doom Squad|16454|Black|Approved|9000000|0|0|7/15/2025 8:11:59 AM|Financial Assistance|4978404|
636601|Wolfbite|Caffinated Wolves|Independent Republic Of Orange Nations|10004|Orange|257166|Yggdrazil|Ginginugap|Independent Republic Of Orange Nations|10004|Orange|Approved|9000000|0|0|7/15/2025 8:05:05 AM|Financial Assistance|4978403|
538755|zeldafan4ever|Terminus|Orange Defense Network|10007|Orange|298479|Pheren|Lost Atlantis|Orange Defense Network|10007|Orange|Approved|0|100|0|7/15/2025 7:55:53 AM|Tech 3/3|4978402|
144157|Sarkin|My Hero Party|The Dark Templar|10056|Black|454402|Flyin Hawaiian|Hawaiian Land|The Dark Templar|10056|Black|Approved|9000000|0|0|7/15/2025 7:55:09 AM|Tech deal|4978401|
144157|Sarkin|My Hero Party|The Dark Templar|10056|Black|627412|Jason Radix|Radix|The Dark Templar|10056|Black|Approved|9000000|0|0|7/15/2025 7:54:27 AM|Tech deal|4978400|
144157|Sarkin|My Hero Party|The Dark Templar|10056|Black|621029|Le Trout|Lambo Lambo Lambo|Post Grunge Supergroup|16367|Brown|Approved|9000000|0|0|7/15/2025 7:54:19 AM|Tech deal|4978399|
35448|Randle|Cheesia|Global Alliance and Treaty Organization|10003|Brown|646839|rickm27|Balmoria|Nuclear Proliferation League|17228|Aqua|Approved|9000000|0|0|7/15/2025 7:46:04 AM|Financial Assistance|4978398|
531590|Ledon|Ledonia|Knights of the Round Table|10092|Green|638158|TheBlob|Space Jelly|Knights Of The Round Table|10092|Red|Approved|9000000|0|0|7/15/2025 7:40:23 AM|Glob!|4978397|
626980|Aspire|AspireFerty|Non Grata|10097|Maroon|538690|CrinkledStraw|The Fierce Crown|Non Grata|10097|Maroon|Approved|9000000|0|0|7/15/2025 7:38:54 AM|Tech Deal|4978396|
607597|LukeDiamondking|Kosletraf Empire|The Greater Confederacy|16370|Green|636551|gnews|Norveeba|Knights Of The Round Table|10092|Green|Approved|6000000|0|0|7/15/2025 7:33:49 AM|Tech Deal 6M/100T?|4978395|
230895|TCTriangle|Taninsania|Non Grata|10097|Maroon|634597|LiaColle|Prynthian|Non Grata|10097|Maroon|Approved|9000000|0|0|7/15/2025 7:33:43 AM|Tech Circle|4978394|
230895|TCTriangle|Taninsania|Non Grata|10097|Maroon|624193|The1nonlykk|Biourja|Non Grata|10097|Maroon|Approved|9000000|0|0|7/15/2025 7:33:24 AM|Tech Circle|4978393|
230895|TCTriangle|Taninsania|Non Grata|10097|Maroon|631569|CaesarGorandius|Ohiostan|Non Grata|10097|Maroon|Approved|9000000|0|0|7/15/2025 7:33:01 AM|Tech Circle|4978392|
552359|SeaBeeGipson|Denton|MONGOLS|14492|Maroon|265697|Laskar Pelangi|Rainbow Soldier|Kaskus|10104|Brown|Approved|0|100|0|7/15/2025 7:31:27 AM|Bee The Tech|4978391|
200690|Andrew Wiggin|Eros|Knights Of The Round Table|10092|Green|621283|SukinGame|FreeRedthai|Interkosmos|16298|Red|Approved|9000000|0|0|7/15/2025 7:30:37 AM|Tech deal|4978390|
229210|Carrona|WoW Addicts Paradise|Mostly Harmless Alliance|14879|Blue|25527|Flembosh|Randall|Mostly Harmless Alliance|14879|Aqua|Approved|9000000|0|0|7/15/2025 7:29:14 AM|Tech deal 9/100|4978389|
604964|SirDog|Wollemi|Avalanche|10078|Blue|141583|jerdge|Gaela|Green Protection Agency|10041|Green|Approved|0|100|0|7/15/2025 7:23:25 AM|Financial Assistance1|4978388|
301014|asawyer|Zabril|Viridian Entente|10010|Green|569906|Tradewind|Republic of Bort|Viridian Entente|10010|Green|Approved|9000000|0|0|7/15/2025 7:11:36 AM|Tech Deal|4978387|
641418|The Gingerbread Man|The edge of a wood|Knights Of The Round Table|10092|Green|635357|Stephen Michael I|Yanceysylvania|Knights Of The Round Table|10092|Green|Approved|0|100|0|7/15/2025 7:10:13 AM|Fresh baked tech|4978386|
584263|Beefbone|Beefy|New Polar Order|10006|Blue|481947|Morgaine|Cruithne|New Polar Order|10006|Blue|Approved|9000000|0|0|7/15/2025 7:00:16 AM|ICECAP Cash|4978385|
139990|BacTalan|NorseTurks|Global Alliance And Treaty Organization|10003|Brown|646815|godtoh1|hotdogal|Global Alliance And Treaty Organization|10003|Brown|Approved|6000000|0|0|7/15/2025 6:49:24 AM|Tech|4978384|
32861|Drachonum|drachonia|Global Alliance and Treaty Organization|10003|Brown|4930|Sir Sci|Scots Empire|Global Alliance and Treaty Organization|10003|Brown|Approved|9000000|0|0|7/15/2025 6:48:32 AM|Financial Assistance|4978383|
32861|Drachonum|drachonia|Global Alliance and Treaty Organization|10003|Brown|588353|FieryVixen|Craptonia|Global Alliance And Treaty Organization|10003|Brown|Approved|6000000|0|0|7/15/2025 6:48:01 AM|Financial Assistance|4978382|
436358|mordred|Lothian and Orcanie|Knights of the Round Table|10092|Green|637080|Secundum|Uhtceare|Knights Of The Round Table|10092|Green|Approved|9000000|0|0|7/15/2025 6:41:53 AM|Tech $9m-100t deal|4978381|
436358|mordred|Lothian and Orcanie|Knights of the Round Table|10092|Green|636950|Sir Percival|Galles|Knights Of The Round Table|10092|Green|Approved|9000000|0|0|7/15/2025 6:41:27 AM|Tech $9m-100t deal|4978380|
623987|MasterBadey|mastabadeia|Global Alliance And Treaty Organization|10003|Brown|206001|Mallardius|Dominion of the Duck|Global Alliance And Treaty Organization|10003|Brown|Approved|0|100|0|7/15/2025 6:38:29 AM|free bread|4978379|
627722|Mustard Pougy|Frog Flats|Knights Of The Round Table|10092|Green|437548|Dutchmaster|Feardare|Coalition of Royal Allied Powers|10051|Maroon|Approved|0|100|0|7/15/2025 6:32:15 AM|Bonjour|4978378|
376391|Dave the Dominator|Taulvia|The Templar Knights|10012|Maroon|620598|Alexhigh|Nation of Alexander|The Prussian Empire|14204|Green|Approved|9000000|0|0|7/15/2025 6:27:28 AM|Financial Assistance|4978377|
588353|FieryVixen|Craptonia|Global Alliance And Treaty Organization|10003|Brown|206001|Mallardius|Dominion of the Duck|Global Alliance And Treaty Organization|10003|Brown|Approved|0|100|0|7/15/2025 6:15:02 AM|Financial Assistance|4978376|
643607|Aspen|Silus|Union Of Communist Republics|10060|Brown|277593|falconer360|Gondowan|CLAWS|15841|Purple|Approved|0|100|0|7/15/2025 6:06:28 AM|Financial Assistance|4978375|
618472|Leftie|Brotherhood|Madlads Union|17130|Brown|644785|Optimus881|Wakanda881|Post Grunge Supergroup|16367|Brown|Approved|9000000|0|0|7/15/2025 5:59:30 AM|9M/100T? - MadLads|4978374|
119121|mahmah|Banglia|The Grand Lodge of Freemasons|10029|Orange|644950|Oddin|Glendor|The Grand Lodge Of Freemasons|10029|Orange|Approved|9000000|0|0|7/15/2025 5:59:09 AM|Tech Deal|4978373|
579649|Dale Flanderlion|Flanderlion|New Pacific Order|10000|Red|616876|Lady Hawk|Isle of Mann|New Pacific Order|10000|Red|Approved|0|100|0|7/15/2025 5:32:47 AM|Vallum Aelium|4978372|
638|mikharr123|Sirrahistan|New Polar Order|10006|Blue|553210|tenbob|Mayoabu|New Polar Order|10006|Blue|Approved|0|100|0|7/15/2025 5:31:21 AM| ICECAP Tech|4978371|
638|mikharr123|Sirrahistan|New Polar Order|10006|Blue|639953|Mihail the Just|Republic of Onivlac|New Polar Order|10006|Blue|Approved|9000000|0|0|7/15/2025 5:29:46 AM|ICECAP Cash|4978370|
638|mikharr123|Sirrahistan|New Polar Order|10006|Blue|481947|Morgaine|Cruithne|New Polar Order|10006|Blue|Approved|9000000|0|0|7/15/2025 5:28:51 AM|ICECAP Cash|4978369|
326273|Red Rebel|Pi Lambda Phi|Madlads Union|17130|Brown|643449|Esabbi|Liberation Islands|Post Grunge Supergroup|16367|Brown|Approved|9000000|0|0|7/15/2025 5:15:28 AM|Tech Deal 9m/100t|4978368|
535865|Donbo McSlay|Donbo Land|Federation Of Armed Nations|10021|Yellow|32845|Mackay Warrior|Land-o-Mackay|Federation Of Armed Nations|10021|Yellow|Approved|0|100|0|7/15/2025 5:15:24 AM|Financial Assistance|4978367|
184966|The Upper Bass|Little Basses|The Dark Templar|10056|Black|641700|Sindal Raj|Republic of Ayodhya|The Dark Templar|10056|Black|Approved|9000000|0|0|7/15/2025 5:00:03 AM|Aid|4978366|
184966|The Upper Bass|Little Basses|The Dark Templar|10056|Black|635568|ReForce|Axors|The Dark Templar|10056|Black|Approved|9000000|0|0|7/15/2025 4:59:38 AM|Aid|4978365|
184966|The Upper Bass|Little Basses|The Dark Templar|10056|Black|646025|Hiten21|HAPUD|The Dark Templar|10056|Black|Approved|9000000|0|0|7/15/2025 4:59:05 AM|Aid|4978364|
643741|Danteeternity|Balan|Post Grunge Supergroup|16367|Brown|528882|JSoprano|Darasuum|Post Grunge Supergroup|16367|Brown|Approved|0|100|0|7/15/2025 4:58:01 AM|Tech Deal|4978363|
635131|Thandrumland|Thandrumland|Independent Republic Of Orange Nations|10004|Orange|299207|Gingray|Colonia Irlanda|Sparta|10008|Black|Approved|0|100|0|7/15/2025 4:44:05 AM|Financial Assistance|4978362|
619806|Epimethys|Pyrrha|Doombrella|17368|Black|142120|Commander Thrawn|Csilla|Doombrella|17368|Black|Approved|0|100|0|7/15/2025 4:35:05 AM|Financial Assistance|4978361|
384577|wayoik|SunOase|Knights Of The Round Table|10092|Green|641418|The Gingerbread Man|The edge of a wood|Knights Of The Round Table|10092|Green|Approved|9000000|0|0|7/15/2025 4:20:43 AM|tech deal?|4978360|
25745|JJ452|Eire.|Avalanche|10078|Blue|632534|valves|valves2|Avalanche|10078|Blue|Approved|6000000|0|0|7/15/2025 4:20:33 AM|Financial Assistance|4978359|
384577|wayoik|SunOase|Knights Of The Round Table|10092|Green|645274|GRATHGFRT|zUTIA|Knights Of The Round Table|10092|Green|Approved|9000000|0|0|7/15/2025 4:20:29 AM|tech deal?|4978358|
25745|JJ452|Eire.|Avalanche|10078|Blue|641533|Haamu|Sampo|WWF|14310|Blue|Approved|9000000|0|0|7/15/2025 4:20:06 AM|Tech Deal|4978357|
644573|david har sinay|AuroriNa|Veneris|17356|White|531996|Thomas18|Terre Or|Veneris|17356|White|Approved|0|100|0|7/15/2025 3:16:09 AM|Financial Assistance|4978356|
33116|+Zeke+|Iron Heart|The Dark Templar|10056|Black|646025|Hiten21|HAPUD|The Dark Templar|10056|Black|Approved|9000000|0|0|7/15/2025 3:15:27 AM|DT Aids Program|4978355|
106543|Captain V|Touristan|Fark|10002|Aqua|646156|Kking2025|Louis nation|Nuclear Proliferation League|17228|Blue|Pending|9000000|0|0|7/15/2025 2:36:59 AM|9/100? |4978354|
106543|Captain V|Touristan|Fark|10002|Aqua|645829|blegth|irting|Nuclear Proliferation League|17228|Aqua|Approved|9000000|0|0|7/15/2025 2:36:05 AM|9/100|4978353|
559862|majestic ruler|pedro penduko|Argent|10063|Pink|486033|CobaltBlazer|Cobalt27|United Equestria|10101|Pink|Approved|9000000|0|0|7/15/2025 2:35:49 AM|Tech deal|4978352|
106543|Captain V|Touristan|Fark|10002|Aqua|645525|GodKing Menes|Free Republic of Kem|Nuclear Proliferation League|17228|Aqua|Approved|9000000|0|0|7/15/2025 2:35:38 AM|9/100|4978351|
166467|KittyPride207|BlackAngels|New Polar Order|10006|Blue|641765|Chandragupta Maurya|Maurya Dynasty|New Polar Order|10006|Blue|Approved|9000000|0|0|7/15/2025 2:24:17 AM|ICECAP Cash|4978350|
455413|Duke Nukem|NukemLand|Global Alliance And Treaty Organization|10003|Brown|273254|unstpblpimp|unstpblpimp|Global Alliance and Treaty Organization|10003|Brown|Approved|0|100|0|7/15/2025 2:16:37 AM|Financial Assistance|4978349|
643135|Ferocious|Ferocious|Nuclear Proliferation League|17228|Black|645985|CaboMabo|CaboMabo|Nuclear Proliferation League|17228|Aqua|Approved|9000000|100|0|7/15/2025 1:59:46 AM|5/9 payment |4978348|
453391|Rokula|Paraiso|New Pacific Order|10000|Red|612177|DannyVee|Cvetko|New Pacific Order|10000|Red|Approved|9000000|0|0|7/15/2025 1:35:22 AM|QT Pay|4978347|
453391|Rokula|Paraiso|New Pacific Order|10000|Red|646033|PlatinumAero|Verloren|The Wolves|16660|Maroon|Approved|9000000|0|0|7/15/2025 1:35:15 AM|Hugs from NPO|4978346|
617046|ResurrectionSon|Genox||0|Blue|195216|Alexandros o Megas|Hellas|New Pacific Order|10000|Red|Approved|9000000|100|0|7/15/2025 1:34:58 AM|Financial Assistance|4978345|
143364|Inkblot|Poverty|Sparta|10008|Black|168237|Ducky is King|Duckys Kingdom|Sparta|10008|Black|Approved|0|100|0|7/15/2025 1:18:13 AM|Financial Assistance|4978344|
525885|Zieg Know|Caldari State|CLAWS|15841|Black|581999|Johnny Mac|Big Brother 17|CLAWS|15841|Black|Approved|0|100|0|7/15/2025 1:05:47 AM|Financial Assistance|4978343|
248357|MrSka|Slartibartfast|NATO|10037|Blue|580046|Body Jryant|Conservative South|Christian Coalition Of Countries|10028|Maroon|Approved|9000000|0|0|7/15/2025 1:01:33 AM|Valyrian Aid|4978342|
583069|Embowaf|Ilium|Mostly Harmless Alliance|14879|Aqua|580046|Body Jryant|Conservative South|Christian Coalition Of Countries|10028|Maroon|Approved|9000000|0|0|7/15/2025 1:01:10 AM|VEP|4978341|
497470|Skaros Thunderbane|Shimazu Conglomerate|New Polar Order|10006|Blue|639953|Mihail the Just|Republic of Onivlac|New Polar Order|10006|Blue|Approved|9000000|0|0|7/15/2025 12:58:07 AM|Icecap Cash|4978340|
640096|recockulous|Yuge Indictments|Fark|10002|Aqua|280326|Scytale|Tleilax|Fark|10002|Aqua|Approved|0|100|0|7/15/2025 12:49:20 AM|9/100|4978339|
629286|Flycatcher|Sacania|Freehold of The Wolves|15157|White|231352|Wippeli|Wippelandia|Freehold of The Wolves|15157|White|Approved|9000000|0|0|7/15/2025 12:34:37 AM|Financial Assistance|4978337|
78691|konkrage1|konkrage1|The Legion|10020|Purple|137646|Otto Stolz|Midgaard|The Legion|10020|Purple|Approved|0|100|0|7/15/2025 12:32:50 AM|Financial Assistance|4978336|
643162|DarkDefiance|United Defiance|New Pacific Order|10000|Red|581758|Tiberius|Nuke Town|New Pacific Order|10000|Red|Approved|0|100|0|7/15/2025 12:25:57 AM|Vallum Aelium|4978335|
601747|Michael Dalton|Attarnia|Global Alliance And Treaty Organization|10003|Brown|545595|Torbay Trojan|Torbaydos|Global Alliance And Treaty Organization|10003|Brown|Pending|9000000|0|0|7/15/2025 12:22:29 AM|Regional Aid|4978334|
639843|TheChickenRun|Costco Wholesale|The Dark Templar|10056|Black|53832|Starcraftmazter|DPRK|The Dark Templar|10056|Black|Approved|0|100|0|7/15/2025 12:20:42 AM|Free Tech|4978333|
639843|TheChickenRun|Costco Wholesale|The Dark Templar|10056|Black|308695|Indiomaestro|Jahara|The Dark Templar|10056|Black|Approved|0|100|0|7/15/2025 12:20:08 AM|Free Tech|4978332|
486033|CobaltBlazer|Cobalt27|United Equestria|10101|Pink|541311|King Quincy|Confederate USA|Green Protection Agency|10041|Green|Approved|0|100|0|7/14/2025 11:50:45 PM|Financial Assistance|4978331|
486033|CobaltBlazer|Cobalt27|United Equestria|10101|Pink|518469|Combmartin Mining Co|Combe Martin|Knights of the Round Table|10092|Green|Approved|0|100|0|7/14/2025 11:50:40 PM|Financial Assistance|4978330|
402037|Soviet Mudkip|In Soviet Russia|The Dark Templar|10056|Black|639843|TheChickenRun|Costco Wholesale|The Dark Templar|10056|Black|Approved|9000000|0|0|7/14/2025 11:40:48 PM|9m/100t|4978329|
604250|RedHawkRuler|MiamiU|New Polar Order|10006|Blue|639953|Mihail the Just|Republic of Onivlac|New Polar Order|10006|Blue|Approved|9000000|0|0|7/14/2025 10:24:46 PM|ICECap Cash|4978328|
488372|Heinrich I|Das Ostfrankenreich|The Prussian Empire|14204|Green|631838|Gerard Bonaye|Nouvelle Burgundy|The Prussian Empire|14204|Green|Approved|9000000|0|0|7/14/2025 10:21:35 PM|Financial Assistance 7/11|4978327|
185464|Randalla|The HiElands|CLAWS|15841|Black|51153|chiles|The UFOC|CLAWS|15841|Black|Approved|0|100|0|7/14/2025 9:52:33 PM|CAW|4978326|
185464|Randalla|The HiElands|CLAWS|15841|Black|413336|Tevron|Devion|CLAWS|15841|Black|Approved|0|100|0|7/14/2025 9:51:59 PM|Gift from an old crow|4978325|
185464|Randalla|The HiElands|CLAWS|15841|Black|263220|Gambona|Gambona|CLAWS|15841|Black|Approved|0|100|0|7/14/2025 9:51:35 PM|Shinies|4978324|
185464|Randalla|The HiElands|CLAWS|15841|Black|281387|Thud III|Thudsylvania|CLAWS|15841|Black|Approved|0|100|0|7/14/2025 9:50:50 PM|Free to good home|4978323|
185464|Randalla|The HiElands|CLAWS|15841|Black|203961|porkpotpie|UnitedCanance|CLAWS|15841|Black|Approved|0|100|0|7/14/2025 9:50:24 PM|Uber Eats|4978322|
185464|Randalla|The HiElands|CLAWS|15841|Black|258455|Magical Muslim|Alibaba Land|CLAWS|15841|Black|Approved|0|100|0|7/14/2025 9:50:02 PM|Have another :D|4978321|
58119|Laserwolf|Ellisonia|Global Alliance and Treaty Organization|10003|Brown|646801|Chaos Gremlin|Chaostopia|Global Alliance And Treaty Organization|10003|Brown|Approved|6000000|0|0|7/14/2025 9:16:40 PM|6 Mil Tech deal|4978320|
58119|Laserwolf|Ellisonia|Global Alliance and Treaty Organization|10003|Brown|646800|Brotherlouie27|Louimerica II|Global Alliance And Treaty Organization|10003|Brown|Approved|6000000|0|0|7/14/2025 9:16:23 PM|6 Mil Tech deal|4978319|
58119|Laserwolf|Ellisonia|Global Alliance and Treaty Organization|10003|Brown|616861|TomoGozen|Shoganai|Global Alliance And Treaty Organization|10003|Brown|Approved|9000000|0|0|7/14/2025 9:15:34 PM|9mil tech deal|4978318|
613653|Supreme|Nu Phi|New Pacific Order|10000|Red|600178|tejuguasu|tejuguasu|New Pacific Order|10000|Red|Approved|0|100|0|7/14/2025 8:57:28 PM|QT Tech|4978317|
646787|Hye781|Calilove4ever|Christian Coalition Of Countries|10028|Maroon|430046|Beowulf88|Arcanium|Christian Coalition of Countries|10028|Maroon|Approved|0|100|0|7/14/2025 8:38:20 PM|VEP|4978316|
623987|MasterBadey|mastabadeia|Global Alliance And Treaty Organization|10003|Brown|39705|Bmk812|Eisenherz|Global Alliance And Treaty Organization|10003|Brown|Approved|0|100|0|7/14/2025 8:22:56 PM|Financial Assistance|4978315|
10287|Moriarty|Formosa|Knights Of The Round Table|10092|Green|604229|St Mungo|Glasgow|Knights Of The Round Table|10092|Green|Approved|9000000|0|0|7/14/2025 8:19:09 PM|Tech Deal|4978314|
10287|Moriarty|Formosa|Knights Of The Round Table|10092|Green|627722|Mustard Pougy|Frog Flats|Knights Of The Round Table|10092|Green|Approved|9000000|0|0|7/14/2025 8:14:59 PM|Tech Deal|4978313|
168237|Ducky is King|Duckys Kingdom|Sparta|10008|Black|582707|Balthier|Dalmascan Ruins|Sparta|10008|Black|Approved|6000000|0|0|7/14/2025 8:09:50 PM|Tech Deal|4978312|
168237|Ducky is King|Duckys Kingdom|Sparta|10008|Black|644316|Sam Sparks|Mendota|Sparta|10008|Black|Approved|6000000|0|0|7/14/2025 8:08:45 PM|Tech Deal|4978311|
168237|Ducky is King|Duckys Kingdom|Sparta|10008|Black|431619|rotinom|Gideons|Sparta|10008|Black|Approved|6000000|0|0|7/14/2025 8:08:18 PM|Tech Deal|4978310|
168237|Ducky is King|Duckys Kingdom|Sparta|10008|Black|509652|Tombark|Krispy|Sparta|10008|Black|Approved|6000000|0|0|7/14/2025 8:07:55 PM|Tech Deal|4978309|
625902|Patrick Stewart|Republic of Yorkshir|Non Grata|10097|Maroon|155817|MutedFaith|Faithoria|Non Grata|10097|Maroon|Approved|0|100|0|7/14/2025 7:34:39 PM|Financial Assistance|4978308|
625902|Patrick Stewart|Republic of Yorkshir|Non Grata|10097|Maroon|600902|HackSlash|NewFinlandia|Non Grata|10097|Maroon|Approved|0|100|0|7/14/2025 7:34:23 PM|Financial Assistance|4978307|
625902|Patrick Stewart|Republic of Yorkshir|Non Grata|10097|Maroon|324224|SemperFidelis|United Carborundum|Non Grata|10097|Maroon|Approved|0|100|0|7/14/2025 7:34:06 PM|Financial Assistance|4978306|
547395|KameraadLenin|Newfoundland SSR|Non Grata|10097|Maroon|475014|cirk2|Agatea|Non Grata|10097|Maroon|Approved|0|100|0|7/14/2025 7:31:25 PM|Financial Assistance|4978305|
262614|aml520|Hantou|New Polar Order|10006|Blue|584263|Beefbone|Beefy|New Polar Order|10006|Blue|Approved|0|100|0|7/14/2025 7:31:25 PM|ICECAP Tech|4978304|
262614|aml520|Hantou|New Polar Order|10006|Blue|466880|Pesticide|Vermin|New Polar Order|10006|Blue|Approved|0|100|0|7/14/2025 7:31:18 PM|Aid Fall|4978303|
602563|AntiChoice|SuperNaturale|Sparta|10008|Black|143364|Inkblot|Poverty|Sparta|10008|Black|Approved|6000000|0|0|7/14/2025 7:27:10 PM|Tech Deal|4978302|
646832|Greg Gregory Gregers|Udrus|The Phoenix Federation|17385|Black|263220|Gambona|Gambona|CLAWS|15841|Black|Approved|0|100|0|7/14/2025 7:20:00 PM|Tech deal|4978301|
113773|Njero|Njebooro|NATO|10037|Blue|468549|shadowstriker|shadow world|NATO|10037|Blue|Approved|0|100|0|7/14/2025 7:14:09 PM|Valyrian Aid|4978300|
582040|casey3927|landguardian|The Legion|10020|Purple|288372|king qaz|my own little workd|The Legion|10020|Purple|Approved|0|100|0|7/14/2025 7:14:08 PM|Financial Assistance|4978299|
113773|Njero|Njebooro|NATO|10037|Blue|440257|lonabis|flying dutchmen|NATO|10037|Blue|Approved|0|100|0|7/14/2025 7:13:59 PM|Valyrian Aid|4978298|
113773|Njero|Njebooro|NATO|10037|Blue|430046|Beowulf88|Arcanium|Christian Coalition of Countries|10028|Maroon|Approved|0|100|0|7/14/2025 7:13:51 PM|Valyrian Aid|4978297|
113773|Njero|Njebooro|NATO|10037|Blue|217577|MontyKo|Tuborg|Freehold of The Wolves|15157|White|Approved|0|100|0|7/14/2025 7:13:42 PM|Valyrian Aid|4978296|
113773|Njero|Njebooro|NATO|10037|Blue|88398|thepunk|thepunk|Federation Of Armed Nations|10021|Yellow|Approved|0|100|0|7/14/2025 7:13:27 PM|Valyrian Aid|4978295|
113773|Njero|Njebooro|NATO|10037|Blue|106012|President JR Seisa|Themysciera|NATO|10037|Blue|Approved|0|100|0|7/14/2025 7:13:19 PM|Valyrian Aid|4978294|
589715|nostalgia|Outer Spira|Orange Defense Network|10007|Orange|538755|zeldafan4ever|Terminus|Orange Defense Network|10007|Orange|Approved|9000000|0|0|7/14/2025 6:24:30 PM|Tech deal 300/9?|4978293|
589715|nostalgia|Outer Spira|Orange Defense Network|10007|Orange|423349|Raiser|Inireland|Orange Defense Network|10007|Orange|Approved|6000000|0|0|7/14/2025 6:24:15 PM|tech deal 200/6m?|4978292|
601747|Michael Dalton|Attarnia|Global Alliance And Treaty Organization|10003|Brown|568795|Greywall|The Westfold|Global Alliance And Treaty Organization|10003|Brown|Approved|9000000|0|0|7/14/2025 6:02:16 PM|Regional Aid|4978291|
126881|Lord Razzia|Razzian Dominion|The Dark Templar|10056|Black|639937|The Evilest Eye|NeoNeftyaniki|The Dark Templar|10056|Black|Approved|9000000|0|0|7/14/2025 5:28:20 PM|Tech Deal! 9M/100Tech|4978290|
580021|General Kanabis|Imperio Mexica|COBRA|13717|Brown|133051|MikeTheFirst|MikeLand|Non Grata|10097|Maroon|Approved|0|100|0|7/14/2025 4:35:50 PM|Financial Assistance|4978289|
644042|calicocatface|Calico Islands|Non Grata|10097|Maroon|552285|lilweirdward|Land of Too Much Fun|Christian Coalition Of Countries|10028|Maroon|Approved|0|100|0|7/14/2025 4:35:26 PM|Financial Assistance|4978288|
645427|Clank|Clank|Doombrella|17368|Black|334182|st6mm|Northern Reich|Disciples of Duckroll|17024|Black|Approved|0|100|0|7/14/2025 4:01:13 PM|Financial Assistance|4978287|
645427|Clank|Clank|Doombrella|17368|Black|541774|Das Blitzkrieger|Leistungsstarke|Disciples of Duckroll|17024|Black|Approved|0|100|0|7/14/2025 4:00:53 PM|Financial Assistance|4978286|
645427|Clank|Clank|Doombrella|17368|Black|202255|onelove|We Are One Love|Doombrella|17368|Black|Approved|0|100|0|7/14/2025 4:00:27 PM|Financial Assistance|4978285|
646764|Reverend Edo|Outopostan|Global Alliance And Treaty Organization|10003|Brown|394625|Empress Elizabeth|DeWitt|Global Alliance And Treaty Organization|10003|Brown|Approved|0|100|0|7/14/2025 3:52:50 PM|Financial Assistance|4978284|
567451|Valcanar|Alyssar|New Pacific Order|10000|Red|620667|Rosey Song|Llandy|New Pacific Order|10000|Red|Pending|9000000|0|0|7/14/2025 3:51:45 PM|Rising Stars|4978283|
567451|Valcanar|Alyssar|New Pacific Order|10000|Red|535709|Pressure|Newton|New Pacific Order|10000|Red|Approved|9000000|0|0|7/14/2025 3:51:40 PM|Bankroll|4978282|
567451|Valcanar|Alyssar|New Pacific Order|10000|Red|646321|equusSuprm|equusSuprm|New Pacific Order|10000|Red|Approved|9000000|0|0|7/14/2025 3:51:35 PM|Rising Stars|4978281|
567451|Valcanar|Alyssar|New Pacific Order|10000|Red|644646|Naturschuetzer|Naturumgibt|New Pacific Order|10000|Red|Approved|9000000|0|0|7/14/2025 3:51:29 PM|Bankroll|4978280|
567451|Valcanar|Alyssar|New Pacific Order|10000|Red|587834|alucardx13|The United Regions|New Pacific Order|10000|Red|Approved|9000000|0|0|7/14/2025 3:51:25 PM|QT Pay|4978279|
567451|Valcanar|Alyssar|New Pacific Order|10000|Red|643162|DarkDefiance|United Defiance|New Pacific Order|10000|Red|Approved|9000000|0|0|7/14/2025 3:51:19 PM|QT Pay|4978278|
78691|konkrage1|konkrage1|The Legion|10020|Purple|288372|king qaz|my own little workd|The Legion|10020|Purple|Approved|0|100|0|7/14/2025 3:40:19 PM|Financial Assistance|4978277|
78691|konkrage1|konkrage1|The Legion|10020|Purple|638311|FightingSioux405|New Whitehall|The Legion|10020|Purple|Approved|0|100|0|7/14/2025 3:40:12 PM|Financial Assistance|4978276|
78691|konkrage1|konkrage1|The Legion|10020|Purple|363340|Lord of Coke and Hot Dogs|TOOTLOCAHD|The Legion|10020|Purple|Approved|0|100|0|7/14/2025 3:40:03 PM|Financial Assistance|4978275|
78691|konkrage1|konkrage1|The Legion|10020|Purple|529402|Firkinvald|Firkinland|The Legion|10020|Purple|Approved|0|100|0|7/14/2025 3:39:55 PM|Financial Assistance|4978274|
633233|Mike Khunt|Cypress Hill|CLAWS|15841|Black|640027|Rdjzozet|Tryzovits|CLAWS|15841|Black|Approved|9000000|0|0|7/14/2025 3:36:11 PM|$9 mil for 100 tech |4978273|
523247|Umbrae Noctem|Gronland|New Pacific Order|10000|Red|478715|New Persia|New Pars|New Pacific Order|10000|Red|Approved|0|100|0|7/14/2025 3:29:22 PM|QT Tech|4978272|
523247|Umbrae Noctem|Gronland|New Pacific Order|10000|Red|498811|Viper89|Viper Land|New Pacific Order|10000|Red|Approved|0|100|0|7/14/2025 3:29:13 PM|QT Tech|4978271|
523247|Umbrae Noctem|Gronland|New Pacific Order|10000|Red|604873|Iorek|Crusader States|New Pacific Order|10000|Red|Approved|0|100|0|7/14/2025 3:29:05 PM|QT Tech|4978270|
523247|Umbrae Noctem|Gronland|New Pacific Order|10000|Red|134146|Lenadius|Espa&#241;ola|New Pacific Order|10000|Red|Pending|0|100|0|7/14/2025 3:28:56 PM|QT Tech|4978269|
523247|Umbrae Noctem|Gronland|New Pacific Order|10000|Red|568748|Llednar Twem|Eurica|New Pacific Order|10000|Red|Pending|0|100|0|7/14/2025 3:28:48 PM|QT Tech|4978268|
523247|Umbrae Noctem|Gronland|New Pacific Order|10000|Red|75117|rnegafan|Rnegfania|New Pacific Order|10000|Red|Approved|0|100|0|7/14/2025 3:28:38 PM|QT Tech|4978267|
404438|Herzog|Black Amber|Sparta|10008|Black|111387|riffers|Vagumachland|Sparta|10008|Black|Approved|0|100|0|7/14/2025 3:17:37 PM|Financial Assistance|4978266|
264926|Ken T Kent|Codopia|Fark|10002|Aqua|477144|delthan2|comedyoferrors|Fark|10002|Aqua|Approved|0|100|0|7/14/2025 3:01:36 PM|Financial Assistance|4978265|
264926|Ken T Kent|Codopia|Fark|10002|Aqua|106268|cable77|Tau ri|Fark|10002|Aqua|Approved|9000000|100|0|7/14/2025 3:01:28 PM|Financial Assistance|4978264|
542501|King Georges III|Georgiostan|Sparta|10008|Black|404438|Herzog|Black Amber|Sparta|10008|Black|Approved|9000000|0|0|7/14/2025 2:27:48 PM|9mil/100 tech|4978263|
379651|reghar73|Zeman|The Dark Templar|10056|Black|646025|Hiten21|HAPUD|The Dark Templar|10056|Black|Approved|9000000|0|0|7/14/2025 2:17:31 PM|Tech Deal |4978262|
355527|MP2012|TerRep|WWF|14310|Green|326030|Laughing Turtle|Turtlopolis|WWF|14310|Green|Approved|0|100|0|7/14/2025 1:50:54 PM|Financial Assistance|4978261|
355527|MP2012|TerRep|WWF|14310|Green|342332|Hellhound|MythDranor|WWF|14310|Green|Approved|0|100|0|7/14/2025 1:50:43 PM|Financial Assistance|4978260|
355527|MP2012|TerRep|WWF|14310|Green|273509|Enrage|TheEmpire|WWF|14310|Green|Approved|0|100|0|7/14/2025 1:50:31 PM|Financial Assistance|4978259|
199347|Caliph|Caliphate|Doom Squad|16454|Black|470323|plaw44|infinite desire|Doombrella|17368|Black|Approved|0|100|0|7/14/2025 1:34:38 PM|Financial Assistance|4978258|
199347|Caliph|Caliphate|Doom Squad|16454|Black|61657|Umar ibn Abd al-Aziz|Umayyad Caliphate|DOOMBIRD DOOMCAVE|10449|Black|Approved|0|100|0|7/14/2025 1:34:16 PM|Financial Assistance|4978257|
199347|Caliph|Caliphate|Doom Squad|16454|Black|101493|ak47don|sicily mafia|Doombrella|17368|Black|Approved|9000000|0|0|7/14/2025 1:33:23 PM|Financial Assistance|4978256|
199347|Caliph|Caliphate|Doom Squad|16454|Black|634169|Cadlore|OId Lore|CLAWS|15841|Black|Approved|0|100|0|7/14/2025 1:31:38 PM|Financial Assistance|4978255|
199347|Caliph|Caliphate|Doom Squad|16454|Black|606462|Iamjust0ne|Senstown|Doom Squad|16454|Black|Approved|0|100|0|7/14/2025 1:31:22 PM|Financial Assistance|4978254|
199347|Caliph|Caliphate|Doom Squad|16454|Black|466941|Komplex|Despair|DOOMBIRD DOOMCAVE|10449|Black|Approved|0|100|0|7/14/2025 1:30:59 PM|Financial Assistance|4978253|
433854|Auctor|Wyrdgar|Doombrella|17368|Black|582974|SeekerSeeks|Seeking|Doombrella|17368|Black|Approved|0|100|0|7/14/2025 1:26:27 PM|Financial Assistance|4978252|
553512|Marcin|Karpowicze|Knights Of The Round Table|10092|Green|633305|Angel Ray|Tecnia|Knights Of The Round Table|10092|Green|Approved|9000000|0|0|7/14/2025 12:54:40 PM|Technologia 100|4978251|
634243|KhanterWinters|Utrennyaya Zvezda|Post Grunge Supergroup|16367|Brown|646839|rickm27|Balmoria|Nuclear Proliferation League|17228|Aqua|Approved|9000000|0|0|7/14/2025 12:13:08 PM|9/100|4978250|
454402|Flyin Hawaiian|Hawaiian Land|The Dark Templar|10056|Black|126881|Lord Razzia|Razzian Dominion|The Dark Templar|10056|Black|Approved|0|100|0|7/14/2025 12:10:30 PM|Financial Assistance|4978249|
606440|UnitedBishop|UnitedBishops|Doom Squad|16454|Black|582974|SeekerSeeks|Seeking|Doombrella|17368|Black|Approved|0|100|0|7/14/2025 12:00:56 PM|Financial Assistance|4978248|
606440|UnitedBishop|UnitedBishops|Doom Squad|16454|Black|627592|Lord Xamaeron|Celtic Forest|DOOMBIRD DOOMCAVE|10449|Brown|Approved|0|100|0|7/14/2025 12:00:26 PM|Financial Assistance|4978247|
606440|UnitedBishop|UnitedBishops|Doom Squad|16454|Black|240223|White Chocolate|Lander Clan|CLAWS|15841|Black|Approved|0|100|0|7/14/2025 12:00:15 PM|Financial Assistance|4978246|
606440|UnitedBishop|UnitedBishops|Doom Squad|16454|Black|139809|John Orris|Commonwealth of John|Doombrella|17368|Black|Approved|0|100|0|7/14/2025 12:00:02 PM|Financial Assistance|4978245|
111283|K L Emall|North Unstunstia|New Pacific Order|10000|Red|620667|Rosey Song|Llandy|New Pacific Order|10000|Red|Pending|9000000|0|0|7/14/2025 11:52:49 AM|Rising Stars|4978244|
111283|K L Emall|North Unstunstia|New Pacific Order|10000|Red|646321|equusSuprm|equusSuprm|New Pacific Order|10000|Red|Approved|9000000|0|0|7/14/2025 11:52:33 AM|Rising Stars|4978243|
111283|K L Emall|North Unstunstia|New Pacific Order|10000|Red|645082|TowerQueen|Turrim|New Pacific Order|10000|Red|Approved|9000000|0|0|7/14/2025 11:52:25 AM|QT Pay|4978242|
111283|K L Emall|North Unstunstia|New Pacific Order|10000|Red|644646|Naturschuetzer|Naturumgibt|New Pacific Order|10000|Red|Approved|9000000|0|0|7/14/2025 11:52:11 AM|Bankroll|4978241|
645829|blegth|irting|Nuclear Proliferation League|17228|Aqua|430606|KemMo|Maurinaria|Nuclear Proliferation League|17228|Aqua|Approved|0|100|0|7/14/2025 11:18:06 AM|Financial Assistance|4978239|
102751|Jack Whiterstein|Gyuard|Global Alliance And Treaty Organization|10003|Brown|646409|Kingdjthadestroyer|King Dj|Global Alliance And Treaty Organization|10003|Brown|Approved|9000000|0|0|7/14/2025 11:15:44 AM|Tech Deal 9m/100|4978238|
558909|InvaderZim1987|Robonia|Fark|10002|Aqua|273692|Pope Bubba XIII|Rebel Virginia|Non Grata|10097|Maroon|Approved|0|100|0|7/14/2025 10:57:32 AM|Financial Assistance|4978237|
428668|EViL0nE|Hivestonia|Fark|10002|Aqua|558318|Falcon9|Darkest Chandler|Fark|10002|Aqua|Approved|9000000|0|0|7/14/2025 10:52:30 AM|9/100?|4978236|
546488|levothy|mycybernation|Knights Of The Round Table|10092|Green|635357|Stephen Michael I|Yanceysylvania|Knights Of The Round Table|10092|Green|Approved|0|100|0|7/14/2025 10:41:14 AM|Resending tech spin 195|4978235|
641018|xxPocketxx|Savere|The Legion|10020|Purple|123143|Colin Myrhh|Wychwood|The Legion|10020|Purple|Approved|0|100|0|7/14/2025 10:36:28 AM|Financial Assistance|4978234|
599455|RearviewRover|Prossy Boat Party|Non Grata|10097|Maroon|552285|lilweirdward|Land of Too Much Fun|Christian Coalition Of Countries|10028|Maroon|Approved|0|100|0|7/14/2025 10:29:10 AM|Tech deal|4978233|
309853|Tasuki|Oniwabanshu|New Pacific Order|10000|Red|134146|Lenadius|Espa&#241;ola|New Pacific Order|10000|Red|Approved|0|100|0|7/14/2025 10:24:08 AM|QT Tech|4978232|
309853|Tasuki|Oniwabanshu|New Pacific Order|10000|Red|629229|HopeFun|LimaPT|New Pacific Order|10000|Red|Pending|0|100|0|7/14/2025 10:23:28 AM|QT Tech|4978231|
635299|Jujohouse|Genshin Impact|Nordreich|11319|Maroon|94305|Brettward|Truckerland|Nordreich|11319|Maroon|Approved|0|100|0|7/14/2025 10:20:01 AM|Financial Assistance|4978230|
635299|Jujohouse|Genshin Impact|Nordreich|11319|Maroon|274261|Ub3rdude|Uberlandia|Nordreich|11319|Maroon|Approved|0|100|0|7/14/2025 10:19:41 AM|Financial Assistance|4978229|
613652|Peterkin|Quaraguay|Freehold of The Wolves|15157|White|646771|King Chocolate|Chocolate Cookie|Nuclear Proliferation League|17228|Aqua|Approved|9000000|0|0|7/14/2025 10:15:05 AM|9mil/100tech?|4978228|
86943|DenverDan|Greater Basin|CLAWS|15841|Black|525885|Zieg Know|Caldari State|CLAWS|15841|Black|Approved|9000000|0|1|7/14/2025 10:14:56 AM|100 Claws tech deal|4978227|
120237|Ice Princess|Tundra Mountain|The Grand Lodge of Freemasons|10029|Orange|644967|Mushrat|Ormarr Land|The Grand Lodge Of Freemasons|10029|Orange|Approved|9000000|0|0|7/14/2025 10:12:09 AM|tech plz|4978226|
613652|Peterkin|Quaraguay|Freehold of The Wolves|15157|White|644573|david har sinay|AuroriNa|Veneris|17356|White|Approved|6000000|0|0|7/14/2025 10:08:04 AM|6mil/100tech|4978225|
257186|Southern Comfort|Wild Wild West|Knights Of The Round Table|10092|Green|646790|ADEVA|Lyceaum|The Legion|10020|Purple|Approved|9000000|0|0|7/14/2025 10:07:22 AM|Tech?|4978224|
443221|Mistral|Nicholas|Post Grunge Supergroup|16367|Brown|646916|SmugglyMcWeed|SmugglyMcWeed|Post Grunge Supergroup|16367|Brown|Approved|6000000|0|0|7/14/2025 10:06:19 AM|6mil for 100 tech deal|4978223|
645870|Maximilian von Adler|Preussisches Kaiserr|NATO|10037|Blue|159031|jefcolpan|scarab marangue|Freehold of The Wolves|15157|White|Approved|0|100|0|7/14/2025 10:05:11 AM|VEP|4978222|
645870|Maximilian von Adler|Preussisches Kaiserr|NATO|10037|Blue|88398|thepunk|thepunk|Federation Of Armed Nations|10021|Yellow|Approved|0|100|0|7/14/2025 10:04:58 AM|VEP|4978221|
206879|Platinumviper|Bekaa|NATO|10037|Blue|645124|stugots|Trumpopolis|NATO|10037|Blue|Approved|9000000|0|0|7/14/2025 9:46:26 AM|VEP|4978220|
206879|Platinumviper|Bekaa|NATO|10037|Blue|646570|CiceroThePoet|Ismuth|NATO|10037|Blue|Approved|9000000|0|0|7/14/2025 9:45:47 AM|VEP|4978219|
63284|Kills with Fire|New Highlands|Federation of Armed Nations|10021|Yellow|645105|Trench Foast|TrenchFoastia|Christian Coalition Of Countries|10028|Maroon|Approved|9000000|0|0|7/14/2025 9:43:39 AM|Financial Assistance|4978218|
63284|Kills with Fire|New Highlands|Federation of Armed Nations|10021|Yellow|580046|Body Jryant|Conservative South|Christian Coalition Of Countries|10028|Maroon|Approved|9000000|0|0|7/14/2025 9:43:30 AM|Financial Assistance|4978217|
63284|Kills with Fire|New Highlands|Federation of Armed Nations|10021|Yellow|467217|aroswing|Land of Darkness|Freehold of The Wolves|15157|White|Approved|9000000|0|0|7/14/2025 9:43:19 AM|Financial Assistance|4978216|
638831|Donny|Hunns|The Legion|10020|Purple|363340|Lord of Coke and Hot Dogs|TOOTLOCAHD|The Legion|10020|Purple|Approved|0|100|0|7/14/2025 9:25:50 AM|Financial Assistance|4978215|
638831|Donny|Hunns|The Legion|10020|Purple|529402|Firkinvald|Firkinland|The Legion|10020|Purple|Approved|0|100|0|7/14/2025 9:25:41 AM|Financial Assistance|4978214|
638831|Donny|Hunns|The Legion|10020|Purple|618779|learjet|Racinante|The Legion|10020|Purple|Approved|0|100|0|7/14/2025 9:25:32 AM|Financial Assistance|4978213|
638831|Donny|Hunns|The Legion|10020|Purple|205980|deathbiter|Arrakis2|The Legion|10020|Purple|Approved|0|100|0|7/14/2025 9:25:22 AM|Financial Assistance|4978212|
638831|Donny|Hunns|The Legion|10020|Purple|123143|Colin Myrhh|Wychwood|The Legion|10020|Purple|Approved|0|100|0|7/14/2025 9:25:13 AM|Financial Assistance|4978211|
638831|Donny|Hunns|The Legion|10020|Purple|638569|Ozark|Blue Cat Nation|The Legion|10020|Purple|Approved|0|100|0|7/14/2025 9:25:03 AM|Financial Assistance|4978210|
301601|Farrin Xies|Farrin Free States|New Pacific Order|10000|Red|636711|Praetor Cuddles|Romulan Star Empire|New Pacific Order|10000|Red|Approved|0|100|0|7/14/2025 9:21:02 AM|QT Tech|4978208|
301601|Farrin Xies|Farrin Free States|New Pacific Order|10000|Red|75117|rnegafan|Rnegfania|New Pacific Order|10000|Red|Approved|0|100|0|7/14/2025 9:20:49 AM|QT Tech|4978207|
301601|Farrin Xies|Farrin Free States|New Pacific Order|10000|Red|568748|Llednar Twem|Eurica|New Pacific Order|10000|Red|Pending|0|100|0|7/14/2025 9:20:43 AM|QT Tech|4978206|
301601|Farrin Xies|Farrin Free States|New Pacific Order|10000|Red|21424|John Edward|Ardenchestia|New Pacific Order|10000|Red|Approved|0|100|0|7/14/2025 9:20:27 AM|QT Tech|4978205|
152779|Crazyguy945|United Nick|Coalition of Royal Allied Powers|10051|Maroon|644461|Aran Belmont|Metroidvania|Veneris|17356|White|Approved|9000000|0|0|7/14/2025 9:20:09 AM|t deal|4978204|
301601|Farrin Xies|Farrin Free States|New Pacific Order|10000|Red|629229|HopeFun|LimaPT|New Pacific Order|10000|Red|Pending|0|100|0|7/14/2025 9:18:58 AM|QT Tech|4978202|
301601|Farrin Xies|Farrin Free States|New Pacific Order|10000|Red|442731|Madd|Modra|New Pacific Order|10000|Red|Approved|0|100|0|7/14/2025 9:18:53 AM|QT Tech|4978201|
645136|district10VICTOR|Amelo|Global Alliance And Treaty Organization|10003|Brown|601747|Michael Dalton|Attarnia|Global Alliance And Treaty Organization|10003|Brown|Approved|0|100|0|7/14/2025 9:17:38 AM|Financial Assistance|4978200|
363340|Lord of Coke and Hot Dogs|TOOTLOCAHD|The Legion|10020|Purple|646353|tuomas|temple of perversion|The Legion|10020|Purple|Approved|9000000|0|0|7/14/2025 8:58:07 AM|Financial Assistance|4978199|
94305|Brettward|Truckerland|Nordreich|11319|Maroon|639833|sogekido|sinetron|Nordreich|11319|Maroon|Approved|9000000|0|0|7/14/2025 8:36:22 AM|Tech deal|4978198|
94305|Brettward|Truckerland|Nordreich|11319|Maroon|49522|Croix|Edjaal|Random Insanity Alliance|10038|Maroon|Approved|9000000|0|0|7/14/2025 8:35:56 AM|Tech deal|4978197|
308695|Indiomaestro|Jahara|The Dark Templar|10056|Black|628662|Theletas|The Toastian Republi|Madlads Union|17130|Brown|Approved|9000000|0|0|7/14/2025 8:25:01 AM|Tech deal|4978196|
308695|Indiomaestro|Jahara|The Dark Templar|10056|Black|646383|Son Of Him|Land of Forever|Catholic Reich|17311|Black|Approved|9000000|0|0|7/14/2025 8:24:26 AM|Tech deal|4978195|
529402|Firkinvald|Firkinland|The Legion|10020|Purple|646353|tuomas|temple of perversion|The Legion|10020|Purple|Approved|9000000|0|0|7/14/2025 8:23:22 AM|Financial Assistance|4978194|
637113|Up in smoke|Ring of Fire Island|CLAWS|15841|Black|646790|ADEVA|Lyceaum|The Legion|10020|Purple|Approved|9000000|0|0|7/14/2025 8:22:25 AM|$9 mil for 100 tech|4978193|
646824|AlphaB|Blue Ribbon|The Legion|10020|Purple|123143|Colin Myrhh|Wychwood|The Legion|10020|Purple|Approved|0|100|0|7/14/2025 8:20:23 AM|Financial Assistance|4978192|
646824|AlphaB|Blue Ribbon|The Legion|10020|Purple|637077|Promethixian|Promethixia|The Legion|10020|Purple|Approved|0|100|0|7/14/2025 8:19:46 AM|Financial Assistance|4978191|
260612|Qazzian|Qaziakstan|New Pacific Order|10000|Red|642970|Rhett Kahn|Retconia|New Pacific Order|10000|Red|Approved|9000000|0|0|7/14/2025 8:18:30 AM|Bankroll|4978190|
260612|Qazzian|Qaziakstan|New Pacific Order|10000|Red|635806|MikeCat|Renastasia|New Pacific Order|10000|Red|Approved|9000000|0|0|7/14/2025 8:18:20 AM|Bankroll|4978189|
260612|Qazzian|Qaziakstan|New Pacific Order|10000|Red|679|Gateborg|Gateborg|New Pacific Order|10000|Red|Approved|9000000|0|0|7/14/2025 8:18:05 AM|Bankroll|4978188|
260612|Qazzian|Qaziakstan|New Pacific Order|10000|Red|633137|International Waters|International Waters|New Pacific Order|10000|Red|Approved|9000000|0|0|7/14/2025 8:17:52 AM|Bankroll|4978187|
260612|Qazzian|Qaziakstan|New Pacific Order|10000|Red|620667|Rosey Song|Llandy|New Pacific Order|10000|Red|Pending|9000000|0|0|7/14/2025 8:17:31 AM|Rising Stars|4978186|
14735|jsims8|DeKalb|Global Alliance and Treaty Organization|10003|Brown|646815|godtoh1|hotdogal|Global Alliance And Treaty Organization|10003|Brown|Approved|6000000|0|0|7/14/2025 8:14:17 AM|enjoy|4978185|
216336|Stetson76|Axeland|CLAWS|15841|Black|644571|Juno02|Mystic Land|Catholic Reich|17311|Black|Pending|9000000|0|0|7/14/2025 8:11:28 AM|$9mil for 100 tech deal?|4978184|
497000|Democzar|frequathrive|Global Alliance And Treaty Organization|10003|Brown|646409|Kingdjthadestroyer|King Dj|Global Alliance And Treaty Organization|10003|Brown|Approved|9000000|0|0|7/14/2025 8:08:11 AM|Financial Assistance|4978183|
626980|Aspire|AspireFerty|Non Grata|10097|Maroon|644042|calicocatface|Calico Islands|Non Grata|10097|Maroon|Approved|9000000|0|0|7/14/2025 8:05:32 AM|Tech Deal|4978182|
626980|Aspire|AspireFerty|Non Grata|10097|Maroon|457345|Taiki11|Taiki Land|Non Grata|10097|Maroon|Approved|9000000|0|0|7/14/2025 8:05:16 AM|Tech Deal|4978181|
455413|Duke Nukem|NukemLand|Global Alliance And Treaty Organization|10003|Brown|102751|Jack Whiterstein|Gyuard|Global Alliance And Treaty Organization|10003|Brown|Approved|0|100|0|7/14/2025 7:43:34 AM|Financial Assistance|4978180|
39705|Bmk812|Eisenherz|Global Alliance And Treaty Organization|10003|Brown|646327|KittenGosCrazy|Aura Kingdom|Global Alliance And Treaty Organization|10003|Brown|Approved|9000000|0|0|7/14/2025 7:36:49 AM|Tech Aid|4978179|
36287|SirWilliam|Blissfields|Post Grunge Supergroup|16367|Brown|560632|Harper77|Harpistan|Post Grunge Supergroup|16367|Brown|Approved|0|100|0|7/14/2025 7:32:33 AM|Financial Assistance|4978178|
416695|pmacdaddy|Sanctuary|DOOMBIRD DOOMCAVE|10449|Black|646836|Keyzlt5|Chi Seeds|Doom Squad|16454|Black|Approved|9000000|0|0|7/14/2025 7:29:42 AM|Doomerce |4978177|
644454|Mike Oxlong|Dixie Wrecked|Global Alliance And Treaty Organization|10003|Brown|163031|MasterChief777|The New Empire|Global Alliance And Treaty Organization|10003|Brown|Approved|0|100|0|7/14/2025 7:19:40 AM|Financial Assistance|4978176|
646738|TechLord|TechLord|The Legion|10020|Purple|625142|Britbong|Imperium Britannicum|The Legion|10020|Purple|Approved|0|100|0|7/14/2025 7:15:46 AM|Financial Assistance|4978175|
646240|WelpLOLoofE|Slavnia|Nuclear Proliferation League|17228|Black|170471|Smurthwaite|Smurthwaite|Nuclear Proliferation League|17228|Aqua|Approved|0|100|0|7/14/2025 7:14:54 AM|Tech deal|4978174|
325990|Bleak Outlook|New Dun Likus|Fark|10002|Aqua|291874|Dr Triffid|West By God Virginia|Fark|10002|Aqua|Approved|0|100|0|7/14/2025 7:04:50 AM|more un-birthday tech|4978173|
123143|Colin Myrhh|Wychwood|The Legion|10020|Purple|646353|tuomas|temple of perversion|The Legion|10020|Purple|Approved|9000000|0|0|7/14/2025 7:04:37 AM|Tech system|4978172|
325990|Bleak Outlook|New Dun Likus|Fark|10002|Aqua|159130|Decide R Inchief|decided4us|Fark|10002|Aqua|Approved|0|100|0|7/14/2025 7:03:56 AM|More birthday tech!|4978171|
242836|BozDaBoz|CoastalBendatia|Fark|10002|Aqua|508630|notkintoot|particle|Nuclear Proliferation League|17228|Aqua|Approved|9000000|0|0|7/14/2025 7:03:25 AM|tech deal 9/100|4978170|
646756|DyneVeilstone|Felis Felicitas|Global Alliance And Treaty Organization|10003|Brown|39842|Uelen|Uelen|Global Alliance and Treaty Organization|10003|Brown|Approved|0|100|0|7/14/2025 6:59:15 AM|Financial Assistance|4978169|
641246|Werdkesaj|Kektopolis|Post Grunge Supergroup|16367|Brown|577964|WagonWheel|Wagons|Post Grunge Supergroup|16367|Brown|Approved|0|100|0|7/14/2025 6:38:50 AM|Financial Assistance|4978168|
641246|Werdkesaj|Kektopolis|Post Grunge Supergroup|16367|Brown|632435|Lordsmallballs|Acadian States|Post Grunge Supergroup|16367|Brown|Approved|0|100|0|7/14/2025 6:38:35 AM|Financial Assistance|4978167|
638567|Cobert|Brightwood|Non Grata|10097|Maroon|437823|zyberzpyder|Zyberia|Non Grata|10097|Maroon|Approved|0|100|0|7/14/2025 6:29:39 AM|Tech|4978166|
514492|xxLENZxx|Star Command|The Legion|10020|Purple|646353|tuomas|temple of perversion|The Legion|10020|Purple|Approved|9000000|0|0|7/14/2025 6:23:13 AM|Praetor Aid|4978165|
643607|Aspen|Silus|Union Of Communist Republics|10060|Brown|620004|Joesph Stalin|Ressurectioned USSR|Union Of Communist Republics|10060|Brown|Approved|0|100|0|7/14/2025 6:04:25 AM|Financial Assistance|4978164|
625646|muji111|muji111|Random Insanity Alliance|10038|Maroon|184994|Oro Ibah Aozpi|Novgorod|Nordreich|11319|Maroon|Approved|0|100|0|7/14/2025 6:00:50 AM|Financial Assistance|4978163|
596771|Pentix|Mars Colony|New Polar Order|10006|Blue|508630|notkintoot|particle|Nuclear Proliferation League|17228|Aqua|Approved|9000000|0|0|7/14/2025 5:40:56 AM|Financial Assistance|4978162|
509327|Pollard|Baby Baby Baby Ohhhh|The Chaos Brotherhood|10364|Black|647011|Knight del Sol|Esplandian|The Chaos Brotherhood|10364|Brown|Approved|6000000|0|0|7/14/2025 5:35:34 AM|Tech Deal|4978161|
57033|Slywolfe|Slywolfe|New Pacific Order|10000|Red|679|Gateborg|Gateborg|New Pacific Order|10000|Red|Approved|9000000|0|0|7/14/2025 5:32:44 AM|Bankroll|4978160|
474413|The R00STER|Republic of Ibonn|The Dark Templar|10056|Black|627412|Jason Radix|Radix|The Dark Templar|10056|Black|Approved|9000000|0|0|7/14/2025 5:30:11 AM|Financial Assistance|4978159|
168105|Bobogoobo|Bobogoobo|New Pacific Order|10000|Red|642970|Rhett Kahn|Retconia|New Pacific Order|10000|Red|Approved|9000000|0|0|7/14/2025 5:23:53 AM|Bankroll|4978158|
168105|Bobogoobo|Bobogoobo|New Pacific Order|10000|Red|679|Gateborg|Gateborg|New Pacific Order|10000|Red|Approved|9000000|0|0|7/14/2025 5:23:47 AM|Bankroll|4978157|
618779|learjet|Racinante|The Legion|10020|Purple|646353|tuomas|temple of perversion|The Legion|10020|Purple|Approved|9000000|0|0|7/14/2025 5:11:38 AM|Financial Assistance|4978156|
638515|silkhyacinth|Taiat|The Legion|10020|Purple|625142|Britbong|Imperium Britannicum|The Legion|10020|Purple|Approved|0|100|0|7/14/2025 5:10:54 AM|Financial Assistance|4978155|
529267|Pastor Jason|Gods Country|Doom Squad|16454|Black|56391|MexiMoot|Mooxico|DOOMBIRD DOOMCAVE|10449|Black|Approved|0|100|0|7/14/2025 5:02:04 AM|Jesus loves you|4978154|
529267|Pastor Jason|Gods Country|Doom Squad|16454|Black|615966|tehol|Lether|Doom Squad|16454|Black|Approved|0|100|0|7/14/2025 4:59:25 AM|Jesus Christ is Lord |4978153|
645105|Trench Foast|TrenchFoastia|Christian Coalition Of Countries|10028|Maroon|88398|thepunk|thepunk|Federation Of Armed Nations|10021|Yellow|Approved|0|100|0|7/14/2025 4:35:28 AM|Vep|4978152|
645017|RobbentheRider|Skylarkton|The Legion|10020|Purple|625142|Britbong|Imperium Britannicum|The Legion|10020|Purple|Approved|0|100|0|7/14/2025 3:27:50 AM|Financial Assistance|4978151|
623136|rofrif|rofrif|Sparta|10008|Black|143364|Inkblot|Poverty|Sparta|10008|Black|Approved|6000000|0|0|7/14/2025 3:15:44 AM|Financial Assistance|4978150|
484657|Augustus Caesar|South Holland|Non Grata|10097|Maroon|630971|Jeremiah|CERAVA|Non Grata|10097|Maroon|Approved|9000000|0|0|7/14/2025 3:01:18 AM|Financial Assistance|4978149|
84729|D.A.D.1|IGP Warriors|The Dark Templar|10056|Black|639897|CaptTchalle|Akutan Island|The Dark Templar|10056|Brown|Approved|9000000|0|0|7/14/2025 2:49:58 AM|Tech Deal|4978148|
76627|shwampy|Barryteroria|Libertarian Socialist Federation|10027|White|418455|Sabcat|Sabcat Island|Libertarian Socialist Federation|10027|Brown|Approved|0|100|0|7/14/2025 2:41:19 AM|Another quality trade :)|4978147|
625051|Troopers|Colonist|CLAWS|15841|Black|410290|bdrocks|Knights of Honour|CLAWS|15841|Black|Approved|0|100|0|7/14/2025 2:28:33 AM|Financial Assistance|4978146|
625051|Troopers|Colonist|CLAWS|15841|Black|216336|Stetson76|Axeland|CLAWS|15841|Black|Approved|0|100|0|7/14/2025 2:28:20 AM|Financial Assistance|4978145|
643135|Ferocious|Ferocious|Nuclear Proliferation League|17228|Black|170471|Smurthwaite|Smurthwaite|Nuclear Proliferation League|17228|Aqua|Approved|0|100|0|7/14/2025 2:14:12 AM|5/9 payment |4978144|
413336|Tevron|Devion|CLAWS|15841|Black|645139|4 Marzo|Nuova Sicilia|Veneris|17356|White|Approved|9000000|0|0|7/14/2025 2:09:38 AM|9/100|4978143|
413336|Tevron|Devion|CLAWS|15841|Black|646790|ADEVA|Lyceaum|The Legion|10020|Purple|Approved|9000000|0|0|7/14/2025 2:06:13 AM|Financial Assistance|4978142|
413336|Tevron|Devion|CLAWS|15841|Black|646540|brasitolandia|brasitolandia2|The Phoenix Federation|17385|Black|Approved|6000000|0|0|7/14/2025 2:06:05 AM|Financial Assistance|4978141|
645139|4 Marzo|Nuova Sicilia|Veneris|17356|White|559862|majestic ruler|pedro penduko|Argent|10063|Pink|Approved|0|100|0|7/14/2025 1:56:20 AM|Financial Assistance|4978140|
138858|Haart|Barbarica|The Templar Knights|10012|Maroon|626894|Gamestonk|GameStonk|COBRA|13717|Brown|Approved|9000000|0|0|7/14/2025 1:44:26 AM|Tech Deal, 9 M - 100 tech|4978139|
583468|Qldvespanut|Mr Ben|Mostly Harmless Alliance|14879|Aqua|25527|Flembosh|Randall|Mostly Harmless Alliance|14879|Aqua|Approved|9000000|0|0|7/14/2025 1:38:03 AM|9/100|4978138|
575517|asrdragon|freudesch|Independent Republic Of Orange Nations|10004|Orange|273843|Northern Empire|Northern Empire|Independent Republic Of Orange Nations|10004|Orange|Approved|0|100|0|7/14/2025 1:33:40 AM|Donation Deal|4978137|
637223|ItsShader|Empire of Kazdouria|Knights Of The Round Table|10092|Green|518469|Combmartin Mining Co|Combe Martin|Knights of the Round Table|10092|Green|Approved|0|100|0|7/14/2025 1:33:26 AM|9/100 TT|4978136|
38760|Daedalus27|Daedalistan|Global Alliance and Treaty Organization|10003|Brown|101986|windir|Technology|Global Alliance and Treaty Organization|10003|Brown|Approved|9000000|0|0|7/14/2025 1:30:49 AM|Tech Deal|4978135|
38760|Daedalus27|Daedalistan|Global Alliance and Treaty Organization|10003|Brown|644454|Mike Oxlong|Dixie Wrecked|Global Alliance And Treaty Organization|10003|Brown|Approved|6000000|0|0|7/14/2025 1:30:19 AM|Tech Deal|4978134|
646840|Elowen Tharne|Veridanya|Nuclear Proliferation League|17228|Aqua|280326|Scytale|Tleilax|Fark|10002|Aqua|Approved|0|100|0|7/14/2025 1:21:31 AM|Tech Deal Bundle 100T/6M|4978133|
646840|Elowen Tharne|Veridanya|Nuclear Proliferation League|17228|Aqua|107572|oneeightytwo|d&#237;beartach|Fark|10002|Aqua|Approved|0|100|0|7/14/2025 1:21:17 AM|Tech Deal Bundle 100T/6M|4978132|
539362|Carlos Danger|Death Panel|Fark|10002|Aqua|106543|Captain V|Touristan|Fark|10002|Aqua|Approved|0|100|0|7/14/2025 1:19:31 AM|9/100|4978131|
557687|gameoverclocker|kryzhome|NATO|10037|Blue|531745|armpit|Armpit|The Wolves|16660|Maroon|Approved|9000000|0|0|7/14/2025 1:15:33 AM|Valyrian Program|4978130|
516493|The dutch Dragonborn|The Dutch Dragonborn|New Polar Order|10006|Blue|646395|nahhyan|BDPeace|New Polar Order|10006|Blue|Approved|6000000|0|0|7/14/2025 1:12:28 AM|ICECAP Cash|4978129|
319843|Sinister|New Terminal|Non Grata|10097|Maroon|457345|Taiki11|Taiki Land|Non Grata|10097|Maroon|Approved|9000000|0|0|7/14/2025 1:01:51 AM|Financial Assistance|4978128|
319843|Sinister|New Terminal|Non Grata|10097|Maroon|628583|Dopes|Slaptico|Church of the Holy Platypus|17265|Brown|Approved|6000000|0|0|7/14/2025 1:01:42 AM|Financial Assistance|4978127|
319843|Sinister|New Terminal|Non Grata|10097|Maroon|644042|calicocatface|Calico Islands|Non Grata|10097|Maroon|Approved|9000000|0|0|7/14/2025 1:01:34 AM|Financial Assistance|4978126|
646367|Mikal Krosswynd|Malahkina|Post Grunge Supergroup|16367|Brown|70316|Myworld|Stealth Kingdom|The Dark Templar|10056|Black|Approved|0|100|0|7/14/2025 12:50:04 AM|Tech Deal|4978125|
646205|Vashinator|Cedarland|Veneris|17356|White|531996|Thomas18|Terre Or|Veneris|17356|White|Approved|0|100|0|7/14/2025 12:46:20 AM|Tech Deal PT 2|4978124|
642148|Exod IV|Ummah AlMuwahhidah|Doom Squad|16454|Black|566736|amossio|amossio|Doombrella|17368|Black|Approved|9000000|0|0|7/14/2025 12:38:35 AM|Financial Assistance|4978123|
642148|Exod IV|Ummah AlMuwahhidah|Doom Squad|16454|Black|646836|Keyzlt5|Chi Seeds|Doom Squad|16454|Black|Approved|9000000|0|0|7/14/2025 12:38:24 AM|Financial Assistance|4978122|
646204|Tunne|minion|Knights Of The Round Table|10092|Green|644936|bertcoin|Bertlandia|Knights Of The Round Table|10092|Green|Approved|0|100|0|7/14/2025 12:24:17 AM|Financial Assistance|4978121|
634284|mikeymikes|batmanism|Doombrella|17368|Black|484851|enderland|Fields of Elysium|Doombrella|17368|Black|Approved|9000000|100|400|7/14/2025 12:23:46 AM|aids|4978120|
634284|mikeymikes|batmanism|Doombrella|17368|Black|626860|BringMeTheHorizon|Dakotas|Doombrella|17368|Black|Approved|9000000|100|4000|7/14/2025 12:20:07 AM|aids|4978119|
645265|kaalle|KALLLAND|Post Grunge Supergroup|16367|Brown|532352|Serberus|The State|Post Grunge Supergroup|16367|Brown|Approved|0|100|0|7/14/2025 12:18:54 AM|Financial Assistance|4978117|
310672|King Wally|Rep of Queensland|Nuclear Proliferation League|17228|Aqua|261397|Rampage3|United Liberocracy|Nuclear Proliferation League|17228|Aqua|Approved|0|100|0|7/14/2025 12:15:11 AM|ohhh yeahhh!|4978116|
509784|Lord Emperor Clot|Clotvania|Christian Coalition Of Countries|10028|Maroon|531745|armpit|Armpit|The Wolves|16660|Maroon|Approved|9000000|0|0|7/14/2025 12:10:46 AM|VEP money|4978115|
509784|Lord Emperor Clot|Clotvania|Christian Coalition Of Countries|10028|Maroon|510139|AnthraxAnderson|Empire of Armageddon|NATO|10037|Blue|Approved|9000000|0|0|7/14/2025 12:09:54 AM|VEP money|4978114|
626161|54vee|Tallinn Compact|CLAWS|15841|Black|449283|Sir Benevale|Orangewall|Knights of the Round Table|10092|Green|Expired|0|100|0|7/13/2025 11:53:26 PM|Tech 9/100|4978113|
626161|54vee|Tallinn Compact|CLAWS|15841|Black|436358|mordred|Lothian and Orcanie|Knights of the Round Table|10092|Green|Expired|0|100|0|7/13/2025 11:53:12 PM|Tech 9/100|4978111|
626161|54vee|Tallinn Compact|CLAWS|15841|Black|419811|Duke Mark|Old Missouri|Knights Of The Round Table|10092|Green|Expired|0|100|0|7/13/2025 11:53:06 PM|Tech 9/100|4978110|
445432|andrewb610|Brennana1|Freehold of The Wolves|15157|White|531745|armpit|Armpit|The Wolves|16660|Maroon|Expired|9000000|0|0|7/13/2025 11:45:07 PM|Valyrian Cash|4978109|
101765|KevinH|Establishmentism|Independent Republic of Orange Nations|10004|Orange|347458|iwin90|stopwarnow|Independent Republic Of Orange Nations|10004|Orange|Expired|9000000|100|4000|7/13/2025 11:40:10 PM|square-n-compass|4978108|
645053|Geezy VIII|SOS Empire|Independent Republic Of Orange Nations|10004|Orange|207900|Queltocz|Quelto|Independent Republic Of Orange Nations|10004|Orange|Expired|0|100|0|7/13/2025 11:10:13 PM|ITF|4978106|
490921|Roo Blu II|Blue Roo|Non Grata|10097|Maroon|238472|Xerxes|New Persia|Non Grata|10097|Maroon|Expired|9000000|0|0|7/13/2025 11:06:10 PM|NG Tech deal|4978104|
490921|Roo Blu II|Blue Roo|Non Grata|10097|Maroon|599455|RearviewRover|Prossy Boat Party|Non Grata|10097|Maroon|Expired|9000000|0|0|7/13/2025 11:05:41 PM|NG Tech Deal|4978103|
560632|Harper77|Harpistan|Post Grunge Supergroup|16367|Brown|641246|Werdkesaj|Kektopolis|Post Grunge Supergroup|16367|Brown|Expired|9000000|0|0|7/13/2025 10:44:51 PM|Financial Assistance|4978102|
513467|master hakai|Afro Pick|Post Grunge Supergroup|16367|Brown|582004|Neforatu|Nation Reborn|Post Grunge Supergroup|16367|Yellow|Expired|0|100|0|7/13/2025 10:17:58 PM|Money for drugs|4978099|
33116|+Zeke+|Iron Heart|The Dark Templar|10056|Black|644967|Mushrat|Ormarr Land|The Grand Lodge Of Freemasons|10029|Orange|Expired|9000000|0|0|7/13/2025 10:13:06 PM|Tech Deal 9M/100T|4978098|
141175|Kaiser Willis|Kryton|Freehold of The Wolves|15157|White|373428|Brian|The Looking Glass|Christian Coalition Of Countries|10028|Maroon|Expired|9000000|0|0|7/13/2025 9:40:02 PM|Valyrian|4978097|
141175|Kaiser Willis|Kryton|Freehold of The Wolves|15157|White|531745|armpit|Armpit|The Wolves|16660|Maroon|Expired|9000000|0|0|7/13/2025 9:39:43 PM|Valyrian|4978096|
72766|Gofastleft|Racesteria|Non Grata|10097|Maroon|638461|Jerby|Simulacra|Non Grata|10097|Maroon|Expired|9000000|0|0|7/13/2025 9:37:27 PM|Tech|4978095|
555535|Presidential|WashingtonDC|Viridian Entente|10010|Green|89354|dougal4chaos|dougal4chaos|Viridian Entente|10010|Green|Expired|0|100|0|7/13/2025 9:33:42 PM|Financial Assistance|4978094|
555535|Presidential|WashingtonDC|Viridian Entente|10010|Green|453991|Lieutenant Yenroh|Baguettador III|Viridian Entente|10010|Green|Expired|0|100|0|7/13/2025 9:33:19 PM|Financial Assistance|4978093|
555535|Presidential|WashingtonDC|Viridian Entente|10010|Green|491885|Chuck Jongil|Soylent Greenland|Viridian Entente|10010|Green|Expired|0|100|0|7/13/2025 9:33:09 PM|Financial Assistance|4978092|
555535|Presidential|WashingtonDC|Viridian Entente|10010|Green|219343|TDEVIL|KINDOM OF HADES|Viridian Entente|10010|Green|Expired|0|100|0|7/13/2025 9:32:59 PM|Financial Assistance|4978091|
80845|Aracto Totar|Taprobane|Viridian Entente|10010|Green|162795|sterbean|Bean Union|Viridian Entente|10010|Green|Expired|0|100|0|7/13/2025 9:32:34 PM|Financial Assistance|4978090|
639953|Mihail the Just|Republic of Onivlac|New Polar Order|10006|Blue|406305|Ciroton|Sarin|New Polar Order|10006|Blue|Expired|0|100|0|7/13/2025 9:16:27 PM|ICECAP Tech|4978089|
639953|Mihail the Just|Republic of Onivlac|New Polar Order|10006|Blue|553210|tenbob|Mayoabu|New Polar Order|10006|Blue|Expired|0|100|0|7/13/2025 9:16:12 PM|ICECAP Tech|4978088|
639953|Mihail the Just|Republic of Onivlac|New Polar Order|10006|Blue|516493|The dutch Dragonborn|The Dutch Dragonborn|New Polar Order|10006|Blue|Expired|0|100|0|7/13/2025 9:15:36 PM|ICECAP Tech|4978087|
383462|Yeshua Soloman|Incar|Christian Coalition of Countries|10028|Maroon|283424|Dropo7777|DelOrto|NATO|10037|Blue|Expired|0|100|0|7/13/2025 8:49:18 PM|VEP Tech|4978086|
383462|Yeshua Soloman|Incar|Christian Coalition of Countries|10028|Maroon|206879|Platinumviper|Bekaa|NATO|10037|Blue|Expired|0|100|0|7/13/2025 8:48:35 PM|VEP Tech|4978084|
383462|Yeshua Soloman|Incar|Christian Coalition of Countries|10028|Maroon|18236|javaswiller|swillerland|Freehold of The Wolves|15157|White|Expired|0|100|0|7/13/2025 8:46:33 PM|VEP Tech|4978083|
383462|Yeshua Soloman|Incar|Christian Coalition of Countries|10028|Maroon|509784|Lord Emperor Clot|Clotvania|Christian Coalition Of Countries|10028|Maroon|Expired|9000000|100|0|7/13/2025 8:45:13 PM|VEP Tech|4978082|
646813|SaberClawd|Nyxus|Global Alliance And Treaty Organization|10003|Brown|394625|Empress Elizabeth|DeWitt|Global Alliance And Treaty Organization|10003|Brown|Expired|0|100|0|7/13/2025 8:41:19 PM|Financial Assistance|4978080|
639322|Kaenver|PDR Muog|Madlads Union|17130|Brown|645984|keyman|Bonland|Nuclear Proliferation League|17228|Aqua|Expired|9000000|0|0|7/13/2025 8:13:18 PM|tech deal 9/100|4978075|
513467|master hakai|Afro Pick|Post Grunge Supergroup|16367|Brown|560632|Harper77|Harpistan|Post Grunge Supergroup|16367|Brown|Expired|9000000|100|0|7/13/2025 7:48:12 PM|Money for drugs|4978073|
513467|master hakai|Afro Pick|Post Grunge Supergroup|16367|Brown|627118|Shabalabadingdong|Shabnation|Post Grunge Supergroup|16367|Yellow|Expired|9000000|100|0|7/13/2025 7:47:56 PM|Money for drugs|4978072|
513467|master hakai|Afro Pick|Post Grunge Supergroup|16367|Brown|542485|RedQueen|Myotistan|Post Grunge Supergroup|16367|Brown|Expired|9000000|100|0|7/13/2025 7:47:38 PM|Money for drugs|4978071|
513467|master hakai|Afro Pick|Post Grunge Supergroup|16367|Brown|311659|tanglerat|Tir Mor|Post Grunge Supergroup|16367|Brown|Expired|0|100|0|7/13/2025 7:47:22 PM|Money for drugs|4978070|
513467|master hakai|Afro Pick|Post Grunge Supergroup|16367|Brown|577964|WagonWheel|Wagons|Post Grunge Supergroup|16367|Brown|Expired|9000000|100|0|7/13/2025 7:47:01 PM|Money for drugs|4978069|
484823|Cortath|Cortath|New Pacific Order|10000|Red|568748|Llednar Twem|Eurica|New Pacific Order|10000|Red|Expired|0|100|0|7/13/2025 7:40:04 PM|QT Tech|4978068|
484823|Cortath|Cortath|New Pacific Order|10000|Red|637897|Rajubhai|Trico united|New Pacific Order|10000|Red|Expired|0|100|0|7/13/2025 7:40:00 PM|QT Tech|4978067|
484823|Cortath|Cortath|New Pacific Order|10000|Red|636711|Praetor Cuddles|Romulan Star Empire|New Pacific Order|10000|Red|Expired|0|100|0|7/13/2025 7:39:56 PM|QT Tech|4978066|
484823|Cortath|Cortath|New Pacific Order|10000|Red|478715|New Persia|New Pars|New Pacific Order|10000|Red|Expired|0|100|0|7/13/2025 7:39:53 PM|QT Tech|4978065|
484823|Cortath|Cortath|New Pacific Order|10000|Red|134146|Lenadius|Espa&#241;ola|New Pacific Order|10000|Red|Expired|0|100|0|7/13/2025 7:39:49 PM|QT Tech|4978064|
484823|Cortath|Cortath|New Pacific Order|10000|Red|604873|Iorek|Crusader States|New Pacific Order|10000|Red|Expired|0|100|0|7/13/2025 7:39:45 PM|QT Tech|4978063|
3059|Comrade Gabriel|Bakunin's Dream|New Pacific Order|10000|Red|640324|Rniee|Petro Valley|The Wolves|16660|Maroon|Expired|9000000|0|0|7/13/2025 7:15:08 PM|Hugs from NPO|4978061|
3059|Comrade Gabriel|Bakunin's Dream|New Pacific Order|10000|Red|620667|Rosey Song|Llandy|New Pacific Order|10000|Red|Expired|9000000|0|0|7/13/2025 7:15:01 PM|Rising Stars|4978060|
3059|Comrade Gabriel|Bakunin's Dream|New Pacific Order|10000|Red|646321|equusSuprm|equusSuprm|New Pacific Order|10000|Red|Expired|9000000|0|0|7/13/2025 7:14:54 PM|Rising Stars|4978059|
3059|Comrade Gabriel|Bakunin's Dream|New Pacific Order|10000|Red|535709|Pressure|Newton|New Pacific Order|10000|Red|Expired|9000000|0|0|7/13/2025 7:14:44 PM|Bankroll|4978058|
348556|Overlord Wes|wussys|Global Alliance and Treaty Organization|10003|Brown|601747|Michael Dalton|Attarnia|Global Alliance And Treaty Organization|10003|Brown|Expired|9000000|100|0|7/13/2025 7:09:30 PM|Financial Assistance|4978056|
71592|upchuck|warmarding|Viridian Entente|10010|Green|406081|Valhalla|Ukropa|Viridian Entente|10010|Green|Expired|9000000|0|0|7/13/2025 7:09:22 PM|tech deal 9m/200t|4978055|
254879|tnnnn|Turtle Empire|Global Alliance and Treaty Organization|10003|Brown|646764|Reverend Edo|Outopostan|Global Alliance And Treaty Organization|10003|Brown|Expired|6000000|0|0|7/13/2025 7:03:40 PM|Financial Assistance|4978054|
254879|tnnnn|Turtle Empire|Global Alliance and Treaty Organization|10003|Brown|646813|SaberClawd|Nyxus|Global Alliance And Treaty Organization|10003|Brown|Expired|6000000|0|0|7/13/2025 7:03:20 PM|Financial Assistance|4978053|
254879|tnnnn|Turtle Empire|Global Alliance and Treaty Organization|10003|Brown|405936|Griffy|Rememberence|Global Alliance And Treaty Organization|10003|Brown|Expired|9000000|0|0|7/13/2025 7:02:56 PM|Financial Assistance|4978052|
254879|tnnnn|Turtle Empire|Global Alliance and Treaty Organization|10003|Brown|588353|FieryVixen|Craptonia|Global Alliance And Treaty Organization|10003|Brown|Expired|6000000|0|0|7/13/2025 7:01:54 PM|Financial Assistance|4978051|
254879|tnnnn|Turtle Empire|Global Alliance and Treaty Organization|10003|Brown|646800|Brotherlouie27|Louimerica II|Global Alliance And Treaty Organization|10003|Brown|Expired|6000000|0|0|7/13/2025 7:01:25 PM|Financial Assistance|4978050|
638569|Ozark|Blue Cat Nation|The Legion|10020|Purple|645017|RobbentheRider|Skylarkton|The Legion|10020|Purple|Expired|6000000|0|0|7/13/2025 6:55:45 PM|Financial Assistance|4978049|
638569|Ozark|Blue Cat Nation|The Legion|10020|Purple|644508|texwarhawk|Fjord Republic|The Legion|10020|Purple|Expired|9000000|0|0|7/13/2025 6:55:37 PM|Financial Assistance|4978048|
561416|CaptainBBear|Arctic Bearland|AGW Overlords|10043|Black|190480|Unruly|Republique de Buja|AGW Overlords|10043|Black|Expired|0|100|0|7/13/2025 6:37:05 PM|Spice Shipment|4978046|
627972|GearHead|Rosche|NATO|10037|Blue|510139|AnthraxAnderson|Empire of Armageddon|NATO|10037|Blue|Expired|9000000|0|0|7/13/2025 6:13:03 PM|Vep|4978045|
627972|GearHead|Rosche|NATO|10037|Blue|373428|Brian|The Looking Glass|Christian Coalition Of Countries|10028|Maroon|Expired|9000000|0|0|7/13/2025 6:12:47 PM|Financial Assistance|4978044|
588353|FieryVixen|Craptonia|Global Alliance And Treaty Organization|10003|Brown|394625|Empress Elizabeth|DeWitt|Global Alliance And Treaty Organization|10003|Brown|Expired|0|100|0|7/13/2025 6:12:46 PM|Financial Assistance|4978043|
205980|deathbiter|Arrakis2|The Legion|10020|Purple|644508|texwarhawk|Fjord Republic|The Legion|10020|Purple|Expired|9000000|0|0|7/13/2025 6:06:31 PM|Financial Assistance|4978041|
637077|Promethixian|Promethixia|The Legion|10020|Purple|644508|texwarhawk|Fjord Republic|The Legion|10020|Purple|Expired|9000000|0|0|7/13/2025 6:06:26 PM|Financial Assistance|4978040|
405936|Griffy|Rememberence|Global Alliance And Treaty Organization|10003|Brown|561575|DragonsPhyre|Dragon Spire|Global Alliance And Treaty Organization|10003|Brown|Expired|0|100|0|7/13/2025 6:02:32 PM|Financial Assistance|4978039|
12501|onbekende|Kapellen|Independent Republic of Orange Nations|10004|Orange|605023|JuggernautMD|Framework|Independent Republic Of Orange Nations|10004|Orange|Expired|0|100|0|7/13/2025 5:59:10 PM|ITF|4978038|
620036|Vex L Zher|Lodraland|Nuclear Proliferation League|17228|White|170471|Smurthwaite|Smurthwaite|Nuclear Proliferation League|17228|Aqua|Expired|0|100|0|7/13/2025 5:38:58 PM|Tech deal|4978037|
527097|Galerion|blighty|Freehold of The Wolves|15157|White|373428|Brian|The Looking Glass|Christian Coalition Of Countries|10028|Maroon|Expired|9000000|0|0|7/13/2025 5:32:28 PM|Valyrian Aid|4978036|
620598|Alexhigh|Nation of Alexander|The Prussian Empire|14204|Green|607213|Ernak son of Attila|The Huns|The Prussian Empire|14204|Green|Expired|0|100|0|7/13/2025 5:22:37 PM|Financial Assistance|4978035|
620598|Alexhigh|Nation of Alexander|The Prussian Empire|14204|Green|138858|Haart|Barbarica|The Templar Knights|10012|Maroon|Expired|0|100|0|7/13/2025 5:22:27 PM|Financial Assistance|4978034|
635667|Steves|Steveland|Fark|10002|Aqua|407586|FreezingAssassin|Charr|Fark|10002|Aqua|Expired|0|100|0|7/13/2025 5:14:23 PM|Financial Assistance|4978033|
635667|Steves|Steveland|Fark|10002|Aqua|428668|EViL0nE|Hivestonia|Fark|10002|Aqua|Expired|0|100|0|7/13/2025 5:14:08 PM|Financial Assistance|4978032|
578954|Rydin|Vundf|Freehold of The Wolves|15157|White|531745|armpit|Armpit|The Wolves|16660|Maroon|Expired|9000000|0|0|7/13/2025 4:46:04 PM|Valyrian Tech|4978028|
578954|Rydin|Vundf|Freehold of The Wolves|15157|White|373428|Brian|The Looking Glass|Christian Coalition Of Countries|10028|Maroon|Expired|9000000|0|0|7/13/2025 4:45:05 PM|Valyrian Tech|4978026|
176740|Apolloyon|Logres|Post Grunge Supergroup|16367|None|379651|reghar73|Zeman|The Dark Templar|10056|Black|Expired|0|100|0|7/13/2025 4:42:45 PM|Financial Assistance|4978025|
646738|TechLord|TechLord|The Legion|10020|Purple|363340|Lord of Coke and Hot Dogs|TOOTLOCAHD|The Legion|10020|Purple|Expired|0|100|0|7/13/2025 4:42:39 PM|Financial Assistance|4978024|
441760|jacka|north 40|The Legion|10020|Purple|363340|Lord of Coke and Hot Dogs|TOOTLOCAHD|The Legion|10020|Purple|Expired|0|100|0|7/13/2025 4:14:49 PM|Financial Assistance|4978020|
49522|Croix|Edjaal|Random Insanity Alliance|10038|Maroon|170124|WackyDan|Wackytopia|Nordreich|11319|Maroon|Expired|0|100|0|7/13/2025 4:01:52 PM|Financial Assistance|4978019|
482099|Sir Gunz|Talent|Christian Coalition Of Countries|10028|Maroon|646557|Alduin World Eater|The Lands Between|Christian Coalition Of Countries|10028|Maroon|Expired|6000000|0|0|7/13/2025 3:50:12 PM|Valyrian Aid|4978017|
482099|Sir Gunz|Talent|Christian Coalition Of Countries|10028|Maroon|621760|Brother Gerard|Knights of St John|Christian Coalition Of Countries|10028|Maroon|Expired|9000000|0|0|7/13/2025 3:49:44 PM|Valyrian Aid|4978016|
582992|Troopa|Southland|New Pacific Order|10000|Red|152802|eclipse363|Suttonia|New Pacific Order|10000|Red|Expired|0|100|0|7/13/2025 3:48:53 PM|QT Tech|4978015|
582992|Troopa|Southland|New Pacific Order|10000|Red|75117|rnegafan|Rnegfania|New Pacific Order|10000|Red|Expired|0|100|0|7/13/2025 3:48:41 PM|QT Tech|4978014|
546488|levothy|mycybernation|Knights Of The Round Table|10092|Green|578874|Dunge|Strathalbyn|Knights Of The Round Table|10092|Green|Expired|0|100|0|7/13/2025 3:13:47 PM|KoRT tech spin 196|4978013|
606786|The Milkmaid|Dun Holm|Knights Of The Round Table|10092|White|554023|loganherring|Herring Island|Knights Of The Round Table|10092|Green|Expired|0|100|0|7/13/2025 2:43:03 PM|Sunday milk delivery|4978012|
646326|DootVader|Canard|Goldenrod Accords|17406|Green|433547|WhitEarendur|Tol Eressea|New Polar Order|10006|Blue|Expired|0|100|0|7/13/2025 2:35:27 PM|6/100|4978011|
250431|riser|Goodwill|CLAWS|15841|Black|640027|Rdjzozet|Tryzovits|CLAWS|15841|Black|Expired|9000000|0|0|7/13/2025 2:31:39 PM|9m/100 tech deal|4978010|
646367|Mikal Krosswynd|Malahkina|Post Grunge Supergroup|16367|Brown|379651|reghar73|Zeman|The Dark Templar|10056|Black|Expired|0|100|0|7/13/2025 2:29:41 PM|Tech Deal|4978009|
528882|JSoprano|Darasuum|Post Grunge Supergroup|16367|Brown|646890|HarryJ|Wambulance|Post Grunge Supergroup|16367|Brown|Expired|6000000|0|69|7/13/2025 2:10:26 PM|Tech $ 4 my hunny|4978008|
274261|Ub3rdude|Uberlandia|Nordreich|11319|Maroon|91872|PuliSher|Kerj&#228;l&#228;|Non Grata|10097|Maroon|Expired|9000000|0|0|7/13/2025 2:04:16 PM|Financial Assistance|4978007|
106012|President JR Seisa|Themysciera|NATO|10037|Blue|510139|AnthraxAnderson|Empire of Armageddon|NATO|10037|Blue|Expired|9000000|0|0|7/13/2025 1:59:30 PM|VEP|4978006|
267010|Baron Aaron|baron aarons empire|Independent Republic Of Orange Nations|10004|Orange|32349|Bobboman|LUEnited States|Independent Republic Of Orange Nations|10004|Orange|Expired|0|100|0|7/13/2025 12:59:40 PM|ITF|4978005|
267010|Baron Aaron|baron aarons empire|Independent Republic Of Orange Nations|10004|Orange|479751|Aenir|Tarsonis|Independent Republic Of Orange Nations|10004|Orange|Expired|0|100|0|7/13/2025 12:59:27 PM|ITF|4978004|
267010|Baron Aaron|baron aarons empire|Independent Republic Of Orange Nations|10004|Orange|207900|Queltocz|Quelto|Independent Republic Of Orange Nations|10004|Orange|Expired|0|100|0|7/13/2025 12:59:19 PM|ITF|4978003|
267010|Baron Aaron|baron aarons empire|Independent Republic Of Orange Nations|10004|Orange|87890|Formanj|Norvegs Trøndelag|Independent Republic of Orange Nations|10004|Orange|Expired|0|100|0|7/13/2025 12:59:13 PM|ITF|4978002|
267010|Baron Aaron|baron aarons empire|Independent Republic Of Orange Nations|10004|Orange|636601|Wolfbite|Caffinated Wolves|Independent Republic Of Orange Nations|10004|Orange|Expired|0|100|0|7/13/2025 12:58:52 PM|ITF|4978000|
437823|zyberzpyder|Zyberia|Non Grata|10097|Maroon|624193|The1nonlykk|Biourja|Non Grata|10097|Maroon|Expired|9000000|0|0|7/13/2025 12:58:22 PM|Tech|4977999|
643197|HoustonBeBack|Larsden|Nuclear Proliferation League|17228|Aqua|385567|NinoCelestial|Ciudad de leon|Fark|10002|Aqua|Expired|0|100|0|7/13/2025 12:53:56 PM|9/100|4977998|
643197|HoustonBeBack|Larsden|Nuclear Proliferation League|17228|Aqua|431565|Dark Zone Elite|Dark Zone Elite|New Polar Order|10006|Blue|Expired|0|100|0|7/13/2025 12:53:38 PM|9/100|4977997|
645525|GodKing Menes|Free Republic of Kem|Nuclear Proliferation League|17228|Aqua|362361|Gofast2006|Pioneer Village|Nuclear Proliferation League|17228|Aqua|Expired|0|100|0|7/13/2025 12:52:13 PM|Tech Deal|4977996|
120427|Ashleaa|Pigtopia|Federation of Armed Nations|10021|Yellow|641804|jackthebest|Jackastan|NATO|10037|Blue|Expired|9000000|0|0|7/13/2025 12:49:03 PM|VEP Tech Deal|4977995|
120427|Ashleaa|Pigtopia|Federation of Armed Nations|10021|Yellow|535865|Donbo McSlay|Donbo Land|Federation Of Armed Nations|10021|Yellow|Expired|9000000|0|0|7/13/2025 12:48:52 PM|VEP Tech Deal|4977994|
120427|Ashleaa|Pigtopia|Federation of Armed Nations|10021|Yellow|531745|armpit|Armpit|The Wolves|16660|Maroon|Expired|9000000|0|0|7/13/2025 12:48:40 PM|VEP Tech Deal|4977993|
120427|Ashleaa|Pigtopia|Federation of Armed Nations|10021|Yellow|510139|AnthraxAnderson|Empire of Armageddon|NATO|10037|Blue|Expired|9000000|0|0|7/13/2025 12:48:28 PM|VEP Tech Deal|4977992|
120427|Ashleaa|Pigtopia|Federation of Armed Nations|10021|Yellow|373428|Brian|The Looking Glass|Christian Coalition Of Countries|10028|Maroon|Expired|9000000|0|0|7/13/2025 12:47:50 PM|VEP Tech Deal|4977990|
324421|Einer|Jesusland|Mostly Harmless Alliance|14879|White|510139|AnthraxAnderson|Empire of Armageddon|NATO|10037|Blue|Expired|9000000|0|0|7/13/2025 12:22:56 PM|&quot;Valyrian Aid&quot; !|4977989|
623644|Van Hoo X|Hoovokia|Non Grata|10097|White|155031|joanne1|Tweetypie|Non Grata|10097|Maroon|Expired|0|100|0|7/13/2025 12:19:09 PM|Financial Assistance|4977987|
636336|Stelth|White Mountain|Union Of Communist Republics|10060|Brown|627177|SupaSural|Suraltopia|Post Grunge Supergroup|16367|Brown|Expired|9000000|0|0|7/13/2025 12:07:42 PM|Tech check|4977986|
645688|Queen Victoria Hale|Kingdom of Thalassia|Post Grunge Supergroup|16367|Brown|633062|SoloRocket|Rocket Republic|Post Grunge Supergroup|16367|Brown|Expired|0|100|0|7/13/2025 12:02:50 PM|Financial Assistance|4977985|
467217|aroswing|Land of Darkness|Freehold of The Wolves|15157|White|8515|Turetel|Turetel|Freehold of The Wolves|15157|White|Expired|0|100|0|7/13/2025 12:00:55 PM|Valyrian tech |4977984|
203961|porkpotpie|UnitedCanance|CLAWS|15841|Black|613764|Aggressor|Waifu Hunters|CLAWS|15841|Black|Expired|9000000|0|0|7/13/2025 11:56:03 AM|Financial Assistance|4977983|
467217|aroswing|Land of Darkness|Freehold of The Wolves|15157|White|131473|Kilkenny|Huntonian|Christian Coalition Of Countries|10028|Maroon|Expired|0|100|0|7/13/2025 11:53:44 AM|Valyrian tech |4977982|
626678|slothix|Kevin|Non Grata|10097|Maroon|626980|Aspire|AspireFerty|Non Grata|10097|Maroon|Expired|0|100|0|7/13/2025 11:47:02 AM|Financial Assistance|4977981|
287231|Bolivar|Bolivar|Libertarian Socialist Federation|10027|Brown|526716|Lev Trotsky|Nikolayev SSR|Interkosmos|16298|Green|Expired|0|100|0|7/13/2025 11:28:51 AM|Financial Assistance|4977980|
560469|draggie|Aporia|Non Grata|10097|Maroon|469301|Lars Jorgens|Whale of a Time|Non Grata|10097|Maroon|Expired|0|100|0|7/13/2025 11:23:13 AM|Tech |4977979|
560469|draggie|Aporia|Non Grata|10097|Maroon|230895|TCTriangle|Taninsania|Non Grata|10097|Maroon|Expired|0|100|0|7/13/2025 11:22:49 AM|Tech |4977978|
560469|draggie|Aporia|Non Grata|10097|Maroon|132232|Justin666|Pain nation 666|Non Grata|10097|Maroon|Expired|0|100|0|7/13/2025 11:22:16 AM|Tech|4977977|
560469|draggie|Aporia|Non Grata|10097|Maroon|474935|Enabran Tain|Obsidian Order|Non Grata|10097|Maroon|Expired|0|100|0|7/13/2025 11:21:41 AM|Tech|4977976|
492431|Lollerobot|Tigerblue|Knights Of The Round Table|10092|Green|646885|Justin Ordinary|Ordinary|Knights Of The Round Table|10092|None|Expired|6000000|0|0|7/13/2025 11:05:01 AM|Welcome to the Knights!|4977974|
124781|im317|im317|Random Insanity Alliance|10038|Maroon|645829|blegth|irting|Nuclear Proliferation League|17228|Aqua|Expired|9000000|0|0|7/13/2025 11:03:43 AM|tech deal|4977973|
40650|kerschbs|indica|Non Grata|10097|Maroon|646989|LordSciolist|Chaleroux|Non Grata|10097|Maroon|Expired|6000000|0|0|7/13/2025 10:57:52 AM|Tech|4977972|
637080|Secundum|Uhtceare|Knights Of The Round Table|10092|Green|511886|The Sentinel|Ruscino|Knights of the Round Table|10092|Green|Expired|0|100|0|7/13/2025 10:49:41 AM|Financial Assistance|4977971|
155817|MutedFaith|Faithoria|Non Grata|10097|Maroon|558909|InvaderZim1987|Robonia|Fark|10002|Aqua|Expired|9000000|0|0|7/13/2025 10:36:27 AM|Tech|4977968|
152779|Crazyguy945|United Nick|Coalition of Royal Allied Powers|10051|Maroon|631385|Kingdom of Denmark|Jutland Germany|The Prussian Empire|14204|Green|Expired|9000000|0|0|7/13/2025 10:33:49 AM|t deal|4977966|
237395|Spook|SPOGLO|CLAWS|15841|Maroon|195832|hackerhog|Frontier|Random Insanity Alliance|10038|Maroon|Expired|0|100|0|7/13/2025 10:33:20 AM|Financial Assistance|4977965|
418916|HeroofTime55|New XGA|Non Grata|10097|Maroon|626678|slothix|Kevin|Non Grata|10097|Maroon|Expired|9000000|0|0|7/13/2025 10:17:10 AM|Financial Assistance|4977963|
529189|Combat Pope|Vaticana|Global Alliance And Treaty Organization|10003|Brown|64687|Wootmeister|Wootrovia|Global Alliance And Treaty Organization|10003|Brown|Expired|0|100|0|7/13/2025 10:11:12 AM|Financial Assistance|4977962|
159130|Decide R Inchief|decided4us|Fark|10002|Aqua|640096|recockulous|Yuge Indictments|Fark|10002|Aqua|Expired|9000000|0|0|7/13/2025 10:04:37 AM|It wasnt illegal I guess|4977961|
646800|Brotherlouie27|Louimerica II|Global Alliance And Treaty Organization|10003|Brown|394625|Empress Elizabeth|DeWitt|Global Alliance And Treaty Organization|10003|Brown|Expired|0|100|0|7/13/2025 10:04:31 AM|Financial Assistance|4977960|
630674|Ghostruler1|Winterfelllllll|New Pacific Order|10000|Red|305440|Daimos|Micon|New Pacific Order|10000|Red|Expired|0|100|0|7/13/2025 9:52:11 AM|QT Tech|4977959|
630674|Ghostruler1|Winterfelllllll|New Pacific Order|10000|Red|152802|eclipse363|Suttonia|New Pacific Order|10000|Red|Expired|0|100|0|7/13/2025 9:52:05 AM|QT Tech|4977958|
529025|Chllama|Renton|Post Grunge Supergroup|16367|Brown|379651|reghar73|Zeman|The Dark Templar|10056|Black|Expired|0|100|0|7/13/2025 9:44:27 AM|Financial Assistance|4977954|
52717|sanpedrodave|San Pedro|Green Protection Agency|10041|Green|545923|VHongo|Canadian Dominanace|Green Protection Agency|10041|Green|Expired|9000000|0|0|7/13/2025 9:30:38 AM|Trade With VHongo!|4977951|
348556|Overlord Wes|wussys|Global Alliance and Treaty Organization|10003|Brown|561575|DragonsPhyre|Dragon Spire|Global Alliance And Treaty Organization|10003|Brown|Expired|9000000|100|0|7/13/2025 9:16:12 AM|Financial Assistance|4977949|
635294|King Afonso|Porto Novo|Wurst Alliance|16919|Green|273509|Enrage|TheEmpire|WWF|14310|Green|Expired|0|100|0|7/13/2025 9:13:23 AM|Tech|4977948|
273254|unstpblpimp|unstpblpimp|Global Alliance and Treaty Organization|10003|Brown|646327|KittenGosCrazy|Aura Kingdom|Global Alliance And Treaty Organization|10003|Brown|Expired|9000000|0|0|7/13/2025 8:59:46 AM|Financial Assistance|4977946|
582004|Neforatu|Nation Reborn|Post Grunge Supergroup|16367|Yellow|627177|SupaSural|Suraltopia|Post Grunge Supergroup|16367|Brown|Expired|9000000|0|0|7/13/2025 8:47:54 AM|Tech|4977944|
582004|Neforatu|Nation Reborn|Post Grunge Supergroup|16367|Yellow|640620|Frioz|Lusitania Portugalia|Post Grunge Supergroup|16367|Brown|Expired|9000000|0|0|7/13/2025 8:47:10 AM|Tech|4977943|
254775|Bionic redhead|Bionicus|Non Grata|10097|Aqua|645946|LiFeng|Qwertyiop|Non Grata|10097|Maroon|Expired|9000000|0|0|7/13/2025 8:39:47 AM|Tech deal|4977942|
9093|Hannibal Vess|Mimetica|Old Guard|11296|Blue|644680|Cutnpaste|Cutnpaste Island|NATO|10037|Blue|Expired|9000000|0|0|7/13/2025 8:35:10 AM|Valyrian Aid|4977941|
9093|Hannibal Vess|Mimetica|Old Guard|11296|Blue|191967|East Westovia|East Westovia|Federation of Armed Nations|10021|Yellow|Expired|9000000|0|0|7/13/2025 8:33:40 AM|Financial Assistance|4977940|
219727|danhawk|sonyevilempire|The Imperial Order|10082|Blue|373428|Brian|The Looking Glass|Christian Coalition Of Countries|10028|Maroon|Expired|9000000|0|0|7/13/2025 8:32:08 AM|Vep |4977938|
625634|firingline|TheCastle|The Wolves|16660|Black|410812|Berbers|Kingdom of AlRezana|The Wolves|16660|Black|Expired|0|100|0|7/13/2025 8:19:56 AM|Financial Assistance|4977935|
635306|koumail|Aesperia|Nordreich|11319|Maroon|21368|Melos|Melos|Nordreich|11319|Maroon|Expired|0|100|0|7/13/2025 8:11:14 AM|Financial Assistance|4977933|
555346|TacticalAldiko|TacticalAldiko|Viridian Entente|10010|Green|406081|Valhalla|Ukropa|Viridian Entente|10010|Green|Expired|9000000|0|0|7/13/2025 7:39:54 AM|9m/200|4977922|
359275|Jesusfreak|El Dorado|Christian Coalition of Countries|10028|Maroon|510139|AnthraxAnderson|Empire of Armageddon|NATO|10037|Blue|Expired|9000000|0|0|7/13/2025 7:39:02 AM|VEP|4977921|
359275|Jesusfreak|El Dorado|Christian Coalition of Countries|10028|Maroon|388182|lucky6|Direct Impingement|Federation of Armed Nations|10021|Yellow|Expired|9000000|0|0|7/13/2025 7:37:15 AM|VEP |4977920|
600178|tejuguasu|tejuguasu|New Pacific Order|10000|Red|632290|JT the Lionheart|Empire of the Rock|The Wolves|16660|Maroon|Expired|9000000|0|0|7/13/2025 7:15:13 AM|Hugs from NPO|4977917|
600178|tejuguasu|tejuguasu|New Pacific Order|10000|Red|679|Gateborg|Gateborg|New Pacific Order|10000|Red|Expired|9000000|0|0|7/13/2025 7:15:08 AM|Bankroll|4977916|
600178|tejuguasu|tejuguasu|New Pacific Order|10000|Red|533942|Saxplayer|Arstoria|New Pacific Order|10000|Red|Expired|9000000|0|0|7/13/2025 7:15:03 AM|Bankroll|4977915|
186805|Grendel|Beowulf|Knights Of The Round Table|10092|Green|636950|Sir Percival|Galles|Knights Of The Round Table|10092|Green|Expired|9000000|0|0|7/13/2025 7:04:34 AM|$9M/100T|4977914|
416942|Chris Kaos|The Kingdom of Kaos|Global Alliance And Treaty Organization|10003|Brown|568795|Greywall|The Westfold|Global Alliance And Treaty Organization|10003|Brown|Expired|9000000|0|0|7/13/2025 6:48:01 AM|Financial Assistance|4977913|
645804|La Mismidad|Libertaris|New Pacific Order|10000|Red|152802|eclipse363|Suttonia|New Pacific Order|10000|Red|Expired|0|100|0|7/13/2025 6:44:36 AM|QT Tech|4977912|
645804|La Mismidad|Libertaris|New Pacific Order|10000|Red|600178|tejuguasu|tejuguasu|New Pacific Order|10000|Red|Expired|0|100|0|7/13/2025 6:44:23 AM|QT Tech|4977911|
181481|HammerMan|Dooche|Non Grata|10097|Maroon|327088|spearo|Deep Blue|Non Grata|10097|Maroon|Expired|0|100|0|7/13/2025 6:44:00 AM|Financial Assistance|4977910|
475014|cirk2|Agatea|Non Grata|10097|Maroon|558909|InvaderZim1987|Robonia|Fark|10002|Aqua|Expired|9000000|0|0|7/13/2025 6:32:32 AM|Tech Deal|4977907|
429171|Inquisitor Gaunt|Cult Imperialis|Global Alliance And Treaty Organization|10003|Brown|529189|Combat Pope|Vaticana|Global Alliance And Treaty Organization|10003|Brown|Expired|9000000|0|0|7/13/2025 6:02:16 AM|Financial Assistance|4977900|
518469|Combmartin Mining Co|Combe Martin|Knights of the Round Table|10092|Green|632937|informator|Ukrainians|Knights Of The Round Table|10092|Green|Expired|9000000|0|0|7/13/2025 5:55:48 AM|9/100 tech business|4977897|
599455|RearviewRover|Prossy Boat Party|Non Grata|10097|Maroon|155031|joanne1|Tweetypie|Non Grata|10097|Maroon|Expired|0|100|0|7/13/2025 5:54:02 AM|Tech deal|4977896|
256722|MDH962|Claysburgh|The Grand Lodge of Freemasons|10029|Orange|644950|Oddin|Glendor|The Grand Lodge Of Freemasons|10029|Orange|Expired|9000000|0|0|7/13/2025 5:40:43 AM|Tech Deal|4977895|
473088|JuiceBox|Phoenix Isle|Non Grata|10097|Maroon|599455|RearviewRover|Prossy Boat Party|Non Grata|10097|Maroon|Expired|9000000|0|0|7/13/2025 5:17:32 AM|Financial Assistance|4977894|
473088|JuiceBox|Phoenix Isle|Non Grata|10097|Maroon|238472|Xerxes|New Persia|Non Grata|10097|Maroon|Expired|9000000|0|0|7/13/2025 5:17:11 AM|Financial Assistance|4977893|
646548|mass781|Mass781|Christian Coalition Of Countries|10028|Maroon|541983|CVO|Kush|NATO|10037|Blue|Expired|0|100|0|7/13/2025 5:12:55 AM|VEP|4977892|
646548|mass781|Mass781|Christian Coalition Of Countries|10028|Maroon|39465|King Tom|king Tom|NATO|10037|Blue|Expired|0|100|0|7/13/2025 5:12:25 AM|VEP|4977891|
646548|mass781|Mass781|Christian Coalition Of Countries|10028|Maroon|131473|Kilkenny|Huntonian|Christian Coalition Of Countries|10028|Maroon|Expired|0|100|0|7/13/2025 5:11:44 AM|VEP|4977889|
646548|mass781|Mass781|Christian Coalition Of Countries|10028|Maroon|626566|Peacy McPeaceface|New Olde Switzerland|Christian Coalition Of Countries|10028|Maroon|Expired|0|100|0|7/13/2025 5:11:26 AM|VEP|4977888|
646548|mass781|Mass781|Christian Coalition Of Countries|10028|Maroon|229836|apemax|smugglers and mercs|The Imperial Order|10082|Blue|Expired|0|100|0|7/13/2025 5:10:55 AM|VEP|4977887|
629286|Flycatcher|Sacania|Freehold of The Wolves|15157|White|132715|DFA MrFox|DFA MrFox|Freehold of The Wolves|15157|White|Expired|9000000|0|0|7/13/2025 5:07:51 AM|Financial Assistance|4977886|
643876|LordInfamous|Swindlerstan|Independent Republic Of Orange Nations|10004|Orange|234325|Ben Gates|TreasureLand|Independent Republic Of Orange Nations|10004|Orange|Expired|0|100|0|7/13/2025 5:04:45 AM|ITF|4977885|
574720|tuhar|pastia|Knights Of The Round Table|10092|Green|504045|Agravain Cardif|Dures Mains|Knights Of The Round Table|10092|Green|Expired|0|100|0|7/13/2025 4:56:25 AM|Tech deal_return|4977884|
348468|Ghan Khalav|Khalavistan|Global Alliance and Treaty Organization|10003|Brown|646800|Brotherlouie27|Louimerica II|Global Alliance And Treaty Organization|10003|Brown|Expired|6000000|0|0|7/13/2025 4:36:25 AM|Tech|4977883|
348468|Ghan Khalav|Khalavistan|Global Alliance and Treaty Organization|10003|Brown|646813|SaberClawd|Nyxus|Global Alliance And Treaty Organization|10003|Brown|Expired|6000000|0|0|7/13/2025 4:35:57 AM|Tech|4977882|
644316|Sam Sparks|Mendota|Sparta|10008|Black|119735|smusmu|Smustra|Sparta|10008|Black|Expired|0|100|0|7/13/2025 4:30:30 AM|Tech Deal|4977881|
638158|TheBlob|Space Jelly|Knights Of The Round Table|10092|Red|628653|Freyz|Mittlemazigste|Knights Of The Round Table|10092|Green|Expired|0|100|0|7/13/2025 4:17:01 AM|Glob|4977878|
582707|Balthier|Dalmascan Ruins|Sparta|10008|Black|602563|AntiChoice|SuperNaturale|Sparta|10008|Black|Expired|0|100|0|7/13/2025 3:02:31 AM|Financial Assistance|4977873|
500125|Soxirella|Jusmania|Non Grata|10097|Maroon|638461|Jerby|Simulacra|Non Grata|10097|Maroon|Expired|9000000|0|0|7/13/2025 2:57:05 AM|Financial Assistance|4977872|
500125|Soxirella|Jusmania|Non Grata|10097|Maroon|627572|Latexi|Why would I do this|Non Grata|10097|Maroon|Expired|9000000|0|0|7/13/2025 2:56:59 AM|Financial Assistance|4977871|
500125|Soxirella|Jusmania|Non Grata|10097|Maroon|633611|Speeder|Dronterlands|Non Grata|10097|Maroon|Expired|9000000|0|0|7/13/2025 2:56:51 AM|Financial Assistance|4977870|
500125|Soxirella|Jusmania|Non Grata|10097|Maroon|638567|Cobert|Brightwood|Non Grata|10097|Maroon|Expired|9000000|0|0|7/13/2025 2:56:37 AM|Financial Assistance|4977868|
559866|Heel Tribe|Develyes|The Dark Templar|10056|Black|545096|Mumzilla|Hulkville|The Dark Templar|10056|Black|Expired|0|100|0|7/13/2025 2:53:51 AM|Financial Assistance|4977867|
625051|Troopers|Colonist|CLAWS|15841|Black|86943|DenverDan|Greater Basin|CLAWS|15841|Black|Expired|0|100|0|7/13/2025 2:42:53 AM|Financial Assistance|4977865|
133051|MikeTheFirst|MikeLand|Non Grata|10097|Maroon|624193|The1nonlykk|Biourja|Non Grata|10097|Maroon|Expired|9000000|0|0|7/13/2025 2:16:56 AM|Tech circle|4977863|
641533|Haamu|Sampo|WWF|14310|Blue|342332|Hellhound|MythDranor|WWF|14310|Green|Expired|0|100|0|7/13/2025 2:13:59 AM|Financial Assistance|4977862|
582941|Cydonian Knight|Strodemia|Non Grata|10097|Maroon|638567|Cobert|Brightwood|Non Grata|10097|Maroon|Expired|9000000|0|0|7/13/2025 2:05:01 AM|Tech Deal|4977861|
646212|Immai|Steampower|Knights Of The Round Table|10092|Green|632798|KYBALION|HVITIRDREKAR|Knights Of The Round Table|10092|Green|Expired|0|100|0|7/13/2025 1:00:16 AM|Financial Assistance|4977857|
646212|Immai|Steampower|Knights Of The Round Table|10092|Green|531590|Ledon|Ledonia|Knights of the Round Table|10092|Green|Expired|0|100|0|7/13/2025 12:59:44 AM|Financial Assistance|4977856|
604229|St Mungo|Glasgow|Knights Of The Round Table|10092|Green|612774|Oleg the Disfigured|Slag Vrch|Knights Of The Round Table|10092|Green|Expired|0|100|0|7/13/2025 12:50:10 AM|Your Tech Thank you |4977854|
426185|DeathAdder|Westfalen|Doombrella|17368|Black|127226|LJ Scott|Republic of Jutland|DOOMBIRD DOOMCAVE|10449|Black|Expired|0|100|0|7/13/2025 12:23:16 AM|Financial Assistance|4977853|
426185|DeathAdder|Westfalen|Doombrella|17368|Black|635159|xAnri|xRoan|Doombrella|17368|Black|Expired|6000000|0|0|7/13/2025 12:22:57 AM|Financial Assistance|4977852|
646145|ScootDootson|UnitedPeoplesOfDoot|Goldenrod Accords|17406|Green|646221|Appointed Woogster|The Woogie Governy|Goldenrod Accords|17406|Green|Expired|0|0|2000|7/13/2025 12:22:33 AM|2 many d00ds. plz take.|4977851|
310672|King Wally|Rep of Queensland|Nuclear Proliferation League|17228|Aqua|362361|Gofast2006|Pioneer Village|Nuclear Proliferation League|17228|Aqua|Expired|0|100|0|7/13/2025 12:21:04 AM|Free nuka beers!|4977850|
426185|DeathAdder|Westfalen|Doombrella|17368|Black|374321|Clash|Discord|Doombrella|17368|Black|Expired|0|100|0|7/13/2025 12:17:14 AM|Financial Assistance|4977849|
426185|DeathAdder|Westfalen|Doombrella|17368|Black|541774|Das Blitzkrieger|Leistungsstarke|Disciples of Duckroll|17024|Black|Expired|0|100|0|7/13/2025 12:16:57 AM|Financial Assistance|4977848|
426185|DeathAdder|Westfalen|Doombrella|17368|Black|187132|White Majik|VSOP United|Doombrella|17368|Black|Expired|0|100|0|7/13/2025 12:16:38 AM|Financial Assistance|4977847|
426185|DeathAdder|Westfalen|Doombrella|17368|Black|502087|Astryl|Ethereal|Doombrella|17368|Black|Expired|0|100|0|7/13/2025 12:16:24 AM|Financial Assistance|4977846|
579649|Dale Flanderlion|Flanderlion|New Pacific Order|10000|Red|273843|Northern Empire|Northern Empire|Independent Republic Of Orange Nations|10004|Orange|Expired|0|100|0|7/13/2025 12:09:43 AM|QT Tech|4977843|
579649|Dale Flanderlion|Flanderlion|New Pacific Order|10000|Red|600178|tejuguasu|tejuguasu|New Pacific Order|10000|Red|Expired|0|100|0|7/13/2025 12:09:38 AM|QT Tech|4977842|
579649|Dale Flanderlion|Flanderlion|New Pacific Order|10000|Red|152802|eclipse363|Suttonia|New Pacific Order|10000|Red|Expired|0|100|0|7/13/2025 12:09:35 AM|QT Tech|4977841|
579649|Dale Flanderlion|Flanderlion|New Pacific Order|10000|Red|629229|HopeFun|LimaPT|New Pacific Order|10000|Red|Expired|0|100|0|7/13/2025 12:09:31 AM|QT Tech|4977840|
579649|Dale Flanderlion|Flanderlion|New Pacific Order|10000|Red|305440|Daimos|Micon|New Pacific Order|10000|Red|Expired|0|100|0|7/13/2025 12:09:26 AM|QT Tech|4977839|
645696|ChiefCarr|Gidgeedoo|Nuclear Proliferation League|17228|Aqua|107572|oneeightytwo|d&#237;beartach|Fark|10002|Aqua|Expired|0|100|0|7/12/2025 11:40:57 PM|Financial Assistance|4977838|
385567|NinoCelestial|Ciudad de leon|Fark|10002|Aqua|558318|Falcon9|Darkest Chandler|Fark|10002|Aqua|Expired|9000000|0|0|7/12/2025 10:46:50 PM|tech deal|4977836|
385567|NinoCelestial|Ciudad de leon|Fark|10002|Aqua|645696|ChiefCarr|Gidgeedoo|Nuclear Proliferation League|17228|Aqua|Expired|9000000|0|0|7/12/2025 10:46:39 PM|tech deal|4977835|
638461|Jerby|Simulacra|Non Grata|10097|Maroon|319843|Sinister|New Terminal|Non Grata|10097|Maroon|Expired|0|100|0|7/12/2025 10:40:22 PM|Financial Assistance|4977834|
474413|The R00STER|Republic of Ibonn|The Dark Templar|10056|Black|646635|supremeruler|Astros|Post Grunge Supergroup|16367|Yellow|Expired|9000000|0|0|7/12/2025 10:34:54 PM|Tech deal|4977833|
646167|DoctorDlicious|Lat Flan|Non Grata|10097|Maroon|264911|tgilleland|Murdergascar|Non Grata|10097|Maroon|Expired|0|100|0|7/12/2025 10:21:54 PM|tech deal|4977832|
144192|Sagha|Nickelattia|Non Grata|10097|Maroon|646167|DoctorDlicious|Lat Flan|Non Grata|10097|Maroon|Expired|9000000|0|0|7/12/2025 10:20:27 PM|9mil for 100 tech|4977831|
106123|hindy33|Hindistan|Fark|10002|Aqua|635667|Steves|Steveland|Fark|10002|Aqua|Expired|9000000|0|0|7/12/2025 9:13:25 PM|tech deal?|4977826|
645526|Khanya The Great|Triangula|Veneris|17356|White|583014|Rothaic|Munrovia|The Wolves|16660|Maroon|Expired|0|100|0|7/12/2025 8:20:10 PM|Financial Assistance|4977822|
633267|OkapiBlue|Rymnia|Doom Squad|16454|Black|646431|The Cute Twin|Vlasic|Doom Squad|16454|Black|Expired|0|100|0|7/12/2025 7:51:16 PM|Financial Assistance|4977820|
529267|Pastor Jason|Gods Country|Doom Squad|16454|Black|184514|Franz Ferdinand|L252beck|Doombrella|17368|Black|Expired|0|100|0|7/12/2025 7:50:31 PM|Jesus loves you|4977819|
529267|Pastor Jason|Gods Country|Doom Squad|16454|Black|627592|Lord Xamaeron|Celtic Forest|DOOMBIRD DOOMCAVE|10449|Brown|Expired|0|100|0|7/12/2025 7:49:27 PM|Jesus Christ is Lord |4977818|
404438|Herzog|Black Amber|Sparta|10008|Black|283366|Ronpau17|libertylando|Sparta|10008|Black|Expired|0|100|0|7/12/2025 7:35:30 PM|Financial Assistance|4977815|
645829|blegth|irting|Nuclear Proliferation League|17228|Aqua|242836|BozDaBoz|CoastalBendatia|Fark|10002|Aqua|Expired|0|100|0|7/12/2025 7:09:58 PM|Financial Assistance|4977814|
645804|La Mismidad|Libertaris|New Pacific Order|10000|Red|636711|Praetor Cuddles|Romulan Star Empire|New Pacific Order|10000|Red|Expired|0|100|0|7/12/2025 7:05:27 PM|QT Tech|4977813|
314185|Rhizoctonia|Rhizoctonia|Non Grata|10097|Maroon|580021|General Kanabis|Imperio Mexica|COBRA|13717|Brown|Expired|9000000|0|0|7/12/2025 6:57:21 PM|Financial Assistance|4977812|
644951|Landric|Republic of Ursus|The Grand Lodge Of Freemasons|10029|Orange|256722|MDH962|Claysburgh|The Grand Lodge of Freemasons|10029|Orange|Expired|0|100|0|7/12/2025 6:42:13 PM|Financial Assistance|4977811|
587834|alucardx13|The United Regions|New Pacific Order|10000|Red|152802|eclipse363|Suttonia|New Pacific Order|10000|Red|Expired|0|100|0|7/12/2025 5:59:06 PM|QT Tech|4977809|
587834|alucardx13|The United Regions|New Pacific Order|10000|Red|442731|Madd|Modra|New Pacific Order|10000|Red|Expired|0|100|0|7/12/2025 5:58:58 PM|QT Tech|4977808|
640769|Unite front|Republic of Teksas|Doom Squad|16454|Black|646431|The Cute Twin|Vlasic|Doom Squad|16454|Black|Expired|9000000|0|0|7/12/2025 5:51:31 PM|Financial Assistance|4977806|
640769|Unite front|Republic of Teksas|Doom Squad|16454|Black|646836|Keyzlt5|Chi Seeds|Doom Squad|16454|Black|Expired|9000000|0|0|7/12/2025 5:50:54 PM|Financial Assistance|4977805|
313301|MK4Slowride|MK4Slowride|Global Alliance And Treaty Organization|10003|Brown|616861|TomoGozen|Shoganai|Global Alliance And Treaty Organization|10003|Brown|Expired|9000000|0|0|7/12/2025 5:42:43 PM|Tech deal|4977804|
155826|weebl2000|Azeer|Non Grata|10097|Maroon|627572|Latexi|Why would I do this|Non Grata|10097|Maroon|Expired|9000000|0|0|7/12/2025 5:41:52 PM|Financial Assistance|4977803|
646303|S3alz|Verdansk|Orange Defense Network|10007|Orange|557585|Maboroshi|Motavia|LoSS|15565|Black|Expired|0|100|0|7/12/2025 5:12:46 PM|Financial Assistance|4977801|
645768|Sitthemdown|Emperor Protects|Doombrella|17368|Black|187132|White Majik|VSOP United|Doombrella|17368|Black|Expired|0|100|0|7/12/2025 5:08:59 PM|Financial Assistance|4977800|
444115|Pile Butts|Wobblies|Freehold of The Wolves|15157|White|541983|CVO|Kush|NATO|10037|Blue|Expired|0|100|0|7/12/2025 4:54:01 PM|Financial AssistanceVE|4977796|
634903|ToasterOven|Pancake Republic|Non Grata|10097|Maroon|72766|Gofastleft|Racesteria|Non Grata|10097|Maroon|Expired|0|100|0|7/12/2025 4:14:28 PM|Financial Assistance|4977793|
86943|DenverDan|Greater Basin|CLAWS|15841|Black|627747|bretrun|Togrador|CLAWS|15841|Black|Expired|9000000|0|1|7/12/2025 3:58:38 PM|100 Claws tech deal|4977790|
633267|OkapiBlue|Rymnia|Doom Squad|16454|Black|240223|White Chocolate|Lander Clan|CLAWS|15841|Black|Expired|0|100|0|7/12/2025 3:37:53 PM|Financial Assistance|4977789|
643549|KingDutchison|KingDutchison|The Legion|10020|Purple|529402|Firkinvald|Firkinland|The Legion|10020|Purple|Expired|0|100|0|7/12/2025 2:38:25 PM|Financial Assistance|4977787|
643549|KingDutchison|KingDutchison|The Legion|10020|Purple|618779|learjet|Racinante|The Legion|10020|Purple|Expired|0|100|0|7/12/2025 2:38:07 PM|Financial Assistance|4977786|
634243|KhanterWinters|Utrennyaya Zvezda|Post Grunge Supergroup|16367|Brown|640620|Frioz|Lusitania Portugalia|Post Grunge Supergroup|16367|Brown|Expired|9000000|0|0|7/12/2025 2:36:07 PM|9/100|4977785|
314219|Captain Stage|Maritime|Global Alliance And Treaty Organization|10003|Brown|646813|SaberClawd|Nyxus|Global Alliance And Treaty Organization|10003|Brown|Expired|6000000|0|0|7/12/2025 2:14:10 PM|Financial Assistance|4977780|
314219|Captain Stage|Maritime|Global Alliance And Treaty Organization|10003|Brown|568795|Greywall|The Westfold|Global Alliance And Treaty Organization|10003|Brown|Expired|9000000|0|0|7/12/2025 2:13:39 PM|Financial Assistance|4977778|
314219|Captain Stage|Maritime|Global Alliance And Treaty Organization|10003|Brown|579231|Greg23|Chronictopia|Global Alliance And Treaty Organization|10003|Brown|Expired|9000000|0|0|7/12/2025 2:13:28 PM|Financial Assistance|4977777|
646297|Snorkel|Rockies Folk State|Nuclear Proliferation League|17228|Aqua|443221|Mistral|Nicholas|Post Grunge Supergroup|16367|Brown|Expired|0|100|0|7/12/2025 12:14:46 PM|Tech deal conclusion|4977770|
646297|Snorkel|Rockies Folk State|Nuclear Proliferation League|17228|Aqua|362361|Gofast2006|Pioneer Village|Nuclear Proliferation League|17228|Aqua|Expired|0|100|0|7/12/2025 12:13:42 PM|Tech deal tech done|4977769|
613432|Talbrys|Keltroy|Non Grata|10097|Maroon|12258|Commissar Sendoa|Cataduanes|Non Grata|10097|Maroon|Expired|9000000|0|0|7/12/2025 11:17:11 AM|9/100|4977765|
613432|Talbrys|Keltroy|Non Grata|10097|Maroon|645946|LiFeng|Qwertyiop|Non Grata|10097|Maroon|Expired|9000000|0|0|7/12/2025 11:16:57 AM|9/100|4977764|
546488|levothy|mycybernation|Knights Of The Round Table|10092|Green|460564|Mythrind|Vivum Shogunate|Knights Of The Round Table|10092|Brown|Expired|0|100|0|7/12/2025 11:04:31 AM|welcome tech from KoRT|4977762|
646832|Greg Gregory Gregers|Udrus|The Phoenix Federation|17385|Black|493173|Damascis|Typhon|CLAWS|15841|Black|Expired|0|100|0|7/12/2025 11:03:17 AM|Financial Assistance|4977761|
630674|Ghostruler1|Winterfelllllll|New Pacific Order|10000|Red|212835|Minuq|Butan|New Pacific Order|10000|Red|Expired|0|100|0|7/12/2025 10:56:35 AM|Vallum Aelium|4977760|
630674|Ghostruler1|Winterfelllllll|New Pacific Order|10000|Red|273843|Northern Empire|Northern Empire|Independent Republic Of Orange Nations|10004|Orange|Expired|0|100|0|7/12/2025 10:56:27 AM|QT Tech|4977759|
139990|BacTalan|NorseTurks|Global Alliance And Treaty Organization|10003|Brown|627177|SupaSural|Suraltopia|Post Grunge Supergroup|16367|Brown|Expired|9000000|0|0|7/12/2025 10:38:43 AM|bert?!|4977758|
307315|ni431|ni nation|Non Grata|10097|Maroon|599455|RearviewRover|Prossy Boat Party|Non Grata|10097|Maroon|Expired|9000000|0|0|7/12/2025 10:37:05 AM|tech deal 9/100|4977757|
307315|ni431|ni nation|Non Grata|10097|Maroon|238472|Xerxes|New Persia|Non Grata|10097|Maroon|Expired|9000000|0|0|7/12/2025 10:36:46 AM|tech deal 9/100|4977756|
234325|Ben Gates|TreasureLand|Independent Republic Of Orange Nations|10004|Orange|645053|Geezy VIII|SOS Empire|Independent Republic Of Orange Nations|10004|Orange|Expired|6000000|0|0|7/12/2025 10:33:14 AM|ITF|4977755|
406305|Ciroton|Sarin|New Polar Order|10006|Blue|602798|Tharu|Thunnalai|New Polar Order|10006|Blue|Expired|9000000|0|0|7/12/2025 10:14:55 AM|ICECAP Cash|4977749|
348556|Overlord Wes|wussys|Global Alliance and Treaty Organization|10003|Brown|429171|Inquisitor Gaunt|Cult Imperialis|Global Alliance And Treaty Organization|10003|Brown|Expired|9000000|100|0|7/12/2025 10:03:44 AM|Financial Assistance|4977748|
348556|Overlord Wes|wussys|Global Alliance and Treaty Organization|10003|Brown|102751|Jack Whiterstein|Gyuard|Global Alliance And Treaty Organization|10003|Brown|Expired|9000000|100|0|7/12/2025 10:03:30 AM|Financial Assistance|4977747|
348556|Overlord Wes|wussys|Global Alliance and Treaty Organization|10003|Brown|83518|Johnny Apocalypse|Anubia|Global Alliance And Treaty Organization|10003|Brown|Expired|9000000|100|0|7/12/2025 10:03:04 AM|Financial Assistance|4977746|
353933|Chuck|Teutonic Empire|The Templar Knights|10012|Maroon|301419|SirTwist|Twistland|The Grand Lodge Of Freemasons|10029|Orange|Expired|9000000|0|0|7/12/2025 10:02:43 AM|tech deal|4977744|
646307|Hermes Observer|Radchaai|Doombrella|17368|Black|342957|tayloj7|Rabbitopia|Doombrella|17368|Black|Expired|0|100|0|7/12/2025 9:59:13 AM|Financial Assistance|4977743|
646307|Hermes Observer|Radchaai|Doombrella|17368|Black|184514|Franz Ferdinand|L252beck|Doombrella|17368|Black|Expired|0|100|0|7/12/2025 9:58:59 AM|Financial Assistance|4977742|
88398|thepunk|thepunk|Federation Of Armed Nations|10021|Yellow|645652|SpaceGhostCTC|Phantom crusier|Federation Of Armed Nations|10021|Yellow|Expired|9000000|0|0|7/12/2025 9:58:49 AM|Financial Assistance|4977741|
646307|Hermes Observer|Radchaai|Doombrella|17368|Black|374321|Clash|Discord|Doombrella|17368|Black|Expired|0|100|0|7/12/2025 9:58:46 AM|Financial Assistance|4977740|
646307|Hermes Observer|Radchaai|Doombrella|17368|Black|541774|Das Blitzkrieger|Leistungsstarke|Disciples of Duckroll|17024|Black|Expired|0|100|0|7/12/2025 9:58:31 AM|Financial Assistance|4977739|
88398|thepunk|thepunk|Federation Of Armed Nations|10021|Yellow|645261|kinmckhatch|dudeydudeworld|Federation Of Armed Nations|10021|Yellow|Expired|9000000|0|0|7/12/2025 9:58:26 AM|Financial Assistance|4977738|
645136|district10VICTOR|Amelo|Global Alliance And Treaty Organization|10003|Brown|348468|Ghan Khalav|Khalavistan|Global Alliance and Treaty Organization|10003|Brown|Expired|0|100|0|7/12/2025 9:50:25 AM|Financial Assistance|4977737|
553210|tenbob|Mayoabu|New Polar Order|10006|Blue|602798|Tharu|Thunnalai|New Polar Order|10006|Blue|Expired|9000000|0|0|7/12/2025 9:48:47 AM|Icecap Cash|4977736|
553210|tenbob|Mayoabu|New Polar Order|10006|Blue|481947|Morgaine|Cruithne|New Polar Order|10006|Blue|Expired|9000000|0|0|7/12/2025 9:48:35 AM|Icecap Cash|4977735|
626737|BigFilthyDick|GayBar|Non Grata|10097|Maroon|324224|SemperFidelis|United Carborundum|Non Grata|10097|Maroon|Expired|0|100|0|7/12/2025 9:45:56 AM|Financial Assistance|4977734|
626737|BigFilthyDick|GayBar|Non Grata|10097|Maroon|600902|HackSlash|NewFinlandia|Non Grata|10097|Maroon|Expired|0|100|0|7/12/2025 9:45:52 AM|Financial Assistance|4977733|
626737|BigFilthyDick|GayBar|Non Grata|10097|Maroon|582941|Cydonian Knight|Strodemia|Non Grata|10097|Maroon|Expired|0|100|0|7/12/2025 9:45:45 AM|Financial Assistance|4977731|
626737|BigFilthyDick|GayBar|Non Grata|10097|Maroon|473088|JuiceBox|Phoenix Isle|Non Grata|10097|Maroon|Expired|0|100|0|7/12/2025 9:45:41 AM|Financial Assistance|4977730|
626737|BigFilthyDick|GayBar|Non Grata|10097|Maroon|307315|ni431|ni nation|Non Grata|10097|Maroon|Expired|0|100|0|7/12/2025 9:45:36 AM|Financial Assistance|4977729|
639721|TheCompany0|Malacipe|Non Grata|10097|Maroon|72766|Gofastleft|Racesteria|Non Grata|10097|Maroon|Expired|0|100|0|7/12/2025 9:45:02 AM|Financial Assistance|4977727|
646540|brasitolandia|brasitolandia2|The Phoenix Federation|17385|Black|632798|KYBALION|HVITIRDREKAR|Knights Of The Round Table|10092|Green|Expired|0|100|0|7/12/2025 9:36:34 AM|Financial Assistance|4977725|
574720|tuhar|pastia|Knights Of The Round Table|10092|Green|612774|Oleg the Disfigured|Slag Vrch|Knights Of The Round Table|10092|Green|Expired|0|100|0|7/12/2025 9:23:49 AM|Tech deal_return|4977724|
634521|Kapleo|Kapleo|The Phoenix Federation|17385|Black|258455|Magical Muslim|Alibaba Land|CLAWS|15841|Black|Expired|0|100|0|7/12/2025 9:17:09 AM|Financial Assistance|4977723|
644916|Alexander Falkor|Adalwolf|Post Grunge Supergroup|16367|Brown|528882|JSoprano|Darasuum|Post Grunge Supergroup|16367|Brown|Expired|0|100|0|7/12/2025 9:15:25 AM|Tech Deal|4977719|
433547|WhitEarendur|Tol Eressea|New Polar Order|10006|Blue|646497|Arcanium|Averium|Nuclear Proliferation League|17228|Aqua|Expired|9000000|0|0|7/12/2025 9:11:39 AM|9/100|4977718|
645571|cantbelieveimback|Techlandia|Doombrella|17368|Black|541774|Das Blitzkrieger|Leistungsstarke|Disciples of Duckroll|17024|Black|Expired|0|100|0|7/12/2025 9:00:25 AM|Financial Assistance|4977717|
644454|Mike Oxlong|Dixie Wrecked|Global Alliance And Treaty Organization|10003|Brown|580044|Sir Kiloist|Tiocfaidh ar la|Global Alliance And Treaty Organization|10003|Brown|Expired|0|100|0|7/12/2025 8:54:28 AM|Financial Assistance|4977716|
206879|Platinumviper|Bekaa|NATO|10037|Blue|645372|darkestofdans|Alert1|Federation Of Armed Nations|10021|Blue|Expired|9000000|0|0|7/12/2025 8:52:57 AM|VEP|4977715|
646327|KittenGosCrazy|Aura Kingdom|Global Alliance And Treaty Organization|10003|Brown|580044|Sir Kiloist|Tiocfaidh ar la|Global Alliance And Treaty Organization|10003|Brown|Expired|0|100|0|7/12/2025 8:35:59 AM|Financial Assistance|4977714|
281387|Thud III|Thudsylvania|CLAWS|15841|Black|626161|54vee|Tallinn Compact|CLAWS|15841|Black|Expired|9000000|0|0|7/12/2025 8:26:31 AM|Financial Assistance|4977713|
437548|Dutchmaster|Feardare|Coalition of Royal Allied Powers|10051|Maroon|631459|Gorbachov|Soviet Union|COMECON|16703|Red|Expired|9000000|0|0|7/12/2025 8:19:50 AM|9 million for 100 tech |4977712|
640620|Frioz|Lusitania Portugalia|Post Grunge Supergroup|16367|Brown|70316|Myworld|Stealth Kingdom|The Dark Templar|10056|Black|Expired|0|100|0|7/12/2025 8:17:34 AM|Financial Assistance|4977711|
474935|Enabran Tain|Obsidian Order|Non Grata|10097|Maroon|634597|LiaColle|Prynthian|Non Grata|10097|Maroon|Expired|9000000|0|0|7/12/2025 8:10:59 AM|Tech Deal|4977710|
581999|Johnny Mac|Big Brother 17|CLAWS|15841|Black|287231|Bolivar|Bolivar|Libertarian Socialist Federation|10027|Brown|Expired|9000000|0|0|7/12/2025 8:10:00 AM|$9 mil for 100 tech|4977709|
144708|Matthew PK|Commonwealth of LoL|Doombrella|17368|Black|635159|xAnri|xRoan|Doombrella|17368|Black|Expired|6000000|0|0|7/12/2025 7:53:08 AM|Financial Assistance|4977703|
646556|DarkFae|FaeRealm|Christian Coalition Of Countries|10028|Maroon|541983|CVO|Kush|NATO|10037|Blue|Expired|0|100|0|7/12/2025 7:49:32 AM|VEP|4977702|
646556|DarkFae|FaeRealm|Christian Coalition Of Countries|10028|Maroon|131473|Kilkenny|Huntonian|Christian Coalition Of Countries|10028|Maroon|Expired|0|100|0|7/12/2025 7:49:12 AM|VEP|4977701|
646556|DarkFae|FaeRealm|Christian Coalition Of Countries|10028|Maroon|626566|Peacy McPeaceface|New Olde Switzerland|Christian Coalition Of Countries|10028|Maroon|Expired|0|100|0|7/12/2025 7:48:52 AM|VEP|4977700|
646556|DarkFae|FaeRealm|Christian Coalition Of Countries|10028|Maroon|369840|Astron|Svedala|NATO|10037|Blue|Expired|0|100|0|7/12/2025 7:48:38 AM|VEP|4977699|
646556|DarkFae|FaeRealm|Christian Coalition Of Countries|10028|Maroon|229836|apemax|smugglers and mercs|The Imperial Order|10082|Blue|Expired|0|100|0|7/12/2025 7:47:57 AM|VEP|4977698|
578874|Dunge|Strathalbyn|Knights Of The Round Table|10092|Green|646827|WarandPece|Warhammer101|Knights Of The Round Table|10092|Green|Expired|6000000|0|0|7/12/2025 7:44:41 AM|Financial Assistance|4977697|
623987|MasterBadey|mastabadeia|Global Alliance And Treaty Organization|10003|Brown|314219|Captain Stage|Maritime|Global Alliance And Treaty Organization|10003|Brown|Expired|0|100|0|7/12/2025 7:41:17 AM|Financial Assistance|4977696|
256722|MDH962|Claysburgh|The Grand Lodge of Freemasons|10029|Orange|644967|Mushrat|Ormarr Land|The Grand Lodge Of Freemasons|10029|Orange|Expired|9000000|0|0|7/12/2025 7:33:46 AM|Tech Deal|4977695|
168105|Bobogoobo|Bobogoobo|New Pacific Order|10000|Red|630433|Wuldor Winnan|Wuldor Winnan|The Wolves|16660|Maroon|Expired|9000000|0|0|7/12/2025 7:14:21 AM|Hugs from NPO|4977692|
168105|Bobogoobo|Bobogoobo|New Pacific Order|10000|Red|533942|Saxplayer|Arstoria|New Pacific Order|10000|Red|Expired|9000000|0|0|7/12/2025 7:14:14 AM|Bankroll|4977691|
629752|Jamo199599|C1995|New Polar Order|10006|Blue|602798|Tharu|Thunnalai|New Polar Order|10006|Blue|Expired|9000000|0|0|7/12/2025 6:52:12 AM|ICECAP Cash|4977685|
262614|aml520|Hantou|New Polar Order|10006|Blue|604250|RedHawkRuler|MiamiU|New Polar Order|10006|Blue|Expired|0|100|0|7/12/2025 5:53:11 AM|ICECAP Tech|4977683|
262614|aml520|Hantou|New Polar Order|10006|Blue|100705|Linden16|Kiljarit|New Polar Order|10006|Blue|Expired|0|100|0|7/12/2025 5:53:05 AM|ICECAP Tech|4977682|
374321|Clash|Discord|Doombrella|17368|Black|635159|xAnri|xRoan|Doombrella|17368|Black|Expired|6000000|0|0|7/12/2025 5:41:47 AM|Financial Assistance|4977678|
511886|The Sentinel|Ruscino|Knights of the Round Table|10092|Green|460564|Mythrind|Vivum Shogunate|Knights Of The Round Table|10092|Brown|Expired|6000000|0|0|7/12/2025 5:34:42 AM|Konnichiwa|4977677|
243186|ditchboy00|Ditchopia|Non Grata|10097|Maroon|643981|ONXwat|Vanier|Non Grata|10097|Maroon|Expired|9000000|0|0|7/12/2025 5:14:00 AM|Financial Assistance|4977674|
243186|ditchboy00|Ditchopia|Non Grata|10097|Maroon|12258|Commissar Sendoa|Cataduanes|Non Grata|10097|Maroon|Expired|9000000|0|0|7/12/2025 5:13:29 AM|Financial Assistance|4977673|
243186|ditchboy00|Ditchopia|Non Grata|10097|Maroon|646989|LordSciolist|Chaleroux|Non Grata|10097|Maroon|Expired|6000000|0|0|7/12/2025 5:13:12 AM|Financial Assistance|4977672|
331985|aljabarian|CrabMan|Knights Of The Round Table|10092|Green|646827|WarandPece|Warhammer101|Knights Of The Round Table|10092|Green|Expired|6000000|0|0|7/12/2025 4:52:58 AM|Tech Deal|4977670|
437823|zyberzpyder|Zyberia|Non Grata|10097|Maroon|627572|Latexi|Why would I do this|Non Grata|10097|Maroon|Expired|9000000|0|0|7/12/2025 4:42:48 AM|Tech|4977669|
645804|La Mismidad|Libertaris|New Pacific Order|10000|Red|616876|Lady Hawk|Isle of Mann|New Pacific Order|10000|Red|Expired|0|100|0|7/12/2025 4:39:52 AM|Vallum Aelium|4977667|
645804|La Mismidad|Libertaris|New Pacific Order|10000|Red|212835|Minuq|Butan|New Pacific Order|10000|Red|Expired|0|100|0|7/12/2025 4:39:19 AM|Vallum Aelium|4977666|
628732|celticguy40|New Glockinshire|Independent Republic Of Orange Nations|10004|Orange|273843|Northern Empire|Northern Empire|Independent Republic Of Orange Nations|10004|Orange|Expired|0|100|0|7/12/2025 4:35:21 AM|Financial Assistance|4977664|
633062|SoloRocket|Rocket Republic|Post Grunge Supergroup|16367|Brown|646635|supremeruler|Astros|Post Grunge Supergroup|16367|Yellow|Expired|9000000|0|0|7/12/2025 4:21:21 AM|Tech9/100|4977663|
93757|Irons82|Zero-One|DOOMBIRD DOOMCAVE|10449|Black|646383|Son Of Him|Land of Forever|Catholic Reich|17311|Black|Expired|9000000|0|0|7/12/2025 3:33:24 AM|9/100 Tech Deal|4977660|
404176|Sadero|Saderia|New Polar Order|10006|Blue|629752|Jamo199599|C1995|New Polar Order|10006|Blue|Expired|0|100|0|7/12/2025 3:21:53 AM|ICECAP Tech|4977659|
470323|plaw44|infinite desire|Doombrella|17368|Black|635159|xAnri|xRoan|Doombrella|17368|Black|Expired|6000000|0|0|7/12/2025 3:12:00 AM|Financial Assistance|4977658|
528479|paul711|Paulinca|Non Grata|10097|Maroon|645844|Dario the Great|Darioland|Non Grata|10097|Maroon|Expired|9000000|0|0|7/12/2025 3:05:58 AM|Financial Assistance|4977657|
528479|paul711|Paulinca|Non Grata|10097|Maroon|238472|Xerxes|New Persia|Non Grata|10097|Maroon|Expired|9000000|0|0|7/12/2025 3:05:40 AM|Financial Assistance|4977656|
644950|Oddin|Glendor|The Grand Lodge Of Freemasons|10029|Orange|151741|gidon|monkeybum|The Grand Lodge Of Freemasons|10029|Orange|Expired|0|100|0|7/12/2025 3:04:33 AM|Tech Deal|4977654|
538690|CrinkledStraw|The Fierce Crown|Non Grata|10097|Maroon|319843|Sinister|New Terminal|Non Grata|10097|Maroon|Expired|0|100|0|7/12/2025 2:50:34 AM|Financial Assistance|4977653|
645382|Kharmandril|PETA nudes|Doom Squad|16454|Black|615966|tehol|Lether|Doom Squad|16454|Black|Expired|0|100|0|7/12/2025 2:29:51 AM|Financial Assistance|4977652|
645382|Kharmandril|PETA nudes|Doom Squad|16454|Black|199494|Bomber66|Baxter|Doombrella|17368|Black|Expired|0|100|0|7/12/2025 2:29:22 AM|Financial Assistance|4977651|
645382|Kharmandril|PETA nudes|Doom Squad|16454|Black|342957|tayloj7|Rabbitopia|Doombrella|17368|Black|Expired|0|100|0|7/12/2025 2:29:04 AM|Financial Assistance|4977650|
138858|Haart|Barbarica|The Templar Knights|10012|Maroon|301419|SirTwist|Twistland|The Grand Lodge Of Freemasons|10029|Orange|Expired|9000000|0|0|7/12/2025 1:52:30 AM|Tech Deal, 9 M - 100 tech|4977646|
619806|Epimethys|Pyrrha|Doombrella|17368|Black|144708|Matthew PK|Commonwealth of LoL|Doombrella|17368|Black|Expired|0|100|0|7/12/2025 1:45:19 AM|Financial Assistance|4977644|
645871|Danial Frank|Floriida|The Phoenix Federation|17385|Black|613652|Peterkin|Quaraguay|Freehold of The Wolves|15157|White|Expired|0|100|0|7/12/2025 1:34:17 AM|Ur tech |4977643|
136993|Hotti|Kiosk|Non Grata|10097|Maroon|474935|Enabran Tain|Obsidian Order|Non Grata|10097|Maroon|Expired|0|100|0|7/12/2025 1:23:51 AM|Financial Assistance|4977642|
136993|Hotti|Kiosk|Non Grata|10097|Maroon|582941|Cydonian Knight|Strodemia|Non Grata|10097|Maroon|Expired|0|100|0|7/12/2025 1:23:39 AM|Financial Assistance|4977641|
136993|Hotti|Kiosk|Non Grata|10097|Maroon|155826|weebl2000|Azeer|Non Grata|10097|Maroon|Expired|0|100|0|7/12/2025 1:23:26 AM|Financial Assistance|4977640|
136993|Hotti|Kiosk|Non Grata|10097|Maroon|634448|Stewie|Stewieland III|Non Grata|10097|Maroon|Expired|0|100|0|7/12/2025 1:23:15 AM|Financial Assistance|4977639|
479490|King Cyan|The Cyan Kingdom|Global Alliance And Treaty Organization|10003|Brown|531189|Peroman200|Petrolandija|Global Alliance And Treaty Organization|10003|Brown|Expired|9000000|0|0|7/12/2025 1:22:41 AM|Tech deal|4977637|
646762|Kevlar|Sasquatch|Global Alliance And Treaty Organization|10003|Brown|163031|MasterChief777|The New Empire|Global Alliance And Treaty Organization|10003|Brown|Expired|0|100|0|7/12/2025 1:01:23 AM|Sweet squatch tech|4977631|
56391|MexiMoot|Mooxico|DOOMBIRD DOOMCAVE|10449|Black|635159|xAnri|xRoan|Doombrella|17368|Black|Expired|6000000|0|1|7/12/2025 12:54:59 AM|Financial Assistance|4977630|
640189|Jeeves|Only Cool People|COBRA|13717|Brown|2621|James|TIEIXIAIS|Non Grata|10097|Maroon|Expired|0|100|0|7/12/2025 12:54:14 AM|Financial Assistance|4977628|
639335|Swamplandia|Horna|NATO|10037|Blue|219727|danhawk|sonyevilempire|The Imperial Order|10082|Blue|Expired|0|100|0|7/12/2025 12:52:05 AM|Financial Assistance|4977627|
646827|WarandPece|Warhammer101|Knights Of The Round Table|10092|Green|384577|wayoik|SunOase|Knights Of The Round Table|10092|Green|Expired|0|100|0|7/12/2025 12:43:19 AM|Financial Assistance|4977625|
646375|Chuck Woodson|Damistan|Goldenrod Accords|17406|Green|433547|WhitEarendur|Tol Eressea|New Polar Order|10006|Blue|Expired|0|100|0|7/12/2025 12:15:59 AM|Financial Assistance|4977623|
630971|Jeremiah|CERAVA|Non Grata|10097|Maroon|40650|kerschbs|indica|Non Grata|10097|Maroon|Expired|0|100|0|7/12/2025 12:09:39 AM|Tech Delivery|4977622|
341362|Erwin Schrodinger|Bermuda Islands|Non Grata|10097|Maroon|314185|Rhizoctonia|Rhizoctonia|Non Grata|10097|Maroon|Expired|0|100|0|7/12/2025 12:05:07 AM|Financial Assistance|4977621|
341362|Erwin Schrodinger|Bermuda Islands|Non Grata|10097|Maroon|582941|Cydonian Knight|Strodemia|Non Grata|10097|Maroon|Expired|0|100|0|7/12/2025 12:04:56 AM|Financial Assistance|4977620|
341362|Erwin Schrodinger|Bermuda Islands|Non Grata|10097|Maroon|188637|Caustic|Hazardous Materials|Non Grata|10097|Maroon|Expired|0|100|0|7/12/2025 12:03:52 AM|Financial Assistance|4977619|
341362|Erwin Schrodinger|Bermuda Islands|Non Grata|10097|Maroon|528479|paul711|Paulinca|Non Grata|10097|Maroon|Expired|0|100|0|7/12/2025 12:03:41 AM|Financial Assistance|4977618|
341362|Erwin Schrodinger|Bermuda Islands|Non Grata|10097|Maroon|132232|Justin666|Pain nation 666|Non Grata|10097|Maroon|Expired|0|100|0|7/12/2025 12:03:31 AM|Financial Assistance|4977617|
341362|Erwin Schrodinger|Bermuda Islands|Non Grata|10097|Maroon|133051|MikeTheFirst|MikeLand|Non Grata|10097|Maroon|Expired|0|100|0|7/12/2025 12:03:21 AM|Financial Assistance|4977616|
41333|srboslav|Srboslavija|New Polar Order|10006|Blue|100705|Linden16|Kiljarit|New Polar Order|10006|Blue|Expired|0|100|0|7/11/2025 11:38:27 PM|ICECAP Tech|4977615|
41333|srboslav|Srboslavija|New Polar Order|10006|Blue|202519|Zombie Glaucon|UTC Labs|New Polar Order|10006|Blue|Expired|0|100|0|7/11/2025 11:38:16 PM|ICECAP Tech|4977614|
41333|srboslav|Srboslavija|New Polar Order|10006|Blue|406305|Ciroton|Sarin|New Polar Order|10006|Blue|Expired|0|100|0|7/11/2025 11:38:01 PM|ICECAP Tech|4977613|
41333|srboslav|Srboslavija|New Polar Order|10006|Blue|433547|WhitEarendur|Tol Eressea|New Polar Order|10006|Blue|Expired|0|100|0|7/11/2025 11:37:46 PM|RATS Tech|4977612|
41333|srboslav|Srboslavija|New Polar Order|10006|Blue|564085|moonshiner|whiskey island|New Polar Order|10006|Blue|Expired|0|100|0|7/11/2025 11:37:34 PM|RATS Tech|4977611|
646557|Alduin World Eater|The Lands Between|Christian Coalition Of Countries|10028|Maroon|229836|apemax|smugglers and mercs|The Imperial Order|10082|Blue|Expired|0|100|0|7/11/2025 10:08:15 PM|Financial Assistance|4977609|
307315|ni431|ni nation|Non Grata|10097|Maroon|645844|Dario the Great|Darioland|Non Grata|10097|Maroon|Expired|9000000|0|0|7/11/2025 9:59:19 PM|tech deal 9/100|4977608|
430606|KemMo|Maurinaria|Nuclear Proliferation League|17228|Aqua|646156|Kking2025|Louis nation|Nuclear Proliferation League|17228|Blue|Expired|9000000|0|0|7/11/2025 9:57:42 PM|Financial Assistance|4977607|
644426|Bram Walt Schirkophf|Texkentuck|Catholic Reich|17311|Black|644571|Juno02|Mystic Land|Catholic Reich|17311|Black|Expired|0|0|4000|7/11/2025 9:06:52 PM|Financial Assistance|4977606|
634306|Lalaa|Lalaa|Doom Squad|16454|Black|416695|pmacdaddy|Sanctuary|DOOMBIRD DOOMCAVE|10449|Black|Expired|0|100|0|7/11/2025 8:57:51 PM|Financial Assistance|4977605|
634306|Lalaa|Lalaa|Doom Squad|16454|Black|380007|Supreme Emperor Daeg|Metal|Doom Squad|16454|Black|Expired|0|100|0|7/11/2025 8:56:07 PM|Financial Assistance|4977603|
634306|Lalaa|Lalaa|Doom Squad|16454|Black|392583|Javier360|Tenochtitlan|DOOMBIRD DOOMCAVE|10449|Black|Expired|0|100|0|7/11/2025 8:55:46 PM|Financial Assistance|4977602|
22121|spartan 84|UNSC Reach|Non Grata|10097|Maroon|260817|MamazlilMistake|Happy Hunting Ground|Non Grata|10097|Maroon|Expired|9000000|0|0|7/11/2025 8:43:10 PM|Financial Assistance|4977601|
604849|Razgriz90|Republic of Eurasia|New Pacific Order|10000|Red|478715|New Persia|New Pars|New Pacific Order|10000|Red|Expired|0|100|0|7/11/2025 8:41:32 PM|QT Tech|4977600|
610594|ADude|OceaniaRedux|Doom Squad|16454|Black|392583|Javier360|Tenochtitlan|DOOMBIRD DOOMCAVE|10449|Black|Expired|0|100|0|7/11/2025 8:41:27 PM|death lasers|4977599|
604849|Razgriz90|Republic of Eurasia|New Pacific Order|10000|Red|637897|Rajubhai|Trico united|New Pacific Order|10000|Red|Expired|0|100|0|7/11/2025 8:41:22 PM|QT Tech|4977597|
604849|Razgriz90|Republic of Eurasia|New Pacific Order|10000|Red|636711|Praetor Cuddles|Romulan Star Empire|New Pacific Order|10000|Red|Expired|0|100|0|7/11/2025 8:41:18 PM|QT Tech|4977596|
604849|Razgriz90|Republic of Eurasia|New Pacific Order|10000|Red|21424|John Edward|Ardenchestia|New Pacific Order|10000|Red|Expired|0|100|0|7/11/2025 8:41:13 PM|QT Tech|4977595|
604849|Razgriz90|Republic of Eurasia|New Pacific Order|10000|Red|522260|kalev60|Hiiumaa|New Pacific Order|10000|Red|Expired|0|100|0|7/11/2025 8:41:08 PM|QT Tech|4977594|
644476|ICCoug|VanDanBerg|Catholic Reich|17311|Black|644426|Bram Walt Schirkophf|Texkentuck|Catholic Reich|17311|Black|Expired|9000000|0|0|7/11/2025 8:38:51 PM|Financial Assistance|4977593|
644951|Landric|Republic of Ursus|The Grand Lodge Of Freemasons|10029|Orange|120237|Ice Princess|Tundra Mountain|The Grand Lodge of Freemasons|10029|Orange|Expired|0|100|0|7/11/2025 8:23:33 PM|Financial Assistance|4977592|
490921|Roo Blu II|Blue Roo|Non Grata|10097|Maroon|645844|Dario the Great|Darioland|Non Grata|10097|Maroon|Expired|9000000|0|0|7/11/2025 8:00:38 PM|NG Tech deal|4977591|
646156|Kking2025|Louis nation|Nuclear Proliferation League|17228|Blue|645985|CaboMabo|CaboMabo|Nuclear Proliferation League|17228|Aqua|Expired|0|100|0|7/11/2025 7:32:47 PM|Financial Assistance|4977590|
3059|Comrade Gabriel|Bakunin's Dream|New Pacific Order|10000|Red|616294|Japanese Schoolgirls|Japanese Schoolgirls|New Pacific Order|10000|Red|Expired|9000000|0|0|7/11/2025 7:21:15 PM|Rising Stars|4977589|
641765|Chandragupta Maurya|Maurya Dynasty|New Polar Order|10006|Blue|406305|Ciroton|Sarin|New Polar Order|10006|Blue|Expired|0|100|0|7/11/2025 7:14:02 PM|ICECAP Tech|4977581|
618472|Leftie|Brotherhood|Madlads Union|17130|Brown|646156|Kking2025|Louis nation|Nuclear Proliferation League|17228|Blue|Expired|9000000|0|0|7/11/2025 6:46:48 PM|9M for 100T? - Madlads|4977580|
96568|Dagny Taggart|Galtian Commune|DOOMBIRD DOOMCAVE|10449|Black|646870|Waffless|Wafflandia|Doombrella|17368|Black|Expired|9000000|0|0|7/11/2025 6:17:00 PM|Financial Assistance|4977579|
96568|Dagny Taggart|Galtian Commune|DOOMBIRD DOOMCAVE|10449|Black|101493|ak47don|sicily mafia|Doombrella|17368|Black|Expired|9000000|0|0|7/11/2025 6:14:52 PM|Financial Assistance|4977578|
429171|Inquisitor Gaunt|Cult Imperialis|Global Alliance And Treaty Organization|10003|Brown|643971|Blaze I|Brozil|Global Alliance And Treaty Organization|10003|Brown|Expired|6000000|0|0|7/11/2025 6:02:41 PM|Financial Assistance|4977577|
588563|Kasper|Skora Horda|Knights Of The Round Table|10092|Green|460564|Mythrind|Vivum Shogunate|Knights Of The Round Table|10092|Brown|Expired|6000000|0|0|7/11/2025 5:49:07 PM|Hoard of gold|4977575|
91088|Dragster|winukka|Nordreich|11319|Maroon|646090|big daddy 69|Underwater Rapture|The Prussian Empire|14204|Green|Expired|9000000|0|0|7/11/2025 5:30:39 PM|9m/100t|4977574|
266131|RA2Leader|Soviet USA|Madlads Union|17130|Brown|645688|Queen Victoria Hale|Kingdom of Thalassia|Post Grunge Supergroup|16367|Brown|Expired|6000000|0|0|7/11/2025 3:50:54 PM|Tech deal 6/100|4977570|
613432|Talbrys|Keltroy|Non Grata|10097|Maroon|646989|LordSciolist|Chaleroux|Non Grata|10097|Maroon|Expired|6000000|0|0|7/11/2025 3:30:11 PM|6/100|4977568|
638567|Cobert|Brightwood|Non Grata|10097|Maroon|634448|Stewie|Stewieland III|Non Grata|10097|Maroon|Expired|0|100|0|7/11/2025 3:16:19 PM|Tech|4977565|
645427|Clank|Clank|Doombrella|17368|Black|503436|StevieG|Dinglebay|Doombrella|17368|Black|Expired|0|100|0|7/11/2025 3:13:27 PM|Financial Assistance|4977563|
501403|Trebs|Trebs|Nordreich|11319|Maroon|91872|PuliSher|Kerj&#228;l&#228;|Non Grata|10097|Maroon|Expired|9000000|0|0|7/11/2025 1:38:37 PM|Financial Assistance|4977562|
620004|Joesph Stalin|Ressurectioned USSR|Union Of Communist Republics|10060|Brown|646230|Canuck|Oh Canada|Knights Of The Round Table|10092|Green|Expired|9000000|0|0|7/11/2025 1:37:59 PM|Tech|4977561|
474413|The R00STER|Republic of Ibonn|The Dark Templar|10056|Black|645347|Randomnameguy|New England INC|Post Grunge Supergroup|16367|Brown|Expired|9000000|0|0|7/11/2025 1:37:56 PM|Tech deal|4977560|
620004|Joesph Stalin|Ressurectioned USSR|Union Of Communist Republics|10060|Brown|645347|Randomnameguy|New England INC|Post Grunge Supergroup|16367|Brown|Expired|9000000|0|0|7/11/2025 1:37:34 PM|Tech deal|4977559|
544732|axel3200|Valta|New Pacific Order|10000|Red|608015|elputojack|villa feliz|New Pacific Order|10000|Red|Expired|0|100|0|7/11/2025 1:00:31 PM|QT Tech|4977557|
544732|axel3200|Valta|New Pacific Order|10000|Red|522260|kalev60|Hiiumaa|New Pacific Order|10000|Red|Expired|0|100|0|7/11/2025 1:00:27 PM|QT Tech|4977556|
544732|axel3200|Valta|New Pacific Order|10000|Red|442731|Madd|Modra|New Pacific Order|10000|Red|Expired|0|100|0|7/11/2025 1:00:22 PM|QT Tech|4977555|
544732|axel3200|Valta|New Pacific Order|10000|Red|636711|Praetor Cuddles|Romulan Star Empire|New Pacific Order|10000|Red|Expired|0|100|0|7/11/2025 1:00:18 PM|QT Tech|4977554|
544732|axel3200|Valta|New Pacific Order|10000|Red|97698|Guido|Itally|New Pacific Order|10000|Red|Expired|0|100|0|7/11/2025 1:00:13 PM|QT Tech|4977553|
544732|axel3200|Valta|New Pacific Order|10000|Red|21424|John Edward|Ardenchestia|New Pacific Order|10000|Red|Expired|0|100|0|7/11/2025 1:00:09 PM|QT Tech|4977552|
313301|MK4Slowride|MK4Slowride|Global Alliance And Treaty Organization|10003|Brown|643971|Blaze I|Brozil|Global Alliance And Treaty Organization|10003|Brown|Expired|6000000|0|0|7/11/2025 12:54:16 PM|Tech deal|4977551|
637223|ItsShader|Empire of Kazdouria|Knights Of The Round Table|10092|Green|612774|Oleg the Disfigured|Slag Vrch|Knights Of The Round Table|10092|Green|Expired|0|100|0|7/11/2025 12:40:53 PM|9/100 TT|4977549|
559191|Darksight1|ChineseEmpire|New Pacific Order|10000|Red|448981|Knight|Alliance of Knights|New Pacific Order|10000|Red|Expired|0|100|0|7/11/2025 12:23:13 PM|QT Tech|4977547|
559191|Darksight1|ChineseEmpire|New Pacific Order|10000|Red|608015|elputojack|villa feliz|New Pacific Order|10000|Red|Expired|0|100|0|7/11/2025 12:23:04 PM|QT Tech|4977546|
559191|Darksight1|ChineseEmpire|New Pacific Order|10000|Red|442731|Madd|Modra|New Pacific Order|10000|Red|Expired|0|100|0|7/11/2025 12:22:58 PM|QT Tech|4977545|
455413|Duke Nukem|NukemLand|Global Alliance And Treaty Organization|10003|Brown|64687|Wootmeister|Wootrovia|Global Alliance And Treaty Organization|10003|Brown|Expired|0|100|0|7/11/2025 12:05:13 PM|Financial Assistance|4977544|
455413|Duke Nukem|NukemLand|Global Alliance And Treaty Organization|10003|Brown|86974|Mad Mike|Mikeville|Global Alliance And Treaty Organization|10003|Brown|Expired|0|100|0|7/11/2025 12:04:53 PM|Financial Assistance|4977543|
441760|jacka|north 40|The Legion|10020|Purple|629180|filgod|Sicara|The Legion|10020|Purple|Expired|0|100|0|7/11/2025 12:03:11 PM|Financial Assistance|4977541|
627118|Shabalabadingdong|Shabnation|Post Grunge Supergroup|16367|Yellow|641246|Werdkesaj|Kektopolis|Post Grunge Supergroup|16367|Brown|Expired|9000000|0|0|7/11/2025 12:03:02 PM|9m/100t deal|4977540|
635299|Jujohouse|Genshin Impact|Nordreich|11319|Maroon|501403|Trebs|Trebs|Nordreich|11319|Maroon|Expired|0|100|0|7/11/2025 11:51:29 AM|Financial Assistance|4977539|
19959|Elegarth|NewHeavens|New Pacific Order|10000|Red|616294|Japanese Schoolgirls|Japanese Schoolgirls|New Pacific Order|10000|Red|Expired|9000000|0|0|7/11/2025 11:36:48 AM|Rising Stars|4977536|
331985|aljabarian|CrabMan|Knights Of The Round Table|10092|Green|646212|Immai|Steampower|Knights Of The Round Table|10092|Green|Expired|6000000|0|0|7/11/2025 11:03:00 AM|Tech Deal|4977534|
64343|TrilobyteMan|Trilobyte Land|New Pacific Order|10000|Red|608015|elputojack|villa feliz|New Pacific Order|10000|Red|Expired|0|100|0|7/11/2025 10:38:24 AM|QT Tech|4977533|
64343|TrilobyteMan|Trilobyte Land|New Pacific Order|10000|Red|448981|Knight|Alliance of Knights|New Pacific Order|10000|Red|Expired|0|100|0|7/11/2025 10:37:58 AM|QT Tech|4977532|
64343|TrilobyteMan|Trilobyte Land|New Pacific Order|10000|Red|17202|Cybolt|Time and Space|New Pacific Order|10000|Red|Expired|0|100|0|7/11/2025 10:37:46 AM|QT Tech|4977531|
64343|TrilobyteMan|Trilobyte Land|New Pacific Order|10000|Red|522260|kalev60|Hiiumaa|New Pacific Order|10000|Red|Expired|0|100|0|7/11/2025 10:37:36 AM|QT Tech|4977530|
64343|TrilobyteMan|Trilobyte Land|New Pacific Order|10000|Red|167235|ORCACommander|Hiigaran Federation|New Pacific Order|10000|Red|Expired|0|100|0|7/11/2025 10:37:25 AM|QT Tech|4977529|
64343|TrilobyteMan|Trilobyte Land|New Pacific Order|10000|Red|21424|John Edward|Ardenchestia|New Pacific Order|10000|Red|Expired|0|100|0|7/11/2025 10:37:17 AM|QT Tech|4977528|
645740|ShadowSleeper|Noevgono|Nuclear Proliferation League|17228|Aqua|385567|NinoCelestial|Ciudad de leon|Fark|10002|Aqua|Expired|0|100|0|7/11/2025 10:35:21 AM|Financial Assistance|4977527|
431565|Dark Zone Elite|Dark Zone Elite|New Polar Order|10006|Blue|641765|Chandragupta Maurya|Maurya Dynasty|New Polar Order|10006|Blue|Expired|9000000|0|0|7/11/2025 10:20:23 AM|ICECAP Cash|4977524|
637699|0xRedd|CyberIndo|New Pacific Order|10000|Red|608015|elputojack|villa feliz|New Pacific Order|10000|Red|Expired|0|100|0|7/11/2025 10:05:31 AM|QT Tech|4977523|
637699|0xRedd|CyberIndo|New Pacific Order|10000|Red|448981|Knight|Alliance of Knights|New Pacific Order|10000|Red|Expired|0|100|0|7/11/2025 10:05:24 AM|QT Tech|4977522|
637699|0xRedd|CyberIndo|New Pacific Order|10000|Red|17202|Cybolt|Time and Space|New Pacific Order|10000|Red|Expired|0|100|0|7/11/2025 10:05:17 AM|QT Tech|4977521|
120237|Ice Princess|Tundra Mountain|The Grand Lodge of Freemasons|10029|Orange|639282|Agaton Sax|Asmodean|COBRA|13717|Brown|Expired|6000000|0|0|7/11/2025 9:47:11 AM|tech plz|4977520|
57033|Slywolfe|Slywolfe|New Pacific Order|10000|Red|637699|0xRedd|CyberIndo|New Pacific Order|10000|Red|Expired|9000000|0|0|7/11/2025 9:46:35 AM|QT Pay|4977519|
79371|xkirra|Mordlandia|Global Alliance And Treaty Organization|10003|Brown|643971|Blaze I|Brozil|Global Alliance And Treaty Organization|10003|Brown|Expired|6000000|0|0|7/11/2025 9:36:05 AM|Financial Assistance|4977517|
643741|Danteeternity|Balan|Post Grunge Supergroup|16367|Brown|443221|Mistral|Nicholas|Post Grunge Supergroup|16367|Brown|Expired|0|100|0|7/11/2025 9:17:39 AM|Tech Deal|4977515|
646832|Greg Gregory Gregers|Udrus|The Phoenix Federation|17385|Black|258455|Magical Muslim|Alibaba Land|CLAWS|15841|Black|Expired|0|100|0|7/11/2025 9:15:09 AM|Financial Assistance|4977513|
349838|Kaiser Nichols|Holstria|United Purple Nations|10025|Purple|353933|Chuck|Teutonic Empire|The Templar Knights|10012|Maroon|Expired|0|100|0|7/11/2025 8:57:56 AM|Tech owed|4977510|
412136|King James II|Michigan II|NATO|10037|Blue|626630|BillyAnderson|Andersonia|NATO|10037|Blue|Expired|6000000|0|0|7/11/2025 8:55:46 AM|VEP |4977509|
645136|district10VICTOR|Amelo|Global Alliance And Treaty Organization|10003|Brown|38760|Daedalus27|Daedalistan|Global Alliance and Treaty Organization|10003|Brown|Expired|0|100|0|7/11/2025 8:47:18 AM|Financial Assistance|4977507|
590030|toledomike|BUGANATION|CLAWS|15841|Black|349468|Adolph Mussolini|Aveotrix|CLAWS|15841|Black|Expired|0|100|0|7/11/2025 8:32:51 AM|Financial Assistance|4977505|
632397|Gregory24|Candor|Post Grunge Supergroup|16367|Brown|545724|Matmal|Matmalia|Post Grunge Supergroup|16367|Brown|Expired|6000000|0|0|7/11/2025 8:26:02 AM|Tech Deal 6/100|4977503|
468549|shadowstriker|shadow world|NATO|10037|Blue|202168|Dr Doctor|NATO Armed Forces|NATO|10037|Blue|Expired|9000000|0|0|7/11/2025 8:23:20 AM|Shortbread Budget|4977502|
538755|zeldafan4ever|Terminus|Orange Defense Network|10007|Orange|322157|Cartmantoria|Cartmantoria|Orange Defense Network|10007|Orange|Expired|0|100|0|7/11/2025 8:21:09 AM|Tech 3/3|4977501|
497000|Democzar|frequathrive|Global Alliance And Treaty Organization|10003|Brown|646327|KittenGosCrazy|Aura Kingdom|Global Alliance And Treaty Organization|10003|Brown|Expired|9000000|0|0|7/11/2025 8:18:43 AM|Financial Assistance|4977500|
646327|KittenGosCrazy|Aura Kingdom|Global Alliance And Treaty Organization|10003|Brown|79371|xkirra|Mordlandia|Global Alliance And Treaty Organization|10003|Brown|Expired|0|100|0|7/11/2025 8:11:43 AM|Financial Assistance|4977498|
100705|Linden16|Kiljarit|New Polar Order|10006|Blue|641765|Chandragupta Maurya|Maurya Dynasty|New Polar Order|10006|Blue|Expired|9000000|0|0|7/11/2025 8:11:23 AM|Financial Assistance|4977496|
646815|godtoh1|hotdogal|Global Alliance And Treaty Organization|10003|Brown|163031|MasterChief777|The New Empire|Global Alliance And Treaty Organization|10003|Brown|Expired|0|100|0|7/11/2025 7:57:42 AM|Financial Assistance|4977494|
529189|Combat Pope|Vaticana|Global Alliance And Treaty Organization|10003|Brown|139990|BacTalan|NorseTurks|Global Alliance And Treaty Organization|10003|Brown|Expired|0|100|0|7/11/2025 7:56:13 AM|Financial Assistance|4977493|
580046|Body Jryant|Conservative South|Christian Coalition Of Countries|10028|Maroon|369840|Astron|Svedala|NATO|10037|Blue|Expired|0|100|0|7/11/2025 7:54:42 AM|VEP|4977492|
505179|amyameretta|Finlandia|New Pacific Order|10000|Red|554906|Terekhov|Revenge of Gravity|New Pacific Order|10000|Red|Expired|9000000|0|0|7/11/2025 7:43:54 AM|Bankroll|4977490|
505179|amyameretta|Finlandia|New Pacific Order|10000|Red|633137|International Waters|International Waters|New Pacific Order|10000|Red|Expired|9000000|0|0|7/11/2025 7:43:45 AM|Bankroll|4977488|
505179|amyameretta|Finlandia|New Pacific Order|10000|Red|637699|0xRedd|CyberIndo|New Pacific Order|10000|Red|Expired|9000000|0|0|7/11/2025 7:43:40 AM|QT Pay|4977487|
532788|end666|A New India|New Pacific Order|10000|Red|594363|Greatkitteh|Guahan|New Pacific Order|10000|Red|Expired|9000000|0|0|7/11/2025 7:41:48 AM|Bankroll|4977484|
532788|end666|A New India|New Pacific Order|10000|Red|554906|Terekhov|Revenge of Gravity|New Pacific Order|10000|Red|Expired|9000000|0|0|7/11/2025 7:41:43 AM|Bankroll|4977483|
532788|end666|A New India|New Pacific Order|10000|Red|635806|MikeCat|Renastasia|New Pacific Order|10000|Red|Expired|9000000|0|0|7/11/2025 7:41:16 AM|Bankroll|4977480|
474413|The R00STER|Republic of Ibonn|The Dark Templar|10056|Black|639416|Addisonjam|Additomia|The Dark Templar|10056|Black|Expired|9000000|0|0|7/11/2025 6:56:35 AM|Financial Assistance|4977477|
177947|Badassname|Badassnation|CLAWS|15841|Black|646506|Jenna Montreal|Wolvanica|The Phoenix Federation|17385|Black|Expired|9000000|0|0|7/11/2025 6:56:24 AM|Tech Deal|4977476|
474413|The R00STER|Republic of Ibonn|The Dark Templar|10056|Black|639937|The Evilest Eye|NeoNeftyaniki|The Dark Templar|10056|Black|Expired|9000000|0|0|7/11/2025 6:56:15 AM|Financial Assistance|4977475|
618698|Arminius Cheruski|Germania Magna|The Prussian Empire|14204|Green|645994|Emperor Hintz|Hintztopia|The Prussian Empire|14204|Green|Expired|9000000|0|0|7/11/2025 6:52:14 AM|9M/100|4977474|
147284|Magicninja|Grundy|Global Alliance And Treaty Organization|10003|Brown|643971|Blaze I|Brozil|Global Alliance And Treaty Organization|10003|Brown|Expired|6000000|0|0|7/11/2025 6:45:41 AM|Financial Assistance|4977472|
623987|MasterBadey|mastabadeia|Global Alliance And Treaty Organization|10003|Brown|14658|Manis B|Caesura|Global Alliance and Treaty Organization|10003|Brown|Expired|0|100|0|7/11/2025 6:27:35 AM|techy tech|4977469|
623987|MasterBadey|mastabadeia|Global Alliance And Treaty Organization|10003|Brown|152876|Hankidan|Parkview 12|Global Alliance And Treaty Organization|10003|Brown|Expired|0|100|0|7/11/2025 6:27:04 AM|techy tech|4977468|
623987|MasterBadey|mastabadeia|Global Alliance And Treaty Organization|10003|Brown|348468|Ghan Khalav|Khalavistan|Global Alliance and Treaty Organization|10003|Brown|Expired|0|100|0|7/11/2025 6:26:31 AM|techy tech|4977467|
484240|j3rdegree|United Tadpoles|Global Alliance And Treaty Organization|10003|Brown|348468|Ghan Khalav|Khalavistan|Global Alliance and Treaty Organization|10003|Brown|Expired|0|100|0|7/11/2025 6:11:14 AM|Tech go brrrr|4977465|
644951|Landric|Republic of Ursus|The Grand Lodge Of Freemasons|10029|Orange|116324|Wayne World|Wayne World|The Grand Lodge of Freemasons|10029|Orange|Expired|0|100|0|7/11/2025 5:57:23 AM|Financial Assistance|4977460|
644785|Optimus881|Wakanda881|Post Grunge Supergroup|16367|Brown|636336|Stelth|White Mountain|Union Of Communist Republics|10060|Brown|Expired|0|100|0|7/11/2025 5:55:25 AM| PGS $9M/100Tech   |4977459|
625646|muji111|muji111|Random Insanity Alliance|10038|Maroon|195832|hackerhog|Frontier|Random Insanity Alliance|10038|Maroon|Expired|0|100|0|7/11/2025 4:35:28 AM|Financial Assistance|4977456|
559866|Heel Tribe|Develyes|The Dark Templar|10056|Black|262199|Bob|Beta Site|The Dark Templar|10056|Black|Expired|0|100|0|7/11/2025 4:19:49 AM|Financial Assistance|4977454|
559866|Heel Tribe|Develyes|The Dark Templar|10056|Black|175157|Evey Jane|Evey Jane|The Dark Templar|10056|Black|Expired|0|100|0|7/11/2025 4:19:36 AM|Financial Assistance|4977453|
255997|archduke jack|vittatorio|New Polar Order|10006|Blue|646230|Canuck|Oh Canada|Knights Of The Round Table|10092|Green|Expired|9000000|0|0|7/11/2025 3:53:58 AM|Tech Deal|4977449|
255997|archduke jack|vittatorio|New Polar Order|10006|Blue|646090|big daddy 69|Underwater Rapture|The Prussian Empire|14204|Green|Expired|9000000|0|0|7/11/2025 3:53:51 AM|Tech Deal|4977448|
255997|archduke jack|vittatorio|New Polar Order|10006|Blue|646118|King Lavey|Republic of Hamster|The Prussian Empire|14204|Green|Expired|9000000|0|0|7/11/2025 3:53:42 AM|Tech Deal|4977447|
255997|archduke jack|vittatorio|New Polar Order|10006|Blue|645994|Emperor Hintz|Hintztopia|The Prussian Empire|14204|Green|Expired|9000000|0|0|7/11/2025 3:53:28 AM|Tech Deal|4977446|
545923|VHongo|Canadian Dominanace|Green Protection Agency|10041|Green|380432|dimaradona|Piedra Negra|Green Protection Agency|10041|Green|Expired|0|100|0|7/11/2025 3:38:59 AM|First of 200|4977444|
545923|VHongo|Canadian Dominanace|Green Protection Agency|10041|Green|604287|Hazib|Kingdom of Lemuria|CLAWS|15841|Black|Expired|0|100|0|7/11/2025 3:37:11 AM|2nd of 200|4977443|
631406|The Black Kaiser|Medieval Reich|The Prussian Empire|14204|Green|618698|Arminius Cheruski|Germania Magna|The Prussian Empire|14204|Green|Expired|0|100|0|7/11/2025 2:53:13 AM|Arminius Auslandshilfe|4977441|
56391|MexiMoot|Mooxico|DOOMBIRD DOOMCAVE|10449|Black|596807|AmeerMuib|SiegeTank|Disciples of Duckroll|17024|Black|Expired|9000000|0|1|7/11/2025 2:48:48 AM|Financial Assistance|4977440|
56391|MexiMoot|Mooxico|DOOMBIRD DOOMCAVE|10449|Black|646799|Salt Meat|Ghost Sea|Doom Squad|16454|Black|Expired|9000000|0|1|7/11/2025 2:43:43 AM|Financial Assistance|4977439|
56391|MexiMoot|Mooxico|DOOMBIRD DOOMCAVE|10449|Black|506358|lightningjim|Fulmen Ingenium|Doom Squad|16454|Black|Expired|6000000|0|1|7/11/2025 2:43:30 AM|Financial Assistance|4977438|
56391|MexiMoot|Mooxico|DOOMBIRD DOOMCAVE|10449|Black|646870|Waffless|Wafflandia|Doombrella|17368|Black|Expired|9000000|0|1|7/11/2025 2:41:25 AM|Financial Assistance|4977437|
645082|TowerQueen|Turrim|New Pacific Order|10000|Red|382141|janro|Nuts Land|New Pacific Order|10000|Red|Expired|0|100|0|7/11/2025 1:18:53 AM|Vallum Aelium|4977432|
645082|TowerQueen|Turrim|New Pacific Order|10000|Red|212835|Minuq|Butan|New Pacific Order|10000|Red|Expired|0|100|0|7/11/2025 1:18:45 AM|Vallum Aelium|4977431|
635734|Monyulking|Bomdi La|Independent Republic Of Orange Nations|10004|Orange|605023|JuggernautMD|Framework|Independent Republic Of Orange Nations|10004|Orange|Expired|0|100|0|7/11/2025 1:00:06 AM|ITF|4977428|
635734|Monyulking|Bomdi La|Independent Republic Of Orange Nations|10004|Orange|87890|Formanj|Norvegs Trøndelag|Independent Republic of Orange Nations|10004|Orange|Expired|0|100|0|7/11/2025 12:59:44 AM|ITF|4977427|
635734|Monyulking|Bomdi La|Independent Republic Of Orange Nations|10004|Orange|603422|gonpapa|Dirang Dzong|Independent Republic Of Orange Nations|10004|Orange|Expired|0|100|10|7/11/2025 12:59:22 AM|ITF|4977426|
620328|Albasti|Kayi Tribe|New Pacific Order|10000|Red|382141|janro|Nuts Land|New Pacific Order|10000|Red|Expired|0|100|0|7/11/2025 12:54:43 AM|QT Tech|4977425|
645946|LiFeng|Qwertyiop|Non Grata|10097|Maroon|132232|Justin666|Pain nation 666|Non Grata|10097|Maroon|Expired|0|100|0|7/11/2025 12:54:29 AM|Financial Assistance|4977424|
558909|InvaderZim1987|Robonia|Fark|10002|Aqua|490921|Roo Blu II|Blue Roo|Non Grata|10097|Maroon|Expired|0|100|0|7/11/2025 12:40:54 AM|Financial Assistance|4977423|
645265|kaalle|KALLLAND|Post Grunge Supergroup|16367|Brown|563422|nekro448|North Eugenia|Post Grunge Supergroup|16367|Brown|Expired|0|100|0|7/11/2025 12:19:51 AM|Financial Assistance|4977421|
613432|Talbrys|Keltroy|Non Grata|10097|Maroon|626678|slothix|Kevin|Non Grata|10097|Maroon|Expired|9000000|0|0|7/11/2025 12:18:42 AM|9/100|4977419|
604229|St Mungo|Glasgow|Knights Of The Round Table|10092|Green|384577|wayoik|SunOase|Knights Of The Round Table|10092|Green|Expired|0|100|0|7/11/2025 12:04:42 AM|Tech Deal|4977415|
639335|Swamplandia|Horna|NATO|10037|Blue|412136|King James II|Michigan II|NATO|10037|Blue|Expired|0|100|0|7/11/2025 12:04:40 AM|Financial Assistance|4977414|
310672|King Wally|Rep of Queensland|Nuclear Proliferation League|17228|Aqua|646892|Kamva|Zaire Republic|Nuclear Proliferation League|17228|Aqua|Expired|6000000|100|4000|7/11/2025 12:01:37 AM|Free nuka beers!|4977413|
632345|FoXXRoam|Blaylock Republic|The Legion|10020|Purple|288372|king qaz|my own little workd|The Legion|10020|Purple|Expired|0|100|0|7/10/2025 11:39:53 PM|Financial Assistance|4977410|
289177|Blaskowicz|Doomsland|New Pacific Order|10000|Red|594363|Greatkitteh|Guahan|New Pacific Order|10000|Red|Expired|9000000|0|0|7/10/2025 11:25:56 PM|Bankroll|4977409|
289177|Blaskowicz|Doomsland|New Pacific Order|10000|Red|554906|Terekhov|Revenge of Gravity|New Pacific Order|10000|Red|Expired|9000000|0|0|7/10/2025 11:25:51 PM|Bankroll|4977408|
289177|Blaskowicz|Doomsland|New Pacific Order|10000|Red|637699|0xRedd|CyberIndo|New Pacific Order|10000|Red|Expired|9000000|0|0|7/10/2025 11:25:43 PM|QT Pay|4977406|
289177|Blaskowicz|Doomsland|New Pacific Order|10000|Red|635806|MikeCat|Renastasia|New Pacific Order|10000|Red|Expired|9000000|0|0|7/10/2025 11:25:37 PM|Bankroll|4977405|
289177|Blaskowicz|Doomsland|New Pacific Order|10000|Red|633137|International Waters|International Waters|New Pacific Order|10000|Red|Expired|9000000|0|0|7/10/2025 11:25:32 PM|Bankroll|4977404|
141583|jerdge|Gaela|Green Protection Agency|10041|Green|545923|VHongo|Canadian Dominanace|Green Protection Agency|10041|Green|Expired|9000000|0|0|7/10/2025 11:25:26 PM|More money|4977403|
626630|BillyAnderson|Andersonia|NATO|10037|Blue|440257|lonabis|flying dutchmen|NATO|10037|Blue|Expired|0|100|0|7/10/2025 10:59:38 PM|Valyrian Aid|4977400|
541311|King Quincy|Confederate USA|Green Protection Agency|10041|Green|545923|VHongo|Canadian Dominanace|Green Protection Agency|10041|Green|Expired|9000000|0|0|7/10/2025 10:53:18 PM|Financial Assistance|4977399|
567239|GrumpyOldFool|Sugarstan|Fark|10002|Aqua|159130|Decide R Inchief|decided4us|Fark|10002|Aqua|Expired|0|100|0|7/10/2025 9:34:12 PM|Tech 1/3|4977398|
646593|Lim jayhee|Cat haven|Knights Of The Round Table|10092|Green|418455|Sabcat|Sabcat Island|Libertarian Socialist Federation|10027|Brown|Expired|0|100|0|7/10/2025 9:26:38 PM|Financial Assistance|4977395|
602798|Tharu|Thunnalai|New Polar Order|10006|Blue|516493|The dutch Dragonborn|The Dutch Dragonborn|New Polar Order|10006|Blue|Expired|0|100|0|7/10/2025 8:31:42 PM|ICECAP Tech|4977394|
602798|Tharu|Thunnalai|New Polar Order|10006|Blue|166467|KittyPride207|BlackAngels|New Polar Order|10006|Blue|Expired|0|100|0|7/10/2025 8:31:24 PM|ICECAP Tech|4977393|
602798|Tharu|Thunnalai|New Polar Order|10006|Blue|431565|Dark Zone Elite|Dark Zone Elite|New Polar Order|10006|Blue|Expired|0|100|0|7/10/2025 8:31:14 PM|ICECAP Tech|4977392|
38760|Daedalus27|Daedalistan|Global Alliance and Treaty Organization|10003|Brown|544925|Jacksonians|Barataria|Global Alliance And Treaty Organization|10003|Brown|Expired|9000000|0|0|7/10/2025 8:05:12 PM|Tech please|4977391|
467779|The decimator|My new new nation|Random Insanity Alliance|10038|Maroon|124781|im317|im317|Random Insanity Alliance|10038|Maroon|Expired|0|100|0|7/10/2025 8:04:52 PM|Financial Assistance|4977390|
38760|Daedalus27|Daedalistan|Global Alliance and Treaty Organization|10003|Brown|616861|TomoGozen|Shoganai|Global Alliance And Treaty Organization|10003|Brown|Expired|9000000|0|0|7/10/2025 8:04:48 PM|Tech Please|4977389|
467779|The decimator|My new new nation|Random Insanity Alliance|10038|Maroon|485589|LUCIOUS IMPERIOUS|INDIANS|Random Insanity Alliance|10038|Maroon|Expired|0|100|0|7/10/2025 8:04:42 PM|Financial Assistance|4977388|
467779|The decimator|My new new nation|Random Insanity Alliance|10038|Maroon|195832|hackerhog|Frontier|Random Insanity Alliance|10038|Maroon|Expired|0|100|0|7/10/2025 8:03:47 PM|Financial Assistance|4977387|
580046|Body Jryant|Conservative South|Christian Coalition Of Countries|10028|Maroon|482099|Sir Gunz|Talent|Christian Coalition Of Countries|10028|Maroon|Expired|0|100|0|7/10/2025 7:59:18 PM|VEP|4977386|
638702|Vins10|Quebec Second|Post Grunge Supergroup|16367|Brown|201332|dawg66|Grand Americana|Knights Of The Round Table|10092|Green|Expired|0|100|0|7/10/2025 7:51:03 PM|Return of tech|4977385|
556496|rheebrosinc|SwagJuice|Christian Coalition Of Countries|10028|Maroon|229836|apemax|smugglers and mercs|The Imperial Order|10082|Blue|Expired|0|100|0|7/10/2025 7:36:33 PM|valyrian tech|4977384|
556496|rheebrosinc|SwagJuice|Christian Coalition Of Countries|10028|Maroon|206879|Platinumviper|Bekaa|NATO|10037|Blue|Expired|0|100|0|7/10/2025 7:36:24 PM|valyrian tech|4977383|
556496|rheebrosinc|SwagJuice|Christian Coalition Of Countries|10028|Maroon|130031|Matto|Epointe|Federation of Armed Nations|10021|Yellow|Expired|0|100|0|7/10/2025 7:36:15 PM|valyrian tech|4977382|
556496|rheebrosinc|SwagJuice|Christian Coalition Of Countries|10028|Maroon|109489|blackpony|the Mad Ninja|Freehold of The Wolves|15157|White|Expired|0|100|0|7/10/2025 7:36:08 PM|valyrian tech|4977381|
556496|rheebrosinc|SwagJuice|Christian Coalition Of Countries|10028|Maroon|592036|LordSanix|Citroto|Freehold of The Wolves|15157|White|Expired|0|100|0|7/10/2025 7:35:59 PM|valyrian tech|4977380|
187132|White Majik|VSOP United|Doombrella|17368|Black|566736|amossio|amossio|Doombrella|17368|Black|Expired|6000000|0|0|7/10/2025 7:24:39 PM|Financial Assistance|4977379|
634597|LiaColle|Prynthian|Non Grata|10097|Maroon|469301|Lars Jorgens|Whale of a Time|Non Grata|10097|Maroon|Expired|0|100|0|7/10/2025 7:06:40 PM|Financial Assistance|4977377|
646801|Chaos Gremlin|Chaostopia|Global Alliance And Treaty Organization|10003|Brown|14658|Manis B|Caesura|Global Alliance and Treaty Organization|10003|Brown|Expired|0|100|0|7/10/2025 6:34:32 PM|Financial Assistance|4977375|
405936|Griffy|Rememberence|Global Alliance And Treaty Organization|10003|Brown|86974|Mad Mike|Mikeville|Global Alliance And Treaty Organization|10003|Brown|Expired|0|100|0|7/10/2025 6:32:20 PM|Financial Assistance|4977373|
514274|stonybeast|Los Reyes|Nordreich|11319|Maroon|49522|Croix|Edjaal|Random Insanity Alliance|10038|Maroon|Expired|9000000|0|0|7/10/2025 6:31:52 PM|Tech deal 9/100|4977372|
580044|Sir Kiloist|Tiocfaidh ar la|Global Alliance And Treaty Organization|10003|Brown|646756|DyneVeilstone|Felis Felicitas|Global Alliance And Treaty Organization|10003|Brown|Expired|6000000|0|0|7/10/2025 6:14:17 PM|Financial Assistance|4977371|
285433|Lord of Darkness|Relm of Darkness|New Pacific Order|10000|Red|640667|paulo11|Cameland|New Pacific Order|10000|Red|Expired|9000000|0|0|7/10/2025 6:07:21 PM|Bankroll|4977370|
285433|Lord of Darkness|Relm of Darkness|New Pacific Order|10000|Red|594363|Greatkitteh|Guahan|New Pacific Order|10000|Red|Expired|9000000|0|0|7/10/2025 6:07:15 PM|Bankroll|4977369|
285433|Lord of Darkness|Relm of Darkness|New Pacific Order|10000|Red|554906|Terekhov|Revenge of Gravity|New Pacific Order|10000|Red|Expired|9000000|0|0|7/10/2025 6:07:05 PM|Bankroll|4977367|
285433|Lord of Darkness|Relm of Darkness|New Pacific Order|10000|Red|635806|MikeCat|Renastasia|New Pacific Order|10000|Red|Expired|9000000|0|0|7/10/2025 6:06:53 PM|Bankroll|4977365|
190480|Unruly|Republique de Buja|AGW Overlords|10043|Black|143998|planetary|planetarium|CLAWS|15841|Black|Expired|9000000|0|0|7/10/2025 5:50:32 PM|Financial Assistance|4977364|
232881|Yashem|Yashemia|New Pacific Order|10000|Red|568748|Llednar Twem|Eurica|New Pacific Order|10000|Red|Expired|0|100|0|7/10/2025 4:43:26 PM|QT Tech|4977358|
232881|Yashem|Yashemia|New Pacific Order|10000|Red|522260|kalev60|Hiiumaa|New Pacific Order|10000|Red|Expired|0|100|0|7/10/2025 4:43:21 PM|QT Tech|4977357|
232881|Yashem|Yashemia|New Pacific Order|10000|Red|511698|hailkirk10|Kirklan|New Pacific Order|10000|Red|Expired|0|100|0|7/10/2025 4:43:16 PM|QT Tech|4977356|
626587|Iogaro12|Iberia del Norte|Freehold of The Wolves|15157|White|414519|markpalm1|vacous|Freehold of The Wolves|15157|White|Expired|0|100|0|7/10/2025 4:05:34 PM|Valyrian Aid|4977351|
626587|Iogaro12|Iberia del Norte|Freehold of The Wolves|15157|White|109489|blackpony|the Mad Ninja|Freehold of The Wolves|15157|White|Expired|0|100|0|7/10/2025 4:05:13 PM|Valyrian Aid|4977350|
626587|Iogaro12|Iberia del Norte|Freehold of The Wolves|15157|White|592036|LordSanix|Citroto|Freehold of The Wolves|15157|White|Expired|0|100|0|7/10/2025 4:05:03 PM|Valyrian Aid|4977349|
39705|Bmk812|Eisenherz|Global Alliance And Treaty Organization|10003|Brown|646813|SaberClawd|Nyxus|Global Alliance And Treaty Organization|10003|Brown|Expired|6000000|0|0|7/10/2025 3:36:15 PM|Tech Aid|4977345|
39705|Bmk812|Eisenherz|Global Alliance And Treaty Organization|10003|Brown|646801|Chaos Gremlin|Chaostopia|Global Alliance And Treaty Organization|10003|Brown|Expired|6000000|0|0|7/10/2025 3:36:00 PM|Tech Aid|4977344|
268021|Mandarijn|Mandarijni|Independent Republic of Orange Nations|10004|Orange|568614|joe44|Berlin Republik|Independent Republic Of Orange Nations|10004|Orange|Expired|9000000|100|4000|7/10/2025 3:24:31 PM|Financial Assistance|4977342|
268021|Mandarijn|Mandarijni|Independent Republic of Orange Nations|10004|Orange|636754|MAYBACH EMPIRE|MAYBACH 3MPIRE|Independent Republic Of Orange Nations|10004|Orange|Expired|9000000|100|4000|7/10/2025 3:24:10 PM|Financial Assistance|4977341|
268021|Mandarijn|Mandarijni|Independent Republic of Orange Nations|10004|Orange|605023|JuggernautMD|Framework|Independent Republic Of Orange Nations|10004|Orange|Expired|9000000|100|4000|7/10/2025 3:23:47 PM|Financial Assistance|4977340|
268021|Mandarijn|Mandarijni|Independent Republic of Orange Nations|10004|Orange|515270|Chrismathews|Empire81|Independent Republic Of Orange Nations|10004|Orange|Expired|9000000|100|4000|7/10/2025 3:23:26 PM|Financial Assistance|4977339|
268021|Mandarijn|Mandarijni|Independent Republic of Orange Nations|10004|Orange|616887|Dontavian|Karnax|Independent Republic Of Orange Nations|10004|Orange|Expired|9000000|100|4000|7/10/2025 3:23:03 PM|Financial Assistance|4977338|
645467|LiefzDel|Greater Czechia|Post Grunge Supergroup|16367|Brown|604287|Hazib|Kingdom of Lemuria|CLAWS|15841|Black|Expired|0|100|0|7/10/2025 2:44:10 PM|9/100 Payback|4977334|
645467|LiefzDel|Greater Czechia|Post Grunge Supergroup|16367|Brown|64687|Wootmeister|Wootrovia|Global Alliance And Treaty Organization|10003|Brown|Expired|0|100|0|7/10/2025 2:43:53 PM|9/100 Payback|4977333|
645467|LiefzDel|Greater Czechia|Post Grunge Supergroup|16367|Brown|636336|Stelth|White Mountain|Union Of Communist Republics|10060|Brown|Expired|0|100|0|7/10/2025 2:43:26 PM|9/100 Payback|4977332|
529267|Pastor Jason|Gods Country|Doom Squad|16454|Black|410812|Berbers|Kingdom of AlRezana|The Wolves|16660|Black|Expired|0|100|0|7/10/2025 2:35:31 PM|Jesus Christ is Lord |4977331|
481103|AzureShadow|Coobie|Doombrella|17368|Black|374321|Clash|Discord|Doombrella|17368|Black|Expired|0|100|0|7/10/2025 2:07:24 PM|Financial Assistance|4977327|
257875|JGolla|Jaytown|New Pacific Order|10000|Red|640324|Rniee|Petro Valley|The Wolves|16660|Maroon|Expired|9000000|0|0|7/10/2025 2:04:30 PM|Hugs from NPO|4977326|
257875|JGolla|Jaytown|New Pacific Order|10000|Red|630433|Wuldor Winnan|Wuldor Winnan|The Wolves|16660|Maroon|Expired|9000000|0|0|7/10/2025 2:04:18 PM|Hugs from NPO|4977324|
257875|JGolla|Jaytown|New Pacific Order|10000|Red|640667|paulo11|Cameland|New Pacific Order|10000|Red|Expired|9000000|0|0|7/10/2025 2:04:13 PM|Bankroll|4977323|
257875|JGolla|Jaytown|New Pacific Order|10000|Red|594363|Greatkitteh|Guahan|New Pacific Order|10000|Red|Expired|9000000|0|0|7/10/2025 2:04:07 PM|Bankroll|4977322|
567720|Cosmic Chocolate|Soaring Eagle|DOOMBIRD DOOMCAVE|10449|Black|532609|KingJohnny|Nechian Empire|Doom Squad|16454|Black|Expired|9000000|0|0|7/10/2025 1:57:23 PM|Financial Assistance|4977321|
638157|Karifire|Hogsmead|Doom Squad|16454|Black|622221|cobwebbyarc6|Dasein|Doom Squad|16454|Black|Expired|0|100|0|7/10/2025 1:46:35 PM|Financial Assistance|4977318|
646209|My Name Is KMob|KMobs Territory|Deathblow|17387|Black|645787|wetsandwich|High Cold River|Deathblow|17387|Black|Expired|40000|0|0|7/10/2025 1:06:43 PM|Financial Assistance|4977313|
645347|Randomnameguy|New England INC|Post Grunge Supergroup|16367|Brown|443221|Mistral|Nicholas|Post Grunge Supergroup|16367|Brown|Expired|0|100|0|7/10/2025 12:43:47 PM|Tech Payment|4977312|
573749|necAnt|Lucky Ants|The Gramlins|17275|Green|541311|King Quincy|Confederate USA|Green Protection Agency|10041|Green|Expired|0|100|0|7/10/2025 12:29:00 PM|TD 1/2|4977311|
102751|Jack Whiterstein|Gyuard|Global Alliance And Treaty Organization|10003|Brown|531189|Peroman200|Petrolandija|Global Alliance And Treaty Organization|10003|Brown|Expired|9000000|0|0|7/10/2025 12:02:32 PM|Tech Deal 9m/100?|4977306|
604459|Hugh Dick|Perineum|Independent Republic Of Orange Nations|10004|Orange|646540|brasitolandia|brasitolandia2|The Phoenix Federation|17385|Black|Expired|6000000|0|0|7/10/2025 11:59:30 AM|Financial Assistance|4977304|
159192|Matt Bowen|Bowenland|Knights Of The Round Table|10092|Green|526750|Christopher Sedgwick|Wickillian Highlands|Knights Of The Round Table|10092|Green|Expired|6000000|0|1|7/10/2025 11:41:18 AM|Nation Building $|4977303|
159192|Matt Bowen|Bowenland|Knights Of The Round Table|10092|Green|631432|Elector King|Bohemia Moravia|The Prussian Empire|14204|Green|Expired|9000000|0|1|7/10/2025 11:40:54 AM|Tech Deal $9M/100 Tech|4977301|
625574|torquewench|Solo Donne|Doom Squad|16454|Black|199494|Bomber66|Baxter|Doombrella|17368|Black|Expired|0|100|0|7/10/2025 11:21:48 AM|Financial Assistance|4977287|
625574|torquewench|Solo Donne|Doom Squad|16454|Black|567720|Cosmic Chocolate|Soaring Eagle|DOOMBIRD DOOMCAVE|10449|Black|Expired|0|100|0|7/10/2025 11:20:01 AM|Financial Assistance|4977285|
625574|torquewench|Solo Donne|Doom Squad|16454|Black|410812|Berbers|Kingdom of AlRezana|The Wolves|16660|Black|Expired|0|100|0|7/10/2025 11:19:33 AM|Financial Assistance|4977284|
644711|CatDog|NicholasJoseph|Catholic Reich|17311|Black|69978|Garbunkel|Gravillia|CLAWS|15841|Black|Expired|0|100|0|7/10/2025 11:16:17 AM|Tech Deal|4977283|
639833|sogekido|sinetron|Nordreich|11319|Maroon|514274|stonybeast|Los Reyes|Nordreich|11319|Maroon|Expired|0|100|0|7/10/2025 11:14:01 AM|Financial Assistance|4977282|
639833|sogekido|sinetron|Nordreich|11319|Maroon|367611|TurnipCruncher|Hwicca|Nordreich|11319|Maroon|Expired|0|100|0|7/10/2025 11:13:53 AM|Financial Assistance|4977281|
639833|sogekido|sinetron|Nordreich|11319|Maroon|170124|WackyDan|Wackytopia|Nordreich|11319|Maroon|Expired|0|100|0|7/10/2025 11:13:40 AM|Financial Assistance|4977280|
631569|CaesarGorandius|Ohiostan|Non Grata|10097|Maroon|469301|Lars Jorgens|Whale of a Time|Non Grata|10097|Maroon|Expired|0|100|0|7/10/2025 11:03:20 AM|NG Tech Circle|4977279|
206853|Tsayka|Trisaram|NATO|10037|Blue|440257|lonabis|flying dutchmen|NATO|10037|Blue|Expired|0|100|0|7/10/2025 10:58:28 AM|Financial Assistance|4977278|
206853|Tsayka|Trisaram|NATO|10037|Blue|340698|Onified|Spork|NATO|10037|Blue|Expired|0|100|0|7/10/2025 10:58:02 AM|Financial Assistance|4977277|
541983|CVO|Kush|NATO|10037|Blue|638815|BushyBeaver|Beaveland|NATO|10037|Blue|Expired|9000000|0|0|7/10/2025 10:10:37 AM|Valyrian Aid|4977275|
631385|Kingdom of Denmark|Jutland Germany|The Prussian Empire|14204|Green|488372|Heinrich I|Das Ostfrankenreich|The Prussian Empire|14204|Green|Expired|0|100|0|7/10/2025 9:23:56 AM|Financial Assistance|4977272|
131473|Kilkenny|Huntonian|Christian Coalition Of Countries|10028|Maroon|640396|Jessiski|New Italy 1|NATO|10037|Blue|Expired|6000000|0|0|7/10/2025 9:23:24 AM|Valyrian Aid|4977271|
131473|Kilkenny|Huntonian|Christian Coalition Of Countries|10028|Maroon|638815|BushyBeaver|Beaveland|NATO|10037|Blue|Expired|9000000|0|0|7/10/2025 9:22:38 AM|Valyrian Aid|4977269|
131473|Kilkenny|Huntonian|Christian Coalition Of Countries|10028|Maroon|637153|DukeNash|Encantandia|COBRA|13717|Brown|Expired|9000000|0|0|7/10/2025 9:22:24 AM|Valyrian Aid|4977268|
431619|rotinom|Gideons|Sparta|10008|Black|602563|AntiChoice|SuperNaturale|Sparta|10008|Black|Expired|0|100|0|7/10/2025 9:16:10 AM|Financial Assistance|4977267|
431619|rotinom|Gideons|Sparta|10008|Black|280709|Supersub68|Subway|Sparta|10008|Black|Expired|0|100|0|7/10/2025 9:15:54 AM|Financial Assistance|4977266|
431619|rotinom|Gideons|Sparta|10008|Black|542501|King Georges III|Georgiostan|Sparta|10008|Black|Expired|0|100|0|7/10/2025 9:15:04 AM|Financial Assistance|4977265|
627572|Latexi|Why would I do this|Non Grata|10097|Maroon|469301|Lars Jorgens|Whale of a Time|Non Grata|10097|Maroon|Expired|0|100|0|7/10/2025 9:03:45 AM|Financial Assistance|4977262|
538755|zeldafan4ever|Terminus|Orange Defense Network|10007|Orange|360567|jjfx4|Millasville|Orange Defense Network|10007|Orange|Expired|0|100|0|7/10/2025 9:03:07 AM|Tech 3/3|4977261|
18236|javaswiller|swillerland|Freehold of The Wolves|15157|White|467217|aroswing|Land of Darkness|Freehold of The Wolves|15157|White|Expired|9000000|0|0|7/10/2025 8:53:10 AM|Valyrian Aid|4977260|
39465|King Tom|king Tom|NATO|10037|Blue|535865|Donbo McSlay|Donbo Land|Federation Of Armed Nations|10021|Yellow|Expired|9000000|0|0|7/10/2025 8:47:48 AM|vep|4977259|
39465|King Tom|king Tom|NATO|10037|Blue|467217|aroswing|Land of Darkness|Freehold of The Wolves|15157|White|Expired|9000000|0|0|7/10/2025 8:47:26 AM|vep|4977258|
348070|Chopin|Republic of Poland|Avalanche|10078|Blue|602009|JDRod|ReDux Empire|Coalition of Royal Allied Powers|10051|Maroon|Expired|6000000|0|0|7/10/2025 8:31:50 AM|td|4977252|
479490|King Cyan|The Cyan Kingdom|Global Alliance And Treaty Organization|10003|Brown|529189|Combat Pope|Vaticana|Global Alliance And Treaty Organization|10003|Brown|Expired|9000000|0|0|7/10/2025 8:16:56 AM|Tech deal|4977246|
641804|jackthebest|Jackastan|NATO|10037|Blue|340698|Onified|Spork|NATO|10037|Blue|Expired|0|100|0|7/10/2025 8:08:37 AM|Financial Assistance|4977244|
646824|AlphaB|Blue Ribbon|The Legion|10020|Purple|638569|Ozark|Blue Cat Nation|The Legion|10020|Purple|Expired|0|100|0|7/10/2025 8:06:52 AM|Financial Assistance|4977243|
646824|AlphaB|Blue Ribbon|The Legion|10020|Purple|231614|Frey the Great|Freytopia|The Legion|10020|Purple|Expired|0|100|0|7/10/2025 8:06:08 AM|Financial Assistance|4977242|
100705|Linden16|Kiljarit|New Polar Order|10006|Blue|591794|Raden Wijaya|Kerajaan Majapahit|New Polar Order|10006|Blue|Expired|9000000|0|0|7/10/2025 8:05:39 AM|Financial Assistance|4977241|
273254|unstpblpimp|unstpblpimp|Global Alliance and Treaty Organization|10003|Brown|646135|Sokar|Delmak|Global Alliance And Treaty Organization|10003|Brown|Expired|6000000|0|0|7/10/2025 7:57:35 AM|Financial Assistance|4977237|
645372|darkestofdans|Alert1|Federation Of Armed Nations|10021|Blue|130031|Matto|Epointe|Federation of Armed Nations|10021|Yellow|Expired|0|100|0|7/10/2025 7:47:08 AM|Financial Assistance|4977235|
645372|darkestofdans|Alert1|Federation Of Armed Nations|10021|Blue|623176|Britishdude|Lucosnia VIII|Christian Coalition Of Countries|10028|Maroon|Expired|0|100|0|7/10/2025 7:46:14 AM|Financial Assistance|4977234|
618698|Arminius Cheruski|Germania Magna|The Prussian Empire|14204|Green|631432|Elector King|Bohemia Moravia|The Prussian Empire|14204|Green|Expired|9000000|0|0|7/10/2025 7:09:54 AM|9M/100|4977231|
646815|godtoh1|hotdogal|Global Alliance And Treaty Organization|10003|Brown|561575|DragonsPhyre|Dragon Spire|Global Alliance And Treaty Organization|10003|Brown|Expired|6000000|0|0|7/10/2025 7:06:56 AM|Financial Assistance|4977229|
641537|Probably Mochi|Kap Land|Doom Squad|16454|Black|646804|dragonshardz|Cruinneachadh|Doom Squad|16454|Black|Expired|9000000|0|0|7/10/2025 6:50:52 AM|Financial Assistance|4977227|
625634|firingline|TheCastle|The Wolves|16660|Black|622221|cobwebbyarc6|Dasein|Doom Squad|16454|Black|Expired|0|100|0|7/10/2025 6:45:32 AM|Financial Assistance|4977226|
536551|Hammta|ILLINI|Swash Plates And Tail Rotors|10126|Pink|260817|MamazlilMistake|Happy Hunting Ground|Non Grata|10097|Maroon|Expired|9000000|100|0|7/10/2025 6:43:05 AM|Financial Assistance|4977225|
536551|Hammta|ILLINI|Swash Plates And Tail Rotors|10126|Pink|552359|SeaBeeGipson|Denton|MONGOLS|14492|Maroon|Expired|9000000|100|0|7/10/2025 6:42:54 AM|Financial Assistance|4977224|
536551|Hammta|ILLINI|Swash Plates And Tail Rotors|10126|Pink|325202|murtibing|Fluens|Axiom of Regularity|17122|Maroon|Expired|9000000|0|0|7/10/2025 6:42:43 AM|Financial Assistance|4977223|
536551|Hammta|ILLINI|Swash Plates And Tail Rotors|10126|Pink|324487|Death from above 82|Black Sheep|MONGOLS|14492|Maroon|Expired|9000000|100|0|7/10/2025 6:42:34 AM|Financial Assistance|4977222|
536551|Hammta|ILLINI|Swash Plates And Tail Rotors|10126|Pink|22121|spartan 84|UNSC Reach|Non Grata|10097|Maroon|Expired|9000000|100|0|7/10/2025 6:42:22 AM|Financial Assistance|4977221|
536551|Hammta|ILLINI|Swash Plates And Tail Rotors|10126|Pink|265697|Laskar Pelangi|Rainbow Soldier|Kaskus|10104|Brown|Expired|9000000|100|0|7/10/2025 6:42:10 AM|Financial Assistance|4977220|
364329|Donnie Darko|DarkoLand|Doom Squad|16454|Black|646804|dragonshardz|Cruinneachadh|Doom Squad|16454|Black|Expired|9000000|0|0|7/10/2025 6:29:11 AM|Financial Assistance|4977219|
364329|Donnie Darko|DarkoLand|Doom Squad|16454|Black|646799|Salt Meat|Ghost Sea|Doom Squad|16454|Black|Expired|9000000|0|0|7/10/2025 6:28:50 AM|Financial Assistance|4977218|
364329|Donnie Darko|DarkoLand|Doom Squad|16454|Black|506358|lightningjim|Fulmen Ingenium|Doom Squad|16454|Black|Expired|6000000|0|0|7/10/2025 6:28:25 AM|Financial Assistance|4977217|
433854|Auctor|Wyrdgar|Doombrella|17368|Black|202255|onelove|We Are One Love|Doombrella|17368|Black|Expired|9000000|100|0|7/10/2025 6:27:22 AM|Financial Assistance|4977216|
433854|Auctor|Wyrdgar|Doombrella|17368|Black|101493|ak47don|sicily mafia|Doombrella|17368|Black|Expired|9000000|100|0|7/10/2025 6:27:08 AM|Financial Assistance|4977215|
433854|Auctor|Wyrdgar|Doombrella|17368|Black|502087|Astryl|Ethereal|Doombrella|17368|Black|Expired|9000000|100|0|7/10/2025 6:26:54 AM|Financial Assistance|4977214|
433854|Auctor|Wyrdgar|Doombrella|17368|Black|151268|Zerileous|Monkey Time|Doombrella|17368|Black|Expired|9000000|100|0|7/10/2025 6:26:39 AM|Financial Assistance|4977213|
484240|j3rdegree|United Tadpoles|Global Alliance And Treaty Organization|10003|Brown|273254|unstpblpimp|unstpblpimp|Global Alliance and Treaty Organization|10003|Brown|Expired|0|100|0|7/10/2025 6:23:04 AM|Tech go brrrr|4977211|
484240|j3rdegree|United Tadpoles|Global Alliance And Treaty Organization|10003|Brown|64687|Wootmeister|Wootrovia|Global Alliance And Treaty Organization|10003|Brown|Expired|0|100|0|7/10/2025 6:22:47 AM|Tech go brrrr|4977210|
484240|j3rdegree|United Tadpoles|Global Alliance And Treaty Organization|10003|Brown|479490|King Cyan|The Cyan Kingdom|Global Alliance And Treaty Organization|10003|Brown|Expired|0|100|0|7/10/2025 6:22:11 AM|Tech go brrrr|4977208|
644785|Optimus881|Wakanda881|Post Grunge Supergroup|16367|Brown|627592|Lord Xamaeron|Celtic Forest|DOOMBIRD DOOMCAVE|10449|Brown|Expired|0|100|0|7/10/2025 5:57:32 AM|PGS $9M/100Tech |4977203|
618779|learjet|Racinante|The Legion|10020|Purple|645017|RobbentheRider|Skylarkton|The Legion|10020|Purple|Expired|6000000|0|0|7/10/2025 5:56:09 AM|Financial Assistance|4977202|
638457|AlQsar|Imbratoria|New Polar Order|10006|Blue|596771|Pentix|Mars Colony|New Polar Order|10006|Blue|Expired|0|100|0|7/10/2025 5:53:59 AM|Technology|4977201|
619806|Epimethys|Pyrrha|Doombrella|17368|Black|402492|NikolaP|Wiggles|Disciples of Duckroll|17024|Black|Expired|0|100|0|7/10/2025 5:44:35 AM|Financial Assistance|4977200|
637489|Osirispuprex|Osirispuprex|Post Grunge Supergroup|16367|Brown|528882|JSoprano|Darasuum|Post Grunge Supergroup|16367|Brown|Expired|0|100|1000|7/10/2025 5:33:21 AM|Financial Assistance|4977198|
578787|Caspase|Amino Acids|Post Grunge Supergroup|16367|Brown|646690|Oluwfemi|EKITI|Post Grunge Supergroup|16367|Brown|Expired|6000000|0|0|7/10/2025 5:31:52 AM|reward|4977197|
646787|Hye781|Calilove4ever|Christian Coalition Of Countries|10028|Maroon|509784|Lord Emperor Clot|Clotvania|Christian Coalition Of Countries|10028|Maroon|Expired|0|100|0|7/10/2025 5:23:06 AM|Tech deal|4977196|
437548|Dutchmaster|Feardare|Coalition of Royal Allied Powers|10051|Maroon|625646|muji111|muji111|Random Insanity Alliance|10038|Maroon|Expired|9000000|0|0|7/10/2025 5:09:47 AM|9 million for 100 tech|4977195|
621241|John Mathews|Earth Three|Fark|10002|Aqua|558202|Doug Henning|Magic Land|Nuclear Proliferation League|17228|Aqua|Expired|9000000|0|0|7/10/2025 5:01:59 AM|Financial Assistance|4977193|
645105|Trench Foast|TrenchFoastia|Christian Coalition Of Countries|10028|Maroon|109489|blackpony|the Mad Ninja|Freehold of The Wolves|15157|White|Expired|0|100|0|7/10/2025 4:56:30 AM|Vep|4977192|
531996|Thomas18|Terre Or|Veneris|17356|White|646049|Sophie van der Meer|Neue Libertatia|Veneris|17356|White|Expired|6000000|0|0|7/10/2025 4:55:09 AM|Tech Deal|4977191|
630971|Jeremiah|CERAVA|Non Grata|10097|Maroon|584157|Sheekyz|Kingdom Of Xe|Non Grata|10097|Maroon|Expired|0|100|0|7/10/2025 4:51:40 AM|Tech Delivery|4977189|
646681|Jokkeh|Andebu Technocracy|New Pacific Order|10000|Red|305440|Daimos|Micon|New Pacific Order|10000|Red|Expired|0|100|0|7/10/2025 4:48:48 AM|QT tech|4977187|
646465|Panglima Burung|Kalimantan Baru|New Pacific Order|10000|Red|407948|avatar3619|Shendu|New Pacific Order|10000|Red|Expired|0|100|0|7/10/2025 4:48:01 AM|Vallum Aelium|4977186|
646465|Panglima Burung|Kalimantan Baru|New Pacific Order|10000|Red|382141|janro|Nuts Land|New Pacific Order|10000|Red|Expired|0|100|0|7/10/2025 4:47:45 AM|Vallum Aelium|4977185|
646038|OT Dominic|borneo kenyalang|Christian Coalition Of Countries|10028|Maroon|39465|King Tom|king Tom|NATO|10037|Blue|Expired|0|100|0|7/10/2025 4:44:18 AM|Valyrian Aid|4977184|
646038|OT Dominic|borneo kenyalang|Christian Coalition Of Countries|10028|Maroon|130031|Matto|Epointe|Federation of Armed Nations|10021|Yellow|Expired|0|100|0|7/10/2025 4:43:59 AM|Valyrian Aid|4977183|
646038|OT Dominic|borneo kenyalang|Christian Coalition Of Countries|10028|Maroon|248357|MrSka|Slartibartfast|NATO|10037|Blue|Expired|0|100|0|7/10/2025 4:43:36 AM|Valyrian Aid|4977182|
626566|Peacy McPeaceface|New Olde Switzerland|Christian Coalition Of Countries|10028|Maroon|645105|Trench Foast|TrenchFoastia|Christian Coalition Of Countries|10028|Maroon|Expired|9000000|0|0|7/10/2025 4:38:11 AM|Valyrian Aid|4977180|
556853|ParsnipSmasher|Honiton|Nordreich|11319|Maroon|290230|UnLimited|Aurora Borealis|Nordreich|11319|Maroon|Expired|0|100|0|7/10/2025 4:29:55 AM|Financial Assistance|4977179|
556853|ParsnipSmasher|Honiton|Nordreich|11319|Maroon|360411|Judson|Opportunity|Nordreich|11319|Maroon|Expired|0|100|0|7/10/2025 4:29:26 AM|Financial Assistance|4977178|
556853|ParsnipSmasher|Honiton|Nordreich|11319|Maroon|501403|Trebs|Trebs|Nordreich|11319|Maroon|Expired|0|100|0|7/10/2025 4:28:55 AM|Financial Assistance|4977177|
184966|The Upper Bass|Little Basses|The Dark Templar|10056|Black|639937|The Evilest Eye|NeoNeftyaniki|The Dark Templar|10056|Black|Expired|9000000|0|0|7/10/2025 4:28:30 AM|Tech deal 9/100|4977176|
556853|ParsnipSmasher|Honiton|Nordreich|11319|Maroon|274261|Ub3rdude|Uberlandia|Nordreich|11319|Maroon|Expired|0|100|0|7/10/2025 4:28:24 AM|Financial Assistance|4977175|
556853|ParsnipSmasher|Honiton|Nordreich|11319|Maroon|240196|Seagram|Siperia|Nordreich|11319|Maroon|Expired|0|100|0|7/10/2025 4:27:48 AM|Financial Assistance|4977174|
53781|Algolei|Manitobah|CLAWS|15841|Black|621876|thebigkas|kekistan69|COBRA|13717|Brown|Expired|9000000|0|0|7/10/2025 4:04:45 AM|9/100 tech deal?|4977172|
207900|Queltocz|Quelto|Independent Republic Of Orange Nations|10004|Orange|257166|Yggdrazil|Ginginugap|Independent Republic Of Orange Nations|10004|Orange|Expired|9000000|0|0|7/10/2025 3:50:36 AM|ITF|4977170|
644316|Sam Sparks|Mendota|Sparta|10008|Black|280709|Supersub68|Subway|Sparta|10008|Black|Expired|0|100|0|7/10/2025 3:33:03 AM|Tech Deal|4977169|
407586|FreezingAssassin|Charr|Fark|10002|Aqua|646771|King Chocolate|Chocolate Cookie|Nuclear Proliferation League|17228|Aqua|Expired|9000000|0|0|7/10/2025 3:27:26 AM|9mill 100 tech|4977168|
407586|FreezingAssassin|Charr|Fark|10002|Aqua|620036|Vex L Zher|Lodraland|Nuclear Proliferation League|17228|White|Expired|9000000|0|0|7/10/2025 3:26:51 AM|9mill 100tech|4977167|
624651|Elma Heckler|Blancbourg Committee|New Pacific Order|10000|Red|407948|avatar3619|Shendu|New Pacific Order|10000|Red|Expired|0|100|0|7/10/2025 2:47:59 AM|Vallum Aelium|4977166|
624651|Elma Heckler|Blancbourg Committee|New Pacific Order|10000|Red|382141|janro|Nuts Land|New Pacific Order|10000|Red|Expired|0|100|0|7/10/2025 2:47:53 AM|Vallum Aelium|4977165|
624651|Elma Heckler|Blancbourg Committee|New Pacific Order|10000|Red|17202|Cybolt|Time and Space|New Pacific Order|10000|Red|Expired|0|100|0|7/10/2025 2:47:42 AM|QT Tech|4977163|
624651|Elma Heckler|Blancbourg Committee|New Pacific Order|10000|Red|442731|Madd|Modra|New Pacific Order|10000|Red|Expired|0|100|0|7/10/2025 2:47:37 AM|QT Tech|4977162|
624651|Elma Heckler|Blancbourg Committee|New Pacific Order|10000|Red|305440|Daimos|Micon|New Pacific Order|10000|Red|Expired|0|100|0|7/10/2025 2:47:31 AM|QT Tech|4977161|
25379|Stylesjl|Pontbridge|Coalition of Royal Allied Powers|10051|Maroon|645526|Khanya The Great|Triangula|Veneris|17356|White|Expired|9000000|0|0|7/10/2025 2:31:04 AM|Tech Deal 9/100|4977158|
645427|Clank|Clank|Doombrella|17368|Black|151268|Zerileous|Monkey Time|Doombrella|17368|Black|Expired|0|100|0|7/10/2025 2:20:43 AM|Financial Assistance|4977156|
634284|mikeymikes|batmanism|Doombrella|17368|Black|101493|ak47don|sicily mafia|Doombrella|17368|Black|Expired|9000000|100|4000|7/10/2025 2:13:49 AM|aids|4977155|
634284|mikeymikes|batmanism|Doombrella|17368|Black|502087|Astryl|Ethereal|Doombrella|17368|Black|Expired|9000000|100|4000|7/10/2025 2:13:05 AM|aids|4977154|
634284|mikeymikes|batmanism|Doombrella|17368|Black|151268|Zerileous|Monkey Time|Doombrella|17368|Black|Expired|9000000|100|4000|7/10/2025 2:12:27 AM|aids|4977153|
645236|Roq Fanclub Presiden|Roq Fanclub|Doombrella|17368|Black|144708|Matthew PK|Commonwealth of LoL|Doombrella|17368|Black|Expired|0|100|0|7/10/2025 1:58:55 AM|Financial Assistance|4977148|
645236|Roq Fanclub Presiden|Roq Fanclub|Doombrella|17368|Black|342957|tayloj7|Rabbitopia|Doombrella|17368|Black|Expired|0|100|0|7/10/2025 1:58:46 AM|Financial Assistance|4977147|
645236|Roq Fanclub Presiden|Roq Fanclub|Doombrella|17368|Black|66883|Crown Prince Mishka|Tygaland|Doombrella|17368|Black|Expired|0|100|0|7/10/2025 1:58:37 AM|Financial Assistance|4977146|
645236|Roq Fanclub Presiden|Roq Fanclub|Doombrella|17368|Black|374321|Clash|Discord|Doombrella|17368|Black|Expired|0|100|0|7/10/2025 1:58:25 AM|Financial Assistance|4977145|
645236|Roq Fanclub Presiden|Roq Fanclub|Doombrella|17368|Black|139809|John Orris|Commonwealth of John|Doombrella|17368|Black|Expired|0|100|0|7/10/2025 1:58:11 AM|Financial Assistance|4977144|
639937|The Evilest Eye|NeoNeftyaniki|The Dark Templar|10056|Black|175157|Evey Jane|Evey Jane|The Dark Templar|10056|Black|Expired|0|100|0|7/10/2025 1:45:09 AM|Happy Tech for you.|4977141|
645525|GodKing Menes|Free Republic of Kem|Nuclear Proliferation League|17228|Aqua|242836|BozDaBoz|CoastalBendatia|Fark|10002|Aqua|Expired|0|100|0|7/10/2025 1:41:18 AM|Tech Deal|4977140|
642338|Kauppinen|Savruotland|The Dark Templar|10056|Black|308695|Indiomaestro|Jahara|The Dark Templar|10056|Black|Expired|0|100|0|7/10/2025 1:40:54 AM|Financial Assistance|4977139|
313301|MK4Slowride|MK4Slowride|Global Alliance And Treaty Organization|10003|Brown|646327|KittenGosCrazy|Aura Kingdom|Global Alliance And Treaty Organization|10003|Brown|Expired|9000000|0|0|7/10/2025 1:15:05 AM|Tech deal|4977138|
313301|MK4Slowride|MK4Slowride|Global Alliance And Treaty Organization|10003|Brown|405936|Griffy|Rememberence|Global Alliance And Treaty Organization|10003|Brown|Expired|9000000|0|0|7/10/2025 1:14:33 AM|Tech deal|4977137|
557687|gameoverclocker|kryzhome|NATO|10037|Blue|137753|The Doogan|Republic of Wang|Mostly Harmless Alliance|14879|Aqua|Expired|9000000|0|0|7/10/2025 12:48:54 AM|Valyrian Program|4977131|
132067|Merick|Panamkey|The Templar Knights|10012|Maroon|353933|Chuck|Teutonic Empire|The Templar Knights|10012|Maroon|Expired|0|100|0|7/10/2025 12:41:35 AM|Financial Assistance|4977129|
132067|Merick|Panamkey|The Templar Knights|10012|Maroon|372061|Mandystalin|Lutonstan|The Templar Knights|10012|Maroon|Expired|0|100|0|7/10/2025 12:41:17 AM|Financial Assistance|4977128|
202519|Zombie Glaucon|UTC Labs|New Polar Order|10006|Blue|591794|Raden Wijaya|Kerajaan Majapahit|New Polar Order|10006|Blue|Expired|9000000|0|0|7/10/2025 12:22:56 AM|ICECAP Cash|4977125|
134830|Jesse End|Devon|New Pacific Order|10000|Red|679|Gateborg|Gateborg|New Pacific Order|10000|Red|Expired|9000000|0|0|7/10/2025 12:16:17 AM|Bankroll|4977119|
134830|Jesse End|Devon|New Pacific Order|10000|Red|630433|Wuldor Winnan|Wuldor Winnan|The Wolves|16660|Maroon|Expired|9000000|0|0|7/10/2025 12:16:11 AM|Hugs from NPO|4977117|
134830|Jesse End|Devon|New Pacific Order|10000|Red|450111|Crowncowboy|Confederate Isle|The Wolves|16660|Maroon|Expired|9000000|0|0|7/10/2025 12:16:08 AM|Hugs from NPO|4977116|
134830|Jesse End|Devon|New Pacific Order|10000|Red|646033|PlatinumAero|Verloren|The Wolves|16660|Maroon|Expired|9000000|0|0|7/10/2025 12:16:05 AM|Hugs from NPO|4977115|
134830|Jesse End|Devon|New Pacific Order|10000|Red|640324|Rniee|Petro Valley|The Wolves|16660|Maroon|Expired|9000000|0|0|7/10/2025 12:16:02 AM|Hugs from NPO|4977114|
619806|Epimethys|Pyrrha|Doombrella|17368|Black|567720|Cosmic Chocolate|Soaring Eagle|DOOMBIRD DOOMCAVE|10449|Black|Expired|0|100|0|7/10/2025 12:13:33 AM|Financial Assistance|4977113|
310672|King Wally|Rep of Queensland|Nuclear Proliferation League|17228|Aqua|645985|CaboMabo|CaboMabo|Nuclear Proliferation League|17228|Aqua|Expired|9000000|100|0|7/10/2025 12:11:52 AM|Yuvi 5 of 5|4977112|
569003|Nefertiti|Dahshur|New Pacific Order|10000|Red|212835|Minuq|Butan|New Pacific Order|10000|Red|Expired|0|100|0|7/10/2025 12:10:54 AM|Vallum Aelium|4977111|
569003|Nefertiti|Dahshur|New Pacific Order|10000|Red|407948|avatar3619|Shendu|New Pacific Order|10000|Red|Expired|0|100|0|7/10/2025 12:10:28 AM|Vallum Aelium|4977110|
569003|Nefertiti|Dahshur|New Pacific Order|10000|Red|382141|janro|Nuts Land|New Pacific Order|10000|Red|Expired|0|100|0|7/10/2025 12:10:24 AM|Vallum Aelium|4977109|
569003|Nefertiti|Dahshur|New Pacific Order|10000|Red|626040|Rewan Demontay|Panagouge|New Pacific Order|10000|Red|Expired|0|100|0|7/10/2025 12:10:21 AM|Vallum Aelium|4977108|
569003|Nefertiti|Dahshur|New Pacific Order|10000|Red|448981|Knight|Alliance of Knights|New Pacific Order|10000|Red|Expired|0|100|0|7/10/2025 12:10:14 AM|QT Tech|4977106|
639843|TheChickenRun|Costco Wholesale|The Dark Templar|10056|Black|84729|D.A.D.1|IGP Warriors|The Dark Templar|10056|Black|Expired|0|100|0|7/10/2025 12:03:24 AM|Free Tech|4977105|
327088|spearo|Deep Blue|Non Grata|10097|Maroon|643981|ONXwat|Vanier|Non Grata|10097|Maroon|Expired|9000000|0|0|7/9/2025 11:36:17 PM|Financial Assistance|4977103|
258455|Magical Muslim|Alibaba Land|CLAWS|15841|Black|621876|thebigkas|kekistan69|COBRA|13717|Brown|Expired|9000000|0|0|7/9/2025 10:28:54 PM|9/100 tech deal|4977102|
258455|Magical Muslim|Alibaba Land|CLAWS|15841|Black|618985|Comrade Sauce|Triotho|Madlads Union|17130|Brown|Expired|9000000|0|0|7/9/2025 10:28:44 PM|9/100 tech deal|4977101|
575900|TTexas|TTexas|Post Grunge Supergroup|16367|Brown|646890|HarryJ|Wambulance|Post Grunge Supergroup|16367|Brown|Expired|6|0|0|7/9/2025 9:07:49 PM|tech deal|4977099|
542501|King Georges III|Georgiostan|Sparta|10008|Black|509652|Tombark|Krispy|Sparta|10008|Black|Expired|9000000|0|0|7/9/2025 8:56:37 PM|9mil/ 100 tech|4977097|
646568|Joan De Marquinly|Rallende|Nuclear Proliferation League|17228|Aqua|604565|New Reverie|Hollow Land|Random Insanity Alliance|10038|Maroon|Expired|0|100|0|7/9/2025 8:42:38 PM|Financial Assistance|4977096|
481947|Morgaine|Cruithne|New Polar Order|10006|Blue|202519|Zombie Glaucon|UTC Labs|New Polar Order|10006|Blue|Expired|0|100|0|7/9/2025 8:35:52 PM|ICECAP Tech|4977095|
481947|Morgaine|Cruithne|New Polar Order|10006|Blue|512699|Mindbraker|Aguda|New Polar Order|10006|Blue|Expired|0|100|0|7/9/2025 8:35:31 PM|ICECAP Tech|4977094|
481947|Morgaine|Cruithne|New Polar Order|10006|Blue|166467|KittyPride207|BlackAngels|New Polar Order|10006|Blue|Expired|0|100|0|7/9/2025 8:34:31 PM|ICECAP Tech|4977093|
369840|Astron|Svedala|NATO|10037|Blue|645124|stugots|Trumpopolis|NATO|10037|Blue|Expired|9000000|0|0|7/9/2025 7:53:06 PM|Valyrian Aid|4977088|
369840|Astron|Svedala|NATO|10037|Blue|388182|lucky6|Direct Impingement|Federation of Armed Nations|10021|Yellow|Expired|9000000|0|0|7/9/2025 7:52:47 PM|Valyrian Aid|4977087|
369840|Astron|Svedala|NATO|10037|Blue|137753|The Doogan|Republic of Wang|Mostly Harmless Alliance|14879|Aqua|Expired|9000000|0|0|7/9/2025 7:52:35 PM|Valyrian Aid|4977086|
640396|Jessiski|New Italy 1|NATO|10037|Blue|359275|Jesusfreak|El Dorado|Christian Coalition of Countries|10028|Maroon|Expired|0|100|0|7/9/2025 7:43:14 PM|Valyrian Aid|4977085|
640396|Jessiski|New Italy 1|NATO|10037|Blue|340698|Onified|Spork|NATO|10037|Blue|Expired|0|100|0|7/9/2025 7:42:58 PM|Valyrian Aid|4977084|
640396|Jessiski|New Italy 1|NATO|10037|Blue|299962|dev0win|1nfinity Otriad|NATO|10037|Blue|Expired|0|100|0|7/9/2025 7:41:43 PM|Valyrian Aid|4977083|
261397|Rampage3|United Liberocracy|Nuclear Proliferation League|17228|Aqua|645985|CaboMabo|CaboMabo|Nuclear Proliferation League|17228|Aqua|Expired|9000000|100|0|7/9/2025 7:34:42 PM|Financial Assistance|4977082|
362361|Gofast2006|Pioneer Village|Nuclear Proliferation League|17228|Aqua|646240|WelpLOLoofE|Slavnia|Nuclear Proliferation League|17228|Black|Expired|9000000|0|0|7/9/2025 7:10:36 PM|Wally aid|4977081|
144192|Sagha|Nickelattia|Non Grata|10097|Maroon|558909|InvaderZim1987|Robonia|Fark|10002|Aqua|Expired|9000000|0|0|7/9/2025 6:57:39 PM|9mil for 100 tech|4977080|
261397|Rampage3|United Liberocracy|Nuclear Proliferation League|17228|Aqua|646145|ScootDootson|UnitedPeoplesOfDoot|Goldenrod Accords|17406|Green|Expired|6000000|0|4000|7/9/2025 6:28:32 PM|Financial Assistance|4977070|
155031|joanne1|Tweetypie|Non Grata|10097|Maroon|645844|Dario the Great|Darioland|Non Grata|10097|Maroon|Expired|9000000|0|0|7/9/2025 6:14:17 PM|Financial Assistance|4977068|
481103|AzureShadow|Coobie|Doombrella|17368|Black|541774|Das Blitzkrieger|Leistungsstarke|Disciples of Duckroll|17024|Black|Expired|0|100|0|7/9/2025 5:48:23 PM|Financial Assistance|4977065|
481103|AzureShadow|Coobie|Doombrella|17368|Black|402492|NikolaP|Wiggles|Disciples of Duckroll|17024|Black|Expired|0|100|0|7/9/2025 5:47:48 PM|Financial Assistance|4977064|
481103|AzureShadow|Coobie|Doombrella|17368|Black|199494|Bomber66|Baxter|Doombrella|17368|Black|Expired|0|100|0|7/9/2025 5:47:14 PM|Financial Assistance|4977063|
18236|javaswiller|swillerland|Freehold of The Wolves|15157|White|137753|The Doogan|Republic of Wang|Mostly Harmless Alliance|14879|Aqua|Expired|9000000|0|0|7/9/2025 5:44:09 PM|Valyrian Aid|4977062|
642141|Crusadan|Doimestea|The Dark Templar|10056|Black|308695|Indiomaestro|Jahara|The Dark Templar|10056|Black|Expired|0|100|0|7/9/2025 5:37:52 PM|Financial Assistance|4977061|
106012|President JR Seisa|Themysciera|NATO|10037|Blue|137753|The Doogan|Republic of Wang|Mostly Harmless Alliance|14879|Aqua|Expired|9000000|0|0|7/9/2025 5:27:50 PM|VEP|4977060|
106012|President JR Seisa|Themysciera|NATO|10037|Blue|388182|lucky6|Direct Impingement|Federation of Armed Nations|10021|Yellow|Expired|9000000|0|0|7/9/2025 5:27:40 PM|VEP|4977059|
596771|Pentix|Mars Colony|New Polar Order|10006|Blue|645829|blegth|irting|Nuclear Proliferation League|17228|Aqua|Expired|9000000|0|0|7/9/2025 4:33:04 PM|Financial Assistance|4977048|
357423|claude|Doom House|Doom Squad|16454|Black|640769|Unite front|Republic of Teksas|Doom Squad|16454|Black|Expired|0|100|0|7/9/2025 4:09:43 PM|Financial Assistance|4977045|
580021|General Kanabis|Imperio Mexica|COBRA|13717|Brown|188637|Caustic|Hazardous Materials|Non Grata|10097|Maroon|Expired|0|100|0|7/9/2025 4:04:11 PM|Financial Assistance|4977044|
634903|ToasterOven|Pancake Republic|Non Grata|10097|Maroon|314185|Rhizoctonia|Rhizoctonia|Non Grata|10097|Maroon|Expired|0|100|0|7/9/2025 3:57:55 PM|Financial Assistance|4977043|
423349|Raiser|Inireland|Orange Defense Network|10007|Orange|322157|Cartmantoria|Cartmantoria|Orange Defense Network|10007|Orange|Expired|0|100|0|7/9/2025 3:10:25 PM|Tech Deal (1/2)|4977039|
590030|toledomike|BUGANATION|CLAWS|15841|Black|410290|bdrocks|Knights of Honour|CLAWS|15841|Black|Expired|0|100|0|7/9/2025 2:55:32 PM|Financial Assistance|4977038|
589615|Korlath|Korlithica|The Phoenix Federation|17385|Black|634521|Kapleo|Kapleo|The Phoenix Federation|17385|Black|Expired|9000000|0|0|7/9/2025 2:46:32 PM|Tech Deal|4977037|
639721|TheCompany0|Malacipe|Non Grata|10097|Maroon|155817|MutedFaith|Faithoria|Non Grata|10097|Maroon|Expired|0|100|0|7/9/2025 2:03:04 PM|Financial Assistance|4977036|
625051|Troopers|Colonist|CLAWS|15841|Black|275547|BigKif|KifLand|CLAWS|15841|Black|Expired|0|100|0|7/9/2025 1:43:09 PM|Financial Assistance|4977034|
578787|Caspase|Amino Acids|Post Grunge Supergroup|16367|Brown|621876|thebigkas|kekistan69|COBRA|13717|Brown|Expired|9000000|0|0|7/9/2025 1:31:30 PM|Financial Assistance|4977032|
170124|WackyDan|Wackytopia|Nordreich|11319|Maroon|91872|PuliSher|Kerj&#228;l&#228;|Non Grata|10097|Maroon|Expired|9000000|0|0|7/9/2025 1:17:05 PM|9M/100t|4977031|
166207|Jekalle|Ranus|Non Grata|10097|Maroon|643981|ONXwat|Vanier|Non Grata|10097|Maroon|Expired|9000000|0|0|7/9/2025 12:56:31 PM|Another round 9/100?|4977025|
441760|jacka|north 40|The Legion|10020|Purple|116618|Thrash|Machas|The Legion|10020|Purple|Expired|0|100|0|7/9/2025 12:49:44 PM|Financial Assistance|4977024|
643784|Cypher Link|Cyphristria|Post Grunge Supergroup|16367|Brown|646890|HarryJ|Wambulance|Post Grunge Supergroup|16367|Brown|Expired|6000000|0|0|7/9/2025 12:42:16 PM|Tech Deal 6/100|4977022|
418916|HeroofTime55|New XGA|Non Grata|10097|Maroon|558909|InvaderZim1987|Robonia|Fark|10002|Aqua|Expired|9000000|0|0|7/9/2025 12:38:48 PM|tech deal|4977020|
79371|xkirra|Mordlandia|Global Alliance And Treaty Organization|10003|Brown|616861|TomoGozen|Shoganai|Global Alliance And Treaty Organization|10003|Brown|Expired|9000000|0|0|7/9/2025 12:16:46 PM|Financial Assistance|4977019|
79371|xkirra|Mordlandia|Global Alliance And Treaty Organization|10003|Brown|544925|Jacksonians|Barataria|Global Alliance And Treaty Organization|10003|Brown|Expired|9000000|0|0|7/9/2025 12:16:30 PM|Financial Assistance|4977018|
79371|xkirra|Mordlandia|Global Alliance And Treaty Organization|10003|Brown|579231|Greg23|Chronictopia|Global Alliance And Treaty Organization|10003|Brown|Expired|6000000|0|0|7/9/2025 12:16:21 PM|Financial Assistance|4977017|
437823|zyberzpyder|Zyberia|Non Grata|10097|Maroon|643981|ONXwat|Vanier|Non Grata|10097|Maroon|Expired|9000000|0|0|7/9/2025 12:11:10 PM|Tech|4977015|
573749|necAnt|Lucky Ants|The Gramlins|17275|Green|141164|LiquidMercury|FallenSeraphim|The Gramlins|17275|Green|Expired|0|100|0|7/9/2025 11:59:22 AM|TD 1/2|4977013|
621029|Le Trout|Lambo Lambo Lambo|Post Grunge Supergroup|16367|Brown|266131|RA2Leader|Soviet USA|Madlads Union|17130|Brown|Expired|0|100|0|7/9/2025 11:56:54 AM|YEET|4977012|
84729|D.A.D.1|IGP Warriors|The Dark Templar|10056|Black|639416|Addisonjam|Additomia|The Dark Templar|10056|Black|Expired|9000000|0|0|7/9/2025 11:53:30 AM|Tech Deal|4977011|
84729|D.A.D.1|IGP Warriors|The Dark Templar|10056|Black|642141|Crusadan|Doimestea|The Dark Templar|10056|Black|Expired|9000000|0|0|7/9/2025 11:53:03 AM|Tech Deal|4977010|
532352|Serberus|The State|Post Grunge Supergroup|16367|Brown|646690|Oluwfemi|EKITI|Post Grunge Supergroup|16367|Brown|Expired|6000000|0|0|7/9/2025 11:43:16 AM|Free Money|4977007|
645740|ShadowSleeper|Noevgono|Nuclear Proliferation League|17228|Aqua|618472|Leftie|Brotherhood|Madlads Union|17130|Brown|Expired|0|100|0|7/9/2025 11:36:46 AM|Financial Assistance|4977006|
467217|aroswing|Land of Darkness|Freehold of The Wolves|15157|White|299962|dev0win|1nfinity Otriad|NATO|10037|Blue|Expired|0|100|0|7/9/2025 11:35:43 AM|Valyrian tech |4977005|
613432|Talbrys|Keltroy|Non Grata|10097|Maroon|643981|ONXwat|Vanier|Non Grata|10097|Maroon|Expired|9000000|0|0|7/9/2025 11:34:25 AM|9/100|4977003|
613432|Talbrys|Keltroy|Non Grata|10097|Maroon|646167|DoctorDlicious|Lat Flan|Non Grata|10097|Maroon|Expired|9000000|0|0|7/9/2025 11:34:15 AM|9/100|4977002|
470323|plaw44|infinite desire|Doombrella|17368|Black|646870|Waffless|Wafflandia|Doombrella|17368|Black|Expired|9000000|0|0|7/9/2025 11:25:28 AM|Financial Assistance|4977000|
588563|Kasper|Skora Horda|Knights Of The Round Table|10092|Green|631406|The Black Kaiser|Medieval Reich|The Prussian Empire|14204|Green|Expired|9000000|0|0|7/9/2025 11:05:01 AM|9=100t|4976999|
552285|lilweirdward|Land of Too Much Fun|Christian Coalition Of Countries|10028|Maroon|646167|DoctorDlicious|Lat Flan|Non Grata|10097|Maroon|Expired|9000000|0|0|7/9/2025 10:56:55 AM|Tech Deal|4976997|
219727|danhawk|sonyevilempire|The Imperial Order|10082|Blue|562556|Nicholas Strakhov|Kurkazia|Freehold of The Wolves|15157|White|Expired|9000000|0|0|7/9/2025 10:10:23 AM|Vep |4976988|
219727|danhawk|sonyevilempire|The Imperial Order|10082|Blue|388182|lucky6|Direct Impingement|Federation of Armed Nations|10021|Yellow|Expired|9000000|0|0|7/9/2025 10:09:59 AM|Vep |4976987|
219727|danhawk|sonyevilempire|The Imperial Order|10082|Blue|137753|The Doogan|Republic of Wang|Mostly Harmless Alliance|14879|Aqua|Expired|9000000|0|0|7/9/2025 10:09:40 AM|Vep |4976986|
525885|Zieg Know|Caldari State|CLAWS|15841|Black|182598|Phrog|Phrogville|CLAWS|15841|Black|Expired|0|100|0|7/9/2025 9:43:05 AM|Financial Assistance|4976983|
14658|Manis B|Caesura|Global Alliance and Treaty Organization|10003|Brown|544925|Jacksonians|Barataria|Global Alliance And Treaty Organization|10003|Brown|Expired|9000000|0|0|7/9/2025 9:42:24 AM|Financial Assistance|4976981|
14658|Manis B|Caesura|Global Alliance and Treaty Organization|10003|Brown|616861|TomoGozen|Shoganai|Global Alliance And Treaty Organization|10003|Brown|Expired|9000000|0|0|7/9/2025 9:42:05 AM|Financial Assistance|4976980|
14658|Manis B|Caesura|Global Alliance and Treaty Organization|10003|Brown|579231|Greg23|Chronictopia|Global Alliance And Treaty Organization|10003|Brown|Expired|6000000|0|0|7/9/2025 9:41:50 AM|Financial Assistance|4976979|
645136|district10VICTOR|Amelo|Global Alliance And Treaty Organization|10003|Brown|497000|Democzar|frequathrive|Global Alliance And Treaty Organization|10003|Brown|Expired|0|100|0|7/9/2025 9:27:27 AM|Financial Assistance|4976977|
643876|LordInfamous|Swindlerstan|Independent Republic Of Orange Nations|10004|Orange|605023|JuggernautMD|Framework|Independent Republic Of Orange Nations|10004|Orange|Expired|0|100|0|7/9/2025 9:23:32 AM|ITF|4976976|
476208|Itzcoliuhqui|Firelands|New Pacific Order|10000|Red|450111|Crowncowboy|Confederate Isle|The Wolves|16660|Maroon|Expired|9000000|0|0|7/9/2025 9:04:27 AM|Hugs from NPO|4976975|
424757|Round Table|Knights of the Grail|Knights of the Round Table|10092|Green|631406|The Black Kaiser|Medieval Reich|The Prussian Empire|14204|Green|Expired|9000000|0|0|7/9/2025 8:52:33 AM|Tech Deal 9/100|4976969|
283424|Dropo7777|DelOrto|NATO|10037|Blue|562556|Nicholas Strakhov|Kurkazia|Freehold of The Wolves|15157|White|Expired|9000000|0|0|7/9/2025 8:50:50 AM|Valyrian Aid|4976968|
283424|Dropo7777|DelOrto|NATO|10037|Blue|645105|Trench Foast|TrenchFoastia|Christian Coalition Of Countries|10028|Maroon|Expired|9000000|0|0|7/9/2025 8:50:31 AM|Valyrian Aid|4976967|
283424|Dropo7777|DelOrto|NATO|10037|Blue|645652|SpaceGhostCTC|Phantom crusier|Federation Of Armed Nations|10021|Yellow|Expired|9000000|0|0|7/9/2025 8:50:08 AM|Valyrian Aid|4976966|
86974|Mad Mike|Mikeville|Global Alliance And Treaty Organization|10003|Brown|646635|supremeruler|Astros|Post Grunge Supergroup|16367|Yellow|Expired|9000000|0|0|7/9/2025 8:45:04 AM|Fill up time|4976965|
645017|RobbentheRider|Skylarkton|The Legion|10020|Purple|485586|veracity|drunkenville|The Legion|10020|Purple|Expired|0|100|0|7/9/2025 8:40:41 AM|Financial Assistance|4976963|
641804|jackthebest|Jackastan|NATO|10037|Blue|593353|Kitkat16|Sofie|NATO|10037|Blue|Expired|0|100|0|7/9/2025 8:09:42 AM|Financial Assistance|4976959|
184994|Oro Ibah Aozpi|Novgorod|Nordreich|11319|Maroon|556853|ParsnipSmasher|Honiton|Nordreich|11319|Maroon|Expired|9000000|0|0|7/9/2025 7:31:04 AM|Financial Assistance|4976958|
584263|Beefbone|Beefy|New Polar Order|10006|Blue|643625|DERVISHchaff|Sudentor|New Polar Order|10006|Blue|Expired|6000000|0|0|7/9/2025 7:29:32 AM|ICECAP Cash|4976957|
273692|Pope Bubba XIII|Rebel Virginia|Non Grata|10097|Maroon|645946|LiFeng|Qwertyiop|Non Grata|10097|Maroon|Expired|9000000|0|0|7/9/2025 7:27:21 AM|Tech|4976956|
143998|planetary|planetarium|CLAWS|15841|Black|250431|riser|Goodwill|CLAWS|15841|Black|Expired|0|100|0|7/9/2025 7:14:45 AM|techs|4976954|
326273|Red Rebel|Pi Lambda Phi|Madlads Union|17130|Brown|640620|Frioz|Lusitania Portugalia|Post Grunge Supergroup|16367|Brown|Expired|9000000|0|0|7/9/2025 6:58:27 AM|Tech Deal 9m/100t|4976953|
250431|riser|Goodwill|CLAWS|15841|Black|570802|IlDuce|ItaliaSS|CLAWS|15841|Black|Expired|9000000|0|0|7/9/2025 6:45:55 AM|9m/100 tech deal|4976952|
380255|Vaslov|UFPNS|Argent|10063|Pink|640620|Frioz|Lusitania Portugalia|Post Grunge Supergroup|16367|Brown|Expired|9000000|0|0|7/9/2025 6:44:30 AM|Tech deal|4976950|
484657|Augustus Caesar|South Holland|Non Grata|10097|Maroon|260817|MamazlilMistake|Happy Hunting Ground|Non Grata|10097|Maroon|Expired|9000000|0|0|7/9/2025 6:42:37 AM|poor people money|4976949|
152876|Hankidan|Parkview 12|Global Alliance And Treaty Organization|10003|Brown|544925|Jacksonians|Barataria|Global Alliance And Treaty Organization|10003|Brown|Expired|9000000|0|0|7/9/2025 6:36:26 AM|Financial Assistance|4976948|
152876|Hankidan|Parkview 12|Global Alliance And Treaty Organization|10003|Brown|646800|Brotherlouie27|Louimerica II|Global Alliance And Treaty Organization|10003|Brown|Expired|6000000|0|0|7/9/2025 6:36:07 AM|Financial Assistance|4976947|
152876|Hankidan|Parkview 12|Global Alliance And Treaty Organization|10003|Brown|616861|TomoGozen|Shoganai|Global Alliance And Treaty Organization|10003|Brown|Expired|9000000|0|0|7/9/2025 6:35:55 AM|Financial Assistance|4976946|
152876|Hankidan|Parkview 12|Global Alliance And Treaty Organization|10003|Brown|579231|Greg23|Chronictopia|Global Alliance And Treaty Organization|10003|Brown|Expired|6000000|0|0|7/9/2025 6:35:42 AM|Financial Assistance|4976944|
590029|Cyborkia|Cyborkia|The Legion|10020|Purple|603270|NekosRule|NekosNation|The Legion|10020|Purple|Expired|0|100|0|7/9/2025 6:24:08 AM|Financial Assistance|4976942|
590029|Cyborkia|Cyborkia|The Legion|10020|Purple|116618|Thrash|Machas|The Legion|10020|Purple|Expired|0|100|0|7/9/2025 6:23:15 AM|Financial Assistance|4976941|
590029|Cyborkia|Cyborkia|The Legion|10020|Purple|485586|veracity|drunkenville|The Legion|10020|Purple|Expired|0|100|0|7/9/2025 6:22:30 AM|Financial Assistance|4976940|
590029|Cyborkia|Cyborkia|The Legion|10020|Purple|129686|HK Boris|USEAR|The Legion|10020|Purple|Expired|0|100|0|7/9/2025 6:22:01 AM|Financial Assistance|4976939|
238151|devnull|Republic of Unix|CLAWS|15841|Black|637264|RiddervanGelre|Nieuw Gelre|CLAWS|15841|Black|Expired|9000000|0|0|7/9/2025 6:09:36 AM|Tech deal 9m 100|4976937|
602563|AntiChoice|SuperNaturale|Sparta|10008|Black|644316|Sam Sparks|Mendota|Sparta|10008|Black|Expired|6000000|0|0|7/9/2025 5:49:34 AM|Tech Deal|4976936|
607213|Ernak son of Attila|The Huns|The Prussian Empire|14204|Green|631406|The Black Kaiser|Medieval Reich|The Prussian Empire|14204|Green|Expired|9000000|0|0|7/9/2025 5:23:19 AM|The Huns need 100 tech|4976934|
437548|Dutchmaster|Feardare|Coalition of Royal Allied Powers|10051|Maroon|631385|Kingdom of Denmark|Jutland Germany|The Prussian Empire|14204|Green|Expired|9000000|0|0|7/9/2025 5:13:03 AM|9 million for 100 tech |4976933|
645105|Trench Foast|TrenchFoastia|Christian Coalition Of Countries|10028|Maroon|106012|President JR Seisa|Themysciera|NATO|10037|Blue|Expired|0|100|0|7/9/2025 4:48:09 AM|Vep|4976926|
125086|wasso|wasso|The Dark Templar|10056|Black|559866|Heel Tribe|Develyes|The Dark Templar|10056|Black|Expired|9000000|0|0|7/9/2025 4:18:21 AM|Tech Deal|4976921|
504045|Agravain Cardif|Dures Mains|Knights Of The Round Table|10092|Green|631406|The Black Kaiser|Medieval Reich|The Prussian Empire|14204|Green|Expired|9000000|0|0|7/9/2025 4:12:38 AM|Tech ($9M/100)|4976920|
631302|Gatherum|Vermis|Non Grata|10097|Maroon|528479|paul711|Paulinca|Non Grata|10097|Maroon|Expired|0|100|0|7/9/2025 3:40:18 AM|Financial Assistance|4976914|
631302|Gatherum|Vermis|Non Grata|10097|Maroon|407657|Shtanto|Shtanto|Non Grata|10097|Maroon|Expired|0|100|0|7/9/2025 3:39:55 AM|Financial Assistance|4976912|
631302|Gatherum|Vermis|Non Grata|10097|Maroon|490921|Roo Blu II|Blue Roo|Non Grata|10097|Maroon|Expired|0|100|0|7/9/2025 3:39:44 AM|Financial Assistance|4976911|
449862|Marneus Calgar|Macragge|New Pacific Order|10000|Red|630433|Wuldor Winnan|Wuldor Winnan|The Wolves|16660|Maroon|Expired|9000000|0|0|7/9/2025 2:42:19 AM|Hugs from NPO|4976908|
449862|Marneus Calgar|Macragge|New Pacific Order|10000|Red|640324|Rniee|Petro Valley|The Wolves|16660|Maroon|Expired|9000000|0|0|7/9/2025 2:41:56 AM|Hugs from NPO|4976907|
449862|Marneus Calgar|Macragge|New Pacific Order|10000|Red|646033|PlatinumAero|Verloren|The Wolves|16660|Maroon|Expired|9000000|0|0|7/9/2025 2:41:40 AM|Hugs from NPO|4976906|
449862|Marneus Calgar|Macragge|New Pacific Order|10000|Red|450111|Crowncowboy|Confederate Isle|The Wolves|16660|Maroon|Expired|9000000|0|0|7/9/2025 2:41:21 AM|Hugs from NPO|4976905|
449862|Marneus Calgar|Macragge|New Pacific Order|10000|Red|533942|Saxplayer|Arstoria|New Pacific Order|10000|Red|Expired|9000000|0|0|7/9/2025 2:40:35 AM|Bankroll|4976903|
453391|Rokula|Paraiso|New Pacific Order|10000|Red|450111|Crowncowboy|Confederate Isle|The Wolves|16660|Maroon|Expired|9000000|0|0|7/9/2025 2:35:27 AM|Hugs from NPO|4976902|
453391|Rokula|Paraiso|New Pacific Order|10000|Red|533942|Saxplayer|Arstoria|New Pacific Order|10000|Red|Expired|9000000|0|0|7/9/2025 2:35:18 AM|Bankroll|4976901|
133051|MikeTheFirst|MikeLand|Non Grata|10097|Maroon|643981|ONXwat|Vanier|Non Grata|10097|Maroon|Expired|9000000|0|0|7/9/2025 2:24:17 AM|Tech circle|4976900|
639335|Swamplandia|Horna|NATO|10037|Blue|39465|King Tom|king Tom|NATO|10037|Blue|Expired|0|100|0|7/9/2025 2:02:21 AM|Financial Assistance|4976899|
639335|Swamplandia|Horna|NATO|10037|Blue|111159|MOOFER|Dragon of Cymru|NATO|10037|Blue|Expired|0|100|0|7/9/2025 2:01:58 AM|Financial Assistance|4976898|
637024|deanimator|Kuzai|The Legion|10020|Purple|638515|silkhyacinth|Taiat|The Legion|10020|Purple|Expired|6000000|0|0|7/9/2025 2:00:38 AM|Financial Assistance|4976897|
637024|deanimator|Kuzai|The Legion|10020|Purple|633077|DarkStar1348|Aoxomoxoa|The Legion|10020|Purple|Expired|9000000|0|0|7/9/2025 2:00:21 AM|Financial Assistance|4976896|
637024|deanimator|Kuzai|The Legion|10020|Purple|611967|Mirin Kamar|Kamaroon|The Legion|10020|Purple|Expired|9000000|0|0|7/9/2025 1:59:41 AM|Financial Assistance|4976894|
638031|Makinde Anthony|NORTH NIGERIA|The Prussian Empire|14204|Blue|646810|Marvelous|ONUDO|NATO|10037|Blue|Expired|6000000|0|1000|7/9/2025 1:45:22 AM|Financial Assistance|4976891|
91872|PuliSher|Kerj&#228;l&#228;|Non Grata|10097|Maroon|290230|UnLimited|Aurora Borealis|Nordreich|11319|Maroon|Expired|0|100|0|7/9/2025 1:40:59 AM|100/100|4976890|
557687|gameoverclocker|kryzhome|NATO|10037|Blue|637153|DukeNash|Encantandia|COBRA|13717|Brown|Expired|9000000|0|0|7/9/2025 1:26:22 AM|Valyrian Program|4976886|
620036|Vex L Zher|Lodraland|Nuclear Proliferation League|17228|White|597501|JayMillz|Curel|New Polar Order|10006|Blue|Expired|0|100|0|7/9/2025 1:07:34 AM|Tech Trading|4976884|
374610|Captain Crozier|Dime Store Novena|Independent Republic Of Orange Nations|10004|Orange|257166|Yggdrazil|Ginginugap|Independent Republic Of Orange Nations|10004|Orange|Expired|9000000|0|0|7/9/2025 1:02:33 AM|ITF|4976883|
493791|azntrigboi|Symmetry|NATO|10037|Blue|637153|DukeNash|Encantandia|COBRA|13717|Brown|Expired|9000000|0|0|7/9/2025 1:00:08 AM|Valyrian Aid|4976882|
147284|Magicninja|Grundy|Global Alliance And Treaty Organization|10003|Brown|568795|Greywall|The Westfold|Global Alliance And Treaty Organization|10003|Brown|Expired|9000000|0|0|7/9/2025 12:53:16 AM|Financial Assistance|4976880|
147284|Magicninja|Grundy|Global Alliance And Treaty Organization|10003|Brown|579231|Greg23|Chronictopia|Global Alliance And Treaty Organization|10003|Brown|Expired|6000000|0|0|7/9/2025 12:52:54 AM|Financial Assistance|4976879|
87890|Formanj|Norvegs Trøndelag|Independent Republic of Orange Nations|10004|Orange|643876|LordInfamous|Swindlerstan|Independent Republic Of Orange Nations|10004|Orange|Expired|9000000|0|0|7/9/2025 12:48:42 AM|ITF|4976878|
87890|Formanj|Norvegs Trøndelag|Independent Republic of Orange Nations|10004|Orange|257166|Yggdrazil|Ginginugap|Independent Republic Of Orange Nations|10004|Orange|Expired|9000000|0|0|7/9/2025 12:48:20 AM|ITF|4976877|
643887|SilenttShadow27|Temnota|NATO|10037|Blue|593353|Kitkat16|Sofie|NATO|10037|Blue|Expired|0|100|0|7/9/2025 12:27:47 AM|Cupcake refill &lt;3|4976873|
643741|Danteeternity|Balan|Post Grunge Supergroup|16367|Brown|636336|Stelth|White Mountain|Union Of Communist Republics|10060|Brown|Expired|0|100|0|7/9/2025 12:16:37 AM|Tech Deal|4976871|
551677|Edward I|Seleucia|New Pacific Order|10000|Red|616876|Lady Hawk|Isle of Mann|New Pacific Order|10000|Red|Expired|0|100|0|7/9/2025 12:04:54 AM|Vallum Aelium|4976868|
551677|Edward I|Seleucia|New Pacific Order|10000|Red|407948|avatar3619|Shendu|New Pacific Order|10000|Red|Expired|0|100|0|7/9/2025 12:04:51 AM|Vallum Aelium|4976867|
551677|Edward I|Seleucia|New Pacific Order|10000|Red|212835|Minuq|Butan|New Pacific Order|10000|Red|Expired|0|100|0|7/9/2025 12:04:48 AM|Vallum Aelium|4976866|
551677|Edward I|Seleucia|New Pacific Order|10000|Red|234918|LordOfTheLand|APIGP|New Pacific Order|10000|Red|Expired|0|100|0|7/9/2025 12:04:45 AM|QT Tech|4976865|
646635|supremeruler|Astros|Post Grunge Supergroup|16367|Yellow|639322|Kaenver|PDR Muog|Madlads Union|17130|Brown|Expired|0|100|0|7/9/2025 12:04:42 AM|tech trade|4976864|
551677|Edward I|Seleucia|New Pacific Order|10000|Red|542117|Killerbankz|HellOnEarth|New Pacific Order|10000|Red|Expired|0|100|0|7/9/2025 12:04:41 AM|QT Tech|4976863|
551677|Edward I|Seleucia|New Pacific Order|10000|Red|511698|hailkirk10|Kirklan|New Pacific Order|10000|Red|Expired|0|100|0|7/9/2025 12:04:38 AM|QT Tech|4976862|
646635|supremeruler|Astros|Post Grunge Supergroup|16367|Yellow|627592|Lord Xamaeron|Celtic Forest|DOOMBIRD DOOMCAVE|10449|Brown|Expired|0|100|0|7/9/2025 12:03:56 AM|tech trade|4976861|
618150|Lyanna Mormont|Bear Island 4 Lyfe|Non Grata|10097|Maroon|314185|Rhizoctonia|Rhizoctonia|Non Grata|10097|Maroon|Expired|0|100|0|7/9/2025 12:00:54 AM|Financial Assistance|4976860|
618150|Lyanna Mormont|Bear Island 4 Lyfe|Non Grata|10097|Maroon|582941|Cydonian Knight|Strodemia|Non Grata|10097|Maroon|Expired|0|100|0|7/9/2025 12:00:49 AM|Financial Assistance|4976859|
262614|aml520|Hantou|New Polar Order|10006|Blue|455466|KrazyNights|Helleden|New Polar Order|10006|Blue|Expired|0|100|0|7/8/2025 11:31:03 PM|ICECAP Tech|4976856|
137097|htmlmaster|Technopolis|Argent|10063|Pink|573749|necAnt|Lucky Ants|The Gramlins|17275|Green|Expired|9000000|0|0|7/8/2025 11:15:34 PM|9/200|4976855|
402492|NikolaP|Wiggles|Disciples of Duckroll|17024|Black|596807|AmeerMuib|SiegeTank|Disciples of Duckroll|17024|Black|Expired|9000000|0|0|7/8/2025 10:42:37 PM|Financial Assistance|4976854|
469301|Lars Jorgens|Whale of a Time|Non Grata|10097|Maroon|12258|Commissar Sendoa|Cataduanes|Non Grata|10097|Maroon|Expired|9000000|0|0|7/8/2025 9:18:35 PM|Financial Assistance|4976853|
271928|Thebanished|UnitedStatesOfDes|Viridian Entente|10010|Green|604287|Hazib|Kingdom of Lemuria|CLAWS|15841|Black|Expired|0|100|0|7/8/2025 9:14:00 PM|2 of 2 Tech Deal|4976852|
625634|firingline|TheCastle|The Wolves|16660|Black|279053|Thom98|Swampville|The Wolves|16660|Maroon|Expired|9000000|100|0|7/8/2025 8:43:38 PM|Financial Assistance|4976849|
126881|Lord Razzia|Razzian Dominion|The Dark Templar|10056|Black|559866|Heel Tribe|Develyes|The Dark Templar|10056|Black|Expired|9000000|0|0|7/8/2025 8:34:07 PM|Tech Deal! 9M/100Tech|4976848|
638515|silkhyacinth|Taiat|The Legion|10020|Purple|129686|HK Boris|USEAR|The Legion|10020|Purple|Expired|0|100|0|7/8/2025 8:24:11 PM|Financial Assistance|4976847|
357423|claude|Doom House|Doom Squad|16454|Black|93757|Irons82|Zero-One|DOOMBIRD DOOMCAVE|10449|Black|Expired|0|100|0|7/8/2025 8:12:20 PM|Financial Assistance|4976846|
80845|Aracto Totar|Taprobane|Viridian Entente|10010|Green|555346|TacticalAldiko|TacticalAldiko|Viridian Entente|10010|Green|Expired|0|100|0|7/8/2025 7:55:40 PM|Financial Assistance|4976844|
80845|Aracto Totar|Taprobane|Viridian Entente|10010|Green|241126|cbuzz24|Angle|Viridian Entente|10010|Green|Expired|0|100|0|7/8/2025 7:55:29 PM|Financial Assistance|4976843|
555535|Presidential|WashingtonDC|Viridian Entente|10010|Green|71592|upchuck|warmarding|Viridian Entente|10010|Green|Expired|0|100|0|7/8/2025 7:54:52 PM|Financial Assistance|4976842|
555535|Presidential|WashingtonDC|Viridian Entente|10010|Green|301014|asawyer|Zabril|Viridian Entente|10010|Green|Expired|0|100|0|7/8/2025 7:54:35 PM|Financial Assistance|4976841|
402492|NikolaP|Wiggles|Disciples of Duckroll|17024|Black|645571|cantbelieveimback|Techlandia|Doombrella|17368|Black|Expired|9000000|0|0|7/8/2025 7:49:26 PM|Financial Assistance|4976840|
402492|NikolaP|Wiggles|Disciples of Duckroll|17024|Black|646870|Waffless|Wafflandia|Doombrella|17368|Black|Expired|9000000|0|0|7/8/2025 7:47:44 PM|Financial Assistance|4976839|
503436|StevieG|Dinglebay|Doombrella|17368|Black|646870|Waffless|Wafflandia|Doombrella|17368|Black|Expired|9000000|0|0|7/8/2025 7:20:07 PM|Financial Assistance|4976838|
340698|Onified|Spork|NATO|10037|Blue|637153|DukeNash|Encantandia|COBRA|13717|Brown|Expired|9000000|0|0|7/8/2025 6:52:04 PM|vep|4976836|
85056|Pbaff|RuntMutLend|The Dark Templar|10056|Black|635568|ReForce|Axors|The Dark Templar|10056|Black|Expired|9000000|0|0|7/8/2025 6:35:56 PM|Financial Assistance|4976835|
85056|Pbaff|RuntMutLend|The Dark Templar|10056|Black|50145|makarraka|MAKARRALAND|The Dark Templar|10056|Black|Expired|9000000|0|0|7/8/2025 6:35:48 PM|Financial Assistance|4976834|
85056|Pbaff|RuntMutLend|The Dark Templar|10056|Black|641700|Sindal Raj|Republic of Ayodhya|The Dark Templar|10056|Black|Expired|9000000|0|0|7/8/2025 6:35:42 PM|Financial Assistance|4976833|
85056|Pbaff|RuntMutLend|The Dark Templar|10056|Black|642110|Warden of 24 thralls|Hellionia|The Dark Templar|10056|Black|Expired|9000000|0|0|7/8/2025 6:35:35 PM|Financial Assistance|4976832|
622221|cobwebbyarc6|Dasein|Doom Squad|16454|Black|646804|dragonshardz|Cruinneachadh|Doom Squad|16454|Black|Expired|9000000|0|0|7/8/2025 6:25:55 PM|Financial Assistance|4976831|
560469|draggie|Aporia|Non Grata|10097|Maroon|2621|James|TIEIXIAIS|Non Grata|10097|Maroon|Expired|0|100|0|7/8/2025 6:01:17 PM|Tech|4976829|
404176|Sadero|Saderia|New Polar Order|10006|Blue|512699|Mindbraker|Aguda|New Polar Order|10006|Blue|Expired|0|100|0|7/8/2025 5:31:37 PM|ICECAP Tech|4976828|
404176|Sadero|Saderia|New Polar Order|10006|Blue|262358|Johnny123|Johhny|New Polar Order|10006|Blue|Expired|0|100|0|7/8/2025 5:31:04 PM|ICECAP Tech|4976826|
404176|Sadero|Saderia|New Polar Order|10006|Blue|584263|Beefbone|Beefy|New Polar Order|10006|Blue|Expired|0|100|0|7/8/2025 5:30:53 PM|ICECAP Tech|4976825|
550914|reilstrap|reilstrap|Independent Republic Of Orange Nations|10004|Orange|468521|Riptide|HangTen|Independent Republic Of Orange Nations|10004|Orange|Expired|0|100|0|7/8/2025 5:01:00 PM|ITF|4976820|
550914|reilstrap|reilstrap|Independent Republic Of Orange Nations|10004|Orange|636754|MAYBACH EMPIRE|MAYBACH 3MPIRE|Independent Republic Of Orange Nations|10004|Orange|Expired|0|100|0|7/8/2025 5:00:38 PM|ITF|4976819|
550914|reilstrap|reilstrap|Independent Republic Of Orange Nations|10004|Orange|605023|JuggernautMD|Framework|Independent Republic Of Orange Nations|10004|Orange|Expired|0|100|0|7/8/2025 4:59:23 PM|ITF|4976818|
380007|Supreme Emperor Daeg|Metal|Doom Squad|16454|Black|506358|lightningjim|Fulmen Ingenium|Doom Squad|16454|Black|Expired|6000000|0|0|7/8/2025 4:25:57 PM|Financial Assistance|4976813|
380007|Supreme Emperor Daeg|Metal|Doom Squad|16454|Black|646804|dragonshardz|Cruinneachadh|Doom Squad|16454|Black|Expired|9000000|0|0|7/8/2025 4:25:40 PM|Financial Assistance|4976812|
380007|Supreme Emperor Daeg|Metal|Doom Squad|16454|Black|646779|RedMetal|Soviet Canuckitstan|Doom Squad|16454|Black|Expired|9000000|0|0|7/8/2025 4:24:49 PM|Financial Assistance|4976811|
380007|Supreme Emperor Daeg|Metal|Doom Squad|16454|Black|646975|Thomassh|HighGateHaven|Doombrella|17368|Black|Expired|9000000|0|0|7/8/2025 4:24:30 PM|Financial Assistance|4976810|
440257|lonabis|flying dutchmen|NATO|10037|Blue|637153|DukeNash|Encantandia|COBRA|13717|Brown|Expired|9000000|0|0|7/8/2025 3:41:11 PM|Valyrian Cash|4976809|
440257|lonabis|flying dutchmen|NATO|10037|Blue|626587|Iogaro12|Iberia del Norte|Freehold of The Wolves|15157|White|Expired|9000000|0|0|7/8/2025 3:40:22 PM|Valyrian Cash|4976808|
440257|lonabis|flying dutchmen|NATO|10037|Blue|604148|US Chrisderica|US of Chrisderica|Freehold of The Wolves|15157|White|Expired|9000000|0|0|7/8/2025 3:40:03 PM|Valyrian Cash|4976806|
587834|alucardx13|The United Regions|New Pacific Order|10000|Red|97698|Guido|Itally|New Pacific Order|10000|Red|Expired|0|100|0|7/8/2025 3:20:00 PM|QT Tech|4976804|
587834|alucardx13|The United Regions|New Pacific Order|10000|Red|21424|John Edward|Ardenchestia|New Pacific Order|10000|Red|Expired|0|100|0|7/8/2025 3:19:53 PM|QT Tech|4976803|
587834|alucardx13|The United Regions|New Pacific Order|10000|Red|588946|AlphaCenturion|Sentosa Republic|New Pacific Order|10000|Red|Expired|0|100|0|7/8/2025 3:19:47 PM|QT Tech|4976802|
187132|White Majik|VSOP United|Doombrella|17368|Black|646975|Thomassh|HighGateHaven|Doombrella|17368|Black|Expired|6000000|0|0|7/8/2025 3:11:56 PM|Financial Assistance|4976797|
580021|General Kanabis|Imperio Mexica|COBRA|13717|Brown|634448|Stewie|Stewieland III|Non Grata|10097|Maroon|Expired|0|100|0|7/8/2025 3:01:57 PM|Financial Assistance|4976796|
470323|plaw44|infinite desire|Doombrella|17368|Black|646975|Thomassh|HighGateHaven|Doombrella|17368|Black|Expired|6000000|0|0|7/8/2025 2:59:27 PM|Financial Assistance|4976795|
416942|Chris Kaos|The Kingdom of Kaos|Global Alliance And Treaty Organization|10003|Brown|646801|Chaos Gremlin|Chaostopia|Global Alliance And Treaty Organization|10003|Brown|Expired|6000000|0|0|7/8/2025 2:40:14 PM|Financial Assistance|4976793|
365705|rileyaddaff|legalized|Doom Squad|16454|Black|392583|Javier360|Tenochtitlan|DOOMBIRD DOOMCAVE|10449|Black|Expired|0|100|0|7/8/2025 2:37:38 PM|U suk|4976791|
365705|rileyaddaff|legalized|Doom Squad|16454|Black|622221|cobwebbyarc6|Dasein|Doom Squad|16454|Black|Expired|0|100|0|7/8/2025 2:36:44 PM|Financial Assistance|4976788|
365705|rileyaddaff|legalized|Doom Squad|16454|Black|66883|Crown Prince Mishka|Tygaland|Doombrella|17368|Black|Expired|0|100|0|7/8/2025 2:36:21 PM|Financial Assistance|4976787|
277690|brentaar|Barstonia|New Pacific Order|10000|Red|542117|Killerbankz|HellOnEarth|New Pacific Order|10000|Red|Expired|0|100|0|7/8/2025 1:54:01 PM|QT Tech|4976783|
277690|brentaar|Barstonia|New Pacific Order|10000|Red|588946|AlphaCenturion|Sentosa Republic|New Pacific Order|10000|Red|Expired|0|100|0|7/8/2025 1:53:55 PM|QT Tech|4976782|
277690|brentaar|Barstonia|New Pacific Order|10000|Red|167235|ORCACommander|Hiigaran Federation|New Pacific Order|10000|Red|Expired|0|100|0|7/8/2025 1:53:48 PM|QT Tech|4976781|
404438|Herzog|Black Amber|Sparta|10008|Black|319444|Deej200|Rocca|Sparta|10008|Black|Expired|0|100|0|7/8/2025 12:55:08 PM|Financial Assistance|4976778|
206853|Tsayka|Trisaram|NATO|10037|Blue|593353|Kitkat16|Sofie|NATO|10037|Blue|Expired|0|100|0|7/8/2025 12:53:00 PM|Financial Assistance|4976777|
645124|stugots|Trumpopolis|NATO|10037|Blue|428260|Warden|Llama Land|NATO|10037|Blue|Expired|0|100|0|7/8/2025 12:33:04 PM|Financial Assistance|4976775|
151268|Zerileous|Monkey Time|Doombrella|17368|Black|646975|Thomassh|HighGateHaven|Doombrella|17368|Black|Expired|6000000|0|0|7/8/2025 12:25:28 PM|Financial Assistance|4976774|
18236|javaswiller|swillerland|Freehold of The Wolves|15157|White|604148|US Chrisderica|US of Chrisderica|Freehold of The Wolves|15157|White|Expired|9000000|0|0|7/8/2025 12:08:43 PM|Valyrian Aid|4976773|
645382|Kharmandril|PETA nudes|Doom Squad|16454|Black|139809|John Orris|Commonwealth of John|Doombrella|17368|Black|Expired|0|100|0|7/8/2025 11:56:41 AM|Financial Assistance|4976767|
643162|DarkDefiance|United Defiance|New Pacific Order|10000|Red|522260|kalev60|Hiiumaa|New Pacific Order|10000|Red|Expired|0|100|0|7/8/2025 11:36:01 AM|QT Tech|4976764|
643162|DarkDefiance|United Defiance|New Pacific Order|10000|Red|167235|ORCACommander|Hiigaran Federation|New Pacific Order|10000|Red|Expired|0|100|0|7/8/2025 11:35:55 AM|QT Tech|4976763|
643162|DarkDefiance|United Defiance|New Pacific Order|10000|Red|588946|AlphaCenturion|Sentosa Republic|New Pacific Order|10000|Red|Expired|0|100|0|7/8/2025 11:35:50 AM|QT Tech|4976762|
643162|DarkDefiance|United Defiance|New Pacific Order|10000|Red|542117|Killerbankz|HellOnEarth|New Pacific Order|10000|Red|Expired|0|100|0|7/8/2025 11:35:45 AM|QT Tech|4976761|
202168|Dr Doctor|NATO Armed Forces|NATO|10037|Blue|1037|mona lisa|3 oaks|Old Guard|11296|Blue|Expired|0|100|0|7/8/2025 11:34:03 AM|Valyrian Aid|4976759|
202168|Dr Doctor|NATO Armed Forces|NATO|10037|Blue|428260|Warden|Llama Land|NATO|10037|Blue|Expired|0|100|0|7/8/2025 11:33:35 AM|Llama farm subsidy|4976758|
630674|Ghostruler1|Winterfelllllll|New Pacific Order|10000|Red|515093|GoldenAura|Communist Crackous|New Pacific Order|10000|Red|Expired|0|100|0|7/8/2025 11:29:08 AM|QT Tech|4976757|
630674|Ghostruler1|Winterfelllllll|New Pacific Order|10000|Red|542117|Killerbankz|HellOnEarth|New Pacific Order|10000|Red|Expired|0|100|0|7/8/2025 11:29:04 AM|QT Tech|4976756|
503436|StevieG|Dinglebay|Doombrella|17368|Black|646975|Thomassh|HighGateHaven|Doombrella|17368|Black|Expired|6000000|0|0|7/8/2025 11:22:47 AM|Financial Assistance|4976755|
430046|Beowulf88|Arcanium|Christian Coalition of Countries|10028|Maroon|626587|Iogaro12|Iberia del Norte|Freehold of The Wolves|15157|White|Expired|9000000|0|0|7/8/2025 11:14:15 AM|Valyrian Aid|4976754|
430046|Beowulf88|Arcanium|Christian Coalition of Countries|10028|Maroon|604148|US Chrisderica|US of Chrisderica|Freehold of The Wolves|15157|White|Expired|9000000|0|0|7/8/2025 11:14:02 AM|Valyrian Aid|4976753|
141583|jerdge|Gaela|Green Protection Agency|10041|Green|573749|necAnt|Lucky Ants|The Gramlins|17275|Green|Expired|9000000|0|0|7/8/2025 11:06:26 AM|Tech deal|4976751|
629180|filgod|Sicara|The Legion|10020|Purple|643549|KingDutchison|KingDutchison|The Legion|10020|Purple|Expired|9000000|0|0|7/8/2025 11:03:53 AM|Financial Assistance|4976750|
638461|Jerby|Simulacra|Non Grata|10097|Maroon|418916|HeroofTime55|New XGA|Non Grata|10097|Maroon|Expired|0|100|0|7/8/2025 10:58:32 AM|Financial Assistance|4976749|
441760|jacka|north 40|The Legion|10020|Purple|129686|HK Boris|USEAR|The Legion|10020|Purple|Expired|0|100|0|7/8/2025 10:13:38 AM|Financial Assistance|4976745|
301419|SirTwist|Twistland|The Grand Lodge Of Freemasons|10029|Orange|376391|Dave the Dominator|Taulvia|The Templar Knights|10012|Maroon|Expired|0|100|0|7/8/2025 9:58:26 AM|Tech|4976740|
627572|Latexi|Why would I do this|Non Grata|10097|Maroon|327088|spearo|Deep Blue|Non Grata|10097|Maroon|Expired|0|100|0|7/8/2025 9:44:52 AM|Financial Assistance|4976738|
638567|Cobert|Brightwood|Non Grata|10097|Maroon|155826|weebl2000|Azeer|Non Grata|10097|Maroon|Expired|0|100|0|7/8/2025 9:32:33 AM|Tech|4976736|
326273|Red Rebel|Pi Lambda Phi|Madlads Union|17130|Brown|646793|Alhakim Ayaanle|Ajuuraan Sultanate||0|Red|Expired|6000000|0|0|7/8/2025 9:27:17 AM|Tech Deal 6m/100t|4976732|
645740|ShadowSleeper|Noevgono|Nuclear Proliferation League|17228|Aqua|280326|Scytale|Tleilax|Fark|10002|Aqua|Expired|0|100|0|7/8/2025 9:21:26 AM|Financial Assistance|4976730|
586091|Prince Henry|Great Atlanta|New Pacific Order|10000|Red|366247|Polgas|Novasea|New Pacific Order|10000|Red|Expired|0|100|0|7/8/2025 9:17:24 AM|QT Tech|4976726|
586091|Prince Henry|Great Atlanta|New Pacific Order|10000|Red|515093|GoldenAura|Communist Crackous|New Pacific Order|10000|Red|Expired|0|100|0|7/8/2025 9:17:18 AM|QT Tech|4976725|
586091|Prince Henry|Great Atlanta|New Pacific Order|10000|Red|442731|Madd|Modra|New Pacific Order|10000|Red|Expired|0|100|0|7/8/2025 9:17:12 AM|QT Tech|4976724|
586091|Prince Henry|Great Atlanta|New Pacific Order|10000|Red|542117|Killerbankz|HellOnEarth|New Pacific Order|10000|Red|Expired|0|100|0|7/8/2025 9:17:06 AM|QT Tech|4976723|
586091|Prince Henry|Great Atlanta|New Pacific Order|10000|Red|511698|hailkirk10|Kirklan|New Pacific Order|10000|Red|Expired|0|100|0|7/8/2025 9:16:56 AM|QT Tech|4976722|
586091|Prince Henry|Great Atlanta|New Pacific Order|10000|Red|167235|ORCACommander|Hiigaran Federation|New Pacific Order|10000|Red|Expired|0|100|0|7/8/2025 9:16:51 AM|QT Tech|4976721|
603443|Crayon King|Aloyarc|New Pacific Order|10000|Red|533942|Saxplayer|Arstoria|New Pacific Order|10000|Red|Expired|9000000|0|0|7/8/2025 9:00:35 AM|Bankroll|4976717|
603443|Crayon King|Aloyarc|New Pacific Order|10000|Red|645082|TowerQueen|Turrim|New Pacific Order|10000|Red|Expired|9000000|0|0|7/8/2025 9:00:30 AM|QT Pay|4976716|
603443|Crayon King|Aloyarc|New Pacific Order|10000|Red|640667|paulo11|Cameland|New Pacific Order|10000|Red|Expired|9000000|0|0|7/8/2025 9:00:25 AM|Bankroll|4976715|
603443|Crayon King|Aloyarc|New Pacific Order|10000|Red|633137|International Waters|International Waters|New Pacific Order|10000|Red|Expired|9000000|0|0|7/8/2025 9:00:20 AM|Bankroll|4976714|
603443|Crayon King|Aloyarc|New Pacific Order|10000|Red|646681|Jokkeh|Andebu Technocracy|New Pacific Order|10000|Red|Expired|9000000|0|0|7/8/2025 9:00:15 AM|QT Pay|4976713|
548141|Pangui|Keshik|Doom Squad|16454|Black|622221|cobwebbyarc6|Dasein|Doom Squad|16454|Black|Expired|0|100|0|7/8/2025 8:48:04 AM|Financial Assistance|4976711|
548141|Pangui|Keshik|Doom Squad|16454|Black|66883|Crown Prince Mishka|Tygaland|Doombrella|17368|Black|Expired|0|100|0|7/8/2025 8:47:28 AM|Financial Assistance|4976710|
548141|Pangui|Keshik|Doom Squad|16454|Black|139809|John Orris|Commonwealth of John|Doombrella|17368|Black|Expired|0|100|0|7/8/2025 8:44:57 AM|Financial Assistance|4976706|
479490|King Cyan|The Cyan Kingdom|Global Alliance And Treaty Organization|10003|Brown|455413|Duke Nukem|NukemLand|Global Alliance And Treaty Organization|10003|Brown|Expired|9000000|0|0|7/8/2025 8:26:59 AM|Tech deal|4976705|
609716|xander99|Melton|New Pacific Order|10000|Red|234918|LordOfTheLand|APIGP|New Pacific Order|10000|Red|Expired|0|100|0|7/8/2025 8:22:13 AM|QT Tech|4976704|
641804|jackthebest|Jackastan|NATO|10037|Blue|527097|Galerion|blighty|Freehold of The Wolves|15157|White|Expired|0|100|0|7/8/2025 8:12:23 AM|VEP|4976702|
503436|StevieG|Dinglebay|Doombrella|17368|Black|230799|Raymond Jaeger|New Alabama|Disciples of Duckroll|17024|Black|Expired|9000000|100|0|7/8/2025 8:12:12 AM|Financial Assistance|4976701|
229210|Carrona|WoW Addicts Paradise|Mostly Harmless Alliance|14879|Blue|559161|KingBilly1|DerrysWalls|Mostly Harmless Alliance|14879|White|Expired|9000000|0|0|7/8/2025 8:08:05 AM|Tech deal 9/100|4976700|
202168|Dr Doctor|NATO Armed Forces|NATO|10037|Blue|593353|Kitkat16|Sofie|NATO|10037|Blue|Expired|0|100|0|7/8/2025 7:45:58 AM|VEP|4976697|
645372|darkestofdans|Alert1|Federation Of Armed Nations|10021|Blue|229836|apemax|smugglers and mercs|The Imperial Order|10082|Blue|Expired|0|100|0|7/8/2025 7:43:04 AM|Financial Assistance|4976696|
645372|darkestofdans|Alert1|Federation Of Armed Nations|10021|Blue|65430|Lord Bane|Damasca|Freehold of The Wolves|15157|White|Expired|0|100|0|7/8/2025 7:42:02 AM|Financial Assistance|4976695|
646465|Panglima Burung|Kalimantan Baru|New Pacific Order|10000|Red|234918|LordOfTheLand|APIGP|New Pacific Order|10000|Red|Expired|0|100|0|7/8/2025 7:14:10 AM|QT Tech|4976692|
646465|Panglima Burung|Kalimantan Baru|New Pacific Order|10000|Red|17202|Cybolt|Time and Space|New Pacific Order|10000|Red|Expired|0|100|0|7/8/2025 7:13:46 AM|QT Tech|4976691|
147284|Magicninja|Grundy|Global Alliance And Treaty Organization|10003|Brown|405936|Griffy|Rememberence|Global Alliance And Treaty Organization|10003|Brown|Expired|9000000|0|0|7/8/2025 6:50:17 AM|Financial Assistance|4976688|
147284|Magicninja|Grundy|Global Alliance And Treaty Organization|10003|Brown|646762|Kevlar|Sasquatch|Global Alliance And Treaty Organization|10003|Brown|Expired|6000000|0|0|7/8/2025 6:47:53 AM|Financial Assistance|4976687|
639550|Burger|Neo Assyria|Doom Squad|16454|Black|139809|John Orris|Commonwealth of John|Doombrella|17368|Black|Expired|0|100|0|7/8/2025 6:40:27 AM|Financial Assistance|4976684|
639550|Burger|Neo Assyria|Doom Squad|16454|Black|567720|Cosmic Chocolate|Soaring Eagle|DOOMBIRD DOOMCAVE|10449|Black|Expired|0|100|0|7/8/2025 6:39:42 AM|Financial Assistance|4976682|
638157|Karifire|Hogsmead|Doom Squad|16454|Black|139809|John Orris|Commonwealth of John|Doombrella|17368|Black|Expired|0|100|0|7/8/2025 6:35:24 AM|Financial Assistance|4976680|
590806|vocalese|Vocalese|The Imperial Entente|16809|Maroon|273692|Pope Bubba XIII|Rebel Virginia|Non Grata|10097|Maroon|Expired|0|100|0|7/8/2025 6:34:59 AM|Financial Assistance|4976678|
638157|Karifire|Hogsmead|Doom Squad|16454|Black|615966|tehol|Lether|Doom Squad|16454|Black|Expired|0|100|0|7/8/2025 6:34:45 AM|Financial Assistance|4976676|
590806|vocalese|Vocalese|The Imperial Entente|16809|Maroon|138858|Haart|Barbarica|The Templar Knights|10012|Maroon|Expired|0|100|0|7/8/2025 6:34:45 AM|Financial Assistance|4976675|
416695|pmacdaddy|Sanctuary|DOOMBIRD DOOMCAVE|10449|Black|619806|Epimethys|Pyrrha|Doombrella|17368|Black|Expired|9000000|0|0|7/8/2025 6:25:05 AM|Doomerce|4976674|
416695|pmacdaddy|Sanctuary|DOOMBIRD DOOMCAVE|10449|Black|532609|KingJohnny|Nechian Empire|Doom Squad|16454|Black|Expired|9000000|0|0|7/8/2025 6:24:40 AM|Doomerce|4976673|
631191|Magnus IV|Kingdom of Ars Magna|CLAWS|15841|Black|190480|Unruly|Republique de Buja|AGW Overlords|10043|Black|Expired|0|100|0|7/8/2025 6:15:34 AM|Tech deal done!|4976671|
625634|firingline|TheCastle|The Wolves|16660|Black|225241|Admiral Alexander|The CommonWealthCW|The Wolves|16660|Maroon|Expired|9000000|100|0|7/8/2025 6:13:27 AM|Financial Assistance|4976669|
625634|firingline|TheCastle|The Wolves|16660|Black|583014|Rothaic|Munrovia|The Wolves|16660|Maroon|Expired|0|100|0|7/8/2025 6:13:16 AM|Financial Assistance|4976668|
646135|Sokar|Delmak|Global Alliance And Treaty Organization|10003|Brown|163031|MasterChief777|The New Empire|Global Alliance And Treaty Organization|10003|Brown|Expired|0|100|0|7/8/2025 6:08:50 AM|Financial Assistance|4976667|
443221|Mistral|Nicholas|Post Grunge Supergroup|16367|Brown|646949|BBAZOKA|Yummylite|Post Grunge Supergroup|16367|Brown|Expired|6000000|0|0|7/8/2025 6:06:38 AM|Free aid, welcome! |4976665|
446109|T-Bone|SmD Island|Doombrella|17368|Black|199494|Bomber66|Baxter|Doombrella|17368|Black|Expired|0|100|0|7/8/2025 5:49:40 AM|Dad?|4976664|
446109|T-Bone|SmD Island|Doombrella|17368|Black|142120|Commander Thrawn|Csilla|Doombrella|17368|Black|Expired|0|100|0|7/8/2025 5:48:23 AM|Tech raid|4976663|
446109|T-Bone|SmD Island|Doombrella|17368|Black|184514|Franz Ferdinand|L252beck|Doombrella|17368|Black|Expired|0|100|0|7/8/2025 5:47:41 AM|Roq is sugar daddy|4976661|
446109|T-Bone|SmD Island|Doombrella|17368|Black|502087|Astryl|Ethereal|Doombrella|17368|Black|Expired|0|100|0|7/8/2025 5:47:05 AM|Tech raid|4976659|
446109|T-Bone|SmD Island|Doombrella|17368|Black|484851|enderland|Fields of Elysium|Doombrella|17368|Black|Expired|0|100|0|7/8/2025 5:46:13 AM|Tech raid|4976658|
446109|T-Bone|SmD Island|Doombrella|17368|Black|151268|Zerileous|Monkey Time|Doombrella|17368|Black|Expired|0|100|0|7/8/2025 5:45:18 AM|Tech raid|4976657|
635734|Monyulking|Bomdi La|Independent Republic Of Orange Nations|10004|Orange|234325|Ben Gates|TreasureLand|Independent Republic Of Orange Nations|10004|Orange|Expired|0|100|0|7/8/2025 5:41:55 AM|ITF|4976656|
643876|LordInfamous|Swindlerstan|Independent Republic Of Orange Nations|10004|Orange|636601|Wolfbite|Caffinated Wolves|Independent Republic Of Orange Nations|10004|Orange|Expired|0|100|0|7/8/2025 5:08:23 AM|ITF|4976653|
503436|StevieG|Dinglebay|Doombrella|17368|Black|596807|AmeerMuib|SiegeTank|Disciples of Duckroll|17024|Black|Expired|9000000|0|0|7/8/2025 4:46:29 AM|Financial Assistance|4976652|
596807|AmeerMuib|SiegeTank|Disciples of Duckroll|17024|Black|334182|st6mm|Northern Reich|Disciples of Duckroll|17024|Black|Expired|0|100|0|7/8/2025 4:46:16 AM|Financial Assistance|4976651|
596807|AmeerMuib|SiegeTank|Disciples of Duckroll|17024|Black|230799|Raymond Jaeger|New Alabama|Disciples of Duckroll|17024|Black|Expired|0|100|0|7/8/2025 4:45:53 AM|Financial Assistance|4976650|
646321|equusSuprm|equusSuprm|New Pacific Order|10000|Red|407948|avatar3619|Shendu|New Pacific Order|10000|Red|Expired|0|100|0|7/8/2025 4:42:36 AM|Vallum Aelium|4976649|
646321|equusSuprm|equusSuprm|New Pacific Order|10000|Red|234918|LordOfTheLand|APIGP|New Pacific Order|10000|Red|Expired|0|100|0|7/8/2025 4:42:28 AM|QT Tech|4976648|
591794|Raden Wijaya|Kerajaan Majapahit|New Polar Order|10006|Blue|455466|KrazyNights|Helleden|New Polar Order|10006|Blue|Expired|0|100|0|7/8/2025 4:18:11 AM|ICECAP Tech|4976644|
591794|Raden Wijaya|Kerajaan Majapahit|New Polar Order|10006|Blue|166467|KittyPride207|BlackAngels|New Polar Order|10006|Blue|Expired|0|100|0|7/8/2025 4:17:41 AM|ICECAP Tech|4976643|
591794|Raden Wijaya|Kerajaan Majapahit|New Polar Order|10006|Blue|523607|King Matt|Michelleville|New Polar Order|10006|Blue|Expired|0|100|0|7/8/2025 4:17:23 AM|ICECAP Tech|4976642|
639282|Agaton Sax|Asmodean|COBRA|13717|Brown|116324|Wayne World|Wayne World|The Grand Lodge of Freemasons|10029|Orange|Expired|0|100|0|7/8/2025 3:39:02 AM|Financial Assistance|4976639|
76627|shwampy|Barryteroria|Libertarian Socialist Federation|10027|White|618472|Leftie|Brotherhood|Madlads Union|17130|Brown|Expired|0|100|0|7/8/2025 3:34:46 AM|Another quality trade :)|4976637|
634284|mikeymikes|batmanism|Doombrella|17368|Black|202255|onelove|We Are One Love|Doombrella|17368|Black|Expired|9000000|100|4000|7/8/2025 3:00:55 AM|aids|4976636|
646570|CiceroThePoet|Ismuth|NATO|10037|Blue|172243|BakerHills|Activision|NATO|10037|Blue|Expired|0|100|0|7/8/2025 2:23:56 AM|Vep|4976630|
547395|KameraadLenin|Newfoundland SSR|Non Grata|10097|Maroon|490921|Roo Blu II|Blue Roo|Non Grata|10097|Maroon|Expired|0|100|0|7/8/2025 1:50:20 AM|Financial Assistance|4976629|
547395|KameraadLenin|Newfoundland SSR|Non Grata|10097|Maroon|528479|paul711|Paulinca|Non Grata|10097|Maroon|Expired|0|100|0|7/8/2025 1:49:53 AM|Financial Assistance|4976626|
639335|Swamplandia|Horna|NATO|10037|Blue|627972|GearHead|Rosche|NATO|10037|Blue|Expired|0|100|0|7/8/2025 1:01:18 AM|Financial Assistance|4976623|
645871|Danial Frank|Floriida|The Phoenix Federation|17385|Black|632798|KYBALION|HVITIRDREKAR|Knights Of The Round Table|10092|Green|Expired|0|100|0|7/8/2025 12:31:47 AM|Tech|4976616|
395340|Lord Hershey|Palaven|Doom Squad|16454|Black|646779|RedMetal|Soviet Canuckitstan|Doom Squad|16454|Black|Expired|9000000|100|0|7/8/2025 12:25:10 AM|Financial Assistance|4976608|
395340|Lord Hershey|Palaven|Doom Squad|16454|Black|567720|Cosmic Chocolate|Soaring Eagle|DOOMBIRD DOOMCAVE|10449|Black|Expired|9000000|100|0|7/8/2025 12:24:40 AM|Financial Assistance|4976606|
395340|Lord Hershey|Palaven|Doom Squad|16454|Black|646799|Salt Meat|Ghost Sea|Doom Squad|16454|Black|Expired|9000000|100|0|7/8/2025 12:24:28 AM|Financial Assistance|4976605|
395340|Lord Hershey|Palaven|Doom Squad|16454|Black|646804|dragonshardz|Cruinneachadh|Doom Squad|16454|Black|Expired|9000000|100|0|7/8/2025 12:24:15 AM|Financial Assistance|4976604|
646212|Immai|Steampower|Knights Of The Round Table|10092|Green|419811|Duke Mark|Old Missouri|Knights Of The Round Table|10092|Green|Expired|0|100|0|7/8/2025 12:17:50 AM|Financial Assistance|4976603|
91088|Dragster|winukka|Nordreich|11319|Maroon|646303|S3alz|Verdansk|Orange Defense Network|10007|Orange|Expired|6000000|0|0|7/8/2025 12:10:00 AM|6m/100tech|4976599|
533155|Monster|Energy|Doombrella|17368|Black|199494|Bomber66|Baxter|Doombrella|17368|Black|Expired|0|100|0|7/8/2025 12:07:25 AM|Financial Assistance|4976598|
533155|Monster|Energy|Doombrella|17368|Black|626860|BringMeTheHorizon|Dakotas|Doombrella|17368|Black|Expired|0|100|0|7/8/2025 12:07:02 AM|Financial Assistance|4976596|
533155|Monster|Energy|Doombrella|17368|Black|484851|enderland|Fields of Elysium|Doombrella|17368|Black|Expired|0|100|0|7/8/2025 12:06:51 AM|Financial Assistance|4976595|
533155|Monster|Energy|Doombrella|17368|Black|202255|onelove|We Are One Love|Doombrella|17368|Black|Expired|0|100|0|7/8/2025 12:06:43 AM|Financial Assistance|4976594|
533155|Monster|Energy|Doombrella|17368|Black|66883|Crown Prince Mishka|Tygaland|Doombrella|17368|Black|Expired|0|100|0|7/8/2025 12:06:36 AM|Financial Assistance|4976593|
646593|Lim jayhee|Cat haven|Knights Of The Round Table|10092|Green|633989|Ernst S Blofeld|Blofeld Wineries|Knights Of The Round Table|10092|Aqua|Expired|0|100|0|7/7/2025 11:07:02 PM|Financial Assistance|4976590|
39705|Bmk812|Eisenherz|Global Alliance And Treaty Organization|10003|Brown|531189|Peroman200|Petrolandija|Global Alliance And Treaty Organization|10003|Brown|Expired|9000000|0|0|7/7/2025 10:51:40 PM|Tech Aid|4976589|
238151|devnull|Republic of Unix|CLAWS|15841|Black|631191|Magnus IV|Kingdom of Ars Magna|CLAWS|15841|Black|Expired|9000000|0|0|7/7/2025 9:55:45 PM|Tech deal 9m 100|4976586|
170471|Smurthwaite|Smurthwaite|Nuclear Proliferation League|17228|Aqua|646375|Chuck Woodson|Damistan|Goldenrod Accords|17406|Green|Expired|6000000|0|4000|7/7/2025 9:39:33 PM|Bomb Buying Money|4976585|
170471|Smurthwaite|Smurthwaite|Nuclear Proliferation League|17228|Aqua|646533|Royal Foley|Reggaelia|Goldenrod Accords|17406|Green|Expired|6000000|0|4000|7/7/2025 9:39:06 PM|Bomb Buying Money|4976584|
170471|Smurthwaite|Smurthwaite|Nuclear Proliferation League|17228|Aqua|646145|ScootDootson|UnitedPeoplesOfDoot|Goldenrod Accords|17406|Green|Expired|6000000|0|4000|7/7/2025 9:38:11 PM|Bomb Buying Money|4976583|
32861|Drachonum|drachonia|Global Alliance and Treaty Organization|10003|Brown|597809|Duncan007|The Realm of Light|Global Alliance And Treaty Organization|10003|Brown|Expired|6000000|0|0|7/7/2025 9:29:36 PM|Financial Assistance|4976582|
116324|Wayne World|Wayne World|The Grand Lodge of Freemasons|10029|Orange|644967|Mushrat|Ormarr Land|The Grand Lodge Of Freemasons|10029|Orange|Expired|9000000|0|0|7/7/2025 9:15:11 PM|tech plz|4976579|
432428|Kentucky Colonel|Silver Grove|Swash Plates And Tail Rotors|10126|Maroon|260817|MamazlilMistake|Happy Hunting Ground|Non Grata|10097|Maroon|Expired|9000000|100|0|7/7/2025 8:25:37 PM|Financial Assistance|4976577|
432428|Kentucky Colonel|Silver Grove|Swash Plates And Tail Rotors|10126|Maroon|552359|SeaBeeGipson|Denton|MONGOLS|14492|Maroon|Expired|9000000|100|0|7/7/2025 8:24:44 PM|Financial Assistance|4976576|
432428|Kentucky Colonel|Silver Grove|Swash Plates And Tail Rotors|10126|Maroon|22121|spartan 84|UNSC Reach|Non Grata|10097|Maroon|Expired|9000000|100|0|7/7/2025 8:23:56 PM|Financial Assistance|4976575|
432428|Kentucky Colonel|Silver Grove|Swash Plates And Tail Rotors|10126|Maroon|324487|Death from above 82|Black Sheep|MONGOLS|14492|Maroon|Expired|9000000|100|0|7/7/2025 8:23:16 PM|Financial Assistance|4976574|
432428|Kentucky Colonel|Silver Grove|Swash Plates And Tail Rotors|10126|Maroon|423414|Nashorn|Nashornstan|MONGOLS|14492|Maroon|Expired|9000000|100|0|7/7/2025 8:22:53 PM|Financial Assistance|4976573|
432428|Kentucky Colonel|Silver Grove|Swash Plates And Tail Rotors|10126|Maroon|325202|murtibing|Fluens|Axiom of Regularity|17122|Maroon|Expired|9000000|0|0|7/7/2025 8:22:13 PM|Financial Assistance|4976572|
556822|Emwem|MUA land|New Pacific Order|10000|Red|167235|ORCACommander|Hiigaran Federation|New Pacific Order|10000|Red|Expired|0|100|0|7/7/2025 8:14:19 PM|QT Tech|4976571|
556822|Emwem|MUA land|New Pacific Order|10000|Red|542117|Killerbankz|HellOnEarth|New Pacific Order|10000|Red|Expired|0|100|0|7/7/2025 8:14:15 PM|QT Tech|4976570|
556822|Emwem|MUA land|New Pacific Order|10000|Red|588946|AlphaCenturion|Sentosa Republic|New Pacific Order|10000|Red|Expired|0|100|0|7/7/2025 8:14:10 PM|QT Tech|4976569|
556822|Emwem|MUA land|New Pacific Order|10000|Red|511698|hailkirk10|Kirklan|New Pacific Order|10000|Red|Expired|0|100|0|7/7/2025 8:14:06 PM|QT Tech|4976568|
556822|Emwem|MUA land|New Pacific Order|10000|Red|515093|GoldenAura|Communist Crackous|New Pacific Order|10000|Red|Expired|0|100|0|7/7/2025 8:14:00 PM|QT Tech|4976567|
556822|Emwem|MUA land|New Pacific Order|10000|Red|580705|Theory|Westermont|New Pacific Order|10000|Red|Expired|0|100|0|7/7/2025 8:13:54 PM|QT Tech|4976566|
555334|Gveil|Giantland|The Legion|10020|Purple|637024|deanimator|Kuzai|The Legion|10020|Purple|Expired|0|100|0|7/7/2025 7:39:09 PM|Financial Assistance|4976564|
101765|KevinH|Establishmentism|Independent Republic of Orange Nations|10004|Orange|636754|MAYBACH EMPIRE|MAYBACH 3MPIRE|Independent Republic Of Orange Nations|10004|Orange|Expired|9000000|100|4000|7/7/2025 6:45:02 PM|RIPPPRR MAGOO  |4976558|
357423|claude|Doom House|Doom Squad|16454|Black|484851|enderland|Fields of Elysium|Doombrella|17368|Black|Expired|0|100|0|7/7/2025 6:37:51 PM|Financial Assistance|4976557|
554572|paulpig|Strongland|Avalanche|10078|Blue|632534|valves|valves2|Avalanche|10078|Blue|Expired|6000000|0|0|7/7/2025 6:10:18 PM|Financial Assistance|4976556|
277593|falconer360|Gondowan|CLAWS|15841|Purple|228721|Hob Dobson|Uustonia|Viridian Entente|10010|Green|Expired|9000000|0|0|7/7/2025 5:49:00 PM|Tech deal|4976553|
645768|Sitthemdown|Emperor Protects|Doombrella|17368|Black|142120|Commander Thrawn|Csilla|Doombrella|17368|Black|Expired|0|100|0|7/7/2025 5:46:20 PM|Financial Assistance|4976552|
645768|Sitthemdown|Emperor Protects|Doombrella|17368|Black|184514|Franz Ferdinand|L252beck|Doombrella|17368|Black|Expired|0|100|0|7/7/2025 5:45:50 PM|Financial Assistance|4976551|
645768|Sitthemdown|Emperor Protects|Doombrella|17368|Black|374321|Clash|Discord|Doombrella|17368|Black|Expired|0|100|0|7/7/2025 5:45:34 PM|Financial Assistance|4976550|
645768|Sitthemdown|Emperor Protects|Doombrella|17368|Black|151268|Zerileous|Monkey Time|Doombrella|17368|Black|Expired|0|100|0|7/7/2025 5:45:20 PM|Financial Assistance|4976549|
641506|IAmNich|Achladis|Doom Squad|16454|Black|626860|BringMeTheHorizon|Dakotas|Doombrella|17368|Black|Expired|0|100|0|7/7/2025 5:35:24 PM|Financial Assistance|4976548|
641506|IAmNich|Achladis|Doom Squad|16454|Black|93757|Irons82|Zero-One|DOOMBIRD DOOMCAVE|10449|Black|Expired|0|100|0|7/7/2025 5:35:07 PM|Financial Assistance|4976547|
641506|IAmNich|Achladis|Doom Squad|16454|Black|470323|plaw44|infinite desire|Doombrella|17368|Black|Expired|0|100|0|7/7/2025 5:34:48 PM|Financial Assistance|4976546|
641506|IAmNich|Achladis|Doom Squad|16454|Black|380007|Supreme Emperor Daeg|Metal|Doom Squad|16454|Black|Expired|0|100|0|7/7/2025 5:34:32 PM|Financial Assistance|4976545|
219727|danhawk|sonyevilempire|The Imperial Order|10082|Blue|627906|AironthFlamewing|The Crown Dominion|Christian Coalition Of Countries|10028|Maroon|Expired|9000000|0|0|7/7/2025 5:29:17 PM|Vep aide |4976543|
606440|UnitedBishop|UnitedBishops|Doom Squad|16454|Black|392583|Javier360|Tenochtitlan|DOOMBIRD DOOMCAVE|10449|Black|Expired|0|100|0|7/7/2025 5:18:09 PM|Financial Assistance|4976542|
579519|EatDirtFartDust|Testiclania|Doom Squad|16454|Black|392583|Javier360|Tenochtitlan|DOOMBIRD DOOMCAVE|10449|Black|Expired|0|100|0|7/7/2025 5:00:40 PM|Financial Assistance|4976537|
579519|EatDirtFartDust|Testiclania|Doom Squad|16454|Black|66883|Crown Prince Mishka|Tygaland|Doombrella|17368|Black|Expired|0|100|0|7/7/2025 5:00:15 PM|Financial Assistance|4976535|
579519|EatDirtFartDust|Testiclania|Doom Squad|16454|Black|410812|Berbers|Kingdom of AlRezana|The Wolves|16660|Black|Expired|0|100|0|7/7/2025 4:59:19 PM|Financial Assistance|4976533|
578954|Rydin|Vundf|Freehold of The Wolves|15157|White|626412|Cyrus De GreenWood|Nagoya|Freehold of The Wolves|15157|White|Expired|9000000|0|0|7/7/2025 4:51:27 PM|Valyrian Aid|4976531|
428260|Warden|Llama Land|NATO|10037|Blue|634273|kolomee|Noodles Descendent|Freehold of The Wolves|15157|White|Expired|9000000|0|0|7/7/2025 4:21:35 PM|VEP Aid|4976529|
428260|Warden|Llama Land|NATO|10037|Blue|627906|AironthFlamewing|The Crown Dominion|Christian Coalition Of Countries|10028|Maroon|Expired|9000000|0|0|7/7/2025 4:21:21 PM|VEP Aid|4976528|
428260|Warden|Llama Land|NATO|10037|Blue|626412|Cyrus De GreenWood|Nagoya|Freehold of The Wolves|15157|White|Expired|9000000|0|0|7/7/2025 4:21:09 PM|VEP Aid|4976527|
550914|reilstrap|reilstrap|Independent Republic Of Orange Nations|10004|Orange|273843|Northern Empire|Northern Empire|Independent Republic Of Orange Nations|10004|Orange|Expired|0|100|0|7/7/2025 3:49:40 PM|9/10|4976522|
141583|jerdge|Gaela|Green Protection Agency|10041|Green|23377|Pippedy|Lauran|Green Protection Agency|10041|Green|Expired|9000000|0|0|7/7/2025 3:14:45 PM|Forever Aid|4976520|
231352|Wippeli|Wippelandia|Freehold of The Wolves|15157|White|527097|Galerion|blighty|Freehold of The Wolves|15157|White|Expired|0|100|0|7/7/2025 2:49:57 PM|VEP|4976519|
260612|Qazzian|Qaziakstan|New Pacific Order|10000|Red|552125|Mouseman490|The Empire of Klein|New Pacific Order|10000|Red|Expired|9000000|0|0|7/7/2025 2:48:01 PM|Bankroll|4976518|
132067|Merick|Panamkey|The Templar Knights|10012|Maroon|586822|Pauls|Pauls nation|The Templar Knights|10012|Maroon|Expired|0|100|0|7/7/2025 2:41:30 PM|Financial Assistance|4976516|
132067|Merick|Panamkey|The Templar Knights|10012|Maroon|376391|Dave the Dominator|Taulvia|The Templar Knights|10012|Maroon|Expired|0|100|0|7/7/2025 2:41:18 PM|Financial Assistance|4976515|
642148|Exod IV|Ummah AlMuwahhidah|Doom Squad|16454|Black|646947|Hawggystyle|Djibigbouti|Doombrella|17368|Black|Expired|9000000|0|0|7/7/2025 2:11:34 PM|Financial Assistance|4976512|
481103|AzureShadow|Coobie|Doombrella|17368|Black|184514|Franz Ferdinand|L252beck|Doombrella|17368|Black|Expired|0|100|0|7/7/2025 1:53:07 PM|Financial Assistance|4976511|
144708|Matthew PK|Commonwealth of LoL|Doombrella|17368|Black|202255|onelove|We Are One Love|Doombrella|17368|Black|Expired|9000000|0|0|7/7/2025 12:43:37 PM|Financial Assistance|4976500|
604148|US Chrisderica|US of Chrisderica|Freehold of The Wolves|15157|White|527097|Galerion|blighty|Freehold of The Wolves|15157|White|Expired|0|100|0|7/7/2025 12:31:47 PM|Valyrian Aid|4976499|
538755|zeldafan4ever|Terminus|Orange Defense Network|10007|Orange|87249|Infallible|Mulletville|Orange Defense Network|10007|Orange|Expired|0|100|0|7/7/2025 12:06:48 PM|Tech 1/3|4976495|
1037|mona lisa|3 oaks|Old Guard|11296|Blue|248201|gegthomas|Lzarja|Freehold of The Wolves|15157|White|Expired|9000000|0|0|7/7/2025 11:50:38 AM|Valyrian Aid|4976493|
642148|Exod IV|Ummah AlMuwahhidah|Doom Squad|16454|Black|646431|The Cute Twin|Vlasic|Doom Squad|16454|Black|Expired|8999999|0|0|7/7/2025 11:48:27 AM|Financial Assistance|4976491|
127635|dewe48|tramponia|CLAWS|15841|Black|485812|Amyante|Zargathia|Shangri La|13799|White|Expired|9000000|0|0|7/7/2025 11:26:35 AM|tech deal|4976490|
188637|Caustic|Hazardous Materials|Non Grata|10097|Maroon|626678|slothix|Kevin|Non Grata|10097|Maroon|Expired|9000000|0|0|7/7/2025 11:24:33 AM|Financial Assistance|4976489|
206853|Tsayka|Trisaram|NATO|10037|Blue|106012|President JR Seisa|Themysciera|NATO|10037|Blue|Expired|0|100|0|7/7/2025 11:17:30 AM|Financial Assistance|4976488|
206853|Tsayka|Trisaram|NATO|10037|Blue|428260|Warden|Llama Land|NATO|10037|Blue|Expired|0|100|0|7/7/2025 11:16:56 AM|Financial Assistance|4976485|
633267|OkapiBlue|Rymnia|Doom Squad|16454|Black|342957|tayloj7|Rabbitopia|Doombrella|17368|Black|Expired|0|100|0|7/7/2025 11:16:49 AM|Financial Assistance|4976484|
206853|Tsayka|Trisaram|NATO|10037|Blue|248357|MrSka|Slartibartfast|NATO|10037|Blue|Expired|0|100|0|7/7/2025 11:16:45 AM|Financial Assistance|4976483|
633267|OkapiBlue|Rymnia|Doom Squad|16454|Black|144708|Matthew PK|Commonwealth of LoL|Doombrella|17368|Black|Expired|0|100|0|7/7/2025 11:16:41 AM|Financial Assistance|4976482|
620004|Joesph Stalin|Ressurectioned USSR|Union Of Communist Republics|10060|Brown|646873|Patrick the Great|Akarta|Post Grunge Supergroup|16367|Brown|Expired|6000000|0|0|7/7/2025 11:12:21 AM|Tech Deal|4976480|
474413|The R00STER|Republic of Ibonn|The Dark Templar|10056|Black|646873|Patrick the Great|Akarta|Post Grunge Supergroup|16367|Brown|Expired|6000000|0|0|7/7/2025 11:12:07 AM|Tech deal|4976479|
124781|im317|im317|Random Insanity Alliance|10038|Maroon|49522|Croix|Edjaal|Random Insanity Alliance|10038|Maroon|Expired|9000000|0|0|7/7/2025 11:08:02 AM|tech deal|4976478|
57033|Slywolfe|Slywolfe|New Pacific Order|10000|Red|612177|DannyVee|Cvetko|New Pacific Order|10000|Red|Expired|9000000|0|0|7/7/2025 11:01:05 AM|QT Pay|4976477|
57033|Slywolfe|Slywolfe|New Pacific Order|10000|Red|552125|Mouseman490|The Empire of Klein|New Pacific Order|10000|Red|Expired|9000000|0|0|7/7/2025 11:01:00 AM|Bankroll|4976476|
57033|Slywolfe|Slywolfe|New Pacific Order|10000|Red|640667|paulo11|Cameland|New Pacific Order|10000|Red|Expired|9000000|0|0|7/7/2025 11:00:55 AM|Bankroll|4976475|
57033|Slywolfe|Slywolfe|New Pacific Order|10000|Red|635806|MikeCat|Renastasia|New Pacific Order|10000|Red|Expired|9000000|0|0|7/7/2025 11:00:50 AM|Bankroll|4976474|
532352|Serberus|The State|Post Grunge Supergroup|16367|Brown|646949|BBAZOKA|Yummylite|Post Grunge Supergroup|16367|Brown|Expired|6000000|0|0|7/7/2025 10:49:26 AM|Free Money New Member Aid|4976469|
636601|Wolfbite|Caffinated Wolves|Independent Republic Of Orange Nations|10004|Orange|635734|Monyulking|Bomdi La|Independent Republic Of Orange Nations|10004|Orange|Expired|9000000|0|0|7/7/2025 10:49:20 AM|ITF|4976468|
636601|Wolfbite|Caffinated Wolves|Independent Republic Of Orange Nations|10004|Orange|584955|Ayiana|Veritable|Independent Republic Of Orange Nations|10004|Orange|Expired|9000000|0|0|7/7/2025 10:49:06 AM|ITF|4976467|
636601|Wolfbite|Caffinated Wolves|Independent Republic Of Orange Nations|10004|Orange|550914|reilstrap|reilstrap|Independent Republic Of Orange Nations|10004|Orange|Expired|9000000|0|0|7/7/2025 10:48:52 AM|ITF|4976466|
532352|Serberus|The State|Post Grunge Supergroup|16367|Brown|646332|Timot|Empire of El Rotciv|Post Grunge Supergroup|16367|Brown|Expired|6000000|0|0|7/7/2025 10:47:49 AM|Tech Deal|4976465|
83518|Johnny Apocalypse|Anubia|Global Alliance And Treaty Organization|10003|Brown|455413|Duke Nukem|NukemLand|Global Alliance And Treaty Organization|10003|Brown|Expired|9000000|0|0|7/7/2025 10:36:53 AM|Tech Deal 9/100|4976464|
83518|Johnny Apocalypse|Anubia|Global Alliance And Treaty Organization|10003|Brown|531189|Peroman200|Petrolandija|Global Alliance And Treaty Organization|10003|Brown|Expired|9000000|0|0|7/7/2025 10:36:33 AM|Tech Deal 9/100|4976463|
144708|Matthew PK|Commonwealth of LoL|Doombrella|17368|Black|101493|ak47don|sicily mafia|Doombrella|17368|Black|Expired|9000000|0|0|7/7/2025 10:36:09 AM|Financial Assistance|4976462|
309853|Tasuki|Oniwabanshu|New Pacific Order|10000|Red|75117|rnegafan|Rnegfania|New Pacific Order|10000|Red|Expired|0|100|0|7/7/2025 10:18:56 AM|QT Tech|4976461|
309853|Tasuki|Oniwabanshu|New Pacific Order|10000|Red|568748|Llednar Twem|Eurica|New Pacific Order|10000|Red|Expired|0|100|0|7/7/2025 10:18:52 AM|QT Tech|4976460|
309853|Tasuki|Oniwabanshu|New Pacific Order|10000|Red|580705|Theory|Westermont|New Pacific Order|10000|Red|Expired|0|100|0|7/7/2025 10:18:49 AM|QT Tech|4976459|
309853|Tasuki|Oniwabanshu|New Pacific Order|10000|Red|515093|GoldenAura|Communist Crackous|New Pacific Order|10000|Red|Expired|0|100|0|7/7/2025 10:18:45 AM|QT Tech|4976458|
646090|big daddy 69|Underwater Rapture|The Prussian Empire|14204|Green|630575|Sven Herrman|Germanus|The Prussian Empire|14204|Green|Expired|0|100|0|7/7/2025 9:59:24 AM|Financial Assistance|4976456|
414519|markpalm1|vacous|Freehold of The Wolves|15157|White|627906|AironthFlamewing|The Crown Dominion|Christian Coalition Of Countries|10028|Maroon|Expired|9000000|0|0|7/7/2025 9:58:11 AM|Valyrian Cash|4976455|
645994|Emperor Hintz|Hintztopia|The Prussian Empire|14204|Green|630575|Sven Herrman|Germanus|The Prussian Empire|14204|Green|Expired|0|100|0|7/7/2025 9:57:56 AM|tech deal|4976454|
414519|markpalm1|vacous|Freehold of The Wolves|15157|White|634273|kolomee|Noodles Descendent|Freehold of The Wolves|15157|White|Expired|9000000|0|0|7/7/2025 9:57:03 AM|Valyrian Cash|4976453|
414519|markpalm1|vacous|Freehold of The Wolves|15157|White|626412|Cyrus De GreenWood|Nagoya|Freehold of The Wolves|15157|White|Expired|9000000|0|0|7/7/2025 9:56:27 AM|Valyrian Cash|4976452|
643887|SilenttShadow27|Temnota|NATO|10037|Blue|92714|Judge|Kingdom of Azar|NATO|10037|Blue|Expired|0|100|0|7/7/2025 9:50:21 AM|Cupcakes &amp; techz &lt;3|4976450|
645571|cantbelieveimback|Techlandia|Doombrella|17368|Black|342957|tayloj7|Rabbitopia|Doombrella|17368|Black|Expired|0|100|0|7/7/2025 9:46:44 AM|Financial Assistance|4976448|
645571|cantbelieveimback|Techlandia|Doombrella|17368|Black|184514|Franz Ferdinand|L252beck|Doombrella|17368|Black|Expired|0|100|0|7/7/2025 9:46:01 AM|Financial Assistance|4976447|
645571|cantbelieveimback|Techlandia|Doombrella|17368|Black|66883|Crown Prince Mishka|Tygaland|Doombrella|17368|Black|Expired|0|100|0|7/7/2025 9:44:41 AM|Financial Assistance|4976446|
487838|Lord von Manteuffel|Kampfgruppe Panzer|Swash Plates And Tail Rotors|10126|None|40650|kerschbs|indica|Non Grata|10097|Maroon|Expired|9000000|100|0|7/7/2025 9:42:07 AM|Financial Assistance|4976444|
487838|Lord von Manteuffel|Kampfgruppe Panzer|Swash Plates And Tail Rotors|10126|None|324487|Death from above 82|Black Sheep|MONGOLS|14492|Maroon|Expired|9000000|100|0|7/7/2025 9:41:49 AM|Financial Assistance|4976442|
487838|Lord von Manteuffel|Kampfgruppe Panzer|Swash Plates And Tail Rotors|10126|None|260817|MamazlilMistake|Happy Hunting Ground|Non Grata|10097|Maroon|Expired|9000000|100|0|7/7/2025 9:41:36 AM|Financial Assistance|4976441|
487838|Lord von Manteuffel|Kampfgruppe Panzer|Swash Plates And Tail Rotors|10126|None|552359|SeaBeeGipson|Denton|MONGOLS|14492|Maroon|Expired|9000000|100|0|7/7/2025 9:41:26 AM|Financial Assistance|4976440|
487838|Lord von Manteuffel|Kampfgruppe Panzer|Swash Plates And Tail Rotors|10126|None|325202|murtibing|Fluens|Axiom of Regularity|17122|Maroon|Expired|9000000|0|0|7/7/2025 9:41:10 AM|Financial Assistance|4976439|
487838|Lord von Manteuffel|Kampfgruppe Panzer|Swash Plates And Tail Rotors|10126|None|265697|Laskar Pelangi|Rainbow Soldier|Kaskus|10104|Brown|Expired|9000000|100|0|7/7/2025 9:41:00 AM|Financial Assistance|4976438|
644476|ICCoug|VanDanBerg|Catholic Reich|17311|Black|93757|Irons82|Zero-One|DOOMBIRD DOOMCAVE|10449|Black|Expired|0|100|0|7/7/2025 9:03:31 AM|Financial Assistance|4976434|
639322|Kaenver|PDR Muog|Madlads Union|17130|Brown|645347|Randomnameguy|New England INC|Post Grunge Supergroup|16367|Brown|Expired|9000000|0|0|7/7/2025 8:57:01 AM|tech deal 9/100|4976433|
643449|Esabbi|Liberation Islands|Post Grunge Supergroup|16367|Brown|630254|Venoxis|Anartektica|Post Grunge Supergroup|16367|Brown|Expired|0|100|0|7/7/2025 8:53:50 AM|Tech deal 100t/9m|4976432|
333873|AlforFun|Altheman|United Purple Nations|10025|Purple|349838|Kaiser Nichols|Holstria|United Purple Nations|10025|Purple|Expired|6000000|0|0|7/7/2025 8:39:48 AM|6 million for 100 tech |4976430|
8515|Turetel|Turetel|Freehold of The Wolves|15157|White|643887|SilenttShadow27|Temnota|NATO|10037|Blue|Expired|9000000|0|0|7/7/2025 8:33:16 AM|Valyrian Aid|4976428|
8515|Turetel|Turetel|Freehold of The Wolves|15157|White|634273|kolomee|Noodles Descendent|Freehold of The Wolves|15157|White|Expired|9000000|0|0|7/7/2025 8:33:07 AM|Valyrian Aid|4976427|
8515|Turetel|Turetel|Freehold of The Wolves|15157|White|627906|AironthFlamewing|The Crown Dominion|Christian Coalition Of Countries|10028|Maroon|Expired|9000000|0|0|7/7/2025 8:32:59 AM|Valyrian Aid|4976426|
8515|Turetel|Turetel|Freehold of The Wolves|15157|White|626412|Cyrus De GreenWood|Nagoya|Freehold of The Wolves|15157|White|Expired|9000000|0|0|7/7/2025 8:32:49 AM|Valyrian Aid|4976425|
8515|Turetel|Turetel|Freehold of The Wolves|15157|White|132715|DFA MrFox|DFA MrFox|Freehold of The Wolves|15157|White|Expired|9000000|0|0|7/7/2025 8:32:42 AM|Valyrian Aid|4976424|
86974|Mad Mike|Mikeville|Global Alliance And Treaty Organization|10003|Brown|644785|Optimus881|Wakanda881|Post Grunge Supergroup|16367|Brown|Expired|9000000|0|0|7/7/2025 8:31:44 AM|Fill up time|4976423|
348468|Ghan Khalav|Khalavistan|Global Alliance and Treaty Organization|10003|Brown|531189|Peroman200|Petrolandija|Global Alliance And Treaty Organization|10003|Brown|Expired|9000000|0|0|7/7/2025 8:15:33 AM|Tech|4976421|
257875|JGolla|Jaytown|New Pacific Order|10000|Red|552125|Mouseman490|The Empire of Klein|New Pacific Order|10000|Red|Expired|9000000|0|0|7/7/2025 7:59:13 AM|Bankroll|4976419|
624696|Hershicus|DoomsDayShekels|Doom Squad|16454|Black|640769|Unite front|Republic of Teksas|Doom Squad|16454|Black|Expired|0|100|0|7/7/2025 7:57:02 AM|Financial Assistance|4976417|
624696|Hershicus|DoomsDayShekels|Doom Squad|16454|Black|615966|tehol|Lether|Doom Squad|16454|Black|Expired|0|100|0|7/7/2025 7:56:47 AM|Financial Assistance|4976416|
624696|Hershicus|DoomsDayShekels|Doom Squad|16454|Black|199494|Bomber66|Baxter|Doombrella|17368|Black|Expired|0|100|0|7/7/2025 7:56:23 AM|Financial Assistance|4976412|
624696|Hershicus|DoomsDayShekels|Doom Squad|16454|Black|622221|cobwebbyarc6|Dasein|Doom Squad|16454|Black|Expired|0|100|0|7/7/2025 7:56:12 AM|Financial Assistance|4976411|
584263|Beefbone|Beefy|New Polar Order|10006|Blue|642764|Nerdslayerx|Friheden|New Polar Order|10006|Blue|Expired|9000000|0|0|7/7/2025 7:28:43 AM|ICECAP Cash|4976404|
619806|Epimethys|Pyrrha|Doombrella|17368|Black|626860|BringMeTheHorizon|Dakotas|Doombrella|17368|Black|Expired|0|100|0|7/7/2025 7:28:13 AM|Financial Assistance|4976403|
406305|Ciroton|Sarin|New Polar Order|10006|Blue|642764|Nerdslayerx|Friheden|New Polar Order|10006|Blue|Expired|9000000|0|0|7/7/2025 7:11:31 AM|ICECAP Cash|4976396|
423349|Raiser|Inireland|Orange Defense Network|10007|Orange|87249|Infallible|Mulletville|Orange Defense Network|10007|Orange|Expired|0|100|0|7/7/2025 7:05:54 AM|Tech Deal (2/2)|4976395|
641537|Probably Mochi|Kap Land|Doom Squad|16454|Black|101493|ak47don|sicily mafia|Doombrella|17368|Black|Expired|9000000|0|0|7/7/2025 6:47:47 AM|Financial Assistance|4976392|
641537|Probably Mochi|Kap Land|Doom Squad|16454|Black|646779|RedMetal|Soviet Canuckitstan|Doom Squad|16454|Black|Expired|9000000|0|0|7/7/2025 6:43:30 AM|Financial Assistance|4976391|
638|mikharr123|Sirrahistan|New Polar Order|10006|Blue|523607|King Matt|Michelleville|New Polar Order|10006|Blue|Expired|0|100|0|7/7/2025 6:42:01 AM| ICECAP Tech|4976390|
638|mikharr123|Sirrahistan|New Polar Order|10006|Blue|642764|Nerdslayerx|Friheden|New Polar Order|10006|Blue|Expired|9000000|0|0|7/7/2025 6:40:36 AM|ICECAP Cash|4976388|
387694|Dan100|c123po|New Pacific Order|10000|Red|552125|Mouseman490|The Empire of Klein|New Pacific Order|10000|Red|Expired|9000000|0|0|7/7/2025 6:05:19 AM|Bankroll|4976383|
387694|Dan100|c123po|New Pacific Order|10000|Red|533942|Saxplayer|Arstoria|New Pacific Order|10000|Red|Expired|9000000|0|0|7/7/2025 6:05:13 AM|Bankroll|4976382|
387694|Dan100|c123po|New Pacific Order|10000|Red|612177|DannyVee|Cvetko|New Pacific Order|10000|Red|Expired|9000000|0|0|7/7/2025 6:05:07 AM|QT Pay|4976381|
387694|Dan100|c123po|New Pacific Order|10000|Red|450111|Crowncowboy|Confederate Isle|The Wolves|16660|Maroon|Expired|9000000|0|0|7/7/2025 6:04:59 AM|Hugs from NPO|4976380|
387694|Dan100|c123po|New Pacific Order|10000|Red|640667|paulo11|Cameland|New Pacific Order|10000|Red|Expired|9000000|0|0|7/7/2025 6:04:54 AM|Bankroll|4976379|
387694|Dan100|c123po|New Pacific Order|10000|Red|635806|MikeCat|Renastasia|New Pacific Order|10000|Red|Expired|9000000|0|0|7/7/2025 6:04:45 AM|Bankroll|4976378|
558202|Doug Henning|Magic Land|Nuclear Proliferation League|17228|Aqua|280326|Scytale|Tleilax|Fark|10002|Aqua|Expired|0|100|0|7/7/2025 6:02:37 AM|Tech Deal Continued|4976377|
558202|Doug Henning|Magic Land|Nuclear Proliferation League|17228|Aqua|583468|Qldvespanut|Mr Ben|Mostly Harmless Alliance|14879|Aqua|Expired|0|100|0|7/7/2025 6:01:56 AM|Tech Deal Continued|4976376|
558202|Doug Henning|Magic Land|Nuclear Proliferation League|17228|Aqua|324421|Einer|Jesusland|Mostly Harmless Alliance|14879|White|Expired|0|100|0|7/7/2025 6:01:22 AM|Tech Deal Continued|4976375|
645427|Clank|Clank|Doombrella|17368|Black|626860|BringMeTheHorizon|Dakotas|Doombrella|17368|Black|Expired|0|100|0|7/7/2025 5:57:22 AM|Financial Assistance|4976373|
535865|Donbo McSlay|Donbo Land|Federation Of Armed Nations|10021|Yellow|311344|asapilu|Persianiran|NATO|10037|Blue|Expired|0|100|0|7/7/2025 5:48:43 AM|Financial Assistance|4976371|
1037|mona lisa|3 oaks|Old Guard|11296|Blue|626412|Cyrus De GreenWood|Nagoya|Freehold of The Wolves|15157|White|Expired|9000000|0|0|7/7/2025 4:39:11 AM|Valyrian Aid|4976364|
1037|mona lisa|3 oaks|Old Guard|11296|Blue|583519|Mirakil|The Doom Legions|Freehold of The Wolves|15157|White|Expired|9000000|0|0|7/7/2025 4:38:47 AM|Valyrian Aid|4976363|
53781|Algolei|Manitobah|CLAWS|15841|Black|646559|ravana|aaryavat|Nuclear Proliferation League|17228|Aqua|Expired|6000000|0|0|7/7/2025 4:23:27 AM|6/100 tech deal?|4976361|
53781|Algolei|Manitobah|CLAWS|15841|Black|485812|Amyante|Zargathia|Shangri La|13799|White|Expired|9000000|0|0|7/7/2025 4:22:40 AM|9/100 tech deal?|4976360|
132715|DFA MrFox|DFA MrFox|Freehold of The Wolves|15157|White|578954|Rydin|Vundf|Freehold of The Wolves|15157|White|Expired|0|100|0|7/7/2025 4:04:09 AM|Valyrian Aid|4976358|
132715|DFA MrFox|DFA MrFox|Freehold of The Wolves|15157|White|18236|javaswiller|swillerland|Freehold of The Wolves|15157|White|Expired|0|100|0|7/7/2025 4:02:39 AM|Valyrian Aid|4976357|
132715|DFA MrFox|DFA MrFox|Freehold of The Wolves|15157|White|414337|Shadowfury|Illyria|Freehold of The Wolves|15157|Black|Expired|0|100|0|7/7/2025 4:01:41 AM|Financial Assistance|4976356|
307792|Jordan Lindeman|Arkalay|Global Alliance And Treaty Organization|10003|Brown|646135|Sokar|Delmak|Global Alliance And Treaty Organization|10003|Brown|Expired|6000000|0|0|7/7/2025 3:57:25 AM|Tech Deal|4976355|
240196|Seagram|Siperia|Nordreich|11319|Maroon|49522|Croix|Edjaal|Random Insanity Alliance|10038|Maroon|Expired|9000000|0|0|7/7/2025 3:50:11 AM|Tech deal|4976352|
240196|Seagram|Siperia|Nordreich|11319|Maroon|625646|muji111|muji111|Random Insanity Alliance|10038|Maroon|Expired|9000000|0|0|7/7/2025 3:49:29 AM|Tech deal|4976351|
545724|Matmal|Matmalia|Post Grunge Supergroup|16367|Brown|578787|Caspase|Amino Acids|Post Grunge Supergroup|16367|Brown|Expired|0|100|0|7/7/2025 3:46:34 AM|Tech delivery|4976350|
509327|Pollard|Baby Baby Baby Ohhhh|The Chaos Brotherhood|10364|Black|644573|david har sinay|AuroriNa|Veneris|17356|White|Expired|6000000|0|0|7/7/2025 3:30:18 AM|Tech Deal|4976348|
569906|Tradewind|Republic of Bort|Viridian Entente|10010|Green|491885|Chuck Jongil|Soylent Greenland|Viridian Entente|10010|Green|Expired|0|100|0|7/7/2025 3:28:41 AM|Tech 2 of 2|4976347|
630254|Venoxis|Anartektica|Post Grunge Supergroup|16367|Brown|642140|Venusia|Tenebris|Post Grunge Supergroup|16367|Brown|Expired|9000000|0|0|7/7/2025 1:55:54 AM|9m/100t TECH DEAL|4976342|
168105|Bobogoobo|Bobogoobo|New Pacific Order|10000|Red|552125|Mouseman490|The Empire of Klein|New Pacific Order|10000|Red|Expired|9000000|0|0|7/7/2025 1:23:46 AM|Bankroll|4976338|
645871|Danial Frank|Floriida|The Phoenix Federation|17385|Black|522400|Lyev I|Lyevland|Independent Republic Of Orange Nations|10004|Orange|Expired|0|100|0|7/7/2025 1:16:58 AM|Belated Tech|4976337|
453391|Rokula|Paraiso|New Pacific Order|10000|Red|552125|Mouseman490|The Empire of Klein|New Pacific Order|10000|Red|Expired|9000000|0|0|7/7/2025 1:14:12 AM|Bankroll|4976336|
453391|Rokula|Paraiso|New Pacific Order|10000|Red|646098|Brutus5149|Legio Lupi|New Pacific Order|10000|Red|Expired|9000000|0|0|7/7/2025 1:14:05 AM|Rising Stars|4976335|
646038|OT Dominic|borneo kenyalang|Christian Coalition Of Countries|10028|Maroon|583069|Embowaf|Ilium|Mostly Harmless Alliance|14879|Aqua|Expired|0|100|0|7/7/2025 1:05:13 AM|Valyrian Aid|4976333|
646038|OT Dominic|borneo kenyalang|Christian Coalition Of Countries|10028|Maroon|311344|asapilu|Persianiran|NATO|10037|Blue|Expired|0|100|0|7/7/2025 1:04:39 AM|Valyrian Aid|4976332|
457345|Taiki11|Taiki Land|Non Grata|10097|Maroon|418916|HeroofTime55|New XGA|Non Grata|10097|Maroon|Expired|0|100|0|7/7/2025 12:56:28 AM|Financial Assistance|4976330|
341158|Eumirbago|World Wide Web|Doom Squad|16454|Black|342957|tayloj7|Rabbitopia|Doombrella|17368|Black|Expired|0|100|0|7/7/2025 12:51:43 AM|Phat $tax|4976329|
341158|Eumirbago|World Wide Web|Doom Squad|16454|Black|61657|Umar ibn Abd al-Aziz|Umayyad Caliphate|DOOMBIRD DOOMCAVE|10449|Black|Expired|0|100|0|7/7/2025 12:51:28 AM|Phat $tax|4976328|
341158|Eumirbago|World Wide Web|Doom Squad|16454|Black|364329|Donnie Darko|DarkoLand|Doom Squad|16454|Black|Expired|0|100|0|7/7/2025 12:51:14 AM|Phat $tax|4976327|
341158|Eumirbago|World Wide Web|Doom Squad|16454|Black|416695|pmacdaddy|Sanctuary|DOOMBIRD DOOMCAVE|10449|Black|Expired|0|100|0|7/7/2025 12:51:02 AM|Phat $tax|4976326|
341158|Eumirbago|World Wide Web|Doom Squad|16454|Black|96568|Dagny Taggart|Galtian Commune|DOOMBIRD DOOMCAVE|10449|Black|Expired|0|100|0|7/7/2025 12:50:48 AM|Phat $tax|4976325|
228721|Hob Dobson|Uustonia|Viridian Entente|10010|Green|604287|Hazib|Kingdom of Lemuria|CLAWS|15841|Black|Expired|0|100|0|7/7/2025 12:19:37 AM|Tech (1 of  3)|4976321|
61657|Umar ibn Abd al-Aziz|Umayyad Caliphate|DOOMBIRD DOOMCAVE|10449|Black|506358|lightningjim|Fulmen Ingenium|Doom Squad|16454|Black|Expired|6000000|0|0|7/7/2025 12:18:22 AM|Financial Assistance|4976320|
646827|WarandPece|Warhammer101|Knights Of The Round Table|10092|Green|418455|Sabcat|Sabcat Island|Libertarian Socialist Federation|10027|Brown|Expired|0|100|0|7/7/2025 12:14:51 AM|Financial Assistance|4976317|
61657|Umar ibn Abd al-Aziz|Umayyad Caliphate|DOOMBIRD DOOMCAVE|10449|Black|646779|RedMetal|Soviet Canuckitstan|Doom Squad|16454|Black|Expired|9000000|0|0|7/7/2025 12:13:44 AM|Financial Assistance|4976316|
613743|Tacotopia|Bobs Your Uncle|CLAWS|15841|Black|646559|ravana|aaryavat|Nuclear Proliferation League|17228|Aqua|Expired|6000000|0|0|7/7/2025 12:07:58 AM|6m/100 tech deal?|4976313|
613743|Tacotopia|Bobs Your Uncle|CLAWS|15841|Black|485812|Amyante|Zargathia|Shangri La|13799|White|Expired|9000000|0|0|7/7/2025 12:07:10 AM|9m/100 tech deal?|4976312|
341557|Nishiyoshi|Kapon|Mostly Harmless Alliance|14879|Aqua|56861|Teratogen|Teratogen|Mostly Harmless Alliance|14879|Blue|Expired|0|100|0|7/6/2025 11:17:39 PM|Financial Assistance|4976308|
341557|Nishiyoshi|Kapon|Mostly Harmless Alliance|14879|Aqua|414337|Shadowfury|Illyria|Freehold of The Wolves|15157|Black|Expired|0|100|0|7/6/2025 11:17:12 PM|VEP|4976307|
341557|Nishiyoshi|Kapon|Mostly Harmless Alliance|14879|Aqua|593353|Kitkat16|Sofie|NATO|10037|Blue|Expired|0|100|0|7/6/2025 11:16:06 PM|VEP|4976306|
341557|Nishiyoshi|Kapon|Mostly Harmless Alliance|14879|Aqua|106268|cable77|Tau ri|Fark|10002|Aqua|Expired|0|100|0|7/6/2025 11:15:45 PM|VEP|4976305|
341557|Nishiyoshi|Kapon|Mostly Harmless Alliance|14879|Aqua|583069|Embowaf|Ilium|Mostly Harmless Alliance|14879|Aqua|Expired|0|100|0|7/6/2025 11:15:22 PM|VEP|4976304|
341557|Nishiyoshi|Kapon|Mostly Harmless Alliance|14879|Aqua|583468|Qldvespanut|Mr Ben|Mostly Harmless Alliance|14879|Aqua|Expired|0|100|0|7/6/2025 11:15:01 PM|VEP|4976303|
645053|Geezy VIII|SOS Empire|Independent Republic Of Orange Nations|10004|Orange|374610|Captain Crozier|Dime Store Novena|Independent Republic Of Orange Nations|10004|Orange|Expired|0|100|0|7/6/2025 10:55:31 PM|ITF|4976299|
646832|Greg Gregory Gregers|Udrus|The Phoenix Federation|17385|Black|69978|Garbunkel|Gravillia|CLAWS|15841|Black|Expired|0|100|0|7/6/2025 10:22:20 PM|Financial Assistance|4976297|
643887|SilenttShadow27|Temnota|NATO|10037|Blue|468549|shadowstriker|shadow world|NATO|10037|Blue|Expired|0|100|0|7/6/2025 10:16:10 PM|Shadow cupcakes! |4976296|
643887|SilenttShadow27|Temnota|NATO|10037|Blue|39465|King Tom|king Tom|NATO|10037|Blue|Expired|0|100|0|7/6/2025 10:15:40 PM|Cupcakes &amp; techz &lt;3|4976295|
559191|Darksight1|ChineseEmpire|New Pacific Order|10000|Red|366247|Polgas|Novasea|New Pacific Order|10000|Red|Expired|0|100|0|7/6/2025 9:41:29 PM|QT Tech|4976293|
481922|Saphyre|GemStone|CLAWS|15841|Black|646559|ravana|aaryavat|Nuclear Proliferation League|17228|Aqua|Expired|6000000|0|0|7/6/2025 8:53:59 PM|Tech Please!|4976288|
374610|Captain Crozier|Dime Store Novena|Independent Republic Of Orange Nations|10004|Orange|635734|Monyulking|Bomdi La|Independent Republic Of Orange Nations|10004|Orange|Expired|9000000|0|0|7/6/2025 8:53:33 PM|ITF|4976287|
646840|Elowen Tharne|Veridanya|Nuclear Proliferation League|17228|Aqua|261397|Rampage3|United Liberocracy|Nuclear Proliferation League|17228|Aqua|Expired|0|100|0|7/6/2025 8:44:15 PM|Tech Deal Bundle 100T/6M|4976285|
646840|Elowen Tharne|Veridanya|Nuclear Proliferation League|17228|Aqua|430606|KemMo|Maurinaria|Nuclear Proliferation League|17228|Aqua|Expired|0|100|0|7/6/2025 8:43:09 PM|Tech Deal Bundle 100T/6M|4976284|
638461|Jerby|Simulacra|Non Grata|10097|Maroon|276365|ShadowSKAR|Hidden Shadows|Non Grata|10097|Maroon|Expired|0|100|0|7/6/2025 8:39:09 PM|Financial Assistance|4976283|
469301|Lars Jorgens|Whale of a Time|Non Grata|10097|Maroon|624193|The1nonlykk|Biourja|Non Grata|10097|Maroon|Expired|9000000|0|0|7/6/2025 7:58:12 PM|Financial Assistance|4976282|
646145|ScootDootson|UnitedPeoplesOfDoot|Goldenrod Accords|17406|Green|627972|GearHead|Rosche|NATO|10037|Blue|Expired|0|100|0|7/6/2025 6:26:16 PM|VEP|4976281|
429171|Inquisitor Gaunt|Cult Imperialis|Global Alliance And Treaty Organization|10003|Brown|405936|Griffy|Rememberence|Global Alliance And Treaty Organization|10003|Brown|Expired|9000000|0|0|7/6/2025 6:11:37 PM|Financial Assistance|4976280|
580044|Sir Kiloist|Tiocfaidh ar la|Global Alliance And Treaty Organization|10003|Brown|646762|Kevlar|Sasquatch|Global Alliance And Treaty Organization|10003|Brown|Expired|6000000|0|0|7/6/2025 6:04:30 PM|Financial Assistance|4976279|
111283|K L Emall|North Unstunstia|New Pacific Order|10000|Red|535709|Pressure|Newton|New Pacific Order|10000|Red|Expired|9000000|0|0|7/6/2025 5:30:51 PM|Bankroll|4976272|
111283|K L Emall|North Unstunstia|New Pacific Order|10000|Red|277690|brentaar|Barstonia|New Pacific Order|10000|Red|Expired|9000000|0|0|7/6/2025 5:30:41 PM|Credit Payout|4976271|
423414|Nashorn|Nashornstan|MONGOLS|14492|Maroon|325202|murtibing|Fluens|Axiom of Regularity|17122|Maroon|Expired|9000000|0|0|7/6/2025 5:30:33 PM|Financial Assistance|4976270|
423414|Nashorn|Nashornstan|MONGOLS|14492|Maroon|22121|spartan 84|UNSC Reach|Non Grata|10097|Maroon|Expired|9000000|100|0|7/6/2025 5:30:12 PM|Financial Assistance|4976269|
423414|Nashorn|Nashornstan|MONGOLS|14492|Maroon|552359|SeaBeeGipson|Denton|MONGOLS|14492|Maroon|Expired|9000000|100|0|7/6/2025 5:29:49 PM|Financial Assistance|4976268|
423414|Nashorn|Nashornstan|MONGOLS|14492|Maroon|324487|Death from above 82|Black Sheep|MONGOLS|14492|Maroon|Expired|9000000|100|0|7/6/2025 5:29:25 PM|Financial Assistance|4976267|
577964|WagonWheel|Wagons|Post Grunge Supergroup|16367|Brown|642140|Venusia|Tenebris|Post Grunge Supergroup|16367|Brown|Expired|9000000|0|0|7/6/2025 5:28:39 PM|Tech deal|4976266|
488372|Heinrich I|Das Ostfrankenreich|The Prussian Empire|14204|Green|631432|Elector King|Bohemia Moravia|The Prussian Empire|14204|Green|Expired|9000000|0|0|7/6/2025 5:18:33 PM|Nation Development|4976265|
488372|Heinrich I|Das Ostfrankenreich|The Prussian Empire|14204|Green|631409|German Made|German Engineering|The Prussian Empire|14204|Green|Expired|9000000|0|0|7/6/2025 5:18:10 PM|Nation Development|4976264|
637264|RiddervanGelre|Nieuw Gelre|CLAWS|15841|Black|277593|falconer360|Gondowan|CLAWS|15841|Purple|Expired|0|100|0|7/6/2025 5:08:36 PM|Financial Assistance|4976260|
404438|Herzog|Black Amber|Sparta|10008|Black|6600|poonertang|PR of pooner|Sparta|10008|Black|Expired|0|100|0|7/6/2025 5:08:18 PM|Financial Assistance|4976259|
597501|JayMillz|Curel|New Polar Order|10006|Blue|646375|Chuck Woodson|Damistan|Goldenrod Accords|17406|Green|Expired|6000000|0|0|7/6/2025 4:39:07 PM|tech deal 6m/100|4976253|
23377|Pippedy|Lauran|Green Protection Agency|10041|Green|600055|Spoonanator|Spoonarea|Green Protection Agency|10041|Green|Expired|0|100|0|7/6/2025 4:38:47 PM|Assistance|4976252|
487772|reloadmvp|HAGVille|New Pacific Order|10000|Red|612177|DannyVee|Cvetko|New Pacific Order|10000|Red|Expired|9000000|0|0|7/6/2025 4:28:01 PM|QT Pay|4976251|
487772|reloadmvp|HAGVille|New Pacific Order|10000|Red|535709|Pressure|Newton|New Pacific Order|10000|Red|Expired|9000000|0|0|7/6/2025 4:27:47 PM|Bankroll|4976250|
487772|reloadmvp|HAGVille|New Pacific Order|10000|Red|540880|Goosinater|United Mexico States|New Pacific Order|10000|Red|Expired|9000000|0|0|7/6/2025 4:27:32 PM|Credit Payout|4976249|
487772|reloadmvp|HAGVille|New Pacific Order|10000|Red|277690|brentaar|Barstonia|New Pacific Order|10000|Red|Expired|9000000|0|0|7/6/2025 4:26:50 PM|Credit Payout|4976248|
430606|KemMo|Maurinaria|Nuclear Proliferation League|17228|Aqua|646297|Snorkel|Rockies Folk State|Nuclear Proliferation League|17228|Aqua|Expired|9000000|0|0|7/6/2025 4:15:52 PM|9m/100t|4976246|
512699|Mindbraker|Aguda|New Polar Order|10006|Blue|483058|Dubh Caireallain|Roisin Dubh|New Polar Order|10006|Blue|Expired|9000000|0|0|7/6/2025 4:01:12 PM|ICECAP Cash|4976245|
512699|Mindbraker|Aguda|New Polar Order|10006|Blue|517713|King Ryan IV|German Defence Team|New Polar Order|10006|Blue|Expired|9000000|0|0|7/6/2025 4:01:01 PM|Aid Fall|4976244|
232881|Yashem|Yashemia|New Pacific Order|10000|Red|626040|Rewan Demontay|Panagouge|New Pacific Order|10000|Red|Expired|0|100|0|7/6/2025 3:41:57 PM|Vallum Aelium|4976240|
232881|Yashem|Yashemia|New Pacific Order|10000|Red|366247|Polgas|Novasea|New Pacific Order|10000|Red|Expired|0|100|0|7/6/2025 3:41:52 PM|QT Tech|4976239|
644785|Optimus881|Wakanda881|Post Grunge Supergroup|16367|Brown|144157|Sarkin|My Hero Party|The Dark Templar|10056|Black|Expired|0|100|0|7/6/2025 3:18:56 PM|PGS $9M/100Tech|4976238|
455466|KrazyNights|Helleden|New Polar Order|10006|Blue|483058|Dubh Caireallain|Roisin Dubh|New Polar Order|10006|Blue|Expired|9000000|0|0|7/6/2025 3:06:29 PM|Financial Assistance|4976237|
455466|KrazyNights|Helleden|New Polar Order|10006|Blue|517713|King Ryan IV|German Defence Team|New Polar Order|10006|Blue|Expired|9000000|0|0|7/6/2025 3:06:06 PM|Financial Assistance|4976236|
313301|MK4Slowride|MK4Slowride|Global Alliance And Treaty Organization|10003|Brown|646135|Sokar|Delmak|Global Alliance And Treaty Organization|10003|Brown|Expired|6000000|0|0|7/6/2025 1:59:24 PM|Tech deal|4976231|
12501|onbekende|Kapellen|Independent Republic of Orange Nations|10004|Orange|520160|Niels|Isla Vista|Independent Republic Of Orange Nations|10004|Orange|Expired|0|100|0|7/6/2025 1:42:48 PM|ITF|4976229|
12501|onbekende|Kapellen|Independent Republic of Orange Nations|10004|Orange|87890|Formanj|Norvegs Trøndelag|Independent Republic of Orange Nations|10004|Orange|Expired|0|100|0|7/6/2025 1:42:36 PM|ITF|4976228|
12501|onbekende|Kapellen|Independent Republic of Orange Nations|10004|Orange|374610|Captain Crozier|Dime Store Novena|Independent Republic Of Orange Nations|10004|Orange|Expired|0|100|0|7/6/2025 1:42:06 PM|ITF|4976226|
12501|onbekende|Kapellen|Independent Republic of Orange Nations|10004|Orange|234325|Ben Gates|TreasureLand|Independent Republic Of Orange Nations|10004|Orange|Expired|0|100|0|7/6/2025 1:41:58 PM|ITF|4976225|
639843|TheChickenRun|Costco Wholesale|The Dark Templar|10056|Black|144157|Sarkin|My Hero Party|The Dark Templar|10056|Black|Expired|0|100|0|7/6/2025 1:36:47 PM|Tech Deal 9/100 |4976224|
623136|rofrif|rofrif|Sparta|10008|Black|644316|Sam Sparks|Mendota|Sparta|10008|Black|Expired|6000000|0|0|7/6/2025 1:21:21 PM|Financial Assistance|4976223|
638815|BushyBeaver|Beaveland|NATO|10037|Blue|311344|asapilu|Persianiran|NATO|10037|Blue|Expired|0|100|0|7/6/2025 12:45:34 PM|Valyrian aid|4976218|
638815|BushyBeaver|Beaveland|NATO|10037|Blue|130031|Matto|Epointe|Federation of Armed Nations|10021|Yellow|Expired|0|100|0|7/6/2025 12:45:15 PM|Valyrian aid|4976217|
638815|BushyBeaver|Beaveland|NATO|10037|Blue|627972|GearHead|Rosche|NATO|10037|Blue|Expired|0|100|0|7/6/2025 12:44:55 PM|AIDS |4976216|
111159|MOOFER|Dragon of Cymru|NATO|10037|Blue|395389|Temporal91|Aikion|NATO|10037|Blue|Expired|9000000|0|0|7/6/2025 12:40:28 PM|Valyrian Aid|4976214|
111159|MOOFER|Dragon of Cymru|NATO|10037|Blue|630683|Queen Aurore|Turnopia|Christian Coalition Of Countries|10028|Maroon|Expired|9000000|0|0|7/6/2025 12:40:09 PM|Valyrian Aid|4976213|
527097|Galerion|blighty|Freehold of The Wolves|15157|White|630683|Queen Aurore|Turnopia|Christian Coalition Of Countries|10028|Maroon|Expired|9000000|0|0|7/6/2025 12:24:22 PM|Valyrian Aid|4976204|
527097|Galerion|blighty|Freehold of The Wolves|15157|White|395389|Temporal91|Aikion|NATO|10037|Blue|Expired|9000000|0|0|7/6/2025 12:23:43 PM|Valyrian Aid|4976203|
273692|Pope Bubba XIII|Rebel Virginia|Non Grata|10097|Maroon|628583|Dopes|Slaptico|Church of the Holy Platypus|17265|Brown|Expired|6000000|0|0|7/6/2025 12:20:02 PM|Tech|4976202|
324421|Einer|Jesusland|Mostly Harmless Alliance|14879|White|395389|Temporal91|Aikion|NATO|10037|Blue|Expired|9000000|0|0|7/6/2025 12:16:11 PM|&quot;Valyrian Aid&quot; !|4976200|
568795|Greywall|The Westfold|Global Alliance And Treaty Organization|10003|Brown|394625|Empress Elizabeth|DeWitt|Global Alliance And Treaty Organization|10003|Brown|Expired|0|100|0|7/6/2025 12:06:55 PM|Financial Assistance|4976198|
568795|Greywall|The Westfold|Global Alliance And Treaty Organization|10003|Brown|497000|Democzar|frequathrive|Global Alliance And Treaty Organization|10003|Brown|Expired|0|100|0|7/6/2025 12:04:22 PM|Financial Assistance|4976197|
646756|DyneVeilstone|Felis Felicitas|Global Alliance And Treaty Organization|10003|Brown|32861|Drachonum|drachonia|Global Alliance and Treaty Organization|10003|Brown|Expired|0|100|0|7/6/2025 11:54:59 AM|Financial Assistance|4976195|
646756|DyneVeilstone|Felis Felicitas|Global Alliance And Treaty Organization|10003|Brown|273254|unstpblpimp|unstpblpimp|Global Alliance and Treaty Organization|10003|Brown|Expired|0|100|0|7/6/2025 11:50:41 AM|Financial Assistance|4976194|
567361|GradyTheGreat|Secundo Tonku|CLAWS|15841|Black|485812|Amyante|Zargathia|Shangri La|13799|White|Expired|9000000|0|0|7/6/2025 11:44:35 AM|9/100|4976193|
567361|GradyTheGreat|Secundo Tonku|CLAWS|15841|Black|646559|ravana|aaryavat|Nuclear Proliferation League|17228|Aqua|Expired|6000000|0|0|7/6/2025 11:44:24 AM|6/100|4976192|
172243|BakerHills|Activision|NATO|10037|Blue|395389|Temporal91|Aikion|NATO|10037|Blue|Expired|9000000|0|0|7/6/2025 11:36:51 AM|Financial Assistance|4976190|
608458|Johnny Cutlass|Claw Key|Knights Of The Round Table|10092|Aqua|646501|Laki Jovanovic|Yugomonia|Knights Of The Round Table|10092|Aqua|Expired|6000000|0|0|7/6/2025 11:20:17 AM|Welcome, Aqua|4976188|
326273|Red Rebel|Pi Lambda Phi|Madlads Union|17130|Brown|176740|Apolloyon|Logres|Post Grunge Supergroup|16367|None|Expired|6000000|0|0|7/6/2025 11:13:59 AM|Financial Assistance|4976187|
326273|Red Rebel|Pi Lambda Phi|Madlads Union|17130|Brown|646439|Sagetheml|Santa Marco|Madlads Union|17130|Brown|Expired|6000000|0|0|7/6/2025 11:12:42 AM|free money|4976186|
326273|Red Rebel|Pi Lambda Phi|Madlads Union|17130|Brown|76627|shwampy|Barryteroria|Libertarian Socialist Federation|10027|White|Expired|6000000|0|0|7/6/2025 11:12:01 AM|Tech Deal 6m/100t|4976185|
129864|Mike the Greatest|Palookastan|Nuclear Proliferation League|17228|Maroon|646840|Elowen Tharne|Veridanya|Nuclear Proliferation League|17228|Aqua|Expired|6000000|0|0|7/6/2025 10:27:58 AM|Tech trade|4976181|
129864|Mike the Greatest|Palookastan|Nuclear Proliferation League|17228|Maroon|646760|jwill96|Ibica|Nuclear Proliferation League|17228|Aqua|Expired|6000000|0|0|7/6/2025 10:26:54 AM|Financial Assistance|4976179|
129864|Mike the Greatest|Palookastan|Nuclear Proliferation League|17228|Maroon|646911|War Eagle|EAGLE 00|Nuclear Proliferation League|17228|Aqua|Expired|6000000|0|0|7/6/2025 10:26:03 AM|Financial Assistance|4976177|
129864|Mike the Greatest|Palookastan|Nuclear Proliferation League|17228|Maroon|646937|Jaja12|Nigeriana|Nuclear Proliferation League|17228|Aqua|Expired|6000000|0|0|7/6/2025 10:24:20 AM|Financial Assistance|4976176|
129864|Mike the Greatest|Palookastan|Nuclear Proliferation League|17228|Maroon|646402|MHOF100|DJANDMATT|Nuclear Proliferation League|17228|Aqua|Expired|6000000|0|0|7/6/2025 10:23:10 AM|Financial Assistance|4976175|
129864|Mike the Greatest|Palookastan|Nuclear Proliferation League|17228|Maroon|646892|Kamva|Zaire Republic|Nuclear Proliferation League|17228|Aqua|Expired|6000000|0|0|7/6/2025 10:22:28 AM|Financial Assistance|4976174|
414337|Shadowfury|Illyria|Freehold of The Wolves|15157|Black|630683|Queen Aurore|Turnopia|Christian Coalition Of Countries|10028|Maroon|Expired|9000000|0|0|7/6/2025 10:11:01 AM|VEP|4976173|
414337|Shadowfury|Illyria|Freehold of The Wolves|15157|Black|580046|Body Jryant|Conservative South|Christian Coalition Of Countries|10028|Maroon|Expired|9000000|0|0|7/6/2025 10:10:51 AM|VEP|4976172|
414337|Shadowfury|Illyria|Freehold of The Wolves|15157|Black|395389|Temporal91|Aikion|NATO|10037|Blue|Expired|9000000|0|0|7/6/2025 10:10:30 AM|VEP|4976170|
646465|Panglima Burung|Kalimantan Baru|New Pacific Order|10000|Red|581758|Tiberius|Nuke Town|New Pacific Order|10000|Red|Expired|0|100|0|7/6/2025 10:05:00 AM|Vallum Aelium|4976167|
529267|Pastor Jason|Gods Country|Doom Squad|16454|Black|646431|The Cute Twin|Vlasic|Doom Squad|16454|Black|Expired|9000000|0|0|7/6/2025 9:58:18 AM|Jesus Christ is Lord |4976165|
362361|Gofast2006|Pioneer Village|Nuclear Proliferation League|17228|Aqua|645740|ShadowSleeper|Noevgono|Nuclear Proliferation League|17228|Aqua|Expired|9000000|0|0|7/6/2025 9:33:42 AM|9/100 tech|4976163|
634903|ToasterOven|Pancake Republic|Non Grata|10097|Maroon|155817|MutedFaith|Faithoria|Non Grata|10097|Maroon|Expired|0|100|0|7/6/2025 9:32:22 AM|Financial Assistance|4976162|
626678|slothix|Kevin|Non Grata|10097|Maroon|500125|Soxirella|Jusmania|Non Grata|10097|Maroon|Expired|0|100|0|7/6/2025 9:21:41 AM|Financial Assistance|4976157|
492431|Lollerobot|Tigerblue|Knights Of The Round Table|10092|Green|635907|Yuan Tsui|Saulteran|The Prussian Empire|14204|Green|Expired|9000000|0|0|7/6/2025 8:51:58 AM|Penguin Aid|4976152|
492431|Lollerobot|Tigerblue|Knights Of The Round Table|10092|Green|646501|Laki Jovanovic|Yugomonia|Knights Of The Round Table|10092|Aqua|Expired|6000000|0|0|7/6/2025 8:51:38 AM|Welcome to the Knights!|4976151|
627412|Jason Radix|Radix|The Dark Templar|10056|Black|162871|General Ozujsko|Republic of Ozujsko|The Dark Templar|10056|Black|Expired|0|100|0|7/6/2025 8:03:58 AM|Financial Assistance|4976141|
635658|Chaotican|United CroatiaUC|Wurst Alliance|16919|Green|151741|gidon|monkeybum|The Grand Lodge Of Freemasons|10029|Orange|Expired|0|100|0|7/6/2025 7:08:43 AM|Tech Deal|4976131|
10578|Frawley|stangerites|New Pacific Order|10000|Red|629229|HopeFun|LimaPT|New Pacific Order|10000|Red|Expired|0|100|0|7/6/2025 7:05:42 AM|QT Tech|4976128|
10578|Frawley|stangerites|New Pacific Order|10000|Red|305440|Daimos|Micon|New Pacific Order|10000|Red|Expired|0|100|0|7/6/2025 7:05:35 AM|QT Tech|4976127|
10578|Frawley|stangerites|New Pacific Order|10000|Red|366247|Polgas|Novasea|New Pacific Order|10000|Red|Expired|0|100|0|7/6/2025 7:05:28 AM|QT Tech|4976126|
10578|Frawley|stangerites|New Pacific Order|10000|Red|626040|Rewan Demontay|Panagouge|New Pacific Order|10000|Red|Expired|0|100|0|7/6/2025 7:05:21 AM|Vallum Aelium|4976125|
10578|Frawley|stangerites|New Pacific Order|10000|Red|616876|Lady Hawk|Isle of Mann|New Pacific Order|10000|Red|Expired|0|100|0|7/6/2025 7:05:13 AM|Vallum Aelium|4976124|
10578|Frawley|stangerites|New Pacific Order|10000|Red|581758|Tiberius|Nuke Town|New Pacific Order|10000|Red|Expired|0|100|0|7/6/2025 7:05:04 AM|Vallum Aelium|4976123|
416695|pmacdaddy|Sanctuary|DOOMBIRD DOOMCAVE|10449|Black|646307|Hermes Observer|Radchaai|Doombrella|17368|Black|Expired|9000000|0|0|7/6/2025 6:33:04 AM|Doomerce|4976119|
627906|AironthFlamewing|The Crown Dominion|Christian Coalition Of Countries|10028|Maroon|32845|Mackay Warrior|Land-o-Mackay|Federation Of Armed Nations|10021|Yellow|Expired|0|100|0|7/6/2025 6:31:58 AM|Financial Assistance|4976118|
23377|Pippedy|Lauran|Green Protection Agency|10041|Green|439252|LAFORGUS|Nueva Valarek|Green Protection Agency|10041|Green|Expired|0|100|0|7/6/2025 6:13:38 AM|Financial Assistance|4976117|
264926|Ken T Kent|Codopia|Fark|10002|Aqua|254501|gijoe|atlantis awakens|Fark|10002|Aqua|Expired|0|100|0|7/6/2025 5:34:59 AM|Financial Assistance|4976108|
264926|Ken T Kent|Codopia|Fark|10002|Aqua|428668|EViL0nE|Hivestonia|Fark|10002|Aqua|Expired|0|100|0|7/6/2025 5:34:53 AM|Financial Assistance|4976107|
433854|Auctor|Wyrdgar|Doombrella|17368|Black|484851|enderland|Fields of Elysium|Doombrella|17368|Black|Expired|0|100|0|7/6/2025 4:57:43 AM|Financial Assistance|4976103|
590806|vocalese|Vocalese|The Imperial Entente|16809|Maroon|230895|TCTriangle|Taninsania|Non Grata|10097|Maroon|Expired|0|100|0|7/6/2025 4:56:23 AM|Financial Assistance|4976101|
249700|Fafafoooey|YourBad|New Pacific Order|10000|Red|646681|Jokkeh|Andebu Technocracy|New Pacific Order|10000|Red|Expired|9000000|0|0|7/6/2025 4:43:11 AM|Rising Stars|4976100|
249700|Fafafoooey|YourBad|New Pacific Order|10000|Red|612177|DannyVee|Cvetko|New Pacific Order|10000|Red|Expired|9000000|0|0|7/6/2025 4:43:06 AM|QT Pay|4976099|
249700|Fafafoooey|YourBad|New Pacific Order|10000|Red|555876|Khandov|Polonia Overlordship|New Pacific Order|10000|Red|Expired|9000000|0|0|7/6/2025 4:43:01 AM|Bankroll|4976098|
249700|Fafafoooey|YourBad|New Pacific Order|10000|Red|633137|International Waters|International Waters|New Pacific Order|10000|Red|Expired|9000000|0|0|7/6/2025 4:42:48 AM|Bankroll|4976096|
249700|Fafafoooey|YourBad|New Pacific Order|10000|Red|620667|Rosey Song|Llandy|New Pacific Order|10000|Red|Expired|9000000|0|0|7/6/2025 4:42:40 AM|Rising Stars|4976095|
545724|Matmal|Matmalia|Post Grunge Supergroup|16367|Brown|630254|Venoxis|Anartektica|Post Grunge Supergroup|16367|Brown|Expired|0|100|0|7/6/2025 3:57:47 AM|tech delivery|4976086|
443221|Mistral|Nicholas|Post Grunge Supergroup|16367|Brown|646873|Patrick the Great|Akarta|Post Grunge Supergroup|16367|Brown|Expired|6000000|0|0|7/6/2025 3:46:04 AM|6mil for 100 tech|4976085|
311659|tanglerat|Tir Mor|Post Grunge Supergroup|16367|Brown|646873|Patrick the Great|Akarta|Post Grunge Supergroup|16367|Brown|Expired|6000000|0|0|7/6/2025 3:12:23 AM|Tech deal 6/100?|4976083|
348070|Chopin|Republic of Poland|Avalanche|10078|Blue|632534|valves|valves2|Avalanche|10078|Blue|Expired|6000000|0|0|7/6/2025 2:47:14 AM|Td|4976080|
12258|Commissar Sendoa|Cataduanes|Non Grata|10097|Maroon|273692|Pope Bubba XIII|Rebel Virginia|Non Grata|10097|Maroon|Expired|0|100|0|7/6/2025 2:37:37 AM|Financial Assistance|4976078|
206879|Platinumviper|Bekaa|NATO|10037|Blue|643887|SilenttShadow27|Temnota|NATO|10037|Blue|Expired|9000000|0|0|7/6/2025 2:36:14 AM|Valyrian Aid|4976077|
514492|xxLENZxx|Star Command|The Legion|10020|Purple|611967|Mirin Kamar|Kamaroon|The Legion|10020|Purple|Expired|9000000|0|0|7/6/2025 2:34:46 AM|Praetor Aid|4976076|
264911|tgilleland|Murdergascar|Non Grata|10097|Maroon|645970|CorporateJester|Banana Savannah|Non Grata|10097|Maroon|Expired|9000000|0|0|7/6/2025 2:06:59 AM|Tech|4976072|
264911|tgilleland|Murdergascar|Non Grata|10097|Maroon|12258|Commissar Sendoa|Cataduanes|Non Grata|10097|Maroon|Expired|9000000|0|0|7/6/2025 2:06:39 AM|Tech|4976071|
264911|tgilleland|Murdergascar|Non Grata|10097|Maroon|630971|Jeremiah|CERAVA|Non Grata|10097|Maroon|Expired|9000000|0|0|7/6/2025 2:05:29 AM|Tech|4976069|
610914|Impossible|Ropadope|Disciples of Duckroll|17024|Black|402492|NikolaP|Wiggles|Disciples of Duckroll|17024|Black|Expired|0|100|0|7/6/2025 1:30:01 AM|Financial Assistance|4976068|
610914|Impossible|Ropadope|Disciples of Duckroll|17024|Black|503436|StevieG|Dinglebay|Disciples of Duckroll|17024|Black|Expired|0|100|0|7/6/2025 1:29:55 AM|Financial Assistance|4976067|
610914|Impossible|Ropadope|Disciples of Duckroll|17024|Black|541774|Das Blitzkrieger|Leistungsstarke|Disciples of Duckroll|17024|Black|Expired|9000000|100|0|7/6/2025 1:29:45 AM|Financial Assistance|4976066|
610914|Impossible|Ropadope|Disciples of Duckroll|17024|Black|585631|Srivatsan|MAHANADU|Disciples of Duckroll|17024|Black|Expired|0|100|0|7/6/2025 1:29:36 AM|Financial Assistance|4976065|
610914|Impossible|Ropadope|Disciples of Duckroll|17024|Black|334182|st6mm|Northern Reich|Disciples of Duckroll|17024|Black|Expired|0|100|0|7/6/2025 1:29:30 AM|Financial Assistance|4976064|
610914|Impossible|Ropadope|Disciples of Duckroll|17024|Black|230799|Raymond Jaeger|New Alabama|Disciples of Duckroll|17024|Black|Expired|9000000|100|0|7/6/2025 1:29:25 AM|Financial Assistance|4976063|
645274|GRATHGFRT|zUTIA|Knights Of The Round Table|10092|Green|159192|Matt Bowen|Bowenland|Knights Of The Round Table|10092|Green|Expired|0|100|0|7/6/2025 1:21:43 AM|Financial Assistance|4976060|
359275|Jesusfreak|El Dorado|Christian Coalition of Countries|10028|Maroon|160240|Pamacii|Speedy Cats|Freehold of The Wolves|15157|White|Expired|9000000|0|0|7/6/2025 1:15:15 AM|VEP|4976059|
310672|King Wally|Rep of Queensland|Nuclear Proliferation League|17228|Aqua|646953|TheMayor1153|Shoulders of Atlas|Nuclear Proliferation League|17228|Aqua|Expired|6000000|100|0|7/6/2025 12:06:15 AM|Welcome to the NPL|4976055|
228721|Hob Dobson|Uustonia|Viridian Entente|10010|Green|364329|Donnie Darko|DarkoLand|Doom Squad|16454|Black|Expired|0|100|0|7/6/2025 12:06:10 AM|Tech (3 of 3)|4976054|
632798|KYBALION|HVITIRDREKAR|Knights Of The Round Table|10092|Green|570802|IlDuce|ItaliaSS|CLAWS|15841|Black|Expired|9000000|0|0|7/6/2025 12:02:33 AM|New 9M/100T Deal :-)|4976051|
643876|LordInfamous|Swindlerstan|Independent Republic Of Orange Nations|10004|Orange|374610|Captain Crozier|Dime Store Novena|Independent Republic Of Orange Nations|10004|Orange|Expired|0|100|0|7/6/2025 12:00:42 AM|ITF|4976050|
187132|White Majik|VSOP United|Doombrella|17368|Black|646947|Hawggystyle|Djibigbouti|Doombrella|17368|Black|Expired|6000000|0|0|7/5/2025 10:57:52 PM|Financial Assistance|4976047|
359275|Jesusfreak|El Dorado|Christian Coalition of Countries|10028|Maroon|535865|Donbo McSlay|Donbo Land|Federation Of Armed Nations|10021|Yellow|Expired|9000000|0|0|7/5/2025 10:23:00 PM|VEP|4976046|
552359|SeaBeeGipson|Denton|MONGOLS|14492|Maroon|265697|Laskar Pelangi|Rainbow Soldier|Kaskus|10104|Brown|Expired|0|100|0|7/5/2025 10:10:21 PM|Financial Assistance|4976045|
555334|Gveil|Giantland|The Legion|10020|Purple|629180|filgod|Sicara|The Legion|10020|Purple|Expired|0|100|0|7/5/2025 9:40:49 PM|Financial Assistance|4976043|
555334|Gveil|Giantland|The Legion|10020|Purple|623795|Aristarchus of Samos|baklava|The Legion|10020|Purple|Expired|0|100|0|7/5/2025 9:40:45 PM|Financial Assistance|4976042|
630683|Queen Aurore|Turnopia|Christian Coalition Of Countries|10028|Maroon|541983|CVO|Kush|NATO|10037|Blue|Expired|0|100|0|7/5/2025 9:26:32 PM|Val Financial Assistance|4976041|
630683|Queen Aurore|Turnopia|Christian Coalition Of Countries|10028|Maroon|340698|Onified|Spork|NATO|10037|Blue|Expired|0|100|0|7/5/2025 9:26:12 PM|Val Financial Assistance|4976040|
630683|Queen Aurore|Turnopia|Christian Coalition Of Countries|10028|Maroon|32845|Mackay Warrior|Land-o-Mackay|Federation Of Armed Nations|10021|Yellow|Expired|0|100|0|7/5/2025 9:25:45 PM|Val Financial Assistance|4976039|
275547|BigKif|KifLand|CLAWS|15841|Black|590030|toledomike|BUGANATION|CLAWS|15841|Black|Expired|9000000|0|0|7/5/2025 9:15:51 PM|Long Deal|4976037|
453391|Rokula|Paraiso|New Pacific Order|10000|Red|555876|Khandov|Polonia Overlordship|New Pacific Order|10000|Red|Expired|9000000|0|0|7/5/2025 7:35:01 PM|Bankroll|4976026|
453391|Rokula|Paraiso|New Pacific Order|10000|Red|612177|DannyVee|Cvetko|New Pacific Order|10000|Red|Expired|9000000|0|0|7/5/2025 7:34:53 PM|QT Pay|4976025|
168237|Ducky is King|Duckys Kingdom|Sparta|10008|Black|143364|Inkblot|Poverty|Sparta|10008|Black|Expired|6000000|0|0|7/5/2025 6:02:23 PM|Tech Deal|4976022|
643784|Cypher Link|Cyphristria|Post Grunge Supergroup|16367|Brown|646949|BBAZOKA|Yummylite|Post Grunge Supergroup|16367|Brown|Expired|6000000|0|0|7/5/2025 5:56:08 PM|Tech Deal 6/100|4976019|
71592|upchuck|warmarding|Viridian Entente|10010|Green|569906|Tradewind|Republic of Bort|Viridian Entente|10010|Green|Expired|9000000|0|0|7/5/2025 5:22:47 PM|tech deal 9m/200t|4976018|
437779|Clayton Lilleby|Lilleby|Nordreich|11319|Maroon|240196|Seagram|Siperia|Nordreich|11319|Maroon|Expired|0|100|0|7/5/2025 4:14:27 PM|Financial Assistance|4976009|
437779|Clayton Lilleby|Lilleby|Nordreich|11319|Maroon|367611|TurnipCruncher|Hwicca|Nordreich|11319|Maroon|Expired|0|100|0|7/5/2025 4:14:05 PM|Financial Assistance|4976008|
437779|Clayton Lilleby|Lilleby|Nordreich|11319|Maroon|290230|UnLimited|Aurora Borealis|Nordreich|11319|Maroon|Expired|0|100|0|7/5/2025 4:13:55 PM|Financial Assistance|4976007|
437779|Clayton Lilleby|Lilleby|Nordreich|11319|Maroon|87922|Baron Zemo|Nordenstrom|Nordreich|11319|Maroon|Expired|9000000|100|0|7/5/2025 4:13:20 PM|Financial Assistance|4976005|
631409|German Made|German Engineering|The Prussian Empire|14204|Green|618698|Arminius Cheruski|Germania Magna|The Prussian Empire|14204|Green|Expired|0|100|0|7/5/2025 3:25:43 PM|Financial Assistance|4976003|
380432|dimaradona|Piedra Negra|Green Protection Agency|10041|Green|573749|necAnt|Lucky Ants|The Gramlins|17275|Green|Expired|9000000|0|0|7/5/2025 3:03:31 PM|Financial Assistance|4976002|
470323|plaw44|infinite desire|Doombrella|17368|Black|566736|amossio|amossio|Doombrella|17368|Black|Expired|6000000|0|0|7/5/2025 2:28:03 PM|Financial Assistance|4976000|
642764|Nerdslayerx|Friheden|New Polar Order|10006|Blue|202519|Zombie Glaucon|UTC Labs|New Polar Order|10006|Blue|Expired|0|100|0|7/5/2025 2:18:57 PM|RATS Tech|4975999|
642764|Nerdslayerx|Friheden|New Polar Order|10006|Blue|553210|tenbob|Mayoabu|New Polar Order|10006|Blue|Expired|0|100|0|7/5/2025 2:18:45 PM|RATS Tech|4975998|
642764|Nerdslayerx|Friheden|New Polar Order|10006|Blue|262358|Johnny123|Johhny|New Polar Order|10006|Blue|Expired|0|100|0|7/5/2025 2:18:10 PM|ICECAP Tech|4975997|
646307|Hermes Observer|Radchaai|Doombrella|17368|Black|502087|Astryl|Ethereal|Doombrella|17368|Black|Expired|0|100|0|7/5/2025 1:43:15 PM|Financial Assistance|4975993|
142120|Commander Thrawn|Csilla|Doombrella|17368|Black|645303|Leviticus|Hedonia Senae|Church of the Holy Platypus|17265|Brown|Expired|6000000|0|0|7/5/2025 1:39:59 PM|Financial Assistance|4975992|
142120|Commander Thrawn|Csilla|Doombrella|17368|Black|646947|Hawggystyle|Djibigbouti|Doombrella|17368|Black|Expired|6000000|0|0|7/5/2025 1:39:49 PM|Financial Assistance|4975991|
142120|Commander Thrawn|Csilla|Doombrella|17368|Black|566736|amossio|amossio|Doombrella|17368|Black|Expired|6000000|0|0|7/5/2025 1:39:27 PM|Financial Assistance|4975990|
137097|htmlmaster|Technopolis|Argent|10063|Pink|471972|Monkzaon|Ecliptonia|United Equestria|10101|Pink|Expired|9000000|0|0|7/5/2025 1:01:55 PM|9/100|4975989|
646098|Brutus5149|Legio Lupi|New Pacific Order|10000|Red|580705|Theory|Westermont|New Pacific Order|10000|Red|Expired|0|100|0|7/5/2025 12:29:22 PM|QT Tech|4975984|
645347|Randomnameguy|New England INC|Post Grunge Supergroup|16367|Brown|627592|Lord Xamaeron|Celtic Forest|Post Grunge Supergroup|16367|Brown|Expired|0|100|0|7/5/2025 12:19:49 PM|Tech Payment|4975983|
641537|Probably Mochi|Kap Land|Doom Squad|16454|Black|646947|Hawggystyle|Djibigbouti|Doombrella|17368|Black|Expired|6000000|0|0|7/5/2025 12:12:20 PM|Financial Assistance|4975981|
528882|JSoprano|Darasuum|Post Grunge Supergroup|16367|Brown|643741|Danteeternity|Balan|Post Grunge Supergroup|16367|Brown|Expired|9000000|0|0|7/5/2025 11:50:09 AM|Tech deelz r gud|4975979|
38398|RadonaTor|San Fiera|New Pacific Order|10000|Red|646098|Brutus5149|Legio Lupi|New Pacific Order|10000|Red|Expired|9000000|0|0|7/5/2025 11:36:59 AM|Rising Stars|4975978|
38398|RadonaTor|San Fiera|New Pacific Order|10000|Red|646033|PlatinumAero|Verloren|The Wolves|16660|Maroon|Expired|9000000|0|0|7/5/2025 11:36:52 AM|Hugs from NPO|4975977|
641537|Probably Mochi|Kap Land|Doom Squad|16454|Black|532609|KingJohnny|Nechian Empire|Doom Squad|16454|Black|Expired|9000000|0|0|7/5/2025 11:20:51 AM|Robochi|4975976|
634597|LiaColle|Prynthian|Non Grata|10097|Maroon|230895|TCTriangle|Taninsania|Non Grata|10097|Maroon|Expired|0|100|0|7/5/2025 11:16:02 AM|Financial Assistance|4975975|
634597|LiaColle|Prynthian|Non Grata|10097|Maroon|2621|James|TIEIXIAIS|Non Grata|10097|Maroon|Expired|0|100|0|7/5/2025 11:15:49 AM|Financial Assistance|4975974|
402037|Soviet Mudkip|In Soviet Russia|The Dark Templar|10056|Black|642338|Kauppinen|Savruotland|The Dark Templar|10056|Black|Expired|9000000|0|0|7/5/2025 11:13:54 AM|9m/100t|4975972|
2621|James|TIEIXIAIS|Non Grata|10097|Maroon|12258|Commissar Sendoa|Cataduanes|Non Grata|10097|Maroon|Expired|9000000|0|0|7/5/2025 10:58:42 AM|Financial Assistance|4975971|
2621|James|TIEIXIAIS|Non Grata|10097|Maroon|584157|Sheekyz|Kingdom Of Xe|Non Grata|10097|Maroon|Expired|9000000|0|0|7/5/2025 10:58:08 AM|Financial Assistance|4975970|
79371|xkirra|Mordlandia|Global Alliance And Treaty Organization|10003|Brown|646764|Reverend Edo|Outopostan|Global Alliance And Treaty Organization|10003|Brown|Expired|6000000|0|0|7/5/2025 10:49:34 AM|Financial Assistance|4975969|
580046|Body Jryant|Conservative South|Christian Coalition Of Countries|10028|Maroon|88398|thepunk|thepunk|Federation Of Armed Nations|10021|Yellow|Expired|0|100|0|7/5/2025 10:31:01 AM|VEP|4975967|
535865|Donbo McSlay|Donbo Land|Federation Of Armed Nations|10021|Yellow|32845|Mackay Warrior|Land-o-Mackay|Federation Of Armed Nations|10021|Yellow|Expired|0|100|0|7/5/2025 10:03:50 AM|Financial Assistance|4975963|
538755|zeldafan4ever|Terminus|Orange Defense Network|10007|Orange|298479|Pheren|Lost Atlantis|Orange Defense Network|10007|Orange|Expired|0|100|0|7/5/2025 9:06:04 AM|Tech 2/3|4975958|
538755|zeldafan4ever|Terminus|Orange Defense Network|10007|Orange|38659|Rikhard II|Lunzania|Orange Defense Network|10007|Orange|Expired|0|100|0|7/5/2025 9:05:44 AM|Tech 3/3|4975957|
300255|Argirioc|Argiriahn|The Legion|10020|Purple|623795|Aristarchus of Samos|baklava|The Legion|10020|Purple|Expired|0|100|0|7/5/2025 8:52:14 AM|Financial Assistance|4975953|
300255|Argirioc|Argiriahn|The Legion|10020|Purple|629180|filgod|Sicara|The Legion|10020|Purple|Expired|0|100|0|7/5/2025 8:51:38 AM|Financial Assistance|4975951|
610594|ADude|OceaniaRedux|Doom Squad|16454|Black|646431|The Cute Twin|Vlasic|Doom Squad|16454|Black|Expired|9000000|0|0|7/5/2025 8:49:50 AM|Financial Assistance|4975948|
610594|ADude|OceaniaRedux|Doom Squad|16454|Black|532609|KingJohnny|Nechian Empire|Doom Squad|16454|Black|Expired|9000000|0|0|7/5/2025 8:49:44 AM|Financial Assistance|4975947|
610594|ADude|OceaniaRedux|Doom Squad|16454|Black|646836|Keyzlt5|Chi Seeds|Doom Squad|16454|Black|Expired|9000000|0|0|7/5/2025 8:49:23 AM|Financial Assistance|4975946|
634306|Lalaa|Lalaa|Doom Squad|16454|Black|506358|lightningjim|Fulmen Ingenium|Doom Squad|16454|Black|Expired|6000000|0|0|7/5/2025 8:47:41 AM|Financial Assistance|4975945|
634306|Lalaa|Lalaa|Doom Squad|16454|Black|646836|Keyzlt5|Chi Seeds|Doom Squad|16454|Black|Expired|9000000|0|0|7/5/2025 8:47:09 AM|Financial Assistance|4975944|
632397|Gregory24|Candor|Post Grunge Supergroup|16367|Brown|646949|BBAZOKA|Yummylite|Post Grunge Supergroup|16367|Brown|Expired|6000000|0|0|7/5/2025 8:42:56 AM|Tech deal 6/100|4975943|
638|mikharr123|Sirrahistan|New Polar Order|10006|Blue|483058|Dubh Caireallain|Roisin Dubh|New Polar Order|10006|Blue|Expired|9000000|0|0|7/5/2025 8:20:53 AM| ICECAP Cash |4975940|
638|mikharr123|Sirrahistan|New Polar Order|10006|Blue|643625|DERVISHchaff|Sudentor|New Polar Order|10006|Blue|Expired|6000000|0|0|7/5/2025 8:20:37 AM| ICECAP Cash |4975939|
638|mikharr123|Sirrahistan|New Polar Order|10006|Blue|641765|Chandragupta Maurya|Maurya Dynasty|New Polar Order|10006|Blue|Expired|9000000|0|0|7/5/2025 8:20:14 AM| ICECAP Cash |4975938|
644785|Optimus881|Wakanda881|Post Grunge Supergroup|16367|Brown|618472|Leftie|Brotherhood|Madlads Union|17130|Brown|Expired|0|100|0|7/5/2025 8:13:06 AM|PSG $9M/100Tech|4975937|
273254|unstpblpimp|unstpblpimp|Global Alliance and Treaty Organization|10003|Brown|455413|Duke Nukem|NukemLand|Global Alliance And Treaty Organization|10003|Brown|Expired|9000000|0|0|7/5/2025 8:05:58 AM|Financial Assistance|4975936|
261397|Rampage3|United Liberocracy|Nuclear Proliferation League|17228|Aqua|646839|rickm27|Balmoria|Nuclear Proliferation League|17228|Aqua|Expired|9000000|0|0|7/5/2025 7:55:08 AM|Financial Assistance|4975935|
582004|Neforatu|Nation Reborn|Post Grunge Supergroup|16367|Yellow|646953|TheMayor1153|Shoulders of Atlas|Nuclear Proliferation League|17228|Aqua|Expired|6000000|0|0|7/5/2025 7:42:52 AM|Tech Deal|4975934|
646815|godtoh1|hotdogal|Global Alliance And Treaty Organization|10003|Brown|139990|BacTalan|NorseTurks|Global Alliance And Treaty Organization|10003|Brown|Expired|0|100|0|7/5/2025 7:34:36 AM|Financial Assistance|4975929|
643449|Esabbi|Liberation Islands|Post Grunge Supergroup|16367|Brown|326273|Red Rebel|Pi Lambda Phi|Madlads Union|17130|Brown|Expired|0|100|0|7/5/2025 7:31:38 AM|Tech deal 100t/9m|4975928|
645740|ShadowSleeper|Noevgono|Nuclear Proliferation League|17228|Aqua|107572|oneeightytwo|d&#237;beartach|Fark|10002|Aqua|Expired|0|100|0|7/5/2025 7:29:35 AM|Financial Assistance|4975927|
629752|Jamo199599|C1995|New Polar Order|10006|Blue|639953|Mihail the Just|Republic of Onivlac|New Polar Order|10006|Blue|Expired|9000000|0|0|7/5/2025 7:22:33 AM|ICECAP Cash|4975925|
629752|Jamo199599|C1995|New Polar Order|10006|Blue|481947|Morgaine|Cruithne|New Polar Order|10006|Blue|Expired|9000000|0|0|7/5/2025 7:22:21 AM|ICECAP Cash|4975924|
416942|Chris Kaos|The Kingdom of Kaos|Global Alliance And Treaty Organization|10003|Brown|646764|Reverend Edo|Outopostan|Global Alliance And Treaty Organization|10003|Brown|Expired|6000000|0|0|7/5/2025 6:13:15 AM|Financial Assistance|4975916|
416942|Chris Kaos|The Kingdom of Kaos|Global Alliance And Treaty Organization|10003|Brown|646762|Kevlar|Sasquatch|Global Alliance And Treaty Organization|10003|Brown|Expired|6000000|0|0|7/5/2025 6:13:04 AM|Financial Assistance|4975915|
416942|Chris Kaos|The Kingdom of Kaos|Global Alliance And Treaty Organization|10003|Brown|646756|DyneVeilstone|Felis Felicitas|Global Alliance And Treaty Organization|10003|Brown|Expired|6000000|0|0|7/5/2025 6:12:54 AM|Financial Assistance|4975914|
404176|Sadero|Saderia|New Polar Order|10006|Blue|526631|Fyston|Gallifrey|New Polar Order|10006|Blue|Expired|0|100|0|7/5/2025 5:37:22 AM|ICECAP Tech|4975909|
625646|muji111|muji111|Random Insanity Alliance|10038|Maroon|94305|Brettward|Truckerland|Nordreich|11319|Maroon|Expired|0|100|0|7/5/2025 5:14:12 AM|Financial Assistance|4975908|
625646|muji111|muji111|Random Insanity Alliance|10038|Maroon|152779|Crazyguy945|United Nick|Coalition of Royal Allied Powers|10051|Maroon|Expired|0|100|0|7/5/2025 5:14:00 AM|Financial Assistance|4975907|
1037|mona lisa|3 oaks|Old Guard|11296|Blue|580046|Body Jryant|Conservative South|Christian Coalition Of Countries|10028|Maroon|Expired|9000000|0|0|7/5/2025 5:06:56 AM|Valyrian Aid|4975906|
380255|Vaslov|UFPNS|Argent|10063|Pink|471972|Monkzaon|Ecliptonia|United Equestria|10101|Pink|Expired|9000000|0|0|7/5/2025 4:55:30 AM|Tech deal|4975905|
621241|John Mathews|Earth Three|Fark|10002|Aqua|646156|Kking2025|Louis nation|Nuclear Proliferation League|17228|Blue|Expired|9000000|0|0|7/5/2025 4:27:11 AM|Financial Assistance|4975902|
621241|John Mathews|Earth Three|Fark|10002|Aqua|646953|TheMayor1153|Shoulders of Atlas|Nuclear Proliferation League|17228|Aqua|Expired|6000000|0|0|7/5/2025 4:26:36 AM|Financial Assistance|4975901|
621029|Le Trout|Lambo Lambo Lambo|Post Grunge Supergroup|16367|Brown|636336|Stelth|White Mountain|Union Of Communist Republics|10060|Brown|Expired|0|100|0|7/5/2025 4:21:36 AM|YEET|4975900|
621029|Le Trout|Lambo Lambo Lambo|Post Grunge Supergroup|16367|Brown|144157|Sarkin|My Hero Party|The Dark Templar|10056|Black|Expired|0|100|0|7/5/2025 4:21:22 AM|YEET|4975899|
627572|Latexi|Why would I do this|Non Grata|10097|Maroon|288430|jrsyboy|toqueville|Non Grata|10097|Maroon|Expired|0|100|0|7/5/2025 3:53:35 AM|Financial Assistance|4975898|
132439|Magus Rules|Magusland|New Pacific Order|10000|Red|646098|Brutus5149|Legio Lupi|New Pacific Order|10000|Red|Expired|9000000|0|0|7/5/2025 3:41:04 AM|Rising Stars|4975896|
132439|Magus Rules|Magusland|New Pacific Order|10000|Red|646033|PlatinumAero|Verloren|The Wolves|16660|Maroon|Expired|9000000|0|0|7/5/2025 3:40:55 AM|Hugs from NPO|4975895|
624193|The1nonlykk|Biourja|Non Grata|10097|Maroon|288430|jrsyboy|toqueville|Non Grata|10097|Maroon|Expired|0|100|0|7/5/2025 3:30:12 AM|Financial Assistance|4975893|
624193|The1nonlykk|Biourja|Non Grata|10097|Maroon|230895|TCTriangle|Taninsania|Non Grata|10097|Maroon|Expired|0|100|0|7/5/2025 3:30:05 AM|Financial Assistance|4975892|
624193|The1nonlykk|Biourja|Non Grata|10097|Maroon|634448|Stewie|Stewieland III|Non Grata|10097|Maroon|Expired|0|100|0|7/5/2025 3:30:00 AM|Financial Assistance|4975891|
479490|King Cyan|The Cyan Kingdom|Global Alliance And Treaty Organization|10003|Brown|485812|Amyante|Zargathia|Shangri La|13799|White|Expired|9000000|0|0|7/5/2025 3:28:51 AM|Tech deal|4975890|
516493|The dutch Dragonborn|The Dutch Dragonborn|New Polar Order|10006|Blue|481947|Morgaine|Cruithne|New Polar Order|10006|Blue|Expired|9000000|0|0|7/5/2025 3:24:36 AM|ICECAP Cash|4975889|
569906|Tradewind|Republic of Bort|Viridian Entente|10010|Green|301014|asawyer|Zabril|Viridian Entente|10010|Green|Expired|0|100|0|7/5/2025 2:34:16 AM|Tech 2 of 2|4975881|
634448|Stewie|Stewieland III|Non Grata|10097|Maroon|634903|ToasterOven|Pancake Republic|Non Grata|10097|Maroon|Expired|9000000|0|0|7/5/2025 2:17:44 AM|Financial Assistance|4975880|
645844|Dario the Great|Darioland|Non Grata|10097|Maroon|407657|Shtanto|Shtanto|Non Grata|10097|Maroon|Expired|0|100|0|7/5/2025 1:59:06 AM|NGTechzzz|4975878|
618150|Lyanna Mormont|Bear Island 4 Lyfe|Non Grata|10097|Maroon|230895|TCTriangle|Taninsania|Non Grata|10097|Maroon|Expired|0|100|0|7/5/2025 1:47:06 AM|Financial Assistance|4975872|
618150|Lyanna Mormont|Bear Island 4 Lyfe|Non Grata|10097|Maroon|188637|Caustic|Hazardous Materials|Non Grata|10097|Maroon|Expired|0|100|0|7/5/2025 1:46:45 AM|Financial Assistance|4975871|
618150|Lyanna Mormont|Bear Island 4 Lyfe|Non Grata|10097|Maroon|155826|weebl2000|Azeer|Non Grata|10097|Maroon|Expired|0|100|0|7/5/2025 1:46:28 AM|Financial Assistance|4975870|
618150|Lyanna Mormont|Bear Island 4 Lyfe|Non Grata|10097|Maroon|634448|Stewie|Stewieland III|Non Grata|10097|Maroon|Expired|0|100|0|7/5/2025 1:46:06 AM|Financial Assistance|4975869|
639322|Kaenver|PDR Muog|Madlads Union|17130|Brown|646953|TheMayor1153|Shoulders of Atlas|Nuclear Proliferation League|17228|Aqua|Expired|6000000|0|0|7/5/2025 1:40:21 AM|tech deal 6/100|4975866|
124781|im317|im317|Random Insanity Alliance|10038|Maroon|646953|TheMayor1153|Shoulders of Atlas|Nuclear Proliferation League|17228|Aqua|Expired|6000000|0|0|7/5/2025 1:10:00 AM|tech deal|4975862|
620328|Albasti|Kayi Tribe|New Pacific Order|10000|Red|581758|Tiberius|Nuke Town|New Pacific Order|10000|Red|Expired|0|100|0|7/5/2025 1:05:27 AM|QT Tech|4975860|
620328|Albasti|Kayi Tribe|New Pacific Order|10000|Red|616876|Lady Hawk|Isle of Mann|New Pacific Order|10000|Red|Expired|0|100|0|7/5/2025 1:05:06 AM|QT Tech|4975859|
620328|Albasti|Kayi Tribe|New Pacific Order|10000|Red|629229|HopeFun|LimaPT|New Pacific Order|10000|Red|Expired|0|100|0|7/5/2025 1:04:43 AM|QT Tech|4975858|
620328|Albasti|Kayi Tribe|New Pacific Order|10000|Red|75117|rnegafan|Rnegfania|New Pacific Order|10000|Red|Expired|0|100|0|7/5/2025 1:04:21 AM|QT Tech|4975857|
620328|Albasti|Kayi Tribe|New Pacific Order|10000|Red|580705|Theory|Westermont|New Pacific Order|10000|Red|Expired|0|100|0|7/5/2025 1:04:01 AM|QT Tech|4975856|
518299|President Nathanael|Meracia|Nuclear Proliferation League|17228|Black|646937|Jaja12|Nigeriana|Nuclear Proliferation League|17228|Aqua|Expired|6000000|0|0|7/5/2025 12:56:30 AM|NPL aid!|4975854|
518299|President Nathanael|Meracia|Nuclear Proliferation League|17228|Black|646892|Kamva|Zaire Republic|Nuclear Proliferation League|17228|Aqua|Expired|6000000|0|0|7/5/2025 12:55:56 AM|NPL aid!|4975853|
639843|TheChickenRun|Costco Wholesale|The Dark Templar|10056|Black|308695|Indiomaestro|Jahara|The Dark Templar|10056|Black|Expired|0|100|0|7/5/2025 12:09:24 AM|Free Tech|4975849|
531590|Ledon|Ledonia|Knights of the Round Table|10092|Green|646204|Tunne|minion|Knights Of The Round Table|10092|Green|Expired|6000000|0|0|7/5/2025 12:06:20 AM|Tech Deal|4975848|
645274|GRATHGFRT|zUTIA|Knights Of The Round Table|10092|Green|384577|wayoik|SunOase|Knights Of The Round Table|10092|Green|Expired|0|100|0|7/5/2025 12:05:34 AM|Financial Assistance|4975847|
531590|Ledon|Ledonia|Knights of the Round Table|10092|Green|640027|Rdjzozet|Tryzovits|CLAWS|15841|Black|Expired|9000000|0|0|7/4/2025 11:50:54 PM|Tech Deal|4975843|
132439|Magus Rules|Magusland|New Pacific Order|10000|Red|620667|Rosey Song|Llandy|New Pacific Order|10000|Red|Expired|9000000|0|0|7/4/2025 11:47:31 PM|Rising Stars|4975842|
132439|Magus Rules|Magusland|New Pacific Order|10000|Red|616294|Japanese Schoolgirls|Japanese Schoolgirls|New Pacific Order|10000|Red|Expired|9000000|0|0|7/4/2025 11:47:12 PM|Rising Stars|4975840|
132439|Magus Rules|Magusland|New Pacific Order|10000|Red|277690|brentaar|Barstonia|New Pacific Order|10000|Red|Expired|9000000|0|0|7/4/2025 11:47:03 PM|Credit Payout|4975839|
113773|Njero|Njebooro|NATO|10037|Blue|578954|Rydin|Vundf|Freehold of The Wolves|15157|White|Expired|0|100|0|7/4/2025 11:08:05 PM|Valyrian Aid|4975838|
113773|Njero|Njebooro|NATO|10037|Blue|414519|markpalm1|vacous|Freehold of The Wolves|15157|White|Expired|0|100|0|7/4/2025 11:07:09 PM|Valyrian Aid|4975836|
113773|Njero|Njebooro|NATO|10037|Blue|107100|Lenny N Karl|Mudfoot|NATO|10037|Blue|Expired|0|100|0|7/4/2025 11:06:54 PM|Valyrian Aid|4975834|
113773|Njero|Njebooro|NATO|10037|Blue|65430|Lord Bane|Damasca|Freehold of The Wolves|15157|White|Expired|0|100|0|7/4/2025 11:06:46 PM|Valyrian Aid|4975833|
61657|Umar ibn Abd al-Aziz|Umayyad Caliphate|DOOMBIRD DOOMCAVE|10449|Black|101493|ak47don|sicily mafia|Doombrella|17368|Black|Expired|9000000|0|0|7/4/2025 10:53:38 PM|Financial Assistance|4975832|
61657|Umar ibn Abd al-Aziz|Umayyad Caliphate|DOOMBIRD DOOMCAVE|10449|Black|641537|Probably Mochi|Kap Land|Doom Squad|16454|Black|Expired|9000000|0|0|7/4/2025 10:51:42 PM|Financial Assistance|4975831|
404438|Herzog|Black Amber|Sparta|10008|Black|317431|Evileel|ell pond|Sparta|10008|Black|Expired|0|100|0|7/4/2025 10:42:37 PM|Financial Assistance|4975830|
404438|Herzog|Black Amber|Sparta|10008|Black|111387|riffers|Vagumachland|Sparta|10008|Black|Expired|0|100|0|7/4/2025 10:42:22 PM|Financial Assistance|4975829|
430606|KemMo|Maurinaria|Nuclear Proliferation League|17228|Aqua|645829|blegth|irting|Nuclear Proliferation League|17228|Aqua|Expired|9000000|0|0|7/4/2025 10:27:52 PM|Financial Assistance|4975828|
634284|mikeymikes|batmanism|Doombrella|17368|Black|626860|BringMeTheHorizon|Dakotas|Doombrella|17368|Black|Expired|9000000|100|4000|7/4/2025 10:25:21 PM|aids|4975827|
468549|shadowstriker|shadow world|NATO|10037|Blue|646570|CiceroThePoet|Ismuth|NATO|10037|Blue|Expired|9000000|0|0|7/4/2025 8:41:36 PM|Valyrian Aid|4975821|
468549|shadowstriker|shadow world|NATO|10037|Blue|645124|stugots|Trumpopolis|NATO|10037|Blue|Expired|9000000|0|0|7/4/2025 8:40:33 PM|Valyrian Aid|4975820|
555334|Gveil|Giantland|The Legion|10020|Purple|568971|Lord Windmark|Regnum Saoirse|The Legion|10020|Purple|Expired|0|100|0|7/4/2025 8:24:17 PM|Financial Assistance|4975819|
634521|Kapleo|Kapleo|The Phoenix Federation|17385|Black|192584|malazar|Jinnailand|CLAWS|15841|White|Expired|0|100|0|7/4/2025 8:17:23 PM|Financial Assistance|4975818|
634521|Kapleo|Kapleo|The Phoenix Federation|17385|Black|447303|Terminator|USSROK|CLAWS|15841|Aqua|Expired|0|100|0|7/4/2025 8:17:10 PM|Issa joke|4975817|
602009|JDRod|ReDux Empire|Coalition of Royal Allied Powers|10051|Maroon|195832|hackerhog|Frontier|Random Insanity Alliance|10038|Maroon|Expired|0|100|0|7/4/2025 6:38:17 PM|Tech|4975814|
470323|plaw44|infinite desire|Doombrella|17368|Black|646947|Hawggystyle|Djibigbouti|Doombrella|17368|Black|Expired|6000000|0|0|7/4/2025 5:26:49 PM|Financial Assistance|4975809|
644573|david har sinay|AuroriNa|Veneris|17356|White|613652|Peterkin|Quaraguay|Freehold of The Wolves|15157|White|Expired|0|100|0|7/4/2025 5:09:02 PM|Financial Assistance|4975808|
645427|Clank|Clank|Doombrella|17368|Black|484851|enderland|Fields of Elysium|Doombrella|17368|Black|Expired|0|100|0|7/4/2025 4:56:25 PM|Financial Assistance|4975806|
529267|Pastor Jason|Gods Country|Doom Squad|16454|Black|615966|tehol|Lether|Doom Squad|16454|Black|Expired|0|100|0|7/4/2025 4:45:08 PM|Jesus Christ is Lord |4975805|
625051|Troopers|Colonist|CLAWS|15841|Black|410290|bdrocks|Knights of Honour|CLAWS|15841|Black|Expired|0|100|0|7/4/2025 3:14:58 PM|Financial Assistance|4975799|
430046|Beowulf88|Arcanium|Christian Coalition of Countries|10028|Maroon|634273|kolomee|Noodles Descendent|Freehold of The Wolves|15157|White|Expired|9000000|0|0|7/4/2025 2:46:15 PM|Valyrian Aid|4975796|
430046|Beowulf88|Arcanium|Christian Coalition of Countries|10028|Maroon|633463|Mein Kaiser|DasVaterland|Church of the Holy Platypus|17265|Green|Expired|9000000|0|0|7/4/2025 2:46:04 PM|Valyrian Aid|4975795|
325990|Bleak Outlook|New Dun Likus|Fark|10002|Aqua|159130|Decide R Inchief|decided4us|Fark|10002|Aqua|Expired|0|100|0|7/4/2025 2:20:57 PM|Early birthday present!|4975793|
264926|Ken T Kent|Codopia|Fark|10002|Aqua|106268|cable77|Tau ri|Fark|10002|Aqua|Expired|9000000|100|0|7/4/2025 1:47:01 PM|Financial Assistance|4975792|
264926|Ken T Kent|Codopia|Fark|10002|Aqua|477144|delthan2|comedyoferrors|Fark|10002|Aqua|Expired|0|100|0|7/4/2025 1:46:52 PM|Financial Assistance|4975791|
646327|KittenGosCrazy|Aura Kingdom|Global Alliance And Treaty Organization|10003|Brown|39705|Bmk812|Eisenherz|Global Alliance And Treaty Organization|10003|Brown|Expired|0|100|0|7/4/2025 1:39:46 PM|Purchased Tech|4975790|
288372|king qaz|my own little workd|The Legion|10020|Purple|646824|AlphaB|Blue Ribbon|The Legion|10020|Purple|Expired|6000000|0|0|7/4/2025 1:18:24 PM|Financial Assistance|4975789|
288372|king qaz|my own little workd|The Legion|10020|Purple|646353|tuomas|temple of perversion|The Legion|10020|Purple|Expired|9000000|0|0|7/4/2025 1:18:15 PM|Financial Assistance|4975788|
637819|Thakur jalaj|Dhuarka|CLAWS|15841|Black|275547|BigKif|KifLand|CLAWS|15841|Black|Expired|9000000|0|0|7/4/2025 12:01:25 PM|Financial Assistance|4975782|
580046|Body Jryant|Conservative South|Christian Coalition Of Countries|10028|Maroon|414519|markpalm1|vacous|Freehold of The Wolves|15157|White|Expired|0|100|0|7/4/2025 12:00:32 PM|VEP|4975780|
101765|KevinH|Establishmentism|Independent Republic of Orange Nations|10004|Orange|391465|Lysistrata|Alamo|Independent Republic Of Orange Nations|10004|Orange|Expired|9000000|100|4000|7/4/2025 11:35:53 AM|Big &amp; Beautiful|4975776|
546488|levothy|mycybernation|Knights Of The Round Table|10092|Green|52010|Skaha|Britannia Coast|Knights of the Round Table|10092|Green|Expired|0|100|0|7/4/2025 11:10:14 AM|Project 37|4975774|
618189|Curiosity|Illusion|New Pacific Order|10000|Red|629229|HopeFun|LimaPT|New Pacific Order|10000|Red|Expired|0|100|0|7/4/2025 11:04:24 AM|QT Tech|4975772|
618189|Curiosity|Illusion|New Pacific Order|10000|Red|568748|Llednar Twem|Eurica|New Pacific Order|10000|Red|Expired|0|100|0|7/4/2025 11:04:13 AM|QT Tech|4975771|
618189|Curiosity|Illusion|New Pacific Order|10000|Red|476208|Itzcoliuhqui|Firelands|New Pacific Order|10000|Red|Expired|0|100|0|7/4/2025 11:03:57 AM|QT Tech|4975770|
618189|Curiosity|Illusion|New Pacific Order|10000|Red|256901|GurneyHalleck|Mountaineer|New Pacific Order|10000|Red|Expired|0|100|0|7/4/2025 11:03:43 AM|QT Tech|4975769|
618189|Curiosity|Illusion|New Pacific Order|10000|Red|478715|New Persia|New Pars|New Pacific Order|10000|Red|Expired|0|100|0|7/4/2025 11:03:35 AM|QT Tech|4975768|
618189|Curiosity|Illusion|New Pacific Order|10000|Red|134146|Lenadius|Espa&#241;ola|New Pacific Order|10000|Red|Expired|0|100|0|7/4/2025 11:03:21 AM|QT Tech|4975767|
572011|Nijil1|Polinasia|New Pacific Order|10000|Red|629229|HopeFun|LimaPT|New Pacific Order|10000|Red|Expired|0|100|0|7/4/2025 10:52:47 AM|QT Tech|4975764|
572011|Nijil1|Polinasia|New Pacific Order|10000|Red|568748|Llednar Twem|Eurica|New Pacific Order|10000|Red|Expired|0|100|0|7/4/2025 10:52:35 AM|QT Tech|4975763|
572011|Nijil1|Polinasia|New Pacific Order|10000|Red|75117|rnegafan|Rnegfania|New Pacific Order|10000|Red|Expired|0|100|0|7/4/2025 10:52:28 AM|QT Tech|4975762|
572011|Nijil1|Polinasia|New Pacific Order|10000|Red|21424|John Edward|Ardenchestia|New Pacific Order|10000|Red|Expired|0|100|0|7/4/2025 10:52:19 AM|QT Tech|4975761|
572011|Nijil1|Polinasia|New Pacific Order|10000|Red|476208|Itzcoliuhqui|Firelands|New Pacific Order|10000|Red|Expired|0|100|0|7/4/2025 10:49:39 AM|QT Tech|4975759|
583069|Embowaf|Ilium|Mostly Harmless Alliance|14879|Aqua|634273|kolomee|Noodles Descendent|Freehold of The Wolves|15157|White|Expired|9000000|0|0|7/4/2025 9:23:18 AM|VEP|4975741|
583069|Embowaf|Ilium|Mostly Harmless Alliance|14879|Aqua|633463|Mein Kaiser|DasVaterland|Church of the Holy Platypus|17265|Green|Expired|9000000|0|0|7/4/2025 9:23:04 AM|VEP|4975740|
644476|ICCoug|VanDanBerg|Catholic Reich|17311|Black|633394|Drake Draconis|Draco Purpureus|The Dark Templar|10056|Black|Expired|0|100|0|7/4/2025 9:22:42 AM|Financial Assistance|4975739|
583069|Embowaf|Ilium|Mostly Harmless Alliance|14879|Aqua|467217|aroswing|Land of Darkness|Freehold of The Wolves|15157|White|Expired|9000000|0|0|7/4/2025 9:22:39 AM|VEP|4975738|
532352|Serberus|The State|Post Grunge Supergroup|16367|Brown|645265|kaalle|KALLLAND|Post Grunge Supergroup|16367|Brown|Expired|9000000|0|0|7/4/2025 9:07:17 AM|Tech Deal|4975736|
168105|Bobogoobo|Bobogoobo|New Pacific Order|10000|Red|620667|Rosey Song|Llandy|New Pacific Order|10000|Red|Expired|9000000|0|0|7/4/2025 7:46:13 AM|Rising Stars|4975732|
168105|Bobogoobo|Bobogoobo|New Pacific Order|10000|Red|645082|TowerQueen|Turrim|New Pacific Order|10000|Red|Expired|9000000|0|0|7/4/2025 7:46:07 AM|QT Pay|4975731|
168105|Bobogoobo|Bobogoobo|New Pacific Order|10000|Red|633137|International Waters|International Waters|New Pacific Order|10000|Red|Expired|9000000|0|0|7/4/2025 7:45:59 AM|Bankroll|4975730|
618779|learjet|Racinante|The Legion|10020|Purple|646353|tuomas|temple of perversion|The Legion|10020|Purple|Expired|9000000|0|0|7/4/2025 7:27:29 AM|Financial Assistance|4975728|
645261|kinmckhatch|dudeydudeworld|Federation Of Armed Nations|10021|Yellow|324421|Einer|Jesusland|Mostly Harmless Alliance|14879|White|Expired|0|100|0|7/4/2025 7:10:11 AM|Financial Assistance|4975726|
579649|Dale Flanderlion|Flanderlion|New Pacific Order|10000|Red|75117|rnegafan|Rnegfania|New Pacific Order|10000|Red|Expired|0|100|0|7/4/2025 6:57:25 AM|QT Tech|4975725|
437823|zyberzpyder|Zyberia|Non Grata|10097|Maroon|638567|Cobert|Brightwood|Non Grata|10097|Maroon|Expired|9000000|0|0|7/4/2025 6:51:37 AM|Tech|4975724|
645525|GodKing Menes|Free Republic of Kem|Nuclear Proliferation League|17228|Aqua|645985|CaboMabo|CaboMabo|Nuclear Proliferation League|17228|Aqua|Expired|9000000|100|0|7/4/2025 6:35:46 AM|Repayment 5 of 10|4975723|
600178|tejuguasu|tejuguasu|New Pacific Order|10000|Red|644646|Naturschuetzer|Naturumgibt|New Pacific Order|10000|Red|Expired|9000000|0|0|7/4/2025 6:31:06 AM|Rising Stars|4975722|
143364|Inkblot|Poverty|Sparta|10008|Black|602563|AntiChoice|SuperNaturale|Sparta|10008|Black|Expired|0|100|0|7/4/2025 6:27:13 AM|Financial Assistance|4975721|
642148|Exod IV|Ummah AlMuwahhidah|Doom Squad|16454|Black|566736|amossio|amossio|Doombrella|17368|Black|Expired|6000000|0|0|7/4/2025 6:06:10 AM|Financial Assistance|4975719|
642148|Exod IV|Ummah AlMuwahhidah|Doom Squad|16454|Black|646836|Keyzlt5|Chi Seeds|Doom Squad|16454|Black|Expired|9000000|0|0|7/4/2025 6:05:21 AM|Financial Assistance|4975718|
637264|RiddervanGelre|Nieuw Gelre|CLAWS|15841|Black|410290|bdrocks|Knights of Honour|CLAWS|15841|Black|Expired|0|100|0|7/4/2025 5:36:21 AM|Financial Assistance|4975715|
633062|SoloRocket|Rocket Republic|Post Grunge Supergroup|16367|Brown|645467|LiefzDel|Greater Czechia|Post Grunge Supergroup|16367|Brown|Expired|9000000|0|0|7/4/2025 5:30:31 AM|Tech Deal 9/100|4975713|
454283|Waterana|Chrystalen|New Pacific Order|10000|Red|679|Gateborg|Gateborg|New Pacific Order|10000|Red|Expired|9000000|0|0|7/4/2025 5:19:53 AM|Bankroll|4975712|
454283|Waterana|Chrystalen|New Pacific Order|10000|Red|646098|Brutus5149|Legio Lupi|New Pacific Order|10000|Red|Expired|9000000|0|0|7/4/2025 5:19:28 AM|Rising Stars|4975710|
454283|Waterana|Chrystalen|New Pacific Order|10000|Red|644646|Naturschuetzer|Naturumgibt|New Pacific Order|10000|Red|Expired|9000000|0|0|7/4/2025 5:19:15 AM|Rising Stars|4975709|
454283|Waterana|Chrystalen|New Pacific Order|10000|Red|635806|MikeCat|Renastasia|New Pacific Order|10000|Red|Expired|9000000|0|0|7/4/2025 5:18:52 AM|Bankroll|4975707|
646570|CiceroThePoet|Ismuth|NATO|10037|Blue|106012|President JR Seisa|Themysciera|NATO|10037|Blue|Expired|0|100|0|7/4/2025 5:03:18 AM|Financial Assistance|4975704|
646570|CiceroThePoet|Ismuth|NATO|10037|Blue|380797|gainesta09|gainesta09|NATO|10037|Blue|Expired|0|100|0|7/4/2025 5:02:44 AM|VEP|4975703|
483058|Dubh Caireallain|Roisin Dubh|New Polar Order|10006|Blue|526631|Fyston|Gallifrey|New Polar Order|10006|Blue|Expired|0|100|0|7/4/2025 3:53:48 AM|ICECAP Tech|4975701|
483058|Dubh Caireallain|Roisin Dubh|New Polar Order|10006|Blue|584263|Beefbone|Beefy|New Polar Order|10006|Blue|Expired|0|100|0|7/4/2025 3:53:18 AM|ICECAP Tech|4975700|
483058|Dubh Caireallain|Roisin Dubh|New Polar Order|10006|Blue|629752|Jamo199599|C1995|New Polar Order|10006|Blue|Expired|0|100|0|7/4/2025 3:53:02 AM|ICECAP Tech |4975699|
22277|DeathSky|White Wolf Clan|New Pacific Order|10000|Red|679|Gateborg|Gateborg|New Pacific Order|10000|Red|Expired|9000000|0|0|7/4/2025 3:46:30 AM|Bankroll|4975697|
22277|DeathSky|White Wolf Clan|New Pacific Order|10000|Red|646098|Brutus5149|Legio Lupi|New Pacific Order|10000|Red|Expired|9000000|0|0|7/4/2025 3:46:25 AM|Rising Stars|4975696|
22277|DeathSky|White Wolf Clan|New Pacific Order|10000|Red|644646|Naturschuetzer|Naturumgibt|New Pacific Order|10000|Red|Expired|9000000|0|0|7/4/2025 3:46:22 AM|Rising Stars|4975695|
22277|DeathSky|White Wolf Clan|New Pacific Order|10000|Red|554906|Terekhov|Revenge of Gravity|New Pacific Order|10000|Red|Expired|9000000|0|0|7/4/2025 3:46:18 AM|Bankroll|4975694|
262614|aml520|Hantou|New Polar Order|10006|Blue|516493|The dutch Dragonborn|The Dutch Dragonborn|New Polar Order|10006|Blue|Expired|0|100|0|7/4/2025 3:41:49 AM|ICECAP Tech|4975692|
262614|aml520|Hantou|New Polar Order|10006|Blue|629752|Jamo199599|C1995|New Polar Order|10006|Blue|Expired|0|100|0|7/4/2025 3:41:23 AM|ICECAP Tech|4975691|
206879|Platinumviper|Bekaa|NATO|10037|Blue|646570|CiceroThePoet|Ismuth|NATO|10037|Blue|Expired|9000000|0|0|7/4/2025 3:10:01 AM|Valyrian Aid|4975690|
206879|Platinumviper|Bekaa|NATO|10037|Blue|645124|stugots|Trumpopolis|NATO|10037|Blue|Expired|9000000|0|0|7/4/2025 3:09:01 AM|Valyrian Aid|4975689|
442731|Madd|Modra|New Pacific Order|10000|Red|679|Gateborg|Gateborg|New Pacific Order|10000|Red|Expired|9000000|0|0|7/4/2025 2:56:46 AM|Bankroll|4975685|
545923|VHongo|Canadian Dominanace|Green Protection Agency|10041|Green|598970|Azure|Aldarin|Viridian Entente|10010|Green|Expired|0|100|0|7/4/2025 2:18:19 AM|First of 200|4975684|
257166|Yggdrazil|Ginginugap|Independent Republic Of Orange Nations|10004|Orange|636601|Wolfbite|Caffinated Wolves|Independent Republic Of Orange Nations|10004|Orange|Expired|0|100|0|7/4/2025 1:47:10 AM|itf|4975681|
257166|Yggdrazil|Ginginugap|Independent Republic Of Orange Nations|10004|Orange|234325|Ben Gates|TreasureLand|Independent Republic Of Orange Nations|10004|Orange|Expired|0|100|0|7/4/2025 1:46:27 AM|itf|4975680|
641298|Marshal Kendall|Shafar|The Legion|10020|Purple|529402|Firkinvald|Firkinland|The Legion|10020|Purple|Expired|0|100|0|7/4/2025 1:21:34 AM|Tech|4975673|
645427|Clank|Clank|Doombrella|17368|Black|202255|onelove|We Are One Love|Doombrella|17368|Black|Expired|0|100|0|7/4/2025 1:06:54 AM|Financial Assistance|4975668|
510139|AnthraxAnderson|Empire of Armageddon|NATO|10037|Blue|63284|Kills with Fire|New Highlands|Federation of Armed Nations|10021|Yellow|Expired|0|100|0|7/4/2025 12:51:06 AM|Valyrian Tech Exchange|4975665|
310672|King Wally|Rep of Queensland|Nuclear Proliferation League|17228|Aqua|261397|Rampage3|United Liberocracy|Nuclear Proliferation League|17228|Aqua|Expired|0|100|0|7/4/2025 12:33:31 AM|Circle of LOVE|4975660|
646383|Son Of Him|Land of Forever|Catholic Reich|17311|Black|633394|Drake Draconis|Draco Purpureus|The Dark Templar|10056|Black|Expired|0|100|0|7/4/2025 12:28:28 AM|Financial Assistance|4975658|
199347|Caliph|Caliphate|Doom Squad|16454|Black|566736|amossio|amossio|Doombrella|17368|Black|Expired|6000000|0|0|7/4/2025 12:15:04 AM|Financial Assistance|4975656|
199347|Caliph|Caliphate|Doom Squad|16454|Black|646836|Keyzlt5|Chi Seeds|Doom Squad|16454|Black|Expired|9000000|0|0|7/4/2025 12:14:32 AM|Financial Assistance|4975655|
199347|Caliph|Caliphate|Doom Squad|16454|Black|139809|John Orris|Commonwealth of John|Doombrella|17368|Black|Expired|0|100|0|7/4/2025 12:12:24 AM|Financial Assistance|4975653|
639843|TheChickenRun|Costco Wholesale|The Dark Templar|10056|Black|402037|Soviet Mudkip|In Soviet Russia|The Dark Templar|10056|Black|Expired|0|100|0|7/4/2025 12:09:55 AM|Tech Deal 9/100 |4975650|
228721|Hob Dobson|Uustonia|Viridian Entente|10010|Green|598970|Azure|Aldarin|Viridian Entente|10010|Green|Expired|0|100|0|7/4/2025 12:09:23 AM|Tech (2 of 3)|4975649|
106543|Captain V|Touristan|Fark|10002|Aqua|644690|kylelandia|Kylelandia|Nuclear Proliferation League|17228|Aqua|Expired|6000000|0|0|7/4/2025 12:06:33 AM|6/100|4975648|
510139|AnthraxAnderson|Empire of Armageddon|NATO|10037|Blue|380797|gainesta09|gainesta09|NATO|10037|Blue|Expired|0|100|0|7/3/2025 11:53:25 PM|Valyrian Tech Exchange|4975644|
510139|AnthraxAnderson|Empire of Armageddon|NATO|10037|Blue|106012|President JR Seisa|Themysciera|NATO|10037|Blue|Expired|0|100|0|7/3/2025 11:53:13 PM|Valyrian Tech Exchange|4975643|
510139|AnthraxAnderson|Empire of Armageddon|NATO|10037|Blue|440257|lonabis|flying dutchmen|NATO|10037|Blue|Expired|0|100|0|7/3/2025 11:52:51 PM|Valyrian Tech Exchange|4975642|
510139|AnthraxAnderson|Empire of Armageddon|NATO|10037|Blue|468549|shadowstriker|shadow world|NATO|10037|Blue|Expired|0|100|0|7/3/2025 11:52:38 PM|Valyrian Tech Exchange|4975641|
514492|xxLENZxx|Star Command|The Legion|10020|Purple|628821|Havorithian|Havorithia|The Legion|10020|Purple|Expired|9000000|0|0|7/3/2025 10:45:45 PM|Praetor Aid|4975634|
592036|LordSanix|Citroto|Freehold of The Wolves|15157|White|644680|Cutnpaste|Cutnpaste Island|NATO|10037|Blue|Expired|9000000|0|0|7/3/2025 10:06:28 PM|VEP|4975629|
592036|LordSanix|Citroto|Freehold of The Wolves|15157|White|132715|DFA MrFox|DFA MrFox|Freehold of The Wolves|15157|White|Expired|9000000|0|0|7/3/2025 9:58:59 PM|VEP|4975628|
78691|konkrage1|konkrage1|The Legion|10020|Purple|205980|deathbiter|Arrakis2|The Legion|10020|Purple|Expired|0|100|0|7/3/2025 9:41:59 PM|Financial Assistance|4975625|
633463|Mein Kaiser|DasVaterland|Church of the Holy Platypus|17265|Green|219727|danhawk|sonyevilempire|The Imperial Order|10082|Blue|Expired|0|100|0|7/3/2025 9:13:59 PM|Financial Assistance|4975623|
633463|Mein Kaiser|DasVaterland|Church of the Holy Platypus|17265|Green|63284|Kills with Fire|New Highlands|Federation of Armed Nations|10021|Yellow|Expired|0|100|0|7/3/2025 9:13:29 PM|Financial Assistance|4975622|
633463|Mein Kaiser|DasVaterland|Church of the Holy Platypus|17265|Green|493791|azntrigboi|Symmetry|NATO|10037|Blue|Expired|0|100|0|7/3/2025 9:13:06 PM|Financial Assistance|4975621|
633077|DarkStar1348|Aoxomoxoa|The Legion|10020|Purple|297707|madalchemist|Wyvren|The Legion|10020|Purple|Expired|0|100|0|7/3/2025 8:52:59 PM|Financial Assistance|4975620|
638461|Jerby|Simulacra|Non Grata|10097|Maroon|72766|Gofastleft|Racesteria|Non Grata|10097|Maroon|Expired|0|100|0|7/3/2025 8:39:25 PM|Financial Assistance|4975617|
78691|konkrage1|konkrage1|The Legion|10020|Purple|628821|Havorithian|Havorithia|The Legion|10020|Purple|Expired|9000000|100|0|7/3/2025 8:31:23 PM|Financial Assistance|4975616|
205980|deathbiter|Arrakis2|The Legion|10020|Purple|628821|Havorithian|Havorithia|The Legion|10020|Purple|Expired|9000000|0|0|7/3/2025 8:30:42 PM|Financial Assistance|4975615|
348556|Overlord Wes|wussys|Global Alliance and Treaty Organization|10003|Brown|445418|Dictator General|TERRAN ALIANCE|Global Alliance And Treaty Organization|10003|Brown|Expired|6000000|100|0|7/3/2025 8:23:18 PM|Financial Assistance|4975613|
645525|GodKing Menes|Free Republic of Kem|Nuclear Proliferation League|17228|Aqua|106543|Captain V|Touristan|Fark|10002|Aqua|Expired|0|100|0|7/3/2025 8:10:53 PM|Tech Deal|4975612|
612774|Oleg the Disfigured|Slag Vrch|Knights Of The Round Table|10092|Green|646451|Stefan Omasta|DR Greater Serbia|Knights Of The Round Table|10092|Aqua|Expired|6000000|0|0|7/3/2025 7:47:35 PM|Welcome Serbia|4975607|
203961|porkpotpie|UnitedCanance|CLAWS|15841|Black|613764|Aggressor|Waifu Hunters|CLAWS|15841|Black|Expired|9000000|0|0|7/3/2025 6:35:06 PM|Financial Assistance|4975602|
301601|Farrin Xies|Farrin Free States|New Pacific Order|10000|Red|256346|Emperor SVB|Empire Of SVB|New Pacific Order|10000|Red|Expired|0|100|0|7/3/2025 6:18:53 PM|QT Tech|4975599|
344317|Caeiro|Ascardia|The Legion|10020|Purple|78691|konkrage1|konkrage1|The Legion|10020|Purple|Expired|0|100|0|7/3/2025 6:18:52 PM|Financial Assistance|4975598|
301601|Farrin Xies|Farrin Free States|New Pacific Order|10000|Red|476208|Itzcoliuhqui|Firelands|New Pacific Order|10000|Red|Expired|0|100|0|7/3/2025 6:18:39 PM|QT Tech|4975596|
301601|Farrin Xies|Farrin Free States|New Pacific Order|10000|Red|256901|GurneyHalleck|Mountaineer|New Pacific Order|10000|Red|Expired|0|100|0|7/3/2025 6:18:34 PM|QT Tech|4975595|
301601|Farrin Xies|Farrin Free States|New Pacific Order|10000|Red|621073|Sylvainwrath|Sylvain Land|New Pacific Order|10000|Red|Expired|0|100|0|7/3/2025 6:18:28 PM|QT Tech|4975594|
301601|Farrin Xies|Farrin Free States|New Pacific Order|10000|Red|478715|New Persia|New Pars|New Pacific Order|10000|Red|Expired|0|100|0|7/3/2025 6:18:21 PM|QT Tech|4975593|
567451|Valcanar|Alyssar|New Pacific Order|10000|Red|644646|Naturschuetzer|Naturumgibt|New Pacific Order|10000|Red|Expired|9000000|0|0|7/3/2025 6:05:11 PM|Rising Stars|4975592|
567451|Valcanar|Alyssar|New Pacific Order|10000|Red|620667|Rosey Song|Llandy|New Pacific Order|10000|Red|Expired|9000000|0|0|7/3/2025 6:05:02 PM|Rising Stars|4975590|
567451|Valcanar|Alyssar|New Pacific Order|10000|Red|554906|Terekhov|Revenge of Gravity|New Pacific Order|10000|Red|Expired|9000000|0|0|7/3/2025 6:04:57 PM|Bankroll|4975589|
567451|Valcanar|Alyssar|New Pacific Order|10000|Red|613653|Supreme|Nu Phi|New Pacific Order|10000|Red|Expired|9000000|0|0|7/3/2025 6:04:51 PM|QT Pay|4975588|
436358|mordred|Lothian and Orcanie|Knights of the Round Table|10092|Green|646451|Stefan Omasta|DR Greater Serbia|Knights Of The Round Table|10092|Aqua|Expired|6000000|0|0|7/3/2025 6:04:21 PM|I dub thee knight|4975586|
155031|joanne1|Tweetypie|Non Grata|10097|Maroon|644718|tikem7|Tikopia|COBRA|13717|Brown|Expired|9000000|0|0|7/3/2025 5:51:00 PM|Financial Assistance|4975583|
141164|LiquidMercury|FallenSeraphim|The Gramlins|17275|Green|76627|shwampy|Barryteroria|Libertarian Socialist Federation|10027|White|Expired|6000000|0|0|7/3/2025 5:37:51 PM|Tech Deal|4975578|
645829|blegth|irting|Nuclear Proliferation League|17228|Aqua|106543|Captain V|Touristan|Fark|10002|Aqua|Expired|0|100|0|7/3/2025 5:18:52 PM|Financial Assistance|4975575|
640027|Rdjzozet|Tryzovits|CLAWS|15841|Black|250431|riser|Goodwill|CLAWS|15841|Black|Expired|0|100|0|7/3/2025 5:18:08 PM|Financial Assistance|4975574|
646568|Joan De Marquinly|Rallende|Nuclear Proliferation League|17228|Aqua|170471|Smurthwaite|Smurthwaite|Nuclear Proliferation League|17228|Aqua|Expired|0|100|0|7/3/2025 4:48:45 PM|Financial Assistance|4975571|
630674|Ghostruler1|Winterfelllllll|New Pacific Order|10000|Red|256346|Emperor SVB|Empire Of SVB|New Pacific Order|10000|Red|Expired|0|100|0|7/3/2025 4:45:15 PM|QT Tech|4975570|
645427|Clank|Clank|Doombrella|17368|Black|502087|Astryl|Ethereal|Doombrella|17368|Black|Expired|0|100|0|7/3/2025 3:58:14 PM|Financial Assistance|4975566|
646633|lHVEUI|2pkptr|Knights Of The Round Table|10092|Brown|646230|Canuck|Oh Canada|Knights Of The Round Table|10092|Green|Expired|3000000|100|0|7/3/2025 3:28:16 PM|This is free  |4975563|
646540|brasitolandia|brasitolandia2|The Phoenix Federation|17385|Black|646641|Davilane|Davilanelandia||0|Black|Expired|3500000|100|1000|7/3/2025 3:14:54 PM|Financial Assistance|4975561|
362361|Gofast2006|Pioneer Village|Nuclear Proliferation League|17228|Aqua|645525|GodKing Menes|Free Republic of Kem|Nuclear Proliferation League|17228|Aqua|Expired|9000000|0|0|7/3/2025 3:11:59 PM|9/100 tech|4975558|
646633|lHVEUI|2pkptr|Knights Of The Round Table|10092|Brown|646888|salad plate|salad plate|Knights Of The Round Table|10092|Blue|Expired|6000000|100|0|7/3/2025 3:10:19 PM|This is free  |4975557|
482099|Sir Gunz|Talent|Christian Coalition Of Countries|10028|Maroon|646557|Alduin World Eater|The Lands Between|Christian Coalition Of Countries|10028|Maroon|Expired|6000000|0|0|7/3/2025 2:41:49 PM|Valyrian Aid|4975554|
513467|master hakai|Afro Pick|Post Grunge Supergroup|16367|Brown|528882|JSoprano|Darasuum|Post Grunge Supergroup|16367|Brown|Expired|9000000|100|0|7/3/2025 2:37:26 PM|Money for drugs|4975553|
513467|master hakai|Afro Pick|Post Grunge Supergroup|16367|Brown|542485|RedQueen|Myotistan|Post Grunge Supergroup|16367|Brown|Expired|9000000|100|0|7/3/2025 2:36:20 PM|Financial Assistance|4975550|
373428|Brian|The Looking Glass|Christian Coalition Of Countries|10028|Maroon|468549|shadowstriker|shadow world|NATO|10037|Blue|Expired|0|100|0|7/3/2025 2:31:13 PM|Financial Assistance|4975547|
373428|Brian|The Looking Glass|Christian Coalition Of Countries|10028|Maroon|248357|MrSka|Slartibartfast|NATO|10037|Blue|Expired|0|100|0|7/3/2025 2:31:06 PM|Financial Assistance|4975546|
373428|Brian|The Looking Glass|Christian Coalition Of Countries|10028|Maroon|18236|javaswiller|swillerland|Freehold of The Wolves|15157|White|Expired|0|100|0|7/3/2025 2:31:00 PM|Financial Assistance|4975545|
373428|Brian|The Looking Glass|Christian Coalition Of Countries|10028|Maroon|509784|Lord Emperor Clot|Clotvania|Christian Coalition Of Countries|10028|Maroon|Expired|0|100|0|7/3/2025 2:30:47 PM|Financial Assistance|4975544|
373428|Brian|The Looking Glass|Christian Coalition Of Countries|10028|Maroon|359275|Jesusfreak|El Dorado|Christian Coalition of Countries|10028|Maroon|Expired|0|100|0|7/3/2025 2:30:36 PM|Financial Assistance|4975543|
373428|Brian|The Looking Glass|Christian Coalition Of Countries|10028|Maroon|482099|Sir Gunz|Talent|Christian Coalition Of Countries|10028|Maroon|Expired|0|100|0|7/3/2025 2:30:28 PM|Financial Assistance|4975542|
57033|Slywolfe|Slywolfe|New Pacific Order|10000|Red|644646|Naturschuetzer|Naturumgibt|New Pacific Order|10000|Red|Expired|9000000|0|0|7/3/2025 2:14:51 PM|Rising Stars|4975537|
529189|Combat Pope|Vaticana|Global Alliance And Treaty Organization|10003|Brown|429171|Inquisitor Gaunt|Cult Imperialis|Global Alliance And Treaty Organization|10003|Brown|Expired|0|100|0|7/3/2025 2:13:49 PM|Financial Assistance|4975536|
529189|Combat Pope|Vaticana|Global Alliance And Treaty Organization|10003|Brown|83518|Johnny Apocalypse|Anubia|Global Alliance And Treaty Organization|10003|Brown|Expired|0|100|0|7/3/2025 2:13:13 PM|Financial Assistance|4975534|
646327|KittenGosCrazy|Aura Kingdom|Global Alliance And Treaty Organization|10003|Brown|273254|unstpblpimp|unstpblpimp|Global Alliance and Treaty Organization|10003|Brown|Expired|0|100|0|7/3/2025 2:00:00 PM|Purchased Tech|4975530|
531745|armpit|Armpit|The Wolves|16660|Maroon|107100|Lenny N Karl|Mudfoot|NATO|10037|Blue|Expired|0|100|0|7/3/2025 1:25:50 PM|Financial Assistance|4975528|
531745|armpit|Armpit|The Wolves|16660|Maroon|65430|Lord Bane|Damasca|Freehold of The Wolves|15157|White|Expired|0|100|0|7/3/2025 1:25:39 PM|Financial Assistance|4975527|
531745|armpit|Armpit|The Wolves|16660|Maroon|63284|Kills with Fire|New Highlands|Federation of Armed Nations|10021|Yellow|Expired|0|100|0|7/3/2025 1:25:27 PM|Financial Assistance|4975526|
531745|armpit|Armpit|The Wolves|16660|Maroon|18236|javaswiller|swillerland|Freehold of The Wolves|15157|White|Expired|0|100|0|7/3/2025 1:24:58 PM|Sexy Techs|4975525|
531745|armpit|Armpit|The Wolves|16660|Maroon|380797|gainesta09|gainesta09|NATO|10037|Blue|Expired|0|100|0|7/3/2025 1:24:16 PM|Financial Assistance|4975524|
539696|God Almighty|Kingdom of God|New Pacific Order|10000|Red|640324|Rniee|Petro Valley|The Wolves|16660|Maroon|Expired|9000000|0|0|7/3/2025 12:36:04 PM|Hugs from NPO|4975522|
539696|God Almighty|Kingdom of God|New Pacific Order|10000|Red|644646|Naturschuetzer|Naturumgibt|New Pacific Order|10000|Red|Expired|9000000|0|0|7/3/2025 12:35:50 PM|Rising Stars|4975521|
484823|Cortath|Cortath|New Pacific Order|10000|Red|256346|Emperor SVB|Empire Of SVB|New Pacific Order|10000|Red|Expired|0|100|0|7/3/2025 12:10:28 PM|QT Tech|4975516|
484823|Cortath|Cortath|New Pacific Order|10000|Red|476208|Itzcoliuhqui|Firelands|New Pacific Order|10000|Red|Expired|0|100|0|7/3/2025 12:10:24 PM|QT Tech|4975515|
484823|Cortath|Cortath|New Pacific Order|10000|Red|256901|GurneyHalleck|Mountaineer|New Pacific Order|10000|Red|Expired|0|100|0|7/3/2025 12:10:20 PM|QT Tech|4975514|
484823|Cortath|Cortath|New Pacific Order|10000|Red|621073|Sylvainwrath|Sylvain Land|New Pacific Order|10000|Red|Expired|0|100|0|7/3/2025 12:10:16 PM|QT Tech|4975513|
646764|Reverend Edo|Outopostan|Global Alliance And Treaty Organization|10003|Brown|32861|Drachonum|drachonia|Global Alliance and Treaty Organization|10003|Brown|Expired|0|100|0|7/3/2025 11:55:55 AM|Financial Assistance|4975509|
646764|Reverend Edo|Outopostan|Global Alliance And Treaty Organization|10003|Brown|394625|Empress Elizabeth|DeWitt|Global Alliance And Treaty Organization|10003|Brown|Expired|0|100|0|7/3/2025 11:55:45 AM|Financial Assistance|4975508|
580021|General Kanabis|Imperio Mexica|COBRA|13717|Brown|445021|Mogar|Mogatopia|COBRA|13717|Brown|Expired|0|100|0|7/3/2025 11:51:37 AM|Financial Assistance|4975506|
467217|aroswing|Land of Darkness|Freehold of The Wolves|15157|White|324421|Einer|Jesusland|Mostly Harmless Alliance|14879|White|Expired|0|100|0|7/3/2025 11:22:10 AM|Valyrian tech |4975505|
467217|aroswing|Land of Darkness|Freehold of The Wolves|15157|White|283424|Dropo7777|DelOrto|NATO|10037|Blue|Expired|0|100|0|7/3/2025 11:21:48 AM|Valyrian tech |4975504|
527097|Galerion|blighty|Freehold of The Wolves|15157|White|645652|SpaceGhostCTC|Phantom crusier|Federation Of Armed Nations|10021|Yellow|Expired|9000000|0|0|7/3/2025 11:10:17 AM|Valyrian Aid|4975502|
646540|brasitolandia|brasitolandia2|The Phoenix Federation|17385|Black|413336|Tevron|Devion|CLAWS|15841|Black|Expired|0|100|0|7/3/2025 11:03:59 AM|Financial Assistance|4975501|
185464|Randalla|The HiElands|CLAWS|15841|Black|51153|chiles|The UFOC|CLAWS|15841|Black|Expired|9000000|100|0|7/3/2025 11:00:06 AM|Dragon Snax|4975499|
620004|Joesph Stalin|Ressurectioned USSR|Union Of Communist Republics|10060|Brown|640568|Comrade Cornwallis|The cornish communes|Union Of Communist Republics|10060|Brown|Expired|9000000|0|0|7/3/2025 10:59:49 AM|Tech|4975498|
185464|Randalla|The HiElands|CLAWS|15841|Black|413336|Tevron|Devion|CLAWS|15841|Black|Expired|9000000|100|0|7/3/2025 10:58:45 AM|Have a treato|4975497|
185464|Randalla|The HiElands|CLAWS|15841|Black|281387|Thud III|Thudsylvania|CLAWS|15841|Black|Expired|9000000|100|0|7/3/2025 10:56:34 AM|Stale, but still tasty|4975495|
185464|Randalla|The HiElands|CLAWS|15841|Black|203961|porkpotpie|UnitedCanance|CLAWS|15841|Black|Expired|9000000|100|0|7/3/2025 10:54:35 AM|Avon Calling|4975494|
383462|Yeshua Soloman|Incar|Christian Coalition of Countries|10028|Maroon|324421|Einer|Jesusland|Mostly Harmless Alliance|14879|White|Expired|0|100|0|7/3/2025 10:54:29 AM|VEP Tech|4975493|
185464|Randalla|The HiElands|CLAWS|15841|Black|258455|Magical Muslim|Alibaba Land|CLAWS|15841|Black|Expired|9000000|100|0|7/3/2025 10:53:26 AM|Special Delivery|4975492|
383462|Yeshua Soloman|Incar|Christian Coalition of Countries|10028|Maroon|359275|Jesusfreak|El Dorado|Christian Coalition of Countries|10028|Maroon|Expired|9000000|100|0|7/3/2025 10:48:45 AM|VEP Tech|4975487|
130031|Matto|Epointe|Federation of Armed Nations|10021|Yellow|645261|kinmckhatch|dudeydudeworld|Federation Of Armed Nations|10021|Yellow|Expired|9000000|0|4000|7/3/2025 10:45:04 AM|Financial Assistance|4975485|
433854|Auctor|Wyrdgar|Doombrella|17368|Black|374321|Clash|Discord|Doombrella|17368|Black|Expired|0|100|0|7/3/2025 10:29:00 AM|Financial Assistance|4975482|
604873|Iorek|Crusader States|New Pacific Order|10000|Red|640324|Rniee|Petro Valley|The Wolves|16660|Maroon|Expired|9000000|0|0|7/3/2025 10:07:34 AM|Hugs from NPO|4975480|
604873|Iorek|Crusader States|New Pacific Order|10000|Red|646033|PlatinumAero|Verloren|The Wolves|16660|Maroon|Expired|9000000|0|0|7/3/2025 10:07:29 AM|Hugs from NPO|4975479|
133051|MikeTheFirst|MikeLand|Non Grata|10097|Maroon|580021|General Kanabis|Imperio Mexica|COBRA|13717|Brown|Expired|9000000|0|0|7/3/2025 9:57:57 AM|Tech circle|4975478|
309853|Tasuki|Oniwabanshu|New Pacific Order|10000|Red|532788|end666|A New India|New Pacific Order|10000|Red|Expired|0|100|0|7/3/2025 9:37:13 AM|QT Tech|4975475|
646815|godtoh1|hotdogal|Global Alliance And Treaty Organization|10003|Brown|32861|Drachonum|drachonia|Global Alliance and Treaty Organization|10003|Brown|Expired|0|100|0|7/3/2025 9:21:42 AM|Financial Assistance|4975471|
555535|Presidential|WashingtonDC|Viridian Entente|10010|Green|491885|Chuck Jongil|Soylent Greenland|Viridian Entente|10010|Green|Expired|0|100|0|7/3/2025 8:58:31 AM|Financial Assistance|4975464|
555535|Presidential|WashingtonDC|Viridian Entente|10010|Green|453991|Lieutenant Yenroh|Baguettador III|Viridian Entente|10010|Green|Expired|0|100|0|7/3/2025 8:58:17 AM|Financial Assistance|4975463|
555535|Presidential|WashingtonDC|Viridian Entente|10010|Green|89354|dougal4chaos|dougal4chaos|Viridian Entente|10010|Green|Expired|0|100|0|7/3/2025 8:58:03 AM|Financial Assistance|4975462|
80845|Aracto Totar|Taprobane|Viridian Entente|10010|Green|162795|sterbean|Bean Union|Viridian Entente|10010|Green|Expired|0|100|0|7/3/2025 8:57:38 AM|Financial Assistance|4975461|
641804|jackthebest|Jackastan|NATO|10037|Blue|283424|Dropo7777|DelOrto|NATO|10037|Blue|Expired|0|100|0|7/3/2025 8:55:31 AM|Financial Assistance|4975460|
616861|TomoGozen|Shoganai|Global Alliance And Treaty Organization|10003|Brown|58119|Laserwolf|Ellisonia|Global Alliance and Treaty Organization|10003|Brown|Expired|0|100|0|7/3/2025 8:49:39 AM|Financial Assistance|4975458|
88398|thepunk|thepunk|Federation Of Armed Nations|10021|Yellow|645105|Trench Foast|TrenchFoastia|Christian Coalition Of Countries|10028|Maroon|Expired|9000000|0|0|7/3/2025 8:48:21 AM|Financial Assistance|4975456|
645829|blegth|irting|Nuclear Proliferation League|17228|Aqua|124781|im317|im317|Random Insanity Alliance|10038|Maroon|Expired|0|100|0|7/3/2025 8:22:54 AM|Financial Assistance|4975449|
646800|Brotherlouie27|Louimerica II|Global Alliance And Treaty Organization|10003|Brown|58119|Laserwolf|Ellisonia|Global Alliance and Treaty Organization|10003|Brown|Expired|0|100|0|7/3/2025 8:02:59 AM|Financial Assistance|4975446|
646800|Brotherlouie27|Louimerica II|Global Alliance And Treaty Organization|10003|Brown|394625|Empress Elizabeth|DeWitt|Global Alliance And Treaty Organization|10003|Brown|Expired|0|100|0|7/3/2025 8:00:47 AM|Financial Assistance|4975445|
64687|Wootmeister|Wootrovia|Global Alliance And Treaty Organization|10003|Brown|529189|Combat Pope|Vaticana|Global Alliance And Treaty Organization|10003|Brown|Expired|9000000|0|0|7/3/2025 7:43:08 AM|Tech Deal|4975442|
638567|Cobert|Brightwood|Non Grata|10097|Maroon|500125|Soxirella|Jusmania|Non Grata|10097|Maroon|Expired|0|100|0|7/3/2025 7:42:22 AM|Tech|4975441|
234325|Ben Gates|TreasureLand|Independent Republic Of Orange Nations|10004|Orange|584955|Ayiana|Veritable|Independent Republic Of Orange Nations|10004|Orange|Expired|9000000|0|0|7/3/2025 7:39:05 AM|ITF|4975439|
646801|Chaos Gremlin|Chaostopia|Global Alliance And Treaty Organization|10003|Brown|394625|Empress Elizabeth|DeWitt|Global Alliance And Treaty Organization|10003|Brown|Expired|0|100|0|7/3/2025 7:34:10 AM|Financial Assistance|4975438|
405936|Griffy|Rememberence|Global Alliance And Treaty Organization|10003|Brown|32861|Drachonum|drachonia|Global Alliance and Treaty Organization|10003|Brown|Expired|0|100|0|7/3/2025 7:32:41 AM|Financial Assistance|4975437|
645804|La Mismidad|Libertaris|New Pacific Order|10000|Red|305440|Daimos|Micon|New Pacific Order|10000|Red|Expired|0|100|0|7/3/2025 6:46:28 AM|QT Tech|4975433|
645804|La Mismidad|Libertaris|New Pacific Order|10000|Red|152802|eclipse363|Suttonia|New Pacific Order|10000|Red|Expired|0|100|0|7/3/2025 6:46:18 AM|QT Tech|4975432|
600178|tejuguasu|tejuguasu|New Pacific Order|10000|Red|679|Gateborg|Gateborg|New Pacific Order|10000|Red|Expired|9000000|0|0|7/3/2025 6:44:31 AM|Bankroll|4975430|
170124|WackyDan|Wackytopia|Nordreich|11319|Maroon|49522|Croix|Edjaal|Random Insanity Alliance|10038|Maroon|Expired|9000000|0|0|7/3/2025 6:40:33 AM|9M/100t|4975429|
579649|Dale Flanderlion|Flanderlion|New Pacific Order|10000|Red|305440|Daimos|Micon|New Pacific Order|10000|Red|Expired|0|100|0|7/3/2025 5:51:24 AM|QT Tech|4975416|
579649|Dale Flanderlion|Flanderlion|New Pacific Order|10000|Red|568748|Llednar Twem|Eurica|New Pacific Order|10000|Red|Expired|0|100|0|7/3/2025 5:51:17 AM|QT Tech|4975415|
579649|Dale Flanderlion|Flanderlion|New Pacific Order|10000|Red|152802|eclipse363|Suttonia|New Pacific Order|10000|Red|Expired|0|100|0|7/3/2025 5:50:51 AM|QT Tech|4975414|
579649|Dale Flanderlion|Flanderlion|New Pacific Order|10000|Red|629229|HopeFun|LimaPT|New Pacific Order|10000|Red|Expired|0|100|0|7/3/2025 5:50:42 AM|QT Tech|4975413|
579649|Dale Flanderlion|Flanderlion|New Pacific Order|10000|Red|600178|tejuguasu|tejuguasu|New Pacific Order|10000|Red|Expired|0|100|0|7/3/2025 5:50:37 AM|QT Tech|4975412|
631191|Magnus IV|Kingdom of Ars Magna|CLAWS|15841|Black|275547|BigKif|KifLand|CLAWS|15841|Black|Expired|0|100|0|7/3/2025 5:47:25 AM|Tech deal done!|4975410|
623176|Britishdude|Lucosnia VIII|Christian Coalition Of Countries|10028|Maroon|527310|Canik|Tiny Nation|Freehold of The Wolves|15157|White|Expired|9000000|0|0|7/3/2025 5:45:40 AM|VEP|4975409|
535865|Donbo McSlay|Donbo Land|Federation Of Armed Nations|10021|Yellow|63284|Kills with Fire|New Highlands|Federation of Armed Nations|10021|Yellow|Expired|0|100|0|7/3/2025 5:43:48 AM|Financial Assistance|4975408|
623987|MasterBadey|mastabadeia|Global Alliance And Treaty Organization|10003|Brown|32861|Drachonum|drachonia|Global Alliance and Treaty Organization|10003|Brown|Expired|0|100|0|7/3/2025 5:36:06 AM|Financial Assistance|4975406|
413336|Tevron|Devion|CLAWS|15841|Black|590030|toledomike|BUGANATION|CLAWS|15841|Black|Expired|9000000|0|0|7/3/2025 5:36:01 AM|Financial Assistance|4975405|
557585|Maboroshi|Motavia|LoSS|15565|Black|646839|rickm27|Balmoria|Nuclear Proliferation League|17228|Aqua|Expired|6000000|0|0|7/3/2025 5:01:10 AM|Tech repayment|4975401|
91872|PuliSher|Kerj&#228;l&#228;|Non Grata|10097|Maroon|274261|Ub3rdude|Uberlandia|Nordreich|11319|Maroon|Expired|0|100|0|7/3/2025 4:40:32 AM|100/100|4975400|
531590|Ledon|Ledonia|Knights of the Round Table|10092|Green|646212|Immai|Steampower|Knights Of The Round Table|10092|Green|Expired|6000000|0|0|7/3/2025 4:02:10 AM|Tech Deal|4975396|
25745|JJ452|Eire.|Avalanche|10078|Blue|632534|valves|valves2|Avalanche|10078|Blue|Expired|6000000|0|0|7/3/2025 3:58:56 AM|Financial Assistance|4975395|
624193|The1nonlykk|Biourja|Non Grata|10097|Maroon|133051|MikeTheFirst|MikeLand|Non Grata|10097|Maroon|Expired|0|100|0|7/3/2025 2:57:28 AM|Financial Assistance|4975391|
624193|The1nonlykk|Biourja|Non Grata|10097|Maroon|437823|zyberzpyder|Zyberia|Non Grata|10097|Maroon|Expired|0|100|0|7/3/2025 2:57:21 AM|Financial Assistance|4975390|
559191|Darksight1|ChineseEmpire|New Pacific Order|10000|Red|600178|tejuguasu|tejuguasu|New Pacific Order|10000|Red|Expired|0|100|0|7/3/2025 2:00:41 AM|QT Tech|4975383|
559191|Darksight1|ChineseEmpire|New Pacific Order|10000|Red|152802|eclipse363|Suttonia|New Pacific Order|10000|Red|Expired|0|100|0|7/3/2025 2:00:36 AM|QT Tech|4975382|
418455|Sabcat|Sabcat Island|Libertarian Socialist Federation|10027|Brown|642140|Venusia|Tenebris|Post Grunge Supergroup|16367|Brown|Expired|9000000|0|0|7/3/2025 2:00:15 AM|Tech deal|4975381|
639833|sogekido|sinetron|Nordreich|11319|Maroon|274261|Ub3rdude|Uberlandia|Nordreich|11319|Maroon|Expired|0|100|0|7/3/2025 1:49:24 AM|Financial Assistance|4975375|
636950|Sir Percival|Galles|Knights Of The Round Table|10092|Green|186805|Grendel|Beowulf|Knights Of The Round Table|10092|Green|Expired|0|100|0|7/3/2025 1:18:14 AM|100/$9M|4975374|
632798|KYBALION|HVITIRDREKAR|Knights Of The Round Table|10092|Green|646212|Immai|Steampower|Knights Of The Round Table|10092|Green|Expired|6000000|0|0|7/3/2025 1:15:06 AM|New Tech Deal 6M/T100 :-)|4975373|
509784|Lord Emperor Clot|Clotvania|Christian Coalition Of Countries|10028|Maroon|646548|mass781|Mass781|Christian Coalition Of Countries|10028|Maroon|Expired|6000000|0|0|7/3/2025 1:01:33 AM|VEP money|4975372|
509784|Lord Emperor Clot|Clotvania|Christian Coalition Of Countries|10028|Maroon|527310|Canik|Tiny Nation|Freehold of The Wolves|15157|White|Expired|9000000|0|0|7/3/2025 1:00:48 AM|VEP, you know, the thing|4975371|
457345|Taiki11|Taiki Land|Non Grata|10097|Maroon|626980|Aspire|AspireFerty|Non Grata|10097|Maroon|Expired|0|100|0|7/3/2025 12:43:55 AM|Financial Assistance|4975367|
646321|equusSuprm|equusSuprm|New Pacific Order|10000|Red|152802|eclipse363|Suttonia|New Pacific Order|10000|Red|Expired|0|100|0|7/3/2025 12:32:19 AM|QT Tech|4975366|
646321|equusSuprm|equusSuprm|New Pacific Order|10000|Red|600178|tejuguasu|tejuguasu|New Pacific Order|10000|Red|Expired|0|100|0|7/3/2025 12:32:06 AM|QT Tech|4975365|
646321|equusSuprm|equusSuprm|New Pacific Order|10000|Red|551335|Hakora Kiyanto|Makayan|New Pacific Order|10000|Red|Expired|0|100|0|7/3/2025 12:31:56 AM|QT Tech|4975364|
634284|mikeymikes|batmanism|Doombrella|17368|Black|187132|White Majik|VSOP United|Doombrella|17368|Black|Expired|9000000|100|4000|7/3/2025 12:25:40 AM|aids|4975362|
645053|Geezy VIII|SOS Empire|Independent Republic Of Orange Nations|10004|Orange|87890|Formanj|Norvegs Trøndelag|Independent Republic of Orange Nations|10004|Orange|Expired|0|100|0|7/3/2025 12:17:16 AM|ITF|4975359|
310672|King Wally|Rep of Queensland|Nuclear Proliferation League|17228|Aqua|362361|Gofast2006|Pioneer Village|Nuclear Proliferation League|17228|Aqua|Expired|0|100|0|7/3/2025 12:02:09 AM|Vrrrrooooooom!|4975354|
646383|Son Of Him|Land of Forever|Catholic Reich|17311|Black|308695|Indiomaestro|Jahara|The Dark Templar|10056|Black|Expired|0|100|0|7/3/2025 12:01:27 AM|Financial Assistance|4975353|
12258|Commissar Sendoa|Cataduanes|Non Grata|10097|Maroon|613432|Talbrys|Keltroy|Non Grata|10097|Maroon|Expired|0|100|0|7/2/2025 11:50:26 PM|Financial Assistance|4975352|
442731|Madd|Modra|New Pacific Order|10000|Red|533942|Saxplayer|Arstoria|New Pacific Order|10000|Red|Expired|9000000|0|0|7/2/2025 11:26:17 PM|Bankroll|4975347|
627572|Latexi|Why would I do this|Non Grata|10097|Maroon|437823|zyberzpyder|Zyberia|Non Grata|10097|Maroon|Expired|0|100|0|7/2/2025 11:05:36 PM|Financial Assistance|4975346|
627572|Latexi|Why would I do this|Non Grata|10097|Maroon|155826|weebl2000|Azeer|Non Grata|10097|Maroon|Expired|0|100|0|7/2/2025 11:05:30 PM|Financial Assistance|4975345|
627572|Latexi|Why would I do this|Non Grata|10097|Maroon|500125|Soxirella|Jusmania|Non Grata|10097|Maroon|Expired|0|100|0|7/2/2025 11:05:24 PM|Financial Assistance|4975344|
523247|Umbrae Noctem|Gronland|New Pacific Order|10000|Red|273843|Northern Empire|Northern Empire|Independent Republic Of Orange Nations|10004|Orange|Expired|0|100|0|7/2/2025 11:04:32 PM|QT Tech|4975343|
203828|Sir Humphrey|Greater Oceania|NATO|10037|Blue|130031|Matto|Epointe|Federation of Armed Nations|10021|Yellow|Expired|0|100|0|7/2/2025 11:03:49 PM|Financial Assistance|4975342|
203828|Sir Humphrey|Greater Oceania|NATO|10037|Blue|109489|blackpony|the Mad Ninja|Freehold of The Wolves|15157|White|Expired|0|100|0|7/2/2025 11:03:39 PM|Financial Assistance|4975341|
203828|Sir Humphrey|Greater Oceania|NATO|10037|Blue|88398|thepunk|thepunk|Federation Of Armed Nations|10021|Yellow|Expired|0|100|0|7/2/2025 11:03:29 PM|Financial Assistance|4975340|
203828|Sir Humphrey|Greater Oceania|NATO|10037|Blue|39465|King Tom|king Tom|NATO|10037|Blue|Expired|0|100|0|7/2/2025 11:03:18 PM|Financial Assistance|4975339|
49522|Croix|Edjaal|Random Insanity Alliance|10038|Maroon|94305|Brettward|Truckerland|Nordreich|11319|Maroon|Expired|0|100|0|7/2/2025 11:02:07 PM|Financial Assistance|4975338|
203828|Sir Humphrey|Greater Oceania|NATO|10037|Blue|311344|asapilu|Persianiran|NATO|10037|Blue|Expired|0|100|0|7/2/2025 11:01:03 PM|Financial Assistance|4975336|
344317|Caeiro|Ascardia|The Legion|10020|Purple|363340|Lord of Coke and Hot Dogs|TOOTLOCAHD|The Legion|10020|Purple|Expired|0|100|0|7/2/2025 10:18:22 PM|Financial Assistance|4975334|
242836|BozDaBoz|CoastalBendatia|Fark|10002|Aqua|645829|blegth|irting|Nuclear Proliferation League|17228|Aqua|Expired|9000000|0|0|7/2/2025 9:08:07 PM|tech deal 9/100|4975331|
519729|MammothCave|National Park|Swash Plates And Tail Rotors|10126|Maroon|423414|Nashorn|Nashornstan|MONGOLS|14492|Maroon|Expired|9000000|100|0|7/2/2025 8:41:57 PM|Financial Assistance|4975326|
519729|MammothCave|National Park|Swash Plates And Tail Rotors|10126|Maroon|325202|murtibing|Fluens|Axiom of Regularity|17122|Maroon|Expired|9000000|0|0|7/2/2025 8:41:44 PM|Financial Assistance|4975325|
519729|MammothCave|National Park|Swash Plates And Tail Rotors|10126|Maroon|22121|spartan 84|UNSC Reach|Non Grata|10097|Maroon|Expired|9000000|100|0|7/2/2025 8:41:26 PM|Financial Assistance|4975324|
519729|MammothCave|National Park|Swash Plates And Tail Rotors|10126|Maroon|324487|Death from above 82|Black Sheep|MONGOLS|14492|Maroon|Expired|9000000|100|0|7/2/2025 8:41:13 PM|Financial Assistance|4975323|
519729|MammothCave|National Park|Swash Plates And Tail Rotors|10126|Maroon|265697|Laskar Pelangi|Rainbow Soldier|Kaskus|10104|Brown|Expired|9000000|100|0|7/2/2025 8:41:02 PM|Financial Assistance|4975322|
519729|MammothCave|National Park|Swash Plates And Tail Rotors|10126|Maroon|260817|MamazlilMistake|Happy Hunting Ground|Non Grata|10097|Maroon|Expired|9000000|100|0|7/2/2025 8:40:51 PM|Financial Assistance|4975321|
162795|sterbean|Bean Union|Viridian Entente|10010|Green|271928|Thebanished|UnitedStatesOfDes|Viridian Entente|10010|Green|Expired|9000000|0|0|7/2/2025 8:11:01 PM|Tech Deal 9mil/200tech|4975318|
72766|Gofastleft|Racesteria|Non Grata|10097|Maroon|634903|ToasterOven|Pancake Republic|Non Grata|10097|Maroon|Expired|9000000|0|0|7/2/2025 7:05:31 PM|Tech|4975312|
40650|kerschbs|indica|Non Grata|10097|Maroon|646441|cheesyblobfish|skibidius|Non Grata|10097|Maroon|Expired|6000000|0|0|7/2/2025 7:04:23 PM|Financial Assistance|4975311|
40650|kerschbs|indica|Non Grata|10097|Maroon|630971|Jeremiah|CERAVA|Non Grata|10097|Maroon|Expired|9000000|0|0|7/2/2025 7:04:02 PM|Financial Assistance|4975310|
583014|Rothaic|Munrovia|The Wolves|16660|Maroon|645526|Khanya The Great|Triangula|Veneris|17356|White|Expired|9000000|0|0|7/2/2025 6:57:03 PM|Tech Deals?|4975309|
645768|Sitthemdown|Emperor Protects|Doombrella|17368|Black|144708|Matthew PK|Commonwealth of LoL|Doombrella|17368|Black|Expired|0|100|0|7/2/2025 6:56:28 PM|Financial Assistance|4975308|
248357|MrSka|Slartibartfast|NATO|10037|Blue|646548|mass781|Mass781|Christian Coalition Of Countries|10028|Maroon|Expired|6000000|0|0|7/2/2025 6:39:14 PM|Valyrian Aid|4975307|
301419|SirTwist|Twistland|The Grand Lodge Of Freemasons|10029|Orange|151741|gidon|monkeybum|The Grand Lodge Of Freemasons|10029|Orange|Expired|0|100|0|7/2/2025 6:30:12 PM|tech|4975305|
168105|Bobogoobo|Bobogoobo|New Pacific Order|10000|Red|630433|Wuldor Winnan|Wuldor Winnan|The Wolves|16660|Maroon|Expired|9000000|0|0|7/2/2025 6:28:53 PM|Hugs from NPO|4975304|
301419|SirTwist|Twistland|The Grand Lodge Of Freemasons|10029|Orange|353933|Chuck|Teutonic Empire|The Templar Knights|10012|Maroon|Expired|0|100|0|7/2/2025 6:27:38 PM|Tech|4975303|
301419|SirTwist|Twistland|The Grand Lodge Of Freemasons|10029|Orange|138858|Haart|Barbarica|The Templar Knights|10012|Maroon|Expired|0|100|0|7/2/2025 6:26:58 PM|Tech|4975302|
645768|Sitthemdown|Emperor Protects|Doombrella|17368|Black|187132|White Majik|VSOP United|Doombrella|17368|Black|Expired|0|100|0|7/2/2025 5:47:01 PM|Financial Assistance|4975290|
630674|Ghostruler1|Winterfelllllll|New Pacific Order|10000|Red|17202|Cybolt|Time and Space|New Pacific Order|10000|Red|Expired|0|100|0|7/2/2025 5:13:34 PM|QT Tech|4975289|
630674|Ghostruler1|Winterfelllllll|New Pacific Order|10000|Red|273843|Northern Empire|Northern Empire|Independent Republic Of Orange Nations|10004|Orange|Expired|0|100|0|7/2/2025 5:13:02 PM|QT Tech|4975288|
404438|Herzog|Black Amber|Sparta|10008|Black|283366|Ronpau17|libertylando|Sparta|10008|Black|Expired|0|100|0|7/2/2025 5:05:19 PM|Financial Assistance|4975286|
78691|konkrage1|konkrage1|The Legion|10020|Purple|288372|king qaz|my own little workd|The Legion|10020|Purple|Expired|0|100|0|7/2/2025 4:41:11 PM|Financial Assistance|4975285|
78691|konkrage1|konkrage1|The Legion|10020|Purple|618779|learjet|Racinante|The Legion|10020|Purple|Expired|0|100|0|7/2/2025 4:41:02 PM|Financial Assistance|4975284|
78691|konkrage1|konkrage1|The Legion|10020|Purple|363340|Lord of Coke and Hot Dogs|TOOTLOCAHD|The Legion|10020|Purple|Expired|0|100|0|7/2/2025 4:40:49 PM|Financial Assistance|4975283|
578954|Rydin|Vundf|Freehold of The Wolves|15157|White|388182|lucky6|Direct Impingement|Federation of Armed Nations|10021|Yellow|Expired|9000000|0|0|7/2/2025 4:15:31 PM|Valyrian Tech|4975278|
578954|Rydin|Vundf|Freehold of The Wolves|15157|White|646548|mass781|Mass781|Christian Coalition Of Countries|10028|Maroon|Expired|6000000|0|0|7/2/2025 4:15:07 PM|Valyrian Tech|4975277|
645652|SpaceGhostCTC|Phantom crusier|Federation Of Armed Nations|10021|Yellow|88398|thepunk|thepunk|Federation Of Armed Nations|10021|Yellow|Expired|0|100|0|7/2/2025 4:09:32 PM|Financial Assistance|4975276|
410290|bdrocks|Knights of Honour|CLAWS|15841|Black|626161|54vee|Tallinn Compact|CLAWS|15841|Black|Expired|9000000|0|0|7/2/2025 3:25:22 PM|Tech deal|4975273|
584955|Ayiana|Veritable|Independent Republic Of Orange Nations|10004|Orange|605023|JuggernautMD|Framework|Independent Republic Of Orange Nations|10004|Orange|Expired|0|100|0|7/2/2025 3:17:15 PM|ITF|4975272|
582004|Neforatu|Nation Reborn|Post Grunge Supergroup|16367|Yellow|646332|Timot|Empire of El Rotciv|Post Grunge Supergroup|16367|Brown|Expired|6000000|0|0|7/2/2025 3:09:37 PM|Tech Deal|4975271|
4323|Xineoph|Um|The Legion|10020|Purple|363340|Lord of Coke and Hot Dogs|TOOTLOCAHD|The Legion|10020|Purple|Expired|0|100|0|7/2/2025 2:34:36 PM|Financial Assistance|4975270|
4323|Xineoph|Um|The Legion|10020|Purple|529402|Firkinvald|Firkinland|The Legion|10020|Purple|Expired|0|100|0|7/2/2025 2:34:31 PM|Financial Assistance|4975269|
4323|Xineoph|Um|The Legion|10020|Purple|618779|learjet|Racinante|The Legion|10020|Purple|Expired|0|100|0|7/2/2025 2:34:19 PM|Financial Assistance|4975267|
12501|onbekende|Kapellen|Independent Republic of Orange Nations|10004|Orange|636601|Wolfbite|Caffinated Wolves|Independent Republic Of Orange Nations|10004|Orange|Expired|0|100|0|7/2/2025 2:21:13 PM|ITF|4975265|
184966|The Upper Bass|Little Basses|The Dark Templar|10056|Black|646025|Hiten21|HAPUD|The Dark Templar|10056|Black|Expired|9000000|0|0|7/2/2025 2:07:13 PM|Aid|4975263|
184966|The Upper Bass|Little Basses|The Dark Templar|10056|Black|641700|Sindal Raj|Republic of Ayodhya|The Dark Templar|10056|Black|Expired|9000000|0|0|7/2/2025 2:06:54 PM|Aid|4975262|
580044|Sir Kiloist|Tiocfaidh ar la|Global Alliance And Treaty Organization|10003|Brown|646327|KittenGosCrazy|Aura Kingdom|Global Alliance And Treaty Organization|10003|Brown|Expired|9000000|0|0|7/2/2025 1:18:26 PM|Financial Assistance|4975255|
645382|Kharmandril|PETA nudes|Doom Squad|16454|Black|615966|tehol|Lether|Doom Squad|16454|Black|Expired|0|100|0|7/2/2025 12:17:52 PM|Financial Assistance|4975252|
645382|Kharmandril|PETA nudes|Doom Squad|16454|Black|199494|Bomber66|Baxter|Doombrella|17368|Black|Expired|0|100|0|7/2/2025 12:16:41 PM|Financial Assistance|4975251|
645382|Kharmandril|PETA nudes|Doom Squad|16454|Black|342957|tayloj7|Rabbitopia|Doombrella|17368|Black|Expired|0|100|0|7/2/2025 12:16:18 PM|Financial Assistance|4975250|
441760|jacka|north 40|The Legion|10020|Purple|529402|Firkinvald|Firkinland|The Legion|10020|Purple|Expired|0|100|0|7/2/2025 11:51:58 AM|Financial Assistance|4975245|
637819|Thakur jalaj|Dhuarka|CLAWS|15841|Black|349468|Adolph Mussolini|Aveotrix|CLAWS|15841|Black|Expired|9000000|0|0|7/2/2025 11:46:26 AM|Financial Assistance|4975243|
299962|dev0win|1nfinity Otriad|NATO|10037|Blue|646548|mass781|Mass781|Christian Coalition Of Countries|10028|Maroon|Expired|6000000|0|0|7/2/2025 11:24:42 AM|Valyrian Aid|4975242|
299962|dev0win|1nfinity Otriad|NATO|10037|Blue|527310|Canik|Tiny Nation|Freehold of The Wolves|15157|White|Expired|9000000|0|0|7/2/2025 11:24:29 AM|Valyrian Aid|4975241|
416695|pmacdaddy|Sanctuary|DOOMBIRD DOOMCAVE|10449|Black|646836|Keyzlt5|Chi Seeds|Doom Squad|16454|Black|Expired|9000000|0|0|7/2/2025 10:52:11 AM|Doomerce |4975234|
234325|Ben Gates|TreasureLand|Independent Republic Of Orange Nations|10004|Orange|645053|Geezy VIII|SOS Empire|Independent Republic Of Orange Nations|10004|Orange|Expired|6000000|0|0|7/2/2025 10:44:04 AM|ITF|4975230|
616289|Kingzing|Glister|The Legion|10020|Purple|297707|madalchemist|Wyvren|The Legion|10020|Purple|Expired|0|100|0|7/2/2025 10:40:28 AM|Financial Assistance|4975229|
645871|Danial Frank|Floriida|The Phoenix Federation|17385|Orange|603422|gonpapa|Dirang Dzong|Independent Republic Of Orange Nations|10004|Orange|Expired|0|100|0|7/2/2025 10:38:54 AM|Tech Deal|4975228|
88398|thepunk|thepunk|Federation Of Armed Nations|10021|Yellow|645372|darkestofdans|Alert1|Federation Of Armed Nations|10021|Blue|Expired|9000000|0|0|7/2/2025 10:00:59 AM|Financial Assistance|4975224|
619806|Epimethys|Pyrrha|Doombrella|17368|Black|144708|Matthew PK|Commonwealth of LoL|Doombrella|17368|Black|Expired|0|100|0|7/2/2025 9:41:32 AM|Financial Assistance|4975221|
262358|Johnny123|Johhny|New Polar Order|10006|Blue|643625|DERVISHchaff|Sudentor|New Polar Order|10006|Blue|Expired|6000000|0|0|7/2/2025 9:27:33 AM|icecap cash|4975216|
348556|Overlord Wes|wussys|Global Alliance and Treaty Organization|10003|Brown|83518|Johnny Apocalypse|Anubia|Global Alliance And Treaty Organization|10003|Brown|Expired|9000000|100|0|7/2/2025 9:27:01 AM|Financial Assistance|4975215|
348556|Overlord Wes|wussys|Global Alliance and Treaty Organization|10003|Brown|429171|Inquisitor Gaunt|Cult Imperialis|Global Alliance And Treaty Organization|10003|Brown|Expired|9000000|100|0|7/2/2025 9:26:45 AM|Financial Assistance|4975213|
638461|Jerby|Simulacra|Non Grata|10097|Maroon|500125|Soxirella|Jusmania|Non Grata|10097|Maroon|Expired|0|100|0|7/2/2025 9:08:53 AM|Financial Assistance|4975210|
645804|La Mismidad|Libertaris|New Pacific Order|10000|Red|382141|janro|Nuts Land|New Pacific Order|10000|Red|Expired|0|100|0|7/2/2025 8:57:25 AM|Vallum Aelium|4975209|
645804|La Mismidad|Libertaris|New Pacific Order|10000|Red|448981|Knight|Alliance of Knights|New Pacific Order|10000|Red|Expired|0|100|0|7/2/2025 8:57:17 AM|QT Tech|4975208|
613652|Peterkin|Quaraguay|Freehold of The Wolves|15157|White|645871|Danial Frank|Floriida|The Phoenix Federation|17385|Orange|Expired|6000000|0|0|7/2/2025 8:55:48 AM|6mil/100tech ?|4975207|
645804|La Mismidad|Libertaris|New Pacific Order|10000|Red|212835|Minuq|Butan|New Pacific Order|10000|Red|Expired|0|100|0|7/2/2025 8:52:45 AM|Vallum Aelium|4975206|
86974|Mad Mike|Mikeville|Global Alliance And Treaty Organization|10003|Brown|646135|Sokar|Delmak|Global Alliance And Treaty Organization|10003|Brown|Expired|6000000|0|0|7/2/2025 8:46:50 AM|Fill up time|4975205|
341362|Erwin Schrodinger|Bermuda Islands|Non Grata|10097|Maroon|133051|MikeTheFirst|MikeLand|Non Grata|10097|Maroon|Expired|0|100|0|7/2/2025 8:26:49 AM|Financial Assistance|4975204|
341362|Erwin Schrodinger|Bermuda Islands|Non Grata|10097|Maroon|528479|paul711|Paulinca|Non Grata|10097|Maroon|Expired|0|100|0|7/2/2025 8:26:28 AM|Financial Assistance|4975202|
341362|Erwin Schrodinger|Bermuda Islands|Non Grata|10097|Maroon|188637|Caustic|Hazardous Materials|Non Grata|10097|Maroon|Expired|0|100|0|7/2/2025 8:26:19 AM|Financial Assistance|4975201|
341362|Erwin Schrodinger|Bermuda Islands|Non Grata|10097|Maroon|582941|Cydonian Knight|Strodemia|Non Grata|10097|Maroon|Expired|0|100|0|7/2/2025 8:26:03 AM|Financial Assistance|4975200|
341362|Erwin Schrodinger|Bermuda Islands|Non Grata|10097|Maroon|314185|Rhizoctonia|Rhizoctonia|Non Grata|10097|Maroon|Expired|0|100|0|7/2/2025 8:25:44 AM|Financial Assistance|4975199|
558202|Doug Henning|Magic Land|Nuclear Proliferation League|17228|Aqua|261397|Rampage3|United Liberocracy|Nuclear Proliferation League|17228|Aqua|Expired|0|100|0|7/2/2025 8:03:49 AM|Financial Assistance|4975193|
163031|MasterChief777|The New Empire|Global Alliance And Treaty Organization|10003|Brown|646762|Kevlar|Sasquatch|Global Alliance And Treaty Organization|10003|Brown|Expired|6000000|0|0|7/2/2025 7:52:42 AM|Gatito|4975192|
281387|Thud III|Thudsylvania|CLAWS|15841|Black|626161|54vee|Tallinn Compact|CLAWS|15841|Black|Expired|9000000|0|0|7/2/2025 7:46:47 AM|Financial Assistance|4975188|
443221|Mistral|Nicholas|Post Grunge Supergroup|16367|Brown|646297|Snorkel|Rockies Folk State|Nuclear Proliferation League|17228|Aqua|Expired|9000000|0|0|7/2/2025 7:38:10 AM|9m/100t|4975182|
433547|WhitEarendur|Tol Eressea|New Polar Order|10006|Blue|646326|DootVader|Canard|Goldenrod Accords|17406|Green|Expired|6000000|0|0|7/2/2025 7:30:59 AM|6/100 |4975177|
626980|Aspire|AspireFerty|Non Grata|10097|Maroon|626678|slothix|Kevin|Non Grata|10097|Maroon|Expired|9000000|0|0|7/2/2025 7:12:09 AM|Tech Deal|4975174|
616861|TomoGozen|Shoganai|Global Alliance And Treaty Organization|10003|Brown|313301|MK4Slowride|MK4Slowride|Global Alliance And Treaty Organization|10003|Brown|Expired|0|100|0|7/2/2025 6:52:07 AM|Financial Assistance|4975172|
348070|Chopin|Republic of Poland|Avalanche|10078|Blue|271928|Thebanished|UnitedStatesOfDes|Viridian Entente|10010|Green|Expired|9000000|0|0|7/2/2025 6:45:09 AM|td|4975171|
322849|BLITZ1|BLITZKRIEG THE FIRST|Freehold of The Wolves|15157|White|202168|Dr Doctor|NATO Armed Forces|NATO|10037|Blue|Expired|9000000|0|0|7/2/2025 6:41:36 AM|Valyrian Aid|4975170|
406081|Valhalla|Ukropa|Viridian Entente|10010|Green|71592|upchuck|warmarding|Viridian Entente|10010|Green|Expired|0|100|0|7/2/2025 6:13:13 AM|2/2|4975168|
579231|Greg23|Chronictopia|Global Alliance And Treaty Organization|10003|Brown|314219|Captain Stage|Maritime|Global Alliance And Treaty Organization|10003|Brown|Expired|0|100|0|7/2/2025 6:11:24 AM|Financial Assistance|4975167|
348468|Ghan Khalav|Khalavistan|Global Alliance and Treaty Organization|10003|Brown|645136|district10VICTOR|Amelo|Global Alliance And Treaty Organization|10003|Brown|Expired|6000000|0|0|7/2/2025 6:00:32 AM|Tech|4975166|
644951|Landric|Republic of Ursus|The Grand Lodge Of Freemasons|10029|Orange|151741|gidon|monkeybum|The Grand Lodge Of Freemasons|10029|Orange|Expired|0|100|0|7/2/2025 5:47:04 AM|Financial Assistance|4975165|
384577|wayoik|SunOase|Knights Of The Round Table|10092|Green|646827|WarandPece|Warhammer101|Knights Of The Round Table|10092|Green|Expired|6000000|0|0|7/2/2025 5:46:30 AM|tech deal?|4975164|
623987|MasterBadey|mastabadeia|Global Alliance And Treaty Organization|10003|Brown|314219|Captain Stage|Maritime|Global Alliance And Treaty Organization|10003|Brown|Expired|0|100|0|7/2/2025 5:45:49 AM|Financial Assistance|4975163|
644967|Mushrat|Ormarr Land|The Grand Lodge Of Freemasons|10029|Orange|120237|Ice Princess|Tundra Mountain|The Grand Lodge of Freemasons|10029|Orange|Expired|0|100|0|7/2/2025 5:42:21 AM|Financial Assistance|4975160|
644967|Mushrat|Ormarr Land|The Grand Lodge Of Freemasons|10029|Orange|256722|MDH962|Claysburgh|The Grand Lodge of Freemasons|10029|Orange|Expired|0|100|0|7/2/2025 5:41:54 AM|Financial Assistance|4975159|
627972|GearHead|Rosche|NATO|10037|Blue|556496|rheebrosinc|SwagJuice|Christian Coalition Of Countries|10028|Maroon|Expired|9000000|0|0|7/2/2025 5:26:58 AM|Vep|4975158|
627972|GearHead|Rosche|NATO|10037|Blue|202168|Dr Doctor|NATO Armed Forces|NATO|10037|Blue|Expired|9000000|0|0|7/2/2025 5:24:59 AM|VEP|4975154|
621876|thebigkas|kekistan69|COBRA|13717|Brown|445021|Mogar|Mogatopia|COBRA|13717|Brown|Expired|0|100|0|7/2/2025 5:04:06 AM|Financial Assistance|4975152|
404176|Sadero|Saderia|New Polar Order|10006|Blue|629752|Jamo199599|C1995|New Polar Order|10006|Blue|Expired|0|100|0|7/2/2025 4:39:25 AM|ICECAP Tech|4975149|
256722|MDH962|Claysburgh|The Grand Lodge of Freemasons|10029|Orange|644951|Landric|Republic of Ursus|The Grand Lodge Of Freemasons|10029|Orange|Expired|6000000|0|0|7/2/2025 3:14:24 AM|Tech Deal|4975140|
628732|celticguy40|New Glockinshire|Independent Republic Of Orange Nations|10004|Orange|273843|Northern Empire|Northern Empire|Independent Republic Of Orange Nations|10004|Orange|Expired|0|100|0|7/2/2025 2:55:26 AM|Financial Assistance|4975139|
526631|Fyston|Gallifrey|New Polar Order|10006|Blue|603810|Jaguar1|Chrisenstein|New Polar Order|10006|Blue|Expired|9000000|0|0|7/2/2025 2:26:14 AM|ICECAP Cash|4975136|
526631|Fyston|Gallifrey|New Polar Order|10006|Blue|639953|Mihail the Just|Republic of Onivlac|New Polar Order|10006|Blue|Expired|9000000|0|0|7/2/2025 2:25:30 AM|ICECAP Cash|4975135|
526631|Fyston|Gallifrey|New Polar Order|10006|Blue|481947|Morgaine|Cruithne|New Polar Order|10006|Blue|Expired|9000000|0|0|7/2/2025 2:25:14 AM|ICECAP Cash|4975134|
583468|Qldvespanut|Mr Ben|Mostly Harmless Alliance|14879|Aqua|559161|KingBilly1|DerrysWalls|Mostly Harmless Alliance|14879|White|Expired|9000000|0|0|7/2/2025 2:14:46 AM|9/100|4975133|
168105|Bobogoobo|Bobogoobo|New Pacific Order|10000|Red|533942|Saxplayer|Arstoria|New Pacific Order|10000|Red|Expired|9000000|0|0|7/2/2025 2:07:51 AM|Bankroll|4975130|
639335|Swamplandia|Horna|NATO|10037|Blue|219727|danhawk|sonyevilempire|The Imperial Order|10082|Blue|Expired|0|100|0|7/2/2025 1:56:24 AM|Financial Assistance|4975128|
570802|IlDuce|ItaliaSS|CLAWS|15841|Black|225241|Admiral Alexander|The CommonWealthCW|The Wolves|16660|Maroon|Expired|0|100|0|7/2/2025 1:37:54 AM|Deal tech|4975126|
250983|Shakka Kahn|Shakka Land|Mostly Harmless Alliance|14879|Aqua|559161|KingBilly1|DerrysWalls|Mostly Harmless Alliance|14879|White|Expired|9000000|0|0|7/2/2025 1:36:18 AM|Tech deal|4975125|
363340|Lord of Coke and Hot Dogs|TOOTLOCAHD|The Legion|10020|Purple|638515|silkhyacinth|Taiat|The Legion|10020|Purple|Expired|6000000|0|0|7/2/2025 1:34:40 AM|Financial Assistance|4975124|
374321|Clash|Discord|Doombrella|17368|Black|646431|The Cute Twin|Vlasic|Doom Squad|16454|Black|Expired|9000000|0|4000|7/2/2025 1:29:28 AM|Cash n Causalities |4975122|
238472|Xerxes|New Persia|Non Grata|10097|Maroon|528479|paul711|Paulinca|Non Grata|10097|Maroon|Expired|0|100|0|7/2/2025 1:26:16 AM|Tech|4975121|
238472|Xerxes|New Persia|Non Grata|10097|Maroon|490921|Roo Blu II|Blue Roo|Non Grata|10097|Maroon|Expired|0|100|0|7/2/2025 1:25:55 AM|Tech|4975119|
603810|Jaguar1|Chrisenstein|New Polar Order|10006|Blue|629752|Jamo199599|C1995|New Polar Order|10006|Blue|Expired|0|100|0|7/2/2025 1:22:21 AM|ICECAP Tech|4975115|
645946|LiFeng|Qwertyiop|Non Grata|10097|Maroon|613432|Talbrys|Keltroy|Non Grata|10097|Maroon|Expired|0|100|0|7/2/2025 12:51:33 AM|Financial Assistance|4975111|
630971|Jeremiah|CERAVA|Non Grata|10097|Maroon|484657|Augustus Caesar|South Holland|Non Grata|10097|Maroon|Expired|0|100|0|7/2/2025 12:42:26 AM|Tech Delivery|4975110|
639937|The Evilest Eye|NeoNeftyaniki|The Dark Templar|10056|Black|126881|Lord Razzia|Razzian Dominion|The Dark Templar|10056|Black|Expired|0|100|0|7/2/2025 12:37:56 AM|Tech for you|4975103|
646827|WarandPece|Warhammer101|Knights Of The Round Table|10092|Green|578874|Dunge|Strathalbyn|Knights Of The Round Table|10092|Green|Expired|0|100|0|7/2/2025 12:31:06 AM|Financial Assistance|4975100|
646635|supremeruler|Astros|Post Grunge Supergroup|16367|Yellow|474413|The R00STER|Republic of Ibonn|The Dark Templar|10056|Black|Expired|0|100|0|7/2/2025 12:11:26 AM|tech aid|4975095|
646635|supremeruler|Astros|Post Grunge Supergroup|16367|Yellow|266131|RA2Leader|Soviet USA|Madlads Union|17130|Brown|Expired|0|100|0|7/2/2025 12:10:47 AM|tech trade|4975093|
228721|Hob Dobson|Uustonia|Viridian Entente|10010|Green|453991|Lieutenant Yenroh|Baguettador III|Viridian Entente|10010|Green|Expired|0|100|0|7/2/2025 12:06:48 AM|Tech (3 of 3)|4975091|
344317|Caeiro|Ascardia|The Legion|10020|Purple|205980|deathbiter|Arrakis2|The Legion|10020|Purple|Expired|0|100|0|7/1/2025 9:51:19 PM|Financial Assistance|4975078|
195287|Grant81|Jutaren|Post Grunge Supergroup|16367|Brown|374512|1naruto9|Fire Burning|Post Grunge Supergroup|16367|Brown|Expired|9000000|100|0|7/1/2025 9:33:27 PM|Financial Assistance|4975075|
195287|Grant81|Jutaren|Post Grunge Supergroup|16367|Brown|646878|Ardrei Khaos Etheria|Eternal Etheria|Post Grunge Supergroup|16367|Purple|Expired|6000000|100|0|7/1/2025 9:29:52 PM|Financial Assistance|4975073|
195287|Grant81|Jutaren|Post Grunge Supergroup|16367|Brown|646576|Corva|Republic of Senl|Post Grunge Supergroup|16367|Aqua|Expired|6000000|100|0|7/1/2025 9:29:11 PM|Financial Assistance|4975072|
195287|Grant81|Jutaren|Post Grunge Supergroup|16367|Brown|646846|The Gold Union of Hm|The Iron Federation|Post Grunge Supergroup|16367|Red|Expired|6000000|100|0|7/1/2025 9:23:45 PM|Financial Assistance|4975071|
195287|Grant81|Jutaren|Post Grunge Supergroup|16367|Brown|646890|HarryJ|Wambulance|Post Grunge Supergroup|16367|Brown|Expired|6000000|100|0|7/1/2025 9:21:16 PM|Financial Assistance|4975070|
635667|Steves|Steveland|Fark|10002|Aqua|428668|EViL0nE|Hivestonia|Fark|10002|Aqua|Expired|0|100|0|7/1/2025 9:09:39 PM|Financial Assistance|4975069|
635667|Steves|Steveland|Fark|10002|Aqua|407586|FreezingAssassin|Charr|Fark|10002|Aqua|Expired|0|100|0|7/1/2025 9:09:26 PM|Financial Assistance|4975068|
545923|VHongo|Canadian Dominanace|Green Protection Agency|10041|Green|52717|sanpedrodave|San Pedro|Green Protection Agency|10041|Green|Expired|0|100|0|7/1/2025 8:19:25 PM|Tech With San Pedro Dave!|4975060|
545923|VHongo|Canadian Dominanace|Green Protection Agency|10041|Green|604287|Hazib|Kingdom of Lemuria|CLAWS|15841|Black|Expired|0|100|0|7/1/2025 8:18:40 PM|First of 200|4975059|
359275|Jesusfreak|El Dorado|Christian Coalition of Countries|10028|Maroon|646145|ScootDootson|UnitedPeoplesOfDoot|Goldenrod Accords|17406|Green|Expired|6000000|0|0|7/1/2025 7:53:33 PM|VEP|4975058|
262199|Bob|Beta Site|The Dark Templar|10056|Black|559866|Heel Tribe|Develyes|The Dark Templar|10056|Black|Expired|9000000|0|0|7/1/2025 7:53:24 PM|tech deal!|4975057|
580021|General Kanabis|Imperio Mexica|COBRA|13717|Brown|314185|Rhizoctonia|Rhizoctonia|Non Grata|10097|Maroon|Expired|0|100|0|7/1/2025 5:11:35 PM|Financial Assistance|4975053|
529267|Pastor Jason|Gods Country|Doom Squad|16454|Black|281387|Thud III|Thudsylvania|CLAWS|15841|Black|Expired|0|100|0|7/1/2025 5:02:58 PM|Jesus Christ is Lord |4975051|
529267|Pastor Jason|Gods Country|Doom Squad|16454|Black|51153|chiles|The UFOC|CLAWS|15841|Black|Expired|0|100|0|7/1/2025 5:02:37 PM|Jesus Christ is Lord |4975050|
645427|Clank|Clank|Doombrella|17368|Black|374321|Clash|Discord|Doombrella|17368|Black|Expired|0|100|0|7/1/2025 4:55:12 PM|Financial Assistance|4975049|
484240|j3rdegree|United Tadpoles|Global Alliance And Treaty Organization|10003|Brown|348468|Ghan Khalav|Khalavistan|Global Alliance and Treaty Organization|10003|Brown|Expired|0|100|0|7/1/2025 4:42:39 PM|Free Tech &lt;3|4975048|
539696|God Almighty|Kingdom of God|New Pacific Order|10000|Red|616294|Japanese Schoolgirls|Japanese Schoolgirls|New Pacific Order|10000|Red|Expired|9000000|0|0|7/1/2025 4:21:53 PM|Rising Stars|4975046|
302380|Rillarri|Empire of Rillarri|New Pacific Order|10000|Red|256346|Emperor SVB|Empire Of SVB|New Pacific Order|10000|Red|Expired|0|100|0|7/1/2025 4:02:16 PM|QT Tech|4975044|
302380|Rillarri|Empire of Rillarri|New Pacific Order|10000|Red|476208|Itzcoliuhqui|Firelands|New Pacific Order|10000|Red|Expired|0|100|0|7/1/2025 4:02:03 PM|QT Tech|4975042|
302380|Rillarri|Empire of Rillarri|New Pacific Order|10000|Red|256901|GurneyHalleck|Mountaineer|New Pacific Order|10000|Red|Expired|0|100|0|7/1/2025 4:01:56 PM|QT Tech|4975041|
302380|Rillarri|Empire of Rillarri|New Pacific Order|10000|Red|621073|Sylvainwrath|Sylvain Land|New Pacific Order|10000|Red|Expired|0|100|0|7/1/2025 4:00:38 PM|QT Tech|4975040|
57033|Slywolfe|Slywolfe|New Pacific Order|10000|Red|616294|Japanese Schoolgirls|Japanese Schoolgirls|New Pacific Order|10000|Red|Expired|9000000|0|0|7/1/2025 3:41:55 PM|Rising Stars|4975036|
22121|spartan 84|UNSC Reach|Non Grata|10097|Maroon|260817|MamazlilMistake|Happy Hunting Ground|Non Grata|10097|Maroon|Expired|9000000|0|0|7/1/2025 3:33:53 PM|Financial Assistance|4975035|
633267|OkapiBlue|Rymnia|Doom Squad|16454|Black|380007|Supreme Emperor Daeg|Metal|Doom Squad|16454|Black|Expired|0|100|0|7/1/2025 3:05:36 PM|Financial Assistance|4975033|
606440|UnitedBishop|UnitedBishops|Doom Squad|16454|Black|281387|Thud III|Thudsylvania|CLAWS|15841|Black|Expired|0|100|0|7/1/2025 2:29:39 PM|Financial Assistance|4975027|
606440|UnitedBishop|UnitedBishops|Doom Squad|16454|Black|51153|chiles|The UFOC|CLAWS|15841|Black|Expired|0|100|0|7/1/2025 2:29:29 PM|Financial Assistance|4975026|
484657|Augustus Caesar|South Holland|Non Grata|10097|Maroon|613432|Talbrys|Keltroy|Non Grata|10097|Maroon|Expired|9000000|0|0|7/1/2025 2:15:43 PM|poor|4975023|
345809|Makalaure|Cirith Ungol|New Pacific Order|10000|Red|616294|Japanese Schoolgirls|Japanese Schoolgirls|New Pacific Order|10000|Red|Expired|9000000|0|0|7/1/2025 1:50:46 PM|Rising Stars|4975020|
345809|Makalaure|Cirith Ungol|New Pacific Order|10000|Red|587834|alucardx13|The United Regions|New Pacific Order|10000|Red|Expired|9000000|0|0|7/1/2025 1:50:42 PM|QT Pay|4975019|
345809|Makalaure|Cirith Ungol|New Pacific Order|10000|Red|540880|Goosinater|United Mexico States|New Pacific Order|10000|Red|Expired|9000000|0|0|7/1/2025 1:50:37 PM|Credit Payout|4975018|
532788|end666|A New India|New Pacific Order|10000|Red|643658|jazzjambos|Fruiland|New Pacific Order|10000|Red|Expired|9000000|0|0|7/1/2025 1:08:22 PM|QT Pay|4975013|
532788|end666|A New India|New Pacific Order|10000|Red|613653|Supreme|Nu Phi|New Pacific Order|10000|Red|Expired|9000000|0|0|7/1/2025 1:08:11 PM|QT Pay|4975012|
273493|Iceknave|Armed Federation|New Pacific Order|10000|Red|587834|alucardx13|The United Regions|New Pacific Order|10000|Red|Expired|9000000|0|0|7/1/2025 1:07:01 PM|QT Pay|4975009|
273493|Iceknave|Armed Federation|New Pacific Order|10000|Red|616294|Japanese Schoolgirls|Japanese Schoolgirls|New Pacific Order|10000|Red|Expired|9000000|0|0|7/1/2025 1:06:53 PM|Rising Stars|4975007|
273493|Iceknave|Armed Federation|New Pacific Order|10000|Red|540880|Goosinater|United Mexico States|New Pacific Order|10000|Red|Expired|9000000|0|0|7/1/2025 1:06:48 PM|Credit Payout|4975006|
544732|axel3200|Valta|New Pacific Order|10000|Red|608015|elputojack|villa feliz|New Pacific Order|10000|Red|Expired|0|100|0|7/1/2025 1:00:09 PM|QT Tech|4975003|
544732|axel3200|Valta|New Pacific Order|10000|Red|588946|AlphaCenturion|Sentosa Republic|New Pacific Order|10000|Red|Expired|0|100|0|7/1/2025 1:00:04 PM|QT Tech|4975002|
544732|axel3200|Valta|New Pacific Order|10000|Red|551335|Hakora Kiyanto|Makayan|New Pacific Order|10000|Red|Expired|0|100|0|7/1/2025 1:00:00 PM|QT Tech|4975001|
544732|axel3200|Valta|New Pacific Order|10000|Red|532788|end666|A New India|New Pacific Order|10000|Red|Expired|0|100|0|7/1/2025 12:59:56 PM|QT Tech|4975000|
544732|axel3200|Valta|New Pacific Order|10000|Red|580983|Burtonboarder230|Adult ed|New Pacific Order|10000|Red|Expired|0|100|0|7/1/2025 12:59:52 PM|QT Tech|4974999|
620328|Albasti|Kayi Tribe|New Pacific Order|10000|Red|608015|elputojack|villa feliz|New Pacific Order|10000|Red|Expired|0|100|0|7/1/2025 12:30:07 PM|QT Tech|4974997|
441760|jacka|north 40|The Legion|10020|Purple|629180|filgod|Sicara|The Legion|10020|Purple|Expired|0|100|0|7/1/2025 12:15:45 PM|Financial Assistance|4974996|
646327|KittenGosCrazy|Aura Kingdom|Global Alliance And Treaty Organization|10003|Brown|497000|Democzar|frequathrive|Global Alliance And Treaty Organization|10003|Brown|Expired|0|100|0|7/1/2025 12:15:06 PM|Purchased Tech|4974995|
629180|filgod|Sicara|The Legion|10020|Purple|611967|Mirin Kamar|Kamaroon|The Legion|10020|Purple|Expired|9000000|0|0|7/1/2025 11:56:41 AM|Financial Assistance|4974990|
426185|DeathAdder|Westfalen|Doombrella|17368|Black|101493|ak47don|sicily mafia|Doombrella|17368|Black|Expired|0|100|0|7/1/2025 11:50:44 AM|Financial Assistance|4974989|
426185|DeathAdder|Westfalen|Doombrella|17368|Black|184514|Franz Ferdinand|L252beck|Doombrella|17368|Black|Expired|0|100|0|7/1/2025 11:50:25 AM|Financial Assistance|4974988|
426185|DeathAdder|Westfalen|Doombrella|17368|Black|470323|plaw44|infinite desire|Doombrella|17368|Black|Expired|0|100|0|7/1/2025 11:50:10 AM|Financial Assistance|4974987|
641765|Chandragupta Maurya|Maurya Dynasty|New Polar Order|10006|Blue|431565|Dark Zone Elite|Dark Zone Elite|New Polar Order|10006|Blue|Expired|0|100|0|7/1/2025 11:27:32 AM|ICECAP Tech|4974986|
641765|Chandragupta Maurya|Maurya Dynasty|New Polar Order|10006|Blue|597501|JayMillz|Curel|New Polar Order|10006|Blue|Expired|0|100|0|7/1/2025 11:27:08 AM|ICECAP Tech|4974985|
641765|Chandragupta Maurya|Maurya Dynasty|New Polar Order|10006|Blue|466880|Pesticide|Vermin|New Polar Order|10006|Blue|Expired|0|100|0|7/1/2025 11:26:43 AM|ICECAP Tech|4974984|
641765|Chandragupta Maurya|Maurya Dynasty|New Polar Order|10006|Blue|553210|tenbob|Mayoabu|New Polar Order|10006|Blue|Expired|0|100|0|7/1/2025 11:26:16 AM|ICECAP Tech|4974983|
546488|levothy|mycybernation|Knights Of The Round Table|10092|Green|418455|Sabcat|Sabcat Island|Libertarian Socialist Federation|10027|Brown|Expired|0|100|0|7/1/2025 10:42:37 AM|Karvin Tech Scam|4974980|
163031|MasterChief777|The New Empire|Global Alliance And Treaty Organization|10003|Brown|646815|godtoh1|hotdogal|Global Alliance And Treaty Organization|10003|Brown|Expired|6000000|0|0|7/1/2025 10:19:13 AM|Tech deal 6/100|4974978|
618698|Arminius Cheruski|Germania Magna|The Prussian Empire|14204|Green|631406|The Black Kaiser|Medieval Reich|The Prussian Empire|14204|Green|Expired|9000000|0|0|7/1/2025 10:03:17 AM|9M/100|4974976|
353933|Chuck|Teutonic Empire|The Templar Knights|10012|Maroon|349838|Kaiser Nichols|Holstria|United Purple Nations|10025|Purple|Expired|6000000|0|0|7/1/2025 10:00:38 AM|tech deal|4974975|
646800|Brotherlouie27|Louimerica II|Global Alliance And Treaty Organization|10003|Brown|348468|Ghan Khalav|Khalavistan|Global Alliance and Treaty Organization|10003|Brown|Expired|0|100|0|7/1/2025 9:26:03 AM|Financial Assistance|4974967|
297707|madalchemist|Wyvren|The Legion|10020|Purple|611967|Mirin Kamar|Kamaroon|The Legion|10020|Purple|Expired|9000000|0|0|7/1/2025 9:22:52 AM|Financial Assistance|4974966|
86974|Mad Mike|Mikeville|Global Alliance And Treaty Organization|10003|Brown|455413|Duke Nukem|NukemLand|Global Alliance And Treaty Organization|10003|Brown|Expired|9000000|0|0|7/1/2025 9:22:13 AM|Keep on filling|4974964|
645994|Emperor Hintz|Hintztopia|The Prussian Empire|14204|Green|618698|Arminius Cheruski|Germania Magna|The Prussian Empire|14204|Green|Expired|0|100|0|7/1/2025 9:18:21 AM|Financial Assistance|4974961|
646230|Canuck|Oh Canada|Knights Of The Round Table|10092|Green|620004|Joesph Stalin|Ressurectioned USSR|Union Of Communist Republics|10060|Brown|Expired|0|100|0|7/1/2025 9:15:36 AM|Financial Assistance|4974960|
646533|Royal Foley|Reggaelia|Goldenrod Accords|17406|Green|645985|CaboMabo|CaboMabo|Nuclear Proliferation League|17228|Aqua|Expired|0|100|0|7/1/2025 9:08:32 AM|100 Tech deal|4974958|
638567|Cobert|Brightwood|Non Grata|10097|Maroon|582941|Cydonian Knight|Strodemia|Non Grata|10097|Maroon|Expired|0|100|0|7/1/2025 8:40:26 AM|Tech|4974955|
636336|Stelth|White Mountain|Union Of Communist Republics|10060|Brown|644785|Optimus881|Wakanda881|Post Grunge Supergroup|16367|Brown|Expired|9000000|0|0|7/1/2025 8:40:03 AM|Tech check|4974954|
632798|KYBALION|HVITIRDREKAR|Knights Of The Round Table|10092|Green|646540|brasitolandia|brasitolandia2|The Phoenix Federation|17385|Black|Expired|6000000|0|0|7/1/2025 8:32:45 AM|New Tech Deal 6M/T100 :-)|4974951|
538755|zeldafan4ever|Terminus|Orange Defense Network|10007|Orange|322157|Cartmantoria|Cartmantoria|Orange Defense Network|10007|Orange|Expired|0|100|0|7/1/2025 8:05:18 AM|Tech 2/3|4974949|
388182|lucky6|Direct Impingement|Federation of Armed Nations|10021|Yellow|206879|Platinumviper|Bekaa|NATO|10037|Blue|Expired|0|100|0|7/1/2025 7:58:35 AM|Financial Assistance|4974947|
388182|lucky6|Direct Impingement|Federation of Armed Nations|10021|Yellow|592036|LordSanix|Citroto|Freehold of The Wolves|15157|White|Expired|0|100|0|7/1/2025 7:58:09 AM|Financial Assistance|4974946|
442731|Madd|Modra|New Pacific Order|10000|Red|554906|Terekhov|Revenge of Gravity|New Pacific Order|10000|Red|Expired|9000000|0|0|7/1/2025 7:51:05 AM|Bankroll|4974945|
79371|xkirra|Mordlandia|Global Alliance And Treaty Organization|10003|Brown|646327|KittenGosCrazy|Aura Kingdom|Global Alliance And Treaty Organization|10003|Brown|Expired|9000000|0|0|7/1/2025 7:49:54 AM|Financial Assistance|4974944|
646540|brasitolandia|brasitolandia2|The Phoenix Federation|17385|Black|170471|Smurthwaite|Smurthwaite|Nuclear Proliferation League|17228|Aqua|Expired|0|100|0|7/1/2025 7:36:05 AM|Assist&#195;&#170;ncia Financeira|4974941|
64687|Wootmeister|Wootrovia|Global Alliance And Treaty Organization|10003|Brown|455413|Duke Nukem|NukemLand|Global Alliance And Treaty Organization|10003|Brown|Expired|9000000|0|0|7/1/2025 7:13:10 AM|Tech Deal|4974936|
626678|slothix|Kevin|Non Grata|10097|Maroon|613432|Talbrys|Keltroy|Non Grata|10097|Maroon|Expired|0|100|0|7/1/2025 6:42:30 AM|Financial Assistance|4974933|
626678|slothix|Kevin|Non Grata|10097|Maroon|418916|HeroofTime55|New XGA|Non Grata|10097|Maroon|Expired|0|100|0|7/1/2025 6:42:22 AM|Financial Assistance|4974932|
628662|Theletas|The Toastian Republi|Madlads Union|17130|Brown|308695|Indiomaestro|Jahara|The Dark Templar|10056|Black|Expired|0|100|0|7/1/2025 6:14:07 AM|Financial Assistance|4974927|
139990|BacTalan|NorseTurks|Global Alliance And Treaty Organization|10003|Brown|529189|Combat Pope|Vaticana|Global Alliance And Treaty Organization|10003|Brown|Expired|9000000|0|0|7/1/2025 6:11:40 AM|9/100|4974926|
623987|MasterBadey|mastabadeia|Global Alliance And Treaty Organization|10003|Brown|152876|Hankidan|Parkview 12|Global Alliance And Treaty Organization|10003|Brown|Expired|0|100|0|7/1/2025 5:42:36 AM|Financial Assistance|4974920|
623987|MasterBadey|mastabadeia|Global Alliance And Treaty Organization|10003|Brown|14658|Manis B|Caesura|Global Alliance and Treaty Organization|10003|Brown|Expired|0|100|0|7/1/2025 5:42:08 AM|Financial Assistance|4974919|
623987|MasterBadey|mastabadeia|Global Alliance And Treaty Organization|10003|Brown|348468|Ghan Khalav|Khalavistan|Global Alliance and Treaty Organization|10003|Brown|Expired|0|100|0|7/1/2025 5:41:52 AM|Financial Assistance|4974918|
643971|Blaze I|Brozil|Global Alliance And Treaty Organization|10003|Brown|313301|MK4Slowride|MK4Slowride|Global Alliance And Treaty Organization|10003|Brown|Expired|0|100|0|7/1/2025 5:00:33 AM|Financial Assistance|4974913|
643971|Blaze I|Brozil|Global Alliance And Treaty Organization|10003|Brown|147284|Magicninja|Grundy|Global Alliance And Treaty Organization|10003|Brown|Expired|0|100|0|7/1/2025 5:00:06 AM|Financial Assistance|4974912|
643971|Blaze I|Brozil|Global Alliance And Treaty Organization|10003|Brown|429171|Inquisitor Gaunt|Cult Imperialis|Global Alliance And Treaty Organization|10003|Brown|Expired|0|100|0|7/1/2025 4:58:47 AM|Financial Assistance|4974911|
643971|Blaze I|Brozil|Global Alliance And Treaty Organization|10003|Brown|79371|xkirra|Mordlandia|Global Alliance And Treaty Organization|10003|Brown|Expired|0|100|0|7/1/2025 4:58:27 AM|Financial Assistance|4974910|
384577|wayoik|SunOase|Knights Of The Round Table|10092|Green|604229|St Mungo|Glasgow|Knights Of The Round Table|10092|Green|Expired|9000000|0|0|7/1/2025 4:13:23 AM|tech deal?|4974906|
634448|Stewie|Stewieland III|Non Grata|10097|Maroon|638567|Cobert|Brightwood|Non Grata|10097|Maroon|Expired|9000000|0|0|7/1/2025 3:38:12 AM|Financial Assistance|4974899|
633062|SoloRocket|Rocket Republic|Post Grunge Supergroup|16367|Brown|645688|Queen Victoria Hale|Kingdom of Thalassia|Post Grunge Supergroup|16367|Brown|Expired|6000000|0|0|7/1/2025 3:37:06 AM|Tech Deal 6/100|4974898|
91872|PuliSher|Kerj&#228;l&#228;|Non Grata|10097|Maroon|501403|Trebs|Trebs|Nordreich|11319|Maroon|Expired|0|100|0|7/1/2025 3:04:14 AM|100/100|4974895|
646054|Kan Zhijian|Sinonesia|New Pacific Order|10000|Red|448981|Knight|Alliance of Knights|New Pacific Order|10000|Red|Expired|0|100|0|7/1/2025 2:56:56 AM|QT Tech|4974894|
646054|Kan Zhijian|Sinonesia|New Pacific Order|10000|Red|608015|elputojack|villa feliz|New Pacific Order|10000|Red|Expired|0|100|0|7/1/2025 2:56:44 AM|QT Tech|4974893|
646054|Kan Zhijian|Sinonesia|New Pacific Order|10000|Red|17202|Cybolt|Time and Space|New Pacific Order|10000|Red|Expired|0|100|0|7/1/2025 2:56:27 AM|QT Tech|4974892|
646054|Kan Zhijian|Sinonesia|New Pacific Order|10000|Red|167235|ORCACommander|Hiigaran Federation|New Pacific Order|10000|Red|Expired|0|100|0|7/1/2025 2:56:10 AM|QT Tech|4974891|
64343|TrilobyteMan|Trilobyte Land|New Pacific Order|10000|Red|17202|Cybolt|Time and Space|New Pacific Order|10000|Red|Expired|0|100|0|7/1/2025 2:55:28 AM|QT Tech|4974890|
64343|TrilobyteMan|Trilobyte Land|New Pacific Order|10000|Red|643658|jazzjambos|Fruiland|New Pacific Order|10000|Red|Expired|9000000|0|0|7/1/2025 2:48:19 AM|Bankroll|4974887|
64343|TrilobyteMan|Trilobyte Land|New Pacific Order|10000|Red|608015|elputojack|villa feliz|New Pacific Order|10000|Red|Expired|9000000|100|0|7/1/2025 2:48:08 AM|QT Tech|4974886|
64343|TrilobyteMan|Trilobyte Land|New Pacific Order|10000|Red|448981|Knight|Alliance of Knights|New Pacific Order|10000|Red|Expired|9000000|100|0|7/1/2025 2:47:42 AM|QT Tech|4974885|
635734|Monyulking|Bomdi La|Independent Republic Of Orange Nations|10004|Orange|87890|Formanj|Norvegs Trøndelag|Independent Republic of Orange Nations|10004|Orange|Expired|0|100|0|7/1/2025 2:32:34 AM|ITF|4974882|
635734|Monyulking|Bomdi La|Independent Republic Of Orange Nations|10004|Orange|207900|Queltocz|Quelto|Independent Republic Of Orange Nations|10004|Orange|Expired|0|100|0|7/1/2025 2:31:41 AM|ITF|4974881|
639335|Swamplandia|Horna|NATO|10037|Blue|412136|King James II|Michigan II|NATO|10037|Blue|Expired|0|100|0|7/1/2025 2:28:25 AM|Financial Assistance|4974879|
609716|xander99|Melton|New Pacific Order|10000|Red|580983|Burtonboarder230|Adult ed|New Pacific Order|10000|Red|Expired|0|100|0|7/1/2025 1:58:15 AM|QT Tech|4974878|
531189|Peroman200|Petrolandija|Global Alliance And Treaty Organization|10003|Brown|479490|King Cyan|The Cyan Kingdom|Global Alliance And Treaty Organization|10003|Brown|Expired|0|100|0|7/1/2025 1:52:13 AM|Tech deal|4974877|
514492|xxLENZxx|Star Command|The Legion|10020|Purple|643549|KingDutchison|KingDutchison|The Legion|10020|Purple|Expired|9000000|0|0|7/1/2025 1:40:04 AM|Praetor Aid|4974876|
645082|TowerQueen|Turrim|New Pacific Order|10000|Red|212835|Minuq|Butan|New Pacific Order|10000|Red|Expired|0|100|0|7/1/2025 1:33:27 AM|Vallum Aelium|4974875|
645082|TowerQueen|Turrim|New Pacific Order|10000|Red|382141|janro|Nuts Land|New Pacific Order|10000|Red|Expired|0|100|0|7/1/2025 1:33:21 AM|Vallum Aelium|4974874|
38760|Daedalus27|Daedalistan|Global Alliance and Treaty Organization|10003|Brown|645136|district10VICTOR|Amelo|Global Alliance And Treaty Organization|10003|Brown|Expired|6000000|0|0|7/1/2025 1:26:52 AM|Tech Deal|4974871|
645844|Dario the Great|Darioland|Non Grata|10097|Maroon|528479|paul711|Paulinca|Non Grata|10097|Maroon|Expired|0|100|0|7/1/2025 1:18:06 AM|NGtechzz|4974867|
645844|Dario the Great|Darioland|Non Grata|10097|Maroon|490921|Roo Blu II|Blue Roo|Non Grata|10097|Maroon|Expired|0|100|0|7/1/2025 1:17:43 AM|NGtechzz|4974865|
331985|aljabarian|CrabMan|Knights Of The Round Table|10092|Green|646593|Lim jayhee|Cat haven|Knights Of The Round Table|10092|Green|Expired|6000000|0|0|7/1/2025 1:17:20 AM|Tech Deal|4974863|
443221|Mistral|Nicholas|Post Grunge Supergroup|16367|Brown|643741|Danteeternity|Balan|Post Grunge Supergroup|16367|Brown|Expired|9000000|0|0|7/1/2025 12:44:28 AM|9m/100t|4974860|
639937|The Evilest Eye|NeoNeftyaniki|The Dark Templar|10056|Black|474413|The R00STER|Republic of Ibonn|The Dark Templar|10056|Black|Expired|0|100|0|7/1/2025 12:43:40 AM|Tech for you|4974859|
41333|srboslav|Srboslavija|New Polar Order|10006|Blue|466880|Pesticide|Vermin|New Polar Order|10006|Blue|Expired|0|100|0|7/1/2025 12:32:14 AM|ICECAP Tech|4974858|
41333|srboslav|Srboslavija|New Polar Order|10006|Blue|262358|Johnny123|Johhny|New Polar Order|10006|Blue|Expired|0|100|0|7/1/2025 12:32:04 AM|Aid Fall|4974857|
41333|srboslav|Srboslavija|New Polar Order|10006|Blue|516493|The dutch Dragonborn|The Dutch Dragonborn|New Polar Order|10006|Blue|Expired|0|100|0|7/1/2025 12:30:58 AM|ICECAP Tech|4974855|
41333|srboslav|Srboslavija|New Polar Order|10006|Blue|455466|KrazyNights|Helleden|New Polar Order|10006|Blue|Expired|0|100|0|7/1/2025 12:30:38 AM|ICECAP Tech|4974854|
643876|LordInfamous|Swindlerstan|Independent Republic Of Orange Nations|10004|Orange|207900|Queltocz|Quelto|Independent Republic Of Orange Nations|10004|Orange|Expired|0|100|0|7/1/2025 12:10:04 AM|ITF|4974851|
310672|King Wally|Rep of Queensland|Nuclear Proliferation League|17228|Aqua|646533|Royal Foley|Reggaelia|Goldenrod Accords|17406|Green|Expired|6000000|100|0|7/1/2025 12:05:09 AM|100 tech to cabomabo |4974847|
609716|xander99|Melton|New Pacific Order|10000|Red|539696|God Almighty|Kingdom of God|New Pacific Order|10000|Red|Expired|0|100|0|6/30/2025 11:29:34 PM|QT Tech|4974844|
633077|DarkStar1348|Aoxomoxoa|The Legion|10020|Purple|638569|Ozark|Blue Cat Nation|The Legion|10020|Purple|Expired|0|100|0|6/30/2025 10:49:19 PM|Financial Assistance|4974827|
280709|Supersub68|Subway|Sparta|10008|Black|644316|Sam Sparks|Mendota|Sparta|10008|Black|Expired|6000000|0|0|6/30/2025 10:33:03 PM|Financial Assistance|4974826|
646465|Panglima Burung|Kalimantan Baru|New Pacific Order|10000|Red|636711|Praetor Cuddles|Romulan Star Empire|New Pacific Order|10000|Red|Expired|0|100|0|6/30/2025 10:19:52 PM|QT Tech|4974825|
120237|Ice Princess|Tundra Mountain|The Grand Lodge of Freemasons|10029|Orange|644951|Landric|Republic of Ursus|The Grand Lodge Of Freemasons|10029|Orange|Expired|6000000|0|0|6/30/2025 9:49:37 PM|tech|4974822|
103152|Emperor Ice|Empire of Ice|New Pacific Order|10000|Red|635806|MikeCat|Renastasia|New Pacific Order|10000|Red|Expired|9000000|0|0|6/30/2025 9:38:33 PM|Bankroll|4974821|
103152|Emperor Ice|Empire of Ice|New Pacific Order|10000|Red|594363|Greatkitteh|Guahan|New Pacific Order|10000|Red|Expired|9000000|0|0|6/30/2025 9:38:28 PM|Bankroll|4974820|
103152|Emperor Ice|Empire of Ice|New Pacific Order|10000|Red|646054|Kan Zhijian|Sinonesia|New Pacific Order|10000|Red|Expired|9000000|0|0|6/30/2025 9:38:23 PM|QT Pay|4974819|
103152|Emperor Ice|Empire of Ice|New Pacific Order|10000|Red|639451|ArcWolf3181|Barks Nivvlla|New Pacific Order|10000|Red|Expired|9000000|0|0|6/30/2025 9:38:20 PM|Rising Stars|4974818|
103152|Emperor Ice|Empire of Ice|New Pacific Order|10000|Red|645082|TowerQueen|Turrim|New Pacific Order|10000|Red|Expired|9000000|0|0|6/30/2025 9:38:15 PM|QT Pay|4974817|
103152|Emperor Ice|Empire of Ice|New Pacific Order|10000|Red|643658|jazzjambos|Fruiland|New Pacific Order|10000|Red|Expired|9000000|0|0|6/30/2025 9:38:11 PM|Bankroll|4974816|
529267|Pastor Jason|Gods Country|Doom Squad|16454|Black|410812|Berbers|Kingdom of AlRezana|The Wolves|16660|Black|Expired|0|100|0|6/30/2025 9:09:12 PM|Jesus Christ is Lord |4974815|
634306|Lalaa|Lalaa|Doom Squad|16454|Black|392583|Javier360|Tenochtitlan|DOOMBIRD DOOMCAVE|10449|Black|Expired|0|100|0|6/30/2025 9:00:34 PM|Financial Assistance|4974813|
634306|Lalaa|Lalaa|Doom Squad|16454|Black|410812|Berbers|Kingdom of AlRezana|The Wolves|16660|Black|Expired|0|100|0|6/30/2025 8:59:32 PM|Financial Assistance|4974811|
634306|Lalaa|Lalaa|Doom Squad|16454|Black|646804|dragonshardz|Cruinneachadh|Doom Squad|16454|Black|Expired|9000000|0|0|6/30/2025 8:59:00 PM|Financial Assistance|4974810|
610594|ADude|OceaniaRedux|Doom Squad|16454|Black|566736|amossio|amossio|Doombrella|17368|Black|Expired|6000000|0|0|6/30/2025 8:50:13 PM|Financial Assistance|4974809|
248357|MrSka|Slartibartfast|NATO|10037|Blue|646038|OT Dominic|borneo kenyalang|Christian Coalition Of Countries|10028|White|Expired|9000000|0|0|6/30/2025 8:38:50 PM|Valyrian Aid|4974804|
248357|MrSka|Slartibartfast|NATO|10037|Blue|630396|Cyberon|Cybertechtopia|Freehold of The Wolves|15157|White|Expired|9000000|0|0|6/30/2025 8:38:40 PM|Valyrian Aid|4974803|
248357|MrSka|Slartibartfast|NATO|10037|Blue|556496|rheebrosinc|SwagJuice|Christian Coalition Of Countries|10028|Maroon|Expired|9000000|0|0|6/30/2025 8:38:29 PM|Valyrian Aid|4974802|
469301|Lars Jorgens|Whale of a Time|Non Grata|10097|Maroon|627572|Latexi|Why would I do this|Non Grata|10097|Maroon|Expired|9000000|0|0|6/30/2025 7:45:56 PM|Financial Assistance|4974796|
469301|Lars Jorgens|Whale of a Time|Non Grata|10097|Maroon|634597|LiaColle|Prynthian|Non Grata|10097|Maroon|Expired|9000000|0|0|6/30/2025 7:45:37 PM|Financial Assistance|4974793|
488372|Heinrich I|Das Ostfrankenreich|The Prussian Empire|14204|Green|645718|Emperitus|Gerstona|The Prussian Empire|14204|None|Expired|6000000|0|0|6/30/2025 7:15:49 PM|Nation Development|4974790|
488372|Heinrich I|Das Ostfrankenreich|The Prussian Empire|14204|Green|643839|0ttobeuren|Brundstadten|The Prussian Empire|14204|Green|Expired|6000000|0|0|6/30/2025 7:11:27 PM|Nation Development|4974789|
285433|Lord of Darkness|Relm of Darkness|New Pacific Order|10000|Red|594363|Greatkitteh|Guahan|New Pacific Order|10000|Red|Expired|9000000|0|0|6/30/2025 7:03:15 PM|Bankroll|4974788|
285433|Lord of Darkness|Relm of Darkness|New Pacific Order|10000|Red|638135|Lord Terrence Hood|Esteron|New Pacific Order|10000|Red|Expired|9000000|0|0|6/30/2025 7:03:06 PM|Bankroll|4974786|
285433|Lord of Darkness|Relm of Darkness|New Pacific Order|10000|Red|635806|MikeCat|Renastasia|New Pacific Order|10000|Red|Expired|9000000|0|0|6/30/2025 7:03:01 PM|Bankroll|4974785|
285433|Lord of Darkness|Relm of Darkness|New Pacific Order|10000|Red|633137|International Waters|International Waters|New Pacific Order|10000|Red|Expired|9000000|0|0|6/30/2025 7:02:55 PM|Bankroll|4974784|
285433|Lord of Darkness|Relm of Darkness|New Pacific Order|10000|Red|639451|ArcWolf3181|Barks Nivvlla|New Pacific Order|10000|Red|Expired|9000000|0|0|6/30/2025 7:02:48 PM|Rising Stars|4974783|
130031|Matto|Epointe|Federation of Armed Nations|10021|Yellow|556496|rheebrosinc|SwagJuice|Christian Coalition Of Countries|10028|Maroon|Expired|9000000|0|0|6/30/2025 6:39:44 PM|Financial Assistance|4974782|
130031|Matto|Epointe|Federation of Armed Nations|10021|Yellow|646038|OT Dominic|borneo kenyalang|Christian Coalition Of Countries|10028|White|Expired|9000000|0|0|6/30/2025 6:39:29 PM|Financial Assistance|4974781|
130031|Matto|Epointe|Federation of Armed Nations|10021|Yellow|645372|darkestofdans|Alert1|Federation Of Armed Nations|10021|Blue|Expired|9000000|0|4000|6/30/2025 6:39:02 PM|Financial Assistance|4974780|
488372|Heinrich I|Das Ostfrankenreich|The Prussian Empire|14204|Green|631838|Gerard Bonaye|Nouvelle Burgundy|The Prussian Empire|14204|Green|Expired|9000000|0|0|6/30/2025 6:34:19 PM|Financial Assistance 6/11|4974779|
488372|Heinrich I|Das Ostfrankenreich|The Prussian Empire|14204|Green|631385|Kingdom of Denmark|Jutland Germany|The Prussian Empire|14204|Green|Expired|9000000|0|0|6/30/2025 6:32:09 PM|$9M/100 Tech|4974778|
440257|lonabis|flying dutchmen|NATO|10037|Blue|556496|rheebrosinc|SwagJuice|Christian Coalition Of Countries|10028|Maroon|Expired|9000000|0|0|6/30/2025 5:48:47 PM|Valyrian Cash|4974777|
440257|lonabis|flying dutchmen|NATO|10037|Blue|209648|neonthefox|waltoria|NATO|10037|Blue|Expired|9000000|0|0|6/30/2025 5:48:24 PM|Valyrian Cash|4974776|
362361|Gofast2006|Pioneer Village|Nuclear Proliferation League|17228|Aqua|646297|Snorkel|Rockies Folk State|Nuclear Proliferation League|17228|Aqua|Expired|9000000|0|0|6/30/2025 5:38:57 PM|9/100 tech|4974775|
567720|Cosmic Chocolate|Soaring Eagle|DOOMBIRD DOOMCAVE|10449|Black|532609|KingJohnny|Nechian Empire|Doom Squad|16454|Black|Expired|9000000|0|0|6/30/2025 5:37:02 PM|Financial Assistance|4974774|
626587|Iogaro12|Iberia del Norte|Freehold of The Wolves|15157|White|592036|LordSanix|Citroto|Freehold of The Wolves|15157|White|Expired|0|100|0|6/30/2025 5:06:08 PM|Valyrian Aid|4974773|
626587|Iogaro12|Iberia del Norte|Freehold of The Wolves|15157|White|414519|markpalm1|vacous|Freehold of The Wolves|15157|White|Expired|0|100|0|6/30/2025 5:05:55 PM|Valyrian Aid|4974772|
630575|Sven Herrman|Germanus|The Prussian Empire|14204|Green|646332|Timot|Empire of El Rotciv|Post Grunge Supergroup|16367|Brown|Expired|6000000|0|0|6/30/2025 4:53:47 PM|Financial Assistance|4974761|
176738|William H Crawford|Benneton|Green Protection Agency|10041|Green|545923|VHongo|Canadian Dominanace|Green Protection Agency|10041|Green|Expired|9000000|0|0|6/30/2025 4:37:02 PM|Financial Assistance|4974759|
639953|Mihail the Just|Republic of Onivlac|New Polar Order|10006|Blue|29139|patriot lee|fordminia|New Polar Order|10006|Blue|Expired|0|100|0|6/30/2025 4:29:11 PM|Aid Fall|4974758|
639953|Mihail the Just|Republic of Onivlac|New Polar Order|10006|Blue|166467|KittyPride207|BlackAngels|New Polar Order|10006|Blue|Expired|0|100|0|6/30/2025 4:28:42 PM|ICECAP Tech|4974757|
639953|Mihail the Just|Republic of Onivlac|New Polar Order|10006|Blue|62089|Vartan|Vicrimanland|New Polar Order|10006|Blue|Expired|0|100|0|6/30/2025 4:28:27 PM|Aid Fall|4974756|
482099|Sir Gunz|Talent|Christian Coalition Of Countries|10028|White|645372|darkestofdans|Alert1|Federation Of Armed Nations|10021|Blue|Expired|9000000|0|0|6/30/2025 4:04:53 PM|Valyrian Aid|4974755|
603810|Jaguar1|Chrisenstein|New Polar Order|10006|Blue|516493|The dutch Dragonborn|The Dutch Dragonborn|New Polar Order|10006|Blue|Expired|0|100|0|6/30/2025 3:52:43 PM|ICECAP Tech|4974749|
567720|Cosmic Chocolate|Soaring Eagle|DOOMBIRD DOOMCAVE|10449|Black|641537|Probably Mochi|Kap Land|Doom Squad|16454|Black|Expired|9000000|0|0|6/30/2025 3:50:26 PM|Financial Assistance|4974748|
109489|blackpony|the Mad Ninja|Freehold of The Wolves|15157|White|630396|Cyberon|Cybertechtopia|Freehold of The Wolves|15157|White|Expired|9000000|0|0|6/30/2025 3:38:18 PM|Vep cash|4974746|
109489|blackpony|the Mad Ninja|Freehold of The Wolves|15157|White|556496|rheebrosinc|SwagJuice|Christian Coalition Of Countries|10028|Maroon|Expired|9000000|0|0|6/30/2025 3:38:01 PM|Vep cash|4974745|
109489|blackpony|the Mad Ninja|Freehold of The Wolves|15157|White|467217|aroswing|Land of Darkness|Freehold of The Wolves|15157|White|Expired|9000000|0|0|6/30/2025 3:37:44 PM|Vep cash|4974744|
109489|blackpony|the Mad Ninja|Freehold of The Wolves|15157|White|645105|Trench Foast|TrenchFoastia|Christian Coalition Of Countries|10028|Maroon|Expired|9000000|0|0|6/30/2025 3:37:24 PM|Vep cash|4974743|
109489|blackpony|the Mad Ninja|Freehold of The Wolves|15157|White|209648|neonthefox|waltoria|NATO|10037|Blue|Expired|9000000|0|0|6/30/2025 3:37:02 PM|Vep cash|4974742|
141583|jerdge|Gaela|Green Protection Agency|10041|Green|545923|VHongo|Canadian Dominanace|Green Protection Agency|10041|Green|Expired|9000000|0|0|6/30/2025 3:09:54 PM|Obvious Free Aid|4974740|
232881|Yashem|Yashemia|New Pacific Order|10000|Red|636711|Praetor Cuddles|Romulan Star Empire|New Pacific Order|10000|Red|Expired|0|100|0|6/30/2025 2:38:08 PM|QT Tech|4974739|
232881|Yashem|Yashemia|New Pacific Order|10000|Red|99297|MudBug|Swamplandia|New Pacific Order|10000|Red|Expired|0|100|0|6/30/2025 2:38:04 PM|QT Tech|4974738|
232881|Yashem|Yashemia|New Pacific Order|10000|Red|539696|God Almighty|Kingdom of God|New Pacific Order|10000|Red|Expired|0|100|0|6/30/2025 2:37:51 PM|QT Tech|4974736|
159192|Matt Bowen|Bowenland|Knights Of The Round Table|10092|Green|640027|Rdjzozet|Tryzovits|CLAWS|15841|Black|Expired|9000000|0|1|6/30/2025 2:28:32 PM|Tech Deal $9M/100 Tech|4974734|
159192|Matt Bowen|Bowenland|Knights Of The Round Table|10092|Green|526750|Christopher Sedgwick|Wickillian Highlands|Knights Of The Round Table|10092|Green|Expired|6000000|0|1|6/30/2025 2:27:55 PM|Nation Building $|4974733|
616289|Kingzing|Glister|The Legion|10020|Purple|618779|learjet|Racinante|The Legion|10020|Purple|Expired|0|100|0|6/30/2025 2:21:54 PM|Financial Assistance|4974732|
616289|Kingzing|Glister|The Legion|10020|Purple|197161|Juleandor|Kleptoville|The Legion|10020|Purple|Expired|0|100|0|6/30/2025 2:21:40 PM|Financial Assistance|4974730|
616289|Kingzing|Glister|The Legion|10020|Purple|205980|deathbiter|Arrakis2|The Legion|10020|Purple|Expired|0|100|0|6/30/2025 2:21:33 PM|Financial Assistance|4974729|
616289|Kingzing|Glister|The Legion|10020|Purple|638569|Ozark|Blue Cat Nation|The Legion|10020|Purple|Expired|0|100|0|6/30/2025 2:21:25 PM|Financial Assistance|4974728|
242836|BozDaBoz|CoastalBendatia|Fark|10002|Aqua|645525|GodKing Menes|Free Republic of Kem|Nuclear Proliferation League|17228|Aqua|Expired|9000000|0|0|6/30/2025 2:11:03 PM|tech deal 9/100|4974726|
426185|DeathAdder|Westfalen|Doombrella|17368|Black|187132|White Majik|VSOP United|Doombrella|17368|Black|Expired|0|100|0|6/30/2025 1:43:22 PM|Financial Assistance|4974724|
426185|DeathAdder|Westfalen|Doombrella|17368|Black|342957|tayloj7|Rabbitopia|Doombrella|17368|Black|Expired|0|100|0|6/30/2025 1:43:09 PM|Financial Assistance|4974723|
552359|SeaBeeGipson|Denton|MONGOLS|14492|Maroon|22121|spartan 84|UNSC Reach|Non Grata|10097|Maroon|Expired|0|100|0|6/30/2025 1:40:55 PM|no money 4 u|4974721|
426185|DeathAdder|Westfalen|Doombrella|17368|Black|374321|Clash|Discord|Doombrella|17368|Black|Expired|0|100|0|6/30/2025 1:37:15 PM|Financial Assistance|4974720|
645236|Roq Fanclub Presiden|Roq Fanclub|Doombrella|17368|Black|144708|Matthew PK|Commonwealth of LoL|Doombrella|17368|Black|Expired|0|100|0|6/30/2025 1:35:53 PM|Financial Assistance|4974719|
645236|Roq Fanclub Presiden|Roq Fanclub|Doombrella|17368|Black|139809|John Orris|Commonwealth of John|Doombrella|17368|Black|Expired|0|100|0|6/30/2025 1:35:45 PM|Financial Assistance|4974718|
645236|Roq Fanclub Presiden|Roq Fanclub|Doombrella|17368|Black|374321|Clash|Discord|Doombrella|17368|Black|Expired|0|100|0|6/30/2025 1:35:36 PM|Financial Assistance|4974717|
645236|Roq Fanclub Presiden|Roq Fanclub|Doombrella|17368|Black|342957|tayloj7|Rabbitopia|Doombrella|17368|Black|Expired|0|100|0|6/30/2025 1:35:28 PM|Financial Assistance|4974716|
645236|Roq Fanclub Presiden|Roq Fanclub|Doombrella|17368|Black|66883|Crown Prince Mishka|Tygaland|Doombrella|17368|Black|Expired|0|100|0|6/30/2025 1:35:18 PM|Financial Assistance|4974715|
645236|Roq Fanclub Presiden|Roq Fanclub|Doombrella|17368|Black|184514|Franz Ferdinand|L252beck|Doombrella|17368|Black|Expired|0|100|0|6/30/2025 1:35:06 PM|Financial Assistance|4974714|
229836|apemax|smugglers and mercs|The Imperial Order|10082|Blue|630396|Cyberon|Cybertechtopia|Freehold of The Wolves|15157|White|Expired|9000000|0|0|6/30/2025 1:14:28 PM|VEP Tech Deal|4974709|
229836|apemax|smugglers and mercs|The Imperial Order|10082|Blue|556496|rheebrosinc|SwagJuice|Christian Coalition Of Countries|10028|Maroon|Expired|9000000|0|0|6/30/2025 1:14:14 PM|VEP Tech Deal|4974708|
229836|apemax|smugglers and mercs|The Imperial Order|10082|Blue|467217|aroswing|Land of Darkness|Freehold of The Wolves|15157|White|Expired|9000000|0|0|6/30/2025 1:13:57 PM|VEP Tech Deal|4974707|
229836|apemax|smugglers and mercs|The Imperial Order|10082|Blue|209648|neonthefox|waltoria|NATO|10037|Blue|Expired|9000000|0|0|6/30/2025 1:13:41 PM|VEP Tech Deal|4974706|
18236|javaswiller|swillerland|Freehold of The Wolves|15157|White|209648|neonthefox|waltoria|NATO|10037|Blue|Expired|9000000|0|0|6/30/2025 12:23:33 PM|Valyrian Aid|4974698|
584157|Sheekyz|Kingdom Of Xe|Non Grata|10097|Maroon|630971|Jeremiah|CERAVA|Non Grata|10097|Maroon|Expired|9000000|0|0|6/30/2025 12:21:54 PM|Money tech deal|4974697|
561575|DragonsPhyre|Dragon Spire|Global Alliance And Treaty Organization|10003|Brown|39705|Bmk812|Eisenherz|Global Alliance And Treaty Organization|10003|Brown|Expired|0|100|0|6/30/2025 12:09:00 PM|GATITO|4974694|
561575|DragonsPhyre|Dragon Spire|Global Alliance And Treaty Organization|10003|Brown|314219|Captain Stage|Maritime|Global Alliance And Treaty Organization|10003|Brown|Expired|0|100|0|6/30/2025 12:08:16 PM|GATITO|4974691|
561575|DragonsPhyre|Dragon Spire|Global Alliance And Treaty Organization|10003|Brown|429171|Inquisitor Gaunt|Cult Imperialis|Global Alliance And Treaty Organization|10003|Brown|Expired|0|100|0|6/30/2025 12:08:05 PM|GATITO|4974690|
443221|Mistral|Nicholas|Post Grunge Supergroup|16367|Brown|645347|Randomnameguy|New England INC|Post Grunge Supergroup|16367|Brown|Expired|9000000|0|0|6/30/2025 12:07:05 PM|9m/100t|4974689|
49522|Croix|Edjaal|Random Insanity Alliance|10038|Maroon|514274|stonybeast|Los Reyes|Nordreich|11319|Maroon|Expired|0|100|0|6/30/2025 11:27:53 AM|Financial Assistance|4974683|
578390|iblishaitan|Jahannam|New Pacific Order|10000|Red|134146|Lenadius|Espa&#241;ola|New Pacific Order|10000|Red|Expired|0|100|0|6/30/2025 11:16:07 AM|QT Tech|4974679|
578390|iblishaitan|Jahannam|New Pacific Order|10000|Red|388308|Lord Zymeth|USSR of Belleviastan|New Pacific Order|10000|Red|Expired|0|100|0|6/30/2025 11:15:50 AM|QT Tech|4974678|
578390|iblishaitan|Jahannam|New Pacific Order|10000|Red|99297|MudBug|Swamplandia|New Pacific Order|10000|Red|Expired|0|100|0|6/30/2025 11:15:39 AM|QT Tech|4974677|
578390|iblishaitan|Jahannam|New Pacific Order|10000|Red|636711|Praetor Cuddles|Romulan Star Empire|New Pacific Order|10000|Red|Expired|0|100|0|6/30/2025 11:15:19 AM|QT Tech|4974676|
578390|iblishaitan|Jahannam|New Pacific Order|10000|Red|305440|Daimos|Micon|New Pacific Order|10000|Red|Expired|0|100|0|6/30/2025 11:15:08 AM|QT Tech|4974675|
639897|CaptTchalle|Akutan Island|The Dark Templar|10056|Brown|84729|D.A.D.1|IGP Warriors|The Dark Templar|10056|Black|Expired|0|100|0|6/30/2025 11:14:38 AM|Financial Assistance|4974674|
639897|CaptTchalle|Akutan Island|The Dark Templar|10056|Brown|126881|Lord Razzia|Razzian Dominion|The Dark Templar|10056|Black|Expired|0|100|0|6/30/2025 11:13:40 AM|Financial Assistance|4974673|
485321|commanderragnar|Valenwood|New Pacific Order|10000|Red|630433|Wuldor Winnan|Wuldor Winnan|The Wolves|16660|Maroon|Expired|9000000|0|0|6/30/2025 10:53:30 AM|Hugs from NPO|4974668|
485321|commanderragnar|Valenwood|New Pacific Order|10000|Red|594363|Greatkitteh|Guahan|New Pacific Order|10000|Red|Expired|9000000|0|0|6/30/2025 10:53:27 AM|Bankroll|4974667|
485321|commanderragnar|Valenwood|New Pacific Order|10000|Red|554906|Terekhov|Revenge of Gravity|New Pacific Order|10000|Red|Expired|9000000|0|0|6/30/2025 10:53:16 AM|Bankroll|4974664|
19959|Elegarth|NewHeavens|New Pacific Order|10000|Red|450111|Crowncowboy|Confederate Isle|The Wolves|16660|Maroon|Expired|9000000|0|0|6/30/2025 10:43:19 AM|Hugs from NPO|4974661|
19959|Elegarth|NewHeavens|New Pacific Order|10000|Red|679|Gateborg|Gateborg|New Pacific Order|10000|Red|Expired|9000000|0|0|6/30/2025 10:43:13 AM|Bankroll|4974660|
19959|Elegarth|NewHeavens|New Pacific Order|10000|Red|630433|Wuldor Winnan|Wuldor Winnan|The Wolves|16660|Maroon|Expired|9000000|0|0|6/30/2025 10:43:02 AM|Hugs from NPO|4974658|
19959|Elegarth|NewHeavens|New Pacific Order|10000|Red|646681|Jokkeh|Andebu Technocracy|New Pacific Order|10000|Red|Expired|9000000|0|0|6/30/2025 10:42:57 AM|Rising Stars|4974657|
19959|Elegarth|NewHeavens|New Pacific Order|10000|Red|594363|Greatkitteh|Guahan|New Pacific Order|10000|Red|Expired|9000000|0|0|6/30/2025 10:42:51 AM|Bankroll|4974656|
646540|brasitolandia|brasitolandia2|The Phoenix Federation|17385|Black|604459|Hugh Dick|Perineum|Independent Republic Of Orange Nations|10004|Orange|Expired|0|100|0|6/30/2025 9:57:18 AM|Financial Assistance|4974645|
88398|thepunk|thepunk|Federation Of Armed Nations|10021|Yellow|535865|Donbo McSlay|Donbo Land|Federation Of Armed Nations|10021|Yellow|Expired|9000000|0|4000|6/30/2025 9:49:56 AM|Financial Assistance|4974643|
633267|OkapiBlue|Rymnia|Doom Squad|16454|Black|622221|cobwebbyarc6|Dasein|Doom Squad|16454|Black|Expired|0|100|0|6/30/2025 9:49:35 AM|Financial Assistance|4974642|
107572|oneeightytwo|d&#237;beartach|Fark|10002|Aqua|646568|Joan De Marquinly|Rallende|Nuclear Proliferation League|17228|Aqua|Expired|9000000|0|0|6/30/2025 9:49:16 AM|tech deal - 9/100?|4974641|
633267|OkapiBlue|Rymnia|Doom Squad|16454|Black|199494|Bomber66|Baxter|Doombrella|17368|Black|Expired|0|100|0|6/30/2025 9:49:16 AM|Financial Assistance|4974640|
643549|KingDutchison|KingDutchison|The Legion|10020|Purple|603270|NekosRule|NekosNation|The Legion|10020|Purple|Expired|0|100|0|6/30/2025 9:35:39 AM|Financial Assistance|4974637|
643549|KingDutchison|KingDutchison|The Legion|10020|Purple|568971|Lord Windmark|Regnum Saoirse|The Legion|10020|Purple|Expired|0|100|0|6/30/2025 9:35:21 AM|Financial Assistance|4974636|
538755|zeldafan4ever|Terminus|Orange Defense Network|10007|Orange|360567|jjfx4|Millasville|Orange Defense Network|10007|Orange|Expired|0|100|0|6/30/2025 9:11:53 AM|Tech 2/3|4974635|
39465|King Tom|king Tom|NATO|10037|Blue|646038|OT Dominic|borneo kenyalang|Christian Coalition Of Countries|10028|White|Expired|9000000|0|0|6/30/2025 9:06:08 AM|vep|4974633|
39465|King Tom|king Tom|NATO|10037|Blue|209648|neonthefox|waltoria|NATO|10037|Blue|Expired|9000000|0|0|6/30/2025 9:05:32 AM|vep|4974632|
39465|King Tom|king Tom|NATO|10037|Blue|637153|DukeNash|Encantandia|COBRA|13717|Brown|Expired|9000000|0|0|6/30/2025 9:05:10 AM|vep|4974631|
257875|JGolla|Jaytown|New Pacific Order|10000|Red|450111|Crowncowboy|Confederate Isle|The Wolves|16660|Maroon|Expired|9000000|0|0|6/30/2025 8:42:04 AM|Hugs from NPO|4974626|
257875|JGolla|Jaytown|New Pacific Order|10000|Red|640324|Rniee|Petro Valley|The Wolves|16660|Maroon|Expired|9000000|0|0|6/30/2025 8:42:00 AM|Hugs from NPO|4974625|
257875|JGolla|Jaytown|New Pacific Order|10000|Red|630433|Wuldor Winnan|Wuldor Winnan|The Wolves|16660|Maroon|Expired|9000000|0|0|6/30/2025 8:41:55 AM|Hugs from NPO|4974624|
257875|JGolla|Jaytown|New Pacific Order|10000|Red|646681|Jokkeh|Andebu Technocracy|New Pacific Order|10000|Red|Expired|9000000|0|0|6/30/2025 8:41:51 AM|Rising Stars|4974623|
541983|CVO|Kush|NATO|10037|Blue|209648|neonthefox|waltoria|NATO|10037|Blue|Expired|9000000|0|0|6/30/2025 8:39:04 AM|&quot;Valyrian aid&quot;|4974621|
541983|CVO|Kush|NATO|10037|Blue|645105|Trench Foast|TrenchFoastia|Christian Coalition Of Countries|10028|Maroon|Expired|9000000|0|0|6/30/2025 8:38:23 AM|&quot;Valyrian aid&quot;|4974620|
625574|torquewench|Solo Donne|Doom Squad|16454|Black|567720|Cosmic Chocolate|Soaring Eagle|DOOMBIRD DOOMCAVE|10449|Black|Expired|0|100|0|6/30/2025 8:38:16 AM|Financial Assistance|4974619|
638815|BushyBeaver|Beaveland|NATO|10037|Blue|172243|BakerHills|Activision|NATO|10037|Blue|Expired|0|100|0|6/30/2025 8:34:09 AM|AIDS|4974616|
638815|BushyBeaver|Beaveland|NATO|10037|Blue|593353|Kitkat16|Sofie|NATO|10037|Blue|Expired|0|100|0|6/30/2025 8:33:50 AM|AIDS|4974615|
604287|Hazib|Kingdom of Lemuria|CLAWS|15841|Black|645467|LiefzDel|Greater Czechia|Post Grunge Supergroup|16367|Brown|Expired|9000000|0|0|6/30/2025 8:14:19 AM|9/100|4974608|
646135|Sokar|Delmak|Global Alliance And Treaty Organization|10003|Brown|273254|unstpblpimp|unstpblpimp|Global Alliance and Treaty Organization|10003|Brown|Expired|0|100|0|6/30/2025 8:05:36 AM|Financial Assistance|4974606|
116324|Wayne World|Wayne World|The Grand Lodge of Freemasons|10029|Orange|644951|Landric|Republic of Ursus|The Grand Lodge Of Freemasons|10029|Orange|Expired|6000000|0|0|6/30/2025 7:26:47 AM|tech plz|4974601|
64687|Wootmeister|Wootrovia|Global Alliance And Treaty Organization|10003|Brown|645467|LiefzDel|Greater Czechia|Post Grunge Supergroup|16367|Brown|Expired|9000000|0|0|6/30/2025 7:14:50 AM|Tech Deal|4974598|
638157|Karifire|Hogsmead|Doom Squad|16454|Black|622221|cobwebbyarc6|Dasein|Doom Squad|16454|Black|Expired|0|100|0|6/30/2025 6:59:34 AM|Financial Assistance|4974597|
481103|AzureShadow|Coobie|Doombrella|17368|Black|151268|Zerileous|Monkey Time|Doombrella|17368|Black|Expired|0|100|0|6/30/2025 6:29:07 AM|Financial Assistance|4974591|
484240|j3rdegree|United Tadpoles|Global Alliance And Treaty Organization|10003|Brown|479490|King Cyan|The Cyan Kingdom|Global Alliance And Treaty Organization|10003|Brown|Expired|0|100|0|6/30/2025 5:41:14 AM|Tech go brrrr|4974584|
484240|j3rdegree|United Tadpoles|Global Alliance And Treaty Organization|10003|Brown|64687|Wootmeister|Wootrovia|Global Alliance And Treaty Organization|10003|Brown|Expired|0|100|0|6/30/2025 5:40:30 AM|Tech go brrrr|4974582|
484240|j3rdegree|United Tadpoles|Global Alliance And Treaty Organization|10003|Brown|273254|unstpblpimp|unstpblpimp|Global Alliance and Treaty Organization|10003|Brown|Expired|0|100|0|6/30/2025 5:40:08 AM|Tech go brrrr|4974581|
433854|Auctor|Wyrdgar|Doombrella|17368|Black|202255|onelove|We Are One Love|Doombrella|17368|Black|Expired|9000000|100|0|6/30/2025 5:37:15 AM|Financial Assistance|4974579|
433854|Auctor|Wyrdgar|Doombrella|17368|Black|101493|ak47don|sicily mafia|Doombrella|17368|Black|Expired|9000000|100|0|6/30/2025 5:37:00 AM|Financial Assistance|4974578|
433854|Auctor|Wyrdgar|Doombrella|17368|Black|502087|Astryl|Ethereal|Doombrella|17368|Black|Expired|9000000|100|0|6/30/2025 5:36:19 AM|Financial Assistance|4974576|
433854|Auctor|Wyrdgar|Doombrella|17368|Black|151268|Zerileous|Monkey Time|Doombrella|17368|Black|Expired|9000000|100|0|6/30/2025 5:36:05 AM|Financial Assistance|4974575|
484657|Augustus Caesar|South Holland|Non Grata|10097|Maroon|584157|Sheekyz|Kingdom Of Xe|Non Grata|10097|Maroon|Expired|9000000|0|0|6/30/2025 3:39:08 AM|Financial Assistance|4974568|
625646|muji111|muji111|Random Insanity Alliance|10038|Maroon|437548|Dutchmaster|Feardare|Coalition of Royal Allied Powers|10051|Maroon|Expired|0|100|0|6/30/2025 3:24:15 AM|Financial Assistance|4974567|
627592|Lord Xamaeron|Celtic Forest|Post Grunge Supergroup|16367|Brown|644785|Optimus881|Wakanda881|Post Grunge Supergroup|16367|Brown|Expired|9000000|0|0|6/30/2025 2:47:48 AM|Financial Assistance|4974564|
514492|xxLENZxx|Star Command|The Legion|10020|Purple|641298|Marshal Kendall|Shafar|The Legion|10020|Purple|Expired|9000000|0|0|6/30/2025 2:14:25 AM|Praetor Aid|4974560|
514492|xxLENZxx|Star Command|The Legion|10020|Purple|646824|AlphaB|Blue Ribbon|The Legion|10020|Purple|Expired|6000000|0|0|6/30/2025 2:13:51 AM|Praetor Aid|4974558|
634284|mikeymikes|batmanism|Doombrella|17368|Black|151268|Zerileous|Monkey Time|Doombrella|17368|Black|Expired|9000000|100|4000|6/30/2025 1:12:44 AM|aids|4974551|
634284|mikeymikes|batmanism|Doombrella|17368|Black|502087|Astryl|Ethereal|Doombrella|17368|Black|Expired|9000000|100|4000|6/30/2025 1:12:04 AM|aids|4974550|
634284|mikeymikes|batmanism|Doombrella|17368|Black|101493|ak47don|sicily mafia|Doombrella|17368|Black|Expired|9000000|100|4000|6/30/2025 1:11:08 AM|aids|4974549|
143998|planetary|planetarium|CLAWS|15841|Black|190480|Unruly|Republique de Buja|AGW Overlords|10043|Black|Expired|0|100|0|6/30/2025 1:02:57 AM|tech s|4974546|
541311|King Quincy|Confederate USA|Green Protection Agency|10041|Green|545923|VHongo|Canadian Dominanace|Green Protection Agency|10041|Green|Expired|9000000|0|0|6/30/2025 12:49:23 AM|Financial Assistance|4974545|
541311|King Quincy|Confederate USA|Green Protection Agency|10041|Green|573749|necAnt|Lucky Ants|The Gramlins|17275|Green|Expired|9000000|0|0|6/30/2025 12:48:59 AM|Tech Deal|4974544|
646327|KittenGosCrazy|Aura Kingdom|Global Alliance And Treaty Organization|10003|Brown|313301|MK4Slowride|MK4Slowride|Global Alliance And Treaty Organization|10003|Brown|Expired|0|100|0|6/30/2025 12:34:42 AM|Purchased Tech|4974542|
363769|Das Reich|Gross Deutschland|The Prussian Empire|14204|Maroon|638031|Makinde Anthony|NORTH NIGERIA|The Prussian Empire|14204|Blue|Expired|6000000|0|0|6/30/2025 12:23:17 AM|Financial Assistance|4974540|
637699|0xRedd|CyberIndo|New Pacific Order|10000|Red|407948|avatar3619|Shendu|New Pacific Order|10000|Red|Expired|0|100|0|6/30/2025 12:15:08 AM|Vallum Aelium|4974538|
637699|0xRedd|CyberIndo|New Pacific Order|10000|Red|382141|janro|Nuts Land|New Pacific Order|10000|Red|Expired|0|100|0|6/30/2025 12:15:01 AM|Vallum Aelium|4974537|
310672|King Wally|Rep of Queensland|Nuclear Proliferation League|17228|Aqua|645985|CaboMabo|CaboMabo|Nuclear Proliferation League|17228|Aqua|Expired|9000000|100|0|6/30/2025 12:15:01 AM|Yuvi 4 of 5|4974536|
637699|0xRedd|CyberIndo|New Pacific Order|10000|Red|608015|elputojack|villa feliz|New Pacific Order|10000|Red|Expired|0|100|0|6/30/2025 12:14:55 AM|QT Tech|4974535|
637699|0xRedd|CyberIndo|New Pacific Order|10000|Red|448981|Knight|Alliance of Knights|New Pacific Order|10000|Red|Expired|0|100|0|6/30/2025 12:14:49 AM|QT Tech|4974534|
637699|0xRedd|CyberIndo|New Pacific Order|10000|Red|17202|Cybolt|Time and Space|New Pacific Order|10000|Red|Expired|0|100|0|6/30/2025 12:14:42 AM|QT Tech|4974533|
637699|0xRedd|CyberIndo|New Pacific Order|10000|Red|442731|Madd|Modra|New Pacific Order|10000|Red|Expired|0|100|0|6/30/2025 12:14:30 AM|QT Tech|4974532|
257166|Yggdrazil|Ginginugap|Independent Republic Of Orange Nations|10004|Orange|207900|Queltocz|Quelto|Independent Republic Of Orange Nations|10004|Orange|Expired|0|100|0|6/30/2025 12:12:51 AM|itf|4974531|
541983|CVO|Kush|NATO|10037|Blue|231352|Wippeli|Wippelandia|Freehold of The Wolves|15157|White|Expired|9000000|0|0|6/29/2025 11:24:34 PM|&quot;Valyrian aid&quot;|4974529|
176738|William H Crawford|Benneton|Green Protection Agency|10041|Green|548266|Printer635|Faralament|Green Protection Agency|10041|Green|Expired|9000000|0|0|6/29/2025 10:43:15 PM|Financial Assistance|4974519|
56391|MexiMoot|Mooxico|DOOMBIRD DOOMCAVE|10449|Black|646799|Salt Meat|Ghost Sea|Doom Squad|16454|Black|Expired|9000000|0|1|6/29/2025 10:18:39 PM|Financial Assistance|4974516|
56391|MexiMoot|Mooxico|DOOMBIRD DOOMCAVE|10449|Black|506358|lightningjim|Fulmen Ingenium|Doom Squad|16454|Black|Expired|6000000|0|1|6/29/2025 10:18:28 PM|Financial Assistance|4974515|
602009|JDRod|ReDux Empire|Coalition of Royal Allied Powers|10051|Maroon|348070|Chopin|Republic of Poland|Avalanche|10078|Blue|Expired|0|100|0|6/29/2025 8:39:40 PM|Tech|4974506|
322157|Cartmantoria|Cartmantoria|Orange Defense Network|10007|Orange|423349|Raiser|Inireland|Orange Defense Network|10007|Orange|Expired|6000000|0|0|6/29/2025 8:30:30 PM|6 mil for 200 tech|4974503|
508144|LtHawkeye|Takashia|New Pacific Order|10000|Red|646033|PlatinumAero|Verloren|The Wolves|16660|White|Expired|9000000|0|0|6/29/2025 8:07:08 PM|Hugs from NPO|4974499|
508144|LtHawkeye|Takashia|New Pacific Order|10000|Red|640667|paulo11|Cameland|New Pacific Order|10000|Red|Expired|9000000|0|0|6/29/2025 8:06:59 PM|Bankroll|4974497|
508144|LtHawkeye|Takashia|New Pacific Order|10000|Red|554906|Terekhov|Revenge of Gravity|New Pacific Order|10000|Red|Expired|9000000|0|0|6/29/2025 8:06:54 PM|Bankroll|4974496|
619806|Epimethys|Pyrrha|Doombrella|17368|Black|470323|plaw44|infinite desire|Doombrella|17368|Black|Expired|0|100|0|6/29/2025 8:02:39 PM|Financial Assistance|4974495|
592036|LordSanix|Citroto|Freehold of The Wolves|15157|White|231352|Wippeli|Wippelandia|Freehold of The Wolves|15157|White|Expired|9000000|0|0|6/29/2025 7:48:49 PM|VEP|4974488|
364329|Donnie Darko|DarkoLand|Doom Squad|16454|Black|506358|lightningjim|Fulmen Ingenium|Doom Squad|16454|Black|Expired|6000000|0|0|6/29/2025 7:08:30 PM|Financial Assistance|4974479|
364329|Donnie Darko|DarkoLand|Doom Squad|16454|Black|646799|Salt Meat|Ghost Sea|Doom Squad|16454|Black|Expired|9000000|0|0|6/29/2025 7:07:14 PM|Financial Assistance|4974478|
364329|Donnie Darko|DarkoLand|Doom Squad|16454|Black|646804|dragonshardz|Cruinneachadh|Doom Squad|16454|Black|Expired|9000000|0|0|6/29/2025 7:05:50 PM|Financial Assistance|4974477|
611967|Mirin Kamar|Kamaroon|The Legion|10020|Purple|568971|Lord Windmark|Regnum Saoirse|The Legion|10020|Purple|Expired|0|100|0|6/29/2025 6:44:26 PM|Financial Assistance|4974476|
206853|Tsayka|Trisaram|NATO|10037|Blue|541983|CVO|Kush|NATO|10037|Blue|Expired|0|100|0|6/29/2025 6:39:08 PM|Financial Assistance|4974474|
388182|lucky6|Direct Impingement|Federation of Armed Nations|10021|Yellow|359275|Jesusfreak|El Dorado|Christian Coalition of Countries|10028|Maroon|Expired|0|100|0|6/29/2025 6:16:41 PM|Financial Assistance|4974473|
388182|lucky6|Direct Impingement|Federation of Armed Nations|10021|Yellow|340698|Onified|Spork|NATO|10037|Blue|Expired|0|100|0|6/29/2025 6:16:02 PM|Financial Assistance|4974472|
388182|lucky6|Direct Impingement|Federation of Armed Nations|10021|Yellow|283424|Dropo7777|DelOrto|NATO|10037|Blue|Expired|0|100|0|6/29/2025 6:15:47 PM|Financial Assistance|4974471|
643784|Cypher Link|Cyphristria|Post Grunge Supergroup|16367|Brown|646890|HarryJ|Wambulance|Post Grunge Supergroup|16367|Brown|Expired|6000000|0|0|6/29/2025 6:00:49 PM|Financial Assistance|4974468|
645652|SpaceGhostCTC|Phantom crusier|Federation Of Armed Nations|10021|Yellow|593353|Kitkat16|Sofie|NATO|10037|Blue|Expired|0|100|0|6/29/2025 5:37:44 PM|Financial Assistance|4974467|
645347|Randomnameguy|New England INC|Post Grunge Supergroup|16367|Brown|266131|RA2Leader|Soviet USA|Madlads Union|17130|Brown|Expired|0|100|0|6/29/2025 4:25:56 PM|Tech Payment|4974456|
616861|TomoGozen|Shoganai|Global Alliance And Treaty Organization|10003|Brown|38760|Daedalus27|Daedalistan|Global Alliance and Treaty Organization|10003|Brown|Expired|0|100|0|6/29/2025 4:17:01 PM|Financial Assistance|4974455|
536551|Hammta|ILLINI|Swash Plates And Tail Rotors|10126|Pink|260817|MamazlilMistake|Happy Hunting Ground|Non Grata|10097|Maroon|Expired|9000000|100|0|6/29/2025 4:11:45 PM|Financial Assistance|4974453|
536551|Hammta|ILLINI|Swash Plates And Tail Rotors|10126|Pink|552359|SeaBeeGipson|Denton|MONGOLS|14492|Maroon|Expired|9000000|100|0|6/29/2025 4:11:33 PM|Financial Assistance|4974452|
536551|Hammta|ILLINI|Swash Plates And Tail Rotors|10126|Pink|325202|murtibing|Fluens|Axiom of Regularity|17122|Black|Expired|9000000|100|0|6/29/2025 4:11:23 PM|Financial Assistance|4974451|
536551|Hammta|ILLINI|Swash Plates And Tail Rotors|10126|Pink|324487|Death from above 82|Black Sheep|MONGOLS|14492|Maroon|Expired|9000000|100|0|6/29/2025 4:11:07 PM|Financial Assistance|4974450|
536551|Hammta|ILLINI|Swash Plates And Tail Rotors|10126|Pink|22121|spartan 84|UNSC Reach|Non Grata|10097|Maroon|Expired|9000000|100|0|6/29/2025 4:10:56 PM|Financial Assistance|4974449|
536551|Hammta|ILLINI|Swash Plates And Tail Rotors|10126|Pink|265697|Laskar Pelangi|Rainbow Soldier|Kaskus|10104|Brown|Expired|9000000|100|0|6/29/2025 4:09:49 PM|Financial Assistance|4974448|
353933|Chuck|Teutonic Empire|The Templar Knights|10012|Maroon|132067|Merick|Panamkey|The Templar Knights|10012|Maroon|Expired|9000000|0|0|6/29/2025 4:05:02 PM|tech deal|4974447|
645427|Clank|Clank|Doombrella|17368|Black|187132|White Majik|VSOP United|Doombrella|17368|Black|Expired|0|100|0|6/29/2025 3:56:04 PM|Financial Assistance|4974446|
639335|Swamplandia|Horna|NATO|10037|Blue|39465|King Tom|king Tom|NATO|10037|Blue|Expired|0|100|0|6/29/2025 3:51:40 PM|Financial Assistance|4974445|
441760|jacka|north 40|The Legion|10020|Purple|638569|Ozark|Blue Cat Nation|The Legion|10020|Purple|Expired|0|100|0|6/29/2025 3:42:57 PM|Financial Assistance|4974444|
646439|Sagetheml|Santa Marco|Madlads Union|17130|Brown|435397|Fen Dorbek|Feldora|State of Unified Nations|10086|Yellow|Expired|0|0|300|6/29/2025 3:41:24 PM|Ill help you win the war|4974443|
38398|RadonaTor|San Fiera|New Pacific Order|10000|Red|450111|Crowncowboy|Confederate Isle|The Wolves|16660|Maroon|Expired|9000000|0|0|6/29/2025 3:27:39 PM|Hugs from NPO|4974441|
481103|AzureShadow|Coobie|Doombrella|17368|Black|646307|Hermes Observer|Radchaai|Doombrella|17368|Black|Expired|9000000|0|0|6/29/2025 3:13:43 PM|Financial Assistance|4974438|
481103|AzureShadow|Coobie|Doombrella|17368|Black|645303|Leviticus|Hedonia Senae|Church of the Holy Platypus|17265|Brown|Expired|6000000|0|0|6/29/2025 3:06:54 PM|Financial Assistance|4974437|
645105|Trench Foast|TrenchFoastia|Christian Coalition Of Countries|10028|Maroon|340698|Onified|Spork|NATO|10037|Blue|Expired|0|100|0|6/29/2025 2:52:22 PM|Vep|4974435|
616302|Ashwyesum|The Ashes State|New Pacific Order|10000|Red|21424|John Edward|Ardenchestia|New Pacific Order|10000|Red|Expired|0|100|0|6/29/2025 1:54:09 PM|QT Tech|4974422|
616302|Ashwyesum|The Ashes State|New Pacific Order|10000|Red|97698|Guido|Itally|New Pacific Order|10000|Red|Expired|0|100|0|6/29/2025 1:54:03 PM|QT Tech|4974421|
447303|Terminator|USSROK|CLAWS|15841|Aqua|590030|toledomike|BUGANATION|CLAWS|15841|Black|Expired|9000000|0|0|6/29/2025 1:31:44 PM|Tech deal|4974414|
314185|Rhizoctonia|Rhizoctonia|Non Grata|10097|Maroon|634903|ToasterOven|Pancake Republic|Non Grata|10097|Maroon|Expired|9000000|0|0|6/29/2025 12:48:58 PM|Financial Assistance|4974406|
580021|General Kanabis|Imperio Mexica|COBRA|13717|Brown|188637|Caustic|Hazardous Materials|Non Grata|10097|Maroon|Expired|0|100|0|6/29/2025 12:37:45 PM|Financial Assistance|4974403|
290230|UnLimited|Aurora Borealis|Nordreich|11319|Maroon|91872|PuliSher|Kerj&#228;l&#228;|Non Grata|10097|Maroon|Expired|9000000|0|0|6/29/2025 12:35:58 PM|Financial Assistance|4974402|
643981|ONXwat|Vanier|Non Grata|10097|Maroon|133051|MikeTheFirst|MikeLand|Non Grata|10097|Maroon|Expired|0|100|0|6/29/2025 12:15:38 PM|Financial Assistance|4974399|
643981|ONXwat|Vanier|Non Grata|10097|Maroon|437823|zyberzpyder|Zyberia|Non Grata|10097|Maroon|Expired|0|100|0|6/29/2025 12:15:35 PM|Financial Assistance|4974398|
643981|ONXwat|Vanier|Non Grata|10097|Maroon|327088|spearo|Deep Blue|Non Grata|10097|Maroon|Expired|0|100|0|6/29/2025 12:15:18 PM|Financial Assistance|4974396|
643981|ONXwat|Vanier|Non Grata|10097|Maroon|613432|Talbrys|Keltroy|Non Grata|10097|Maroon|Expired|0|100|0|6/29/2025 12:15:06 PM|Financial Assistance|4974395|
646441|cheesyblobfish|skibidius|Non Grata|10097|Maroon|418916|HeroofTime55|New XGA|Non Grata|10097|Maroon|Expired|0|100|0|6/29/2025 12:09:50 PM|TECH|4974393|
431619|rotinom|Gideons|Sparta|10008|Black|168237|Ducky is King|Duckys Kingdom|Sparta|10008|Black|Expired|0|50|0|6/29/2025 11:59:34 AM|Financial Assistance|4974392|
286761|Nemphesis|Evility|New Pacific Order|10000|Red|407948|avatar3619|Shendu|New Pacific Order|10000|Red|Expired|0|100|0|6/29/2025 11:58:47 AM|Financial Assistance|4974391|
627592|Lord Xamaeron|Celtic Forest|Post Grunge Supergroup|16367|Brown|646635|supremeruler|Astros|Post Grunge Supergroup|16367|Yellow|Expired|6000000|0|0|6/29/2025 11:58:46 AM|6/100 Tech deal|4974390|
286761|Nemphesis|Evility|New Pacific Order|10000|Red|167235|ORCACommander|Hiigaran Federation|New Pacific Order|10000|Red|Expired|0|100|0|6/29/2025 11:58:22 AM|Financial Assistance|4974387|
286761|Nemphesis|Evility|New Pacific Order|10000|Red|522260|kalev60|Hiiumaa|New Pacific Order|10000|Red|Expired|0|100|0|6/29/2025 11:58:10 AM|Financial Assistance|4974386|
286761|Nemphesis|Evility|New Pacific Order|10000|Red|21424|John Edward|Ardenchestia|New Pacific Order|10000|Red|Expired|0|100|0|6/29/2025 11:57:22 AM|Financial Assistance|4974385|
618985|Comrade Sauce|Triotho|Madlads Union|17130|Brown|258455|Magical Muslim|Alibaba Land|CLAWS|15841|Black|Expired|0|100|0|6/29/2025 11:57:15 AM|Financial Assistance|4974384|
286761|Nemphesis|Evility|New Pacific Order|10000|Red|97698|Guido|Itally|New Pacific Order|10000|Red|Expired|0|100|0|6/29/2025 11:57:08 AM|Financial Assistance|4974383|
505179|amyameretta|Finlandia|New Pacific Order|10000|Red|533942|Saxplayer|Arstoria|New Pacific Order|10000|Red|Expired|9000000|0|0|6/29/2025 11:53:05 AM|Bankroll|4974382|
505179|amyameretta|Finlandia|New Pacific Order|10000|Red|450111|Crowncowboy|Confederate Isle|The Wolves|16660|Maroon|Expired|9000000|0|0|6/29/2025 11:52:53 AM|Hugs from NPO|4974380|
505179|amyameretta|Finlandia|New Pacific Order|10000|Red|640324|Rniee|Petro Valley|The Wolves|16660|Maroon|Expired|9000000|0|0|6/29/2025 11:52:47 AM|Hugs from NPO|4974379|
505179|amyameretta|Finlandia|New Pacific Order|10000|Red|630433|Wuldor Winnan|Wuldor Winnan|The Wolves|16660|Maroon|Expired|9000000|0|0|6/29/2025 11:52:36 AM|Hugs from NPO|4974377|
544925|Jacksonians|Barataria|Global Alliance And Treaty Organization|10003|Brown|38760|Daedalus27|Daedalistan|Global Alliance and Treaty Organization|10003|Brown|Expired|0|100|0|6/29/2025 11:44:31 AM|Financial Assistance|4974375|
559191|Darksight1|ChineseEmpire|New Pacific Order|10000|Red|407948|avatar3619|Shendu|New Pacific Order|10000|Red|Expired|0|100|0|6/29/2025 11:40:54 AM|Vallum Aelium|4974373|
559191|Darksight1|ChineseEmpire|New Pacific Order|10000|Red|542117|Killerbankz|HellOnEarth|New Pacific Order|10000|Red|Expired|0|100|0|6/29/2025 11:40:39 AM|QT Tech|4974371|
646635|supremeruler|Astros|Post Grunge Supergroup|16367|Yellow|86974|Mad Mike|Mikeville|Global Alliance And Treaty Organization|10003|Brown|Expired|0|100|0|6/29/2025 11:35:54 AM|Tech trade|4974370|
266131|RA2Leader|Soviet USA|Madlads Union|17130|Brown|621029|Le Trout|Lambo Lambo Lambo|Post Grunge Supergroup|16367|Brown|Expired|9000000|0|0|6/29/2025 11:31:54 AM|Tech deal 9mil/100|4974369|
481103|AzureShadow|Coobie|Doombrella|17368|Black|484851|enderland|Fields of Elysium|Doombrella|17368|Black|Expired|0|100|0|6/29/2025 11:26:14 AM|Financial Assistance|4974368|
556853|ParsnipSmasher|Honiton|Nordreich|11319|Maroon|501403|Trebs|Trebs|Nordreich|11319|Maroon|Expired|0|100|0|6/29/2025 10:53:20 AM|Financial Assistance|4974363|
556853|ParsnipSmasher|Honiton|Nordreich|11319|Maroon|360411|Judson|Opportunity|Nordreich|11319|Maroon|Expired|0|100|0|6/29/2025 10:52:46 AM|Financial Assistance|4974362|
618150|Lyanna Mormont|Bear Island 4 Lyfe|Non Grata|10097|Maroon|582941|Cydonian Knight|Strodemia|Non Grata|10097|Maroon|Expired|0|100|0|6/29/2025 10:52:19 AM|Financial Assistance|4974361|
618150|Lyanna Mormont|Bear Island 4 Lyfe|Non Grata|10097|Maroon|314185|Rhizoctonia|Rhizoctonia|Non Grata|10097|Maroon|Expired|0|100|0|6/29/2025 10:52:15 AM|Financial Assistance|4974360|
556853|ParsnipSmasher|Honiton|Nordreich|11319|Maroon|274261|Ub3rdude|Uberlandia|Nordreich|11319|Maroon|Expired|0|100|0|6/29/2025 10:52:12 AM|Financial Assistance|4974359|
556853|ParsnipSmasher|Honiton|Nordreich|11319|Maroon|290230|UnLimited|Aurora Borealis|Nordreich|11319|Maroon|Expired|0|100|0|6/29/2025 10:51:42 AM|Financial Assistance|4974358|
575900|TTexas|TTexas|Post Grunge Supergroup|16367|Brown|646890|HarryJ|Wambulance|Post Grunge Supergroup|16367|None|Expired|6000000|0|0|6/29/2025 10:51:30 AM|US(AID)|4974357|
556853|ParsnipSmasher|Honiton|Nordreich|11319|Maroon|240196|Seagram|Siperia|Nordreich|11319|Maroon|Expired|0|100|0|6/29/2025 10:51:11 AM|Financial Assistance|4974356|
631432|Elector King|Bohemia Moravia|The Prussian Empire|14204|Green|618698|Arminius Cheruski|Germania Magna|The Prussian Empire|14204|Green|Expired|0|100|0|6/29/2025 10:35:21 AM|Financial Assistance|4974353|
631432|Elector King|Bohemia Moravia|The Prussian Empire|14204|Green|159192|Matt Bowen|Bowenland|Knights Of The Round Table|10092|Green|Expired|0|100|0|6/29/2025 10:34:50 AM|Financial Assistance|4974352|
580046|Body Jryant|Conservative South|Christian Coalition Of Countries|10028|Maroon|18236|javaswiller|swillerland|Freehold of The Wolves|15157|White|Expired|0|100|0|6/29/2025 10:22:35 AM|VEP|4974350|
551677|Edward I|Seleucia|New Pacific Order|10000|Red|616876|Lady Hawk|Isle of Mann|New Pacific Order|10000|Red|Expired|0|100|0|6/29/2025 10:13:25 AM|Vallum Aelium|4974349|
551677|Edward I|Seleucia|New Pacific Order|10000|Red|407948|avatar3619|Shendu|New Pacific Order|10000|Red|Expired|0|100|0|6/29/2025 10:13:20 AM|Vallum Aelium|4974348|
551677|Edward I|Seleucia|New Pacific Order|10000|Red|212835|Minuq|Butan|New Pacific Order|10000|Red|Expired|0|100|0|6/29/2025 10:13:16 AM|Vallum Aelium|4974347|
551677|Edward I|Seleucia|New Pacific Order|10000|Red|234918|LordOfTheLand|APIGP|New Pacific Order|10000|Red|Expired|0|100|0|6/29/2025 10:13:09 AM|QT Tech|4974346|
551677|Edward I|Seleucia|New Pacific Order|10000|Red|551335|Hakora Kiyanto|Makayan|New Pacific Order|10000|Red|Expired|0|100|0|6/29/2025 10:13:05 AM|QT Tech|4974345|
640620|Frioz|Lusitania Portugalia|Post Grunge Supergroup|16367|Brown|326273|Red Rebel|Pi Lambda Phi|Madlads Union|17130|Brown|Expired|0|100|0|6/29/2025 9:30:30 AM|Financial Assistance|4974341|
640620|Frioz|Lusitania Portugalia|Post Grunge Supergroup|16367|Brown|646890|HarryJ|Wambulance|Post Grunge Supergroup|16367|None|Expired|6000000|0|0|6/29/2025 9:29:52 AM|MONEYYY|4974340|
528882|JSoprano|Darasuum|Post Grunge Supergroup|16367|Brown|637489|Osirispuprex|Osirispuprex|Post Grunge Supergroup|16367|Brown|Expired|9000000|0|0|6/29/2025 9:28:09 AM|Tech deelz r gud|4974339|
186805|Grendel|Beowulf|Knights Of The Round Table|10092|Green|479257|Aprentic|MVEMJSUNP|Knights Of The Round Table|10092|Green|Expired|0|100|0|6/29/2025 9:20:11 AM|Aprentic - Spin 190|4974335|
186805|Grendel|Beowulf|Knights Of The Round Table|10092|Green|632798|KYBALION|HVITIRDREKAR|Knights Of The Round Table|10092|Green|Expired|0|100|0|6/29/2025 9:19:17 AM| Kybalion - Spin 191|4974334|
645829|blegth|irting|Nuclear Proliferation League|17228|Aqua|596771|Pentix|Mars Colony|New Polar Order|10006|Blue|Expired|0|100|0|6/29/2025 9:17:07 AM|Financial Assistance|4974333|
250431|riser|Goodwill|CLAWS|15841|Black|143998|planetary|planetarium|CLAWS|15841|Black|Expired|9000000|0|0|6/29/2025 9:13:37 AM|9m/100 tech deal|4974332|
430606|KemMo|Maurinaria|Nuclear Proliferation League|17228|Aqua|634960|SYEDZaadas|Islamizationia|Nuclear Proliferation League|17228|Aqua|Expired|6000000|0|0|6/29/2025 9:09:01 AM|Financial Assistance|4974331|
568795|Greywall|The Westfold|Global Alliance And Treaty Organization|10003|Brown|147284|Magicninja|Grundy|Global Alliance And Treaty Organization|10003|Brown|Expired|0|50|0|6/29/2025 9:05:13 AM|Financial Assistance|4974329|
639335|Swamplandia|Horna|NATO|10037|Blue|111159|MOOFER|Dragon of Cymru|NATO|10037|Blue|Expired|0|100|0|6/29/2025 8:50:31 AM|Financial Assistance|4974327|
481947|Morgaine|Cruithne|New Polar Order|10006|Blue|202519|Zombie Glaucon|UTC Labs|New Polar Order|10006|Blue|Expired|0|100|0|6/29/2025 8:49:54 AM|ICECAP Tech|4974326|
481947|Morgaine|Cruithne|New Polar Order|10006|Blue|56087|crusaderoflight88|Pacific Sun|New Polar Order|10006|Blue|Expired|0|100|0|6/29/2025 8:49:32 AM|ICECAP Tech|4974324|
481947|Morgaine|Cruithne|New Polar Order|10006|Blue|166467|KittyPride207|BlackAngels|New Polar Order|10006|Blue|Expired|0|100|0|6/29/2025 8:49:08 AM|ICECAP Tech|4974323|
646801|Chaos Gremlin|Chaostopia|Global Alliance And Treaty Organization|10003|Brown|58119|Laserwolf|Ellisonia|Global Alliance and Treaty Organization|10003|Brown|Expired|0|100|0|6/29/2025 8:32:38 AM|Financial Assistance|4974321|
308695|Indiomaestro|Jahara|The Dark Templar|10056|Black|642141|Crusadan|Doimestea|The Dark Templar|10056|Black|Expired|9000000|0|0|6/29/2025 8:28:59 AM|Tech deal|4974320|
584263|Beefbone|Beefy|New Polar Order|10006|Blue|643625|DERVISHchaff|Sudentor|New Polar Order|10006|Blue|Expired|6000000|0|0|6/29/2025 8:06:14 AM|ICECAP Cash|4974319|
579231|Greg23|Chronictopia|Global Alliance And Treaty Organization|10003|Brown|152876|Hankidan|Parkview 12|Global Alliance And Treaty Organization|10003|Brown|Expired|0|100|0|6/29/2025 7:32:15 AM|Financial Assistance|4974314|
579231|Greg23|Chronictopia|Global Alliance And Treaty Organization|10003|Brown|79371|xkirra|Mordlandia|Global Alliance And Treaty Organization|10003|Brown|Expired|0|100|0|6/29/2025 7:32:01 AM|Financial Assistance|4974313|
579231|Greg23|Chronictopia|Global Alliance And Treaty Organization|10003|Brown|14658|Manis B|Caesura|Global Alliance and Treaty Organization|10003|Brown|Expired|0|100|0|6/29/2025 7:31:24 AM|Financial Assistance|4974311|
529189|Combat Pope|Vaticana|Global Alliance And Treaty Organization|10003|Brown|479490|King Cyan|The Cyan Kingdom|Global Alliance And Treaty Organization|10003|Brown|Expired|0|100|0|6/29/2025 7:20:39 AM|Financial Assistance|4974309|
172243|BakerHills|Activision|NATO|10037|Blue|637153|DukeNash|Encantandia|COBRA|13717|Brown|Expired|9000000|0|0|6/29/2025 7:14:15 AM|VEP|4974308|
141164|LiquidMercury|FallenSeraphim|The Gramlins|17275|Green|573749|necAnt|Lucky Ants|The Gramlins|17275|Green|Expired|9000000|0|0|6/29/2025 7:03:57 AM|Tech Deal|4974304|
616861|TomoGozen|Shoganai|Global Alliance And Treaty Organization|10003|Brown|14658|Manis B|Caesura|Global Alliance and Treaty Organization|10003|Brown|Expired|0|100|0|6/29/2025 7:03:28 AM|Financial Assistance|4974303|
616861|TomoGozen|Shoganai|Global Alliance And Treaty Organization|10003|Brown|79371|xkirra|Mordlandia|Global Alliance And Treaty Organization|10003|Brown|Expired|0|100|0|6/29/2025 7:03:09 AM|Financial Assistance|4974302|
616861|TomoGozen|Shoganai|Global Alliance And Treaty Organization|10003|Brown|152876|Hankidan|Parkview 12|Global Alliance And Treaty Organization|10003|Brown|Expired|0|100|0|6/29/2025 7:02:45 AM|Financial Assistance|4974301|
643887|SilenttShadow27|Temnota|NATO|10037|Blue|593353|Kitkat16|Sofie|NATO|10037|Blue|Expired|0|100|0|6/29/2025 6:59:15 AM|Cupcake refill &lt;3|4974300|
509784|Lord Emperor Clot|Clotvania|Christian Coalition Of Countries|10028|Maroon|637153|DukeNash|Encantandia|COBRA|13717|Brown|Expired|9000000|0|0|6/29/2025 6:51:53 AM|VEP money|4974298|
139990|BacTalan|NorseTurks|Global Alliance And Treaty Organization|10003|Brown|531189|Peroman200|Petrolandija|Global Alliance And Treaty Organization|10003|Brown|Expired|9000000|0|0|6/29/2025 6:07:24 AM|9/100|4974289|
453391|Rokula|Paraiso|New Pacific Order|10000|Red|450111|Crowncowboy|Confederate Isle|The Wolves|16660|Maroon|Expired|9000000|0|0|6/29/2025 4:41:42 AM|Hugs from NPO|4974286|
453391|Rokula|Paraiso|New Pacific Order|10000|Red|533942|Saxplayer|Arstoria|New Pacific Order|10000|Red|Expired|9000000|0|0|6/29/2025 4:41:34 AM|Bankroll|4974285|
372061|Mandystalin|Lutonstan|The Templar Knights|10012|Maroon|132067|Merick|Panamkey|The Templar Knights|10012|Maroon|Expired|9000000|0|0|6/29/2025 2:08:23 AM|Tech |4974278|
231352|Wippeli|Wippelandia|Freehold of The Wolves|15157|White|120427|Ashleaa|Pigtopia|Federation of Armed Nations|10021|Yellow|Expired|0|100|0|6/29/2025 2:00:25 AM|VEP|4974277|
262614|aml520|Hantou|New Polar Order|10006|Blue|553210|tenbob|Mayoabu|New Polar Order|10006|Blue|Expired|0|100|0|6/29/2025 1:54:23 AM|ICECAP Tech|4974276|
91872|PuliSher|Kerj&#228;l&#228;|Non Grata|10097|Maroon|170124|WackyDan|Wackytopia|Nordreich|11319|Maroon|Expired|0|100|0|6/29/2025 1:52:46 AM|100/100|4974275|
262614|aml520|Hantou|New Polar Order|10006|Blue|433547|WhitEarendur|Tol Eressea|New Polar Order|10006|Blue|Expired|0|100|0|6/29/2025 1:52:20 AM|ICECAP Tech|4974274|
283424|Dropo7777|DelOrto|NATO|10037|Blue|637153|DukeNash|Encantandia|COBRA|13717|Brown|Expired|9000000|0|0|6/29/2025 1:43:52 AM|Valyrian aid|4974272|
518299|President Nathanael|Meracia|Nuclear Proliferation League|17228|Black|646240|WelpLOLoofE|Slavnia|Nuclear Proliferation League|17228|Black|Expired|5000000|0|0|6/29/2025 1:41:20 AM|NPL aid just because|4974271|
518299|President Nathanael|Meracia|Nuclear Proliferation League|17228|Black|634960|SYEDZaadas|Islamizationia|Nuclear Proliferation League|17228|Aqua|Expired|5000000|0|0|6/29/2025 1:40:35 AM|NPL aid just because|4974270|
639843|TheChickenRun|Costco Wholesale|The Dark Templar|10056|Black|84729|D.A.D.1|IGP Warriors|The Dark Templar|10056|Black|Expired|0|100|0|6/29/2025 1:40:31 AM|Free Tech|4974269|
518299|President Nathanael|Meracia|Nuclear Proliferation League|17228|Black|646760|jwill96|Ibica|Nuclear Proliferation League|17228|Aqua|Expired|5000000|0|0|6/29/2025 1:39:11 AM|NPL aid just because|4974268|
257166|Yggdrazil|Ginginugap|Independent Republic Of Orange Nations|10004|Orange|605023|JuggernautMD|Framework|Independent Republic Of Orange Nations|10004|Orange|Expired|0|100|0|6/29/2025 1:36:41 AM|itf|4974267|
257166|Yggdrazil|Ginginugap|Independent Republic Of Orange Nations|10004|Orange|374610|Captain Crozier|Dime Store Novena|Independent Republic Of Orange Nations|10004|Orange|Expired|0|100|0|6/29/2025 1:35:49 AM|itf|4974265|
568971|Lord Windmark|Regnum Saoirse|The Legion|10020|Purple|633077|DarkStar1348|Aoxomoxoa|The Legion|10020|Purple|Expired|9000000|0|0|6/29/2025 1:33:34 AM|Financial Assistance|4974264|
645946|LiFeng|Qwertyiop|Non Grata|10097|Maroon|273692|Pope Bubba XIII|Rebel Virginia|Non Grata|10097|Maroon|Expired|0|100|0|6/29/2025 12:43:14 AM|Financial Assistance|4974250|
636336|Stelth|White Mountain|Union Of Communist Republics|10060|Brown|645467|LiefzDel|Greater Czechia|Post Grunge Supergroup|16367|Brown|Expired|9000000|0|0|6/29/2025 12:34:00 AM|Tech Czech|4974249|
636336|Stelth|White Mountain|Union Of Communist Republics|10060|Brown|643741|Danteeternity|Balan|Post Grunge Supergroup|16367|Brown|Expired|9000000|0|0|6/29/2025 12:33:35 AM|Financial Assistance|4974248|
310672|King Wally|Rep of Queensland|Nuclear Proliferation League|17228|Aqua|620036|Vex L Zher|Lodraland|Nuclear Proliferation League|17228|White|Expired|9000000|100|0|6/29/2025 12:28:40 AM|Manhattan Project Funding|4974246|
643876|LordInfamous|Swindlerstan|Independent Republic Of Orange Nations|10004|Orange|87890|Formanj|Norvegs Trøndelag|Independent Republic of Orange Nations|10004|Orange|Expired|0|100|0|6/29/2025 12:28:21 AM|ITF|4974245|
643876|LordInfamous|Swindlerstan|Independent Republic Of Orange Nations|10004|Orange|605023|JuggernautMD|Framework|Independent Republic Of Orange Nations|10004|Orange|Expired|0|100|0|6/29/2025 12:27:59 AM|ITF|4974244|
646800|Brotherlouie27|Louimerica II|Global Alliance And Treaty Organization|10003|Brown|152876|Hankidan|Parkview 12|Global Alliance And Treaty Organization|10003|Brown|Expired|0|100|0|6/29/2025 12:27:27 AM|Financial Assistance|4974242|
416695|pmacdaddy|Sanctuary|DOOMBIRD DOOMCAVE|10449|Black|619806|Epimethys|Pyrrha|Doombrella|17368|Black|Expired|9000000|0|0|6/28/2025 10:42:02 PM|Doomerce |4974235|
632798|KYBALION|HVITIRDREKAR|Knights Of The Round Table|10092|Green|645871|Danial Frank|Floriida|The Phoenix Federation|17385|Orange|Expired|6000000|0|0|6/28/2025 10:36:49 PM|New 6M/100T Deal :-)|4974234|
646465|Panglima Burung|Kalimantan Baru|New Pacific Order|10000|Red|588946|AlphaCenturion|Sentosa Republic|New Pacific Order|10000|Red|Expired|0|100|0|6/28/2025 10:19:46 PM|QT Tech|4974231|
646465|Panglima Burung|Kalimantan Baru|New Pacific Order|10000|Red|542117|Killerbankz|HellOnEarth|New Pacific Order|10000|Red|Expired|0|100|0|6/28/2025 10:19:26 PM|QT Tech|4974230|
645053|Geezy VIII|SOS Empire|Independent Republic Of Orange Nations|10004|Orange|605023|JuggernautMD|Framework|Independent Republic Of Orange Nations|10004|Orange|Expired|0|100|0|6/28/2025 10:05:56 PM|ITF|4974229|
404438|Herzog|Black Amber|Sparta|10008|Black|542501|King Georges III|Georgiostan|Sparta|10008|Black|Expired|0|100|0|6/28/2025 9:35:55 PM|Financial Assistance|4974228|
56391|MexiMoot|Mooxico|DOOMBIRD DOOMCAVE|10449|Black|619806|Epimethys|Pyrrha|Doombrella|17368|Black|Expired|9000000|0|1|6/28/2025 9:33:06 PM|Financial Assistance|4974226|
56391|MexiMoot|Mooxico|DOOMBIRD DOOMCAVE|10449|Black|646870|Waffless|Wafflandia|Doombrella|17368|Black|Expired|6000000|0|1|6/28/2025 9:32:28 PM|Financial Assistance|4974225|
533155|Monster|Energy|Doombrella|17368|Black|66883|Crown Prince Mishka|Tygaland|Doombrella|17368|Black|Expired|0|100|0|6/28/2025 9:25:50 PM|eye of the tiger|4974224|
533155|Monster|Energy|Doombrella|17368|Black|202255|onelove|We Are One Love|Doombrella|17368|Black|Expired|0|100|0|6/28/2025 9:25:17 PM|andale|4974223|
622221|cobwebbyarc6|Dasein|Doom Squad|16454|Black|506358|lightningjim|Fulmen Ingenium|Doom Squad|16454|Black|Expired|6000000|0|0|6/28/2025 9:14:20 PM|Financial Assistance|4974221|
622221|cobwebbyarc6|Dasein|Doom Squad|16454|Black|646804|dragonshardz|Cruinneachadh|Doom Squad|16454|Black|Expired|9000000|0|0|6/28/2025 9:13:36 PM|Financial Assistance|4974220|
622221|cobwebbyarc6|Dasein|Doom Squad|16454|Black|646307|Hermes Observer|Radchaai|Doombrella|17368|Black|Expired|9000000|0|0|6/28/2025 9:12:28 PM|Financial Assistance|4974219|
402492|NikolaP|Wiggles|Disciples of Duckroll|17024|Black|596807|AmeerMuib|SiegeTank|Disciples of Duckroll|17024|Black|Expired|9000000|0|0|6/28/2025 8:44:21 PM|Financial Assistance|4974214|
625574|torquewench|Solo Donne|Doom Squad|16454|Black|199494|Bomber66|Baxter|Doombrella|17368|Black|Expired|0|100|0|6/28/2025 8:43:35 PM|Financial Assistance|4974213|
470323|plaw44|infinite desire|Doombrella|17368|Black|646870|Waffless|Wafflandia|Doombrella|17368|Black|Expired|6000000|0|0|6/28/2025 8:16:47 PM|Favor for Aunt Jemima|4974212|
416695|pmacdaddy|Sanctuary|DOOMBIRD DOOMCAVE|10449|Black|532609|KingJohnny|Nechian Empire|Doom Squad|16454|Black|Expired|6000000|0|0|6/28/2025 7:25:58 PM|Doomerce|4974206|
289177|Blaskowicz|Doomsland|New Pacific Order|10000|Red|640667|paulo11|Cameland|New Pacific Order|10000|Red|Expired|9000000|0|0|6/28/2025 6:37:40 PM|Bankroll|4974204|
289177|Blaskowicz|Doomsland|New Pacific Order|10000|Red|533942|Saxplayer|Arstoria|New Pacific Order|10000|Red|Expired|9000000|0|0|6/28/2025 6:37:35 PM|Bankroll|4974203|
625574|torquewench|Solo Donne|Doom Squad|16454|Black|66883|Crown Prince Mishka|Tygaland|Doombrella|17368|Black|Expired|0|100|0|6/28/2025 6:02:49 PM|Financial Assistance|4974202|
625574|torquewench|Solo Donne|Doom Squad|16454|Black|392583|Javier360|Tenochtitlan|DOOMBIRD DOOMCAVE|10449|Black|Expired|0|100|0|6/28/2025 6:02:21 PM|Financial Assistance|4974201|
646793|Alhakim Ayaanle|Ajuuraan Sultanate||0|Red|326273|Red Rebel|Pi Lambda Phi|Madlads Union|17130|Brown|Expired|0|100|0|6/28/2025 5:49:59 PM|Financial Assistance|4974199|
533155|Monster|Energy|Doombrella|17368|Black|484851|enderland|Fields of Elysium|Doombrella|17368|Black|Expired|0|100|0|6/28/2025 5:18:28 PM|Financial Assistance|4974196|
533155|Monster|Energy|Doombrella|17368|Black|184514|Franz Ferdinand|L252beck|Doombrella|17368|Black|Expired|0|100|0|6/28/2025 5:18:13 PM|jabronie|4974195|
533155|Monster|Energy|Doombrella|17368|Black|626860|BringMeTheHorizon|Dakotas|Doombrella|17368|Black|Expired|0|100|0|6/28/2025 5:17:40 PM|Financial Assistance|4974193|
646793|Alhakim Ayaanle|Ajuuraan Sultanate||0|Red|25745|JJ452|Eire.|Avalanche|10078|Blue|Expired|0|100|0|6/28/2025 4:59:25 PM|Financial Assistance|4974192|
325990|Bleak Outlook|New Dun Likus|Fark|10002|Aqua|621241|John Mathews|Earth Three|Fark|10002|Aqua|Expired|0|100|0|6/28/2025 3:32:33 PM|No cash, only free!|4974189|
155826|weebl2000|Azeer|Non Grata|10097|Maroon|638567|Cobert|Brightwood|Non Grata|10097|Maroon|Expired|9000000|0|0|6/28/2025 3:31:53 PM|Financial Assistance|4974188|
187132|White Majik|VSOP United|Doombrella|17368|Black|646870|Waffless|Wafflandia|Doombrella|17368|Black|Expired|6000000|0|0|6/28/2025 3:11:36 PM|Financial Assistance|4974185|
261397|Rampage3|United Liberocracy|Nuclear Proliferation League|17228|Aqua|645985|CaboMabo|CaboMabo|Nuclear Proliferation League|17228|Aqua|Expired|9000000|100|0|6/28/2025 1:54:04 PM|4 of 5|4974176|
357423|claude|Doom House|Doom Squad|16454|Black|66883|Crown Prince Mishka|Tygaland|Doombrella|17368|Black|Expired|0|100|0|6/28/2025 1:40:44 PM|Financial Assistance|4974172|
357423|claude|Doom House|Doom Squad|16454|Black|139809|John Orris|Commonwealth of John|Doombrella|17368|Black|Expired|0|100|0|6/28/2025 1:40:08 PM|Financial Assistance|4974171|
357423|claude|Doom House|Doom Squad|16454|Black|127226|LJ Scott|Republic of Jutland|DOOMBIRD DOOMCAVE|10449|Black|Expired|0|100|0|6/28/2025 1:37:37 PM|Financial Assistance|4974170|
80845|Aracto Totar|Taprobane|Viridian Entente|10010|Green|241126|cbuzz24|Angle|Viridian Entente|10010|Green|Expired|0|100|0|6/28/2025 1:15:09 PM|Financial Assistance|4974168|
80845|Aracto Totar|Taprobane|Viridian Entente|10010|Green|555346|TacticalAldiko|TacticalAldiko|Viridian Entente|10010|Green|Expired|0|100|0|6/28/2025 1:14:57 PM|Financial Assistance|4974167|
555535|Presidential|WashingtonDC|Viridian Entente|10010|Green|301014|asawyer|Zabril|Viridian Entente|10010|Green|Expired|0|100|0|6/28/2025 1:14:32 PM|Financial Assistance|4974166|
555535|Presidential|WashingtonDC|Viridian Entente|10010|Green|71592|upchuck|warmarding|Viridian Entente|10010|Green|Expired|0|100|0|6/28/2025 1:14:21 PM|Financial Assistance|4974165|
637489|Osirispuprex|Osirispuprex|Post Grunge Supergroup|16367|Brown|627592|Lord Xamaeron|Celtic Forest|Post Grunge Supergroup|16367|Brown|Expired|0|100|0|6/28/2025 12:38:33 PM|Financial Assistance|4974161|
376391|Dave the Dominator|Taulvia|The Templar Knights|10012|Maroon|301419|SirTwist|Twistland|The Grand Lodge Of Freemasons|10029|Orange|Expired|9000000|0|0|6/28/2025 12:32:01 PM|Tech|4974160|
380007|Supreme Emperor Daeg|Metal|Doom Squad|16454|Black|646804|dragonshardz|Cruinneachadh|Doom Squad|16454|Black|Expired|9000000|0|0|6/28/2025 12:09:05 PM|Financial Assistance|4974159|
380007|Supreme Emperor Daeg|Metal|Doom Squad|16454|Black|532609|KingJohnny|Nechian Empire|Doom Squad|16454|Black|Expired|6000000|0|0|6/28/2025 12:08:48 PM|Financial Assistance|4974158|
380007|Supreme Emperor Daeg|Metal|Doom Squad|16454|Black|646307|Hermes Observer|Radchaai|Doombrella|17368|Black|Expired|9000000|0|0|6/28/2025 12:08:13 PM|Financial Assistance|4974157|
326267|Steeldor|Jerel|DOOMBIRD DOOMCAVE|10449|Black|644476|ICCoug|VanDanBerg|Catholic Reich|17311|Black|Expired|9000000|0|0|6/28/2025 12:07:59 PM|Financial Assistance|4974156|
380007|Supreme Emperor Daeg|Metal|Doom Squad|16454|Black|502087|Astryl|Ethereal|Doombrella|17368|Black|Expired|9000000|0|0|6/28/2025 12:07:37 PM|Financial Assistance|4974155|
639550|Burger|Neo Assyria|Doom Squad|16454|Black|199494|Bomber66|Baxter|Doombrella|17368|Black|Expired|0|100|0|6/28/2025 11:47:59 AM|Financial Assistance|4974152|
639550|Burger|Neo Assyria|Doom Squad|16454|Black|139809|John Orris|Commonwealth of John|Doombrella|17368|Black|Expired|0|100|0|6/28/2025 11:47:33 AM|Financial Assistance|4974150|
645082|TowerQueen|Turrim|New Pacific Order|10000|Red|542117|Killerbankz|HellOnEarth|New Pacific Order|10000|Red|Expired|0|100|0|6/28/2025 11:11:07 AM|QT Tech|4974148|
645124|stugots|Trumpopolis|NATO|10037|Blue|493791|azntrigboi|Symmetry|NATO|10037|Blue|Expired|0|100|0|6/28/2025 11:00:25 AM|Financial Assistance|4974147|
308695|Indiomaestro|Jahara|The Dark Templar|10056|Black|642338|Kauppinen|Savruotland|The Dark Templar|10056|Black|Expired|9000000|0|0|6/28/2025 10:34:26 AM|Tech Deal|4974144|
455413|Duke Nukem|NukemLand|Global Alliance And Treaty Organization|10003|Brown|479490|King Cyan|The Cyan Kingdom|Global Alliance And Treaty Organization|10003|Brown|Expired|0|100|0|6/28/2025 10:01:43 AM|Financial Assistance|4974140|
202168|Dr Doctor|NATO Armed Forces|NATO|10037|Blue|219727|danhawk|sonyevilempire|The Imperial Order|10082|Blue|Expired|0|100|0|6/28/2025 9:29:08 AM|Valyrian Aid|4974136|
202168|Dr Doctor|NATO Armed Forces|NATO|10037|Blue|593353|Kitkat16|Sofie|NATO|10037|Blue|Expired|0|100|0|6/28/2025 9:28:20 AM|Poop is a funny word|4974135|
567720|Cosmic Chocolate|Soaring Eagle|DOOMBIRD DOOMCAVE|10449|Black|646779|RedMetal|Soviet Canuckitstan|Doom Squad|16454|Black|Expired|9000000|0|0|6/28/2025 9:24:25 AM|Financial Assistance|4974134|
630674|Ghostruler1|Winterfelllllll|New Pacific Order|10000|Red|234918|LordOfTheLand|APIGP|New Pacific Order|10000|Red|Expired|0|100|0|6/28/2025 9:23:38 AM|QT Tech|4974132|
646801|Chaos Gremlin|Chaostopia|Global Alliance And Treaty Organization|10003|Brown|39705|Bmk812|Eisenherz|Global Alliance And Treaty Organization|10003|Brown|Expired|0|100|0|6/28/2025 9:17:55 AM|Financial Assistance|4974130|
638157|Karifire|Hogsmead|Doom Squad|16454|Black|139809|John Orris|Commonwealth of John|Doombrella|17368|Black|Expired|0|100|0|6/28/2025 9:10:52 AM|Financial Assistance|4974128|
638157|Karifire|Hogsmead|Doom Squad|16454|Black|615966|tehol|Lether|Doom Squad|16454|Black|Expired|0|100|0|6/28/2025 9:08:41 AM|Financial Assistance|4974125|
340698|Onified|Spork|NATO|10037|Blue|637153|DukeNash|Encantandia|COBRA|13717|Brown|Expired|9000000|0|0|6/28/2025 9:03:12 AM|vep|4974124|
340698|Onified|Spork|NATO|10037|Blue|633463|Mein Kaiser|DasVaterland|Church of the Holy Platypus|17265|Green|Expired|9000000|0|0|6/28/2025 9:03:04 AM|vep|4974123|
340698|Onified|Spork|NATO|10037|Blue|583519|Mirakil|The Doom Legions|Freehold of The Wolves|15157|White|Expired|9000000|0|0|6/28/2025 9:02:54 AM|vep|4974122|
395340|Lord Hershey|Palaven|Doom Squad|16454|Black|646779|RedMetal|Soviet Canuckitstan|Doom Squad|16454|Black|Expired|9000000|100|0|6/28/2025 8:51:05 AM|Financial Assistance|4974118|
395340|Lord Hershey|Palaven|Doom Squad|16454|Black|567720|Cosmic Chocolate|Soaring Eagle|DOOMBIRD DOOMCAVE|10449|Black|Expired|0|100|0|6/28/2025 8:49:59 AM|Financial Assistance|4974116|
395340|Lord Hershey|Palaven|Doom Squad|16454|Black|646799|Salt Meat|Ghost Sea|Doom Squad|16454|Black|Expired|9000000|100|0|6/28/2025 8:49:49 AM|Financial Assistance|4974115|
395340|Lord Hershey|Palaven|Doom Squad|16454|Black|646804|dragonshardz|Cruinneachadh|Doom Squad|16454|Black|Expired|9000000|100|0|6/28/2025 8:49:34 AM|Financial Assistance|4974114|
190480|Unruly|Republique de Buja|AGW Overlords|10043|Black|645607|vincentchuking|vincent|The Phoenix Federation|17385|Yellow|Expired|6000000|0|4000|6/28/2025 8:45:36 AM|Tech buy and anarchy help|4974113|
638031|Makinde Anthony|NORTH NIGERIA|The Prussian Empire|14204|Blue|646810|Marvelous|ONUDO|NATO|10037|Blue|Expired|6000000|0|0|6/28/2025 8:17:38 AM|Financial Assistance|4974105|
631385|Kingdom of Denmark|Jutland Germany|The Prussian Empire|14204|Green|437548|Dutchmaster|Feardare|Coalition of Royal Allied Powers|10051|Maroon|Expired|0|100|0|6/28/2025 8:14:27 AM|Financial Assistance|4974103|
404176|Sadero|Saderia|New Polar Order|10006|Blue|455466|KrazyNights|Helleden|New Polar Order|10006|Blue|Expired|0|100|0|6/28/2025 7:57:01 AM|ICECAP Tech|4974102|
404176|Sadero|Saderia|New Polar Order|10006|Blue|202519|Zombie Glaucon|UTC Labs|New Polar Order|10006|Blue|Expired|0|100|0|6/28/2025 7:56:55 AM|ICECAP Tech|4974101|
404176|Sadero|Saderia|New Polar Order|10006|Blue|433547|WhitEarendur|Tol Eressea|New Polar Order|10006|Blue|Expired|0|100|0|6/28/2025 7:56:40 AM|ICECAP Tech|4974100|
558202|Doug Henning|Magic Land|Nuclear Proliferation League|17228|Aqua|621241|John Mathews|Earth Three|Fark|10002|Aqua|Expired|0|100|0|6/28/2025 7:51:42 AM|9/100 Continued|4974097|
206853|Tsayka|Trisaram|NATO|10037|Blue|440257|lonabis|flying dutchmen|NATO|10037|Blue|Expired|0|100|0|6/28/2025 7:44:33 AM|Financial Assistance|4974093|
206853|Tsayka|Trisaram|NATO|10037|Blue|593353|Kitkat16|Sofie|NATO|10037|Blue|Expired|0|100|0|6/28/2025 7:44:18 AM|Financial Assistance|4974092|
116324|Wayne World|Wayne World|The Grand Lodge of Freemasons|10029|Orange|639282|Agaton Sax|Asmodean|COBRA|13717|Brown|Expired|6000000|0|0|6/28/2025 7:21:35 AM|tech plz|4974089|
327088|spearo|Deep Blue|Non Grata|10097|Maroon|627572|Latexi|Why would I do this|Non Grata|10097|Maroon|Expired|9000000|0|0|6/28/2025 7:06:48 AM|Financial Assistance|4974088|
406081|Valhalla|Ukropa|Viridian Entente|10010|Green|555346|TacticalAldiko|TacticalAldiko|Viridian Entente|10010|Green|Expired|0|100|0|6/28/2025 6:58:43 AM|2/2|4974086|
406081|Valhalla|Ukropa|Viridian Entente|10010|Green|598970|Azure|Aldarin|Viridian Entente|10010|Green|Expired|0|100|0|6/28/2025 6:58:21 AM|2/2|4974084|
362361|Gofast2006|Pioneer Village|Nuclear Proliferation League|17228|Aqua|646771|King Chocolate|Chocolate Cookie|Nuclear Proliferation League|17228|Aqua|Expired|6000000|0|0|6/28/2025 6:53:02 AM|Wally aid|4974082|
621876|thebigkas|kekistan69|COBRA|13717|Brown|258455|Magical Muslim|Alibaba Land|CLAWS|15841|Black|Expired|0|100|0|6/28/2025 6:24:18 AM|Financial Assistance|4974078|
645261|kinmckhatch|dudeydudeworld|Federation Of Armed Nations|10021|Yellow|63284|Kills with Fire|New Highlands|Federation of Armed Nations|10021|Yellow|Expired|0|100|0|6/28/2025 6:22:05 AM|Financial Assistance|4974076|
645261|kinmckhatch|dudeydudeworld|Federation Of Armed Nations|10021|Yellow|120427|Ashleaa|Pigtopia|Federation of Armed Nations|10021|Yellow|Expired|0|100|0|6/28/2025 6:21:19 AM|Financial Assistance|4974075|
573749|necAnt|Lucky Ants|The Gramlins|17275|Green|141583|jerdge|Gaela|Green Protection Agency|10041|Green|Expired|0|100|0|6/28/2025 6:02:34 AM|TD 2/2|4974068|
644316|Sam Sparks|Mendota|Sparta|10008|Black|602563|AntiChoice|SuperNaturale|Sparta|10008|Black|Expired|0|100|0|6/28/2025 4:47:09 AM|Financial Assistance|4974063|
644316|Sam Sparks|Mendota|Sparta|10008|Black|168237|Ducky is King|Duckys Kingdom|Sparta|10008|Black|Expired|0|100|0|6/28/2025 4:46:54 AM|Tech Deal|4974062|
643162|DarkDefiance|United Defiance|New Pacific Order|10000|Red|167235|ORCACommander|Hiigaran Federation|New Pacific Order|10000|Red|Expired|0|100|0|6/28/2025 3:46:31 AM|QT Tech|4974061|
643162|DarkDefiance|United Defiance|New Pacific Order|10000|Red|442731|Madd|Modra|New Pacific Order|10000|Red|Expired|0|100|0|6/28/2025 3:46:26 AM|QT Tech|4974060|
643162|DarkDefiance|United Defiance|New Pacific Order|10000|Red|542117|Killerbankz|HellOnEarth|New Pacific Order|10000|Red|Expired|0|100|0|6/28/2025 3:46:21 AM|QT Tech|4974059|
643162|DarkDefiance|United Defiance|New Pacific Order|10000|Red|366247|Polgas|Novasea|New Pacific Order|10000|Red|Expired|0|100|0|6/28/2025 3:46:17 AM|QT Tech|4974058|
643162|DarkDefiance|United Defiance|New Pacific Order|10000|Red|17202|Cybolt|Time and Space|New Pacific Order|10000|Red|Expired|0|100|0|6/28/2025 3:46:12 AM|QT Tech|4974057|
643162|DarkDefiance|United Defiance|New Pacific Order|10000|Red|234918|LordOfTheLand|APIGP|New Pacific Order|10000|Red|Expired|0|100|0|6/28/2025 3:46:07 AM|QT Tech|4974056|
557585|Maboroshi|Motavia|LoSS|15565|Black|646840|Elowen Tharne|Veridanya|Nuclear Proliferation League|17228|Aqua|Expired|6000000|0|0|6/28/2025 3:44:43 AM|tech deal|4974055|
637264|RiddervanGelre|Nieuw Gelre|CLAWS|15841|Black|238151|devnull|Republic of Unix|CLAWS|15841|Black|Expired|0|100|0|6/28/2025 3:32:12 AM|Financial Assistance|4974054|
626587|Iogaro12|Iberia del Norte|Freehold of The Wolves|15157|White|120427|Ashleaa|Pigtopia|Federation of Armed Nations|10021|Yellow|Expired|0|100|0|6/28/2025 3:29:26 AM|Valyrian Aid|4974053|
626587|Iogaro12|Iberia del Norte|Freehold of The Wolves|15157|White|39705|Bmk812|Eisenherz|Global Alliance And Treaty Organization|10003|Brown|Expired|0|100|0|6/28/2025 3:28:57 AM|Valyrian Aid|4974052|
626587|Iogaro12|Iberia del Norte|Freehold of The Wolves|15157|White|1037|mona lisa|3 oaks|Old Guard|11296|Blue|Expired|0|100|0|6/28/2025 3:28:48 AM|Valyrian Aid|4974051|
643876|LordInfamous|Swindlerstan|Independent Republic Of Orange Nations|10004|Orange|636601|Wolfbite|Caffinated Wolves|Independent Republic Of Orange Nations|10004|Orange|Expired|0|100|0|6/28/2025 3:26:57 AM|ITF|4974045|
645382|Kharmandril|PETA nudes|Doom Squad|16454|Black|139809|John Orris|Commonwealth of John|Doombrella|17368|Black|Expired|0|100|0|6/28/2025 3:11:44 AM|Financial Assistance|4974043|
639335|Swamplandia|Horna|NATO|10037|Blue|627972|GearHead|Rosche|NATO|10037|Blue|Expired|0|100|0|6/28/2025 3:02:08 AM|Financial Assistance|4974040|
262614|aml520|Hantou|New Polar Order|10006|Blue|56087|crusaderoflight88|Pacific Sun|New Polar Order|10006|Blue|Expired|0|100|0|6/28/2025 2:52:52 AM|ICECAP Tech|4974038|
570802|IlDuce|ItaliaSS|CLAWS|15841|Black|250431|riser|Goodwill|CLAWS|15841|Black|Expired|0|100|0|6/28/2025 2:32:35 AM|Deal tech|4974035|
646321|equusSuprm|equusSuprm|New Pacific Order|10000|Red|234918|LordOfTheLand|APIGP|New Pacific Order|10000|Red|Expired|0|100|0|6/28/2025 2:28:02 AM|QT Tech|4974034|
646321|equusSuprm|equusSuprm|New Pacific Order|10000|Red|407948|avatar3619|Shendu|New Pacific Order|10000|Red|Expired|0|100|0|6/28/2025 2:27:25 AM|Vallum Aelium|4974032|
190480|Unruly|Republique de Buja|AGW Overlords|10043|Black|631191|Magnus IV|Kingdom of Ars Magna|CLAWS|15841|Black|Expired|9000000|0|0|6/28/2025 2:02:25 AM|Financial Assistance|4974027|
634284|mikeymikes|batmanism|Doombrella|17368|Black|202255|onelove|We Are One Love|Doombrella|17368|Black|Expired|9000000|100|4000|6/28/2025 1:38:15 AM|aids|4974025|
644785|Optimus881|Wakanda881|Post Grunge Supergroup|16367|Brown|474413|The R00STER|Republic of Ibonn|The Dark Templar|10056|Black|Expired|0|100|0|6/28/2025 1:27:06 AM|PGS $9M/100Tech     |4974024|
202168|Dr Doctor|NATO Armed Forces|NATO|10037|Blue|468549|shadowstriker|shadow world|NATO|10037|Blue|Expired|0|100|0|6/28/2025 1:19:26 AM|Allied Destroyer Joining|4974022|
639937|The Evilest Eye|NeoNeftyaniki|The Dark Templar|10056|Black|198995|midgetporn|migetropilis|The Dark Templar|10056|Black|Expired|0|100|0|6/28/2025 12:55:11 AM|Tech Time|4974019|
639937|The Evilest Eye|NeoNeftyaniki|The Dark Templar|10056|Black|184966|The Upper Bass|Little Basses|The Dark Templar|10056|Black|Expired|0|100|0|6/28/2025 12:54:42 AM|Tech Time|4974018|
532352|Serberus|The State|Post Grunge Supergroup|16367|Brown|646690|Oluwfemi|EKITI|Post Grunge Supergroup|16367|Pink|Expired|6000000|0|0|6/28/2025 12:07:35 AM|Financial Assistance|4974014|
324421|Einer|Jesusland|Mostly Harmless Alliance|14879|White|634273|kolomee|Noodles Descendent|Freehold of The Wolves|15157|White|Expired|9000000|0|0|6/28/2025 12:02:22 AM|&quot;Valyrian Aid&quot; !|4974013|
96568|Dagny Taggart|Galtian Commune|DOOMBIRD DOOMCAVE|10449|Black|101493|ak47don|sicily mafia|Doombrella|17368|Black|Expired|9000000|0|0|6/27/2025 10:07:25 PM|Financial Assistance|4974011|
96568|Dagny Taggart|Galtian Commune|DOOMBIRD DOOMCAVE|10449|Black|646779|RedMetal|Soviet Canuckitstan|Doom Squad|16454|Black|Expired|9000000|0|0|6/27/2025 10:06:52 PM|Financial Assistance|4974010|
275547|BigKif|KifLand|CLAWS|15841|Black|645607|vincentchuking|vincent|The Phoenix Federation|17385|Yellow|Expired|6000000|0|0|6/27/2025 10:03:21 PM|Long Deal|4974008|
87249|Infallible|Mulletville|Orange Defense Network|10007|Orange|538755|zeldafan4ever|Terminus|Orange Defense Network|10007|Orange|Expired|9000000|0|0|6/27/2025 10:01:49 PM|9/300|4974007|
602563|AntiChoice|SuperNaturale|Sparta|10008|Black|431619|rotinom|Gideons|Sparta|10008|Black|Expired|9000000|0|0|6/27/2025 10:00:23 PM|Tech Deal|4974006|
49522|Croix|Edjaal|Random Insanity Alliance|10038|Maroon|240196|Seagram|Siperia|Nordreich|11319|Maroon|Expired|0|100|0|6/27/2025 9:58:19 PM|Financial Assistance|4974005|
49522|Croix|Edjaal|Random Insanity Alliance|10038|Maroon|124781|im317|im317|Random Insanity Alliance|10038|Maroon|Expired|0|100|0|6/27/2025 9:57:14 PM|Financial Assistance|4974004|
547395|KameraadLenin|Newfoundland SSR|Non Grata|10097|Maroon|528479|paul711|Paulinca|Non Grata|10097|Maroon|Expired|0|100|0|6/27/2025 9:30:48 PM|Financial Assistance|4974001|
418916|HeroofTime55|New XGA|Non Grata|10097|Maroon|457345|Taiki11|Taiki Land|Non Grata|10097|Maroon|Expired|9000000|0|0|6/27/2025 9:29:30 PM|Financial Assistance|4973997|
418916|HeroofTime55|New XGA|Non Grata|10097|Maroon|638461|Jerby|Simulacra|Non Grata|10097|Maroon|Expired|9000000|0|0|6/27/2025 9:29:16 PM|Financial Assistance|4973996|
596771|Pentix|Mars Colony|New Polar Order|10006|Blue|638457|AlQsar|Imbratoria|New Polar Order|10006|Blue|Expired|9000000|0|0|6/27/2025 9:20:17 PM|Financial Assistance|4973995|
645768|Sitthemdown|Emperor Protects|Doombrella|17368|Black|484851|enderland|Fields of Elysium|Doombrella|17368|Black|Expired|0|100|0|6/27/2025 8:19:49 PM|Financial Assistance|4973993|
645768|Sitthemdown|Emperor Protects|Doombrella|17368|Black|184514|Franz Ferdinand|L252beck|Doombrella|17368|Black|Expired|0|100|0|6/27/2025 8:15:42 PM|Financial Assistance|4973991|
645768|Sitthemdown|Emperor Protects|Doombrella|17368|Black|151268|Zerileous|Monkey Time|Doombrella|17368|Black|Expired|0|100|0|6/27/2025 8:15:22 PM|Financial Assistance|4973990|
645768|Sitthemdown|Emperor Protects|Doombrella|17368|Black|626860|BringMeTheHorizon|Dakotas|Doombrella|17368|Black|Expired|0|100|0|6/27/2025 7:42:04 PM|Financial Assistance|4973986|
351954|kobetop|Arulelea|Viridian Entente|10010|Green|640557|CrixKringle|Paragonia|Viridian Entente|10010|Green|Expired|9000000|0|0|6/27/2025 7:39:26 PM|Financial Assistance|4973985|
619806|Epimethys|Pyrrha|Doombrella|17368|Black|626860|BringMeTheHorizon|Dakotas|Doombrella|17368|Black|Expired|0|100|0|6/27/2025 6:34:53 PM|Financial Assistance|4973979|
57033|Slywolfe|Slywolfe|New Pacific Order|10000|Red|552125|Mouseman490|The Empire of Klein|New Pacific Order|10000|Red|Expired|9000000|0|0|6/27/2025 6:17:30 PM|Bankroll|4973978|
57033|Slywolfe|Slywolfe|New Pacific Order|10000|Red|555876|Khandov|Polonia Overlordship|New Pacific Order|10000|Red|Expired|9000000|0|0|6/27/2025 6:17:24 PM|Bankroll|4973977|
57033|Slywolfe|Slywolfe|New Pacific Order|10000|Red|635806|MikeCat|Renastasia|New Pacific Order|10000|Red|Expired|9000000|0|0|6/27/2025 6:17:19 PM|Bankroll|4973976|
57033|Slywolfe|Slywolfe|New Pacific Order|10000|Red|633137|International Waters|International Waters|New Pacific Order|10000|Red|Expired|9000000|0|0|6/27/2025 6:17:14 PM|Bankroll|4973975|
596807|AmeerMuib|SiegeTank|Disciples of Duckroll|17024|Black|585631|Srivatsan|MAHANADU|Disciples of Duckroll|17024|Black|Expired|0|100|0|6/27/2025 6:16:06 PM|Financial Assistance|4973974|
259541|NeoNation|NeoNation|Christian Coalition of Countries|10028|White|634273|kolomee|Noodles Descendent|Freehold of The Wolves|15157|White|Expired|9000000|0|0|6/27/2025 6:10:12 PM|Valyrian Exchange Program|4973973|
584955|Ayiana|Veritable|Independent Republic Of Orange Nations|10004|Orange|374610|Captain Crozier|Dime Store Novena|Independent Republic Of Orange Nations|10004|Orange|Expired|0|100|0|6/27/2025 6:04:03 PM|ITF|4973972|
626412|Cyrus De GreenWood|Nagoya|Freehold of The Wolves|15157|White|1037|mona lisa|3 oaks|Old Guard|11296|Blue|Expired|0|100|0|6/27/2025 5:26:37 PM|VEP|4973962|
626412|Cyrus De GreenWood|Nagoya|Freehold of The Wolves|15157|White|414337|Shadowfury|Illyria|Freehold of The Wolves|15157|Black|Expired|0|100|0|6/27/2025 5:25:54 PM|VEP|4973961|
355527|MP2012|TerRep|WWF|14310|Green|342332|Hellhound|MythDranor|WWF|14310|Green|Expired|0|100|0|6/27/2025 5:24:26 PM|Financial Assistance|4973959|
578787|Caspase|Amino Acids|Post Grunge Supergroup|16367|Brown|545724|Matmal|Matmalia|Post Grunge Supergroup|16367|Brown|Expired|6000000|0|0|6/27/2025 5:24:25 PM|Financial Assistance|4973958|
355527|MP2012|TerRep|WWF|14310|Green|326030|Laughing Turtle|Turtlopolis|WWF|14310|Green|Expired|0|100|0|6/27/2025 5:24:09 PM|Financial Assistance|4973957|
141583|jerdge|Gaela|Green Protection Agency|10041|Green|23377|Pippedy|Lauran|Green Protection Agency|10041|Green|Expired|9000000|0|0|6/27/2025 5:21:29 PM|Forever Aid|4973955|
625646|muji111|muji111|Random Insanity Alliance|10038|Maroon|240196|Seagram|Siperia|Nordreich|11319|Maroon|Expired|0|100|0|6/27/2025 4:43:21 PM|Financial Assistance|4973951|
554572|paulpig|Strongland|Avalanche|10078|Blue|632534|valves|valves2|Avalanche|10078|Blue|Expired|6000000|0|0|6/27/2025 4:38:22 PM|Financial Assistance|4973950|
646332|Timot|Empire of El Rotciv|Post Grunge Supergroup|16367|Brown|532352|Serberus|The State|Post Grunge Supergroup|16367|Brown|Expired|0|100|0|6/27/2025 4:20:47 PM|Financial Assistance|4973948|
481103|AzureShadow|Coobie|Doombrella|17368|Black|626860|BringMeTheHorizon|Dakotas|Doombrella|17368|Black|Expired|0|100|0|6/27/2025 4:12:39 PM|Financial Assistance|4973947|
168105|Bobogoobo|Bobogoobo|New Pacific Order|10000|Red|552125|Mouseman490|The Empire of Klein|New Pacific Order|10000|Red|Expired|9000000|0|0|6/27/2025 3:47:40 PM|Bankroll|4973945|
531189|Peroman200|Petrolandija|Global Alliance And Treaty Organization|10003|Brown|39705|Bmk812|Eisenherz|Global Alliance And Treaty Organization|10003|Brown|Expired|0|100|0|6/27/2025 3:46:34 PM|Tech deal|4973944|
531189|Peroman200|Petrolandija|Global Alliance And Treaty Organization|10003|Brown|348468|Ghan Khalav|Khalavistan|Global Alliance and Treaty Organization|10003|Brown|Expired|0|100|0|6/27/2025 3:46:23 PM|Tech deal|4973943|
531189|Peroman200|Petrolandija|Global Alliance And Treaty Organization|10003|Brown|83518|Johnny Apocalypse|Anubia|Global Alliance And Treaty Organization|10003|Brown|Expired|0|100|0|6/27/2025 3:46:14 PM|Tech deal|4973942|
645427|Clank|Clank|Doombrella|17368|Black|626860|BringMeTheHorizon|Dakotas|Doombrella|17368|Black|Expired|0|100|0|6/27/2025 3:43:22 PM|Financial Assistance|4973941|
633267|OkapiBlue|Rymnia|Doom Squad|16454|Black|144708|Matthew PK|Commonwealth of LoL|Doombrella|17368|Black|Expired|0|100|0|6/27/2025 3:08:06 PM|Financial Assistance|4973940|
633267|OkapiBlue|Rymnia|Doom Squad|16454|Black|342957|tayloj7|Rabbitopia|Doombrella|17368|Black|Expired|0|100|0|6/27/2025 3:07:59 PM|Financial Assistance|4973939|
586822|Pauls|Pauls nation|The Templar Knights|10012|Maroon|132067|Merick|Panamkey|The Templar Knights|10012|Maroon|Expired|9000000|0|0|6/27/2025 2:41:01 PM|Financial Assistance|4973933|
219727|danhawk|sonyevilempire|The Imperial Order|10082|Blue|634273|kolomee|Noodles Descendent|Freehold of The Wolves|15157|White|Expired|9000000|0|0|6/27/2025 2:00:30 PM|Vep aide |4973929|
643549|KingDutchison|KingDutchison|The Legion|10020|Purple|485586|veracity|drunkenville|The Legion|10020|Purple|Expired|0|100|0|6/27/2025 1:21:55 PM|Financial Assistance|4973927|
101765|KevinH|Establishmentism|Independent Republic of Orange Nations|10004|Orange|273843|Northern Empire|Northern Empire|Independent Republic Of Orange Nations|10004|Orange|Expired|9000000|100|4000|6/27/2025 1:03:27 PM|Saige city|4973924|
101765|KevinH|Establishmentism|Independent Republic of Orange Nations|10004|Orange|550914|reilstrap|reilstrap|Independent Republic Of Orange Nations|10004|Orange|Expired|9000000|100|4000|6/27/2025 1:01:29 PM|Auchtermuchty|4973923|
101765|KevinH|Establishmentism|Independent Republic of Orange Nations|10004|Orange|638658|Willismf1|Kraminator|Independent Republic Of Orange Nations|10004|Orange|Expired|9000000|100|4000|6/27/2025 12:58:16 PM|Rebuild Aid|4973922|
618472|Leftie|Brotherhood|Madlads Union|17130|Brown|645740|ShadowSleeper|Noevgono|Nuclear Proliferation League|17228|Aqua|Expired|9000000|0|0|6/27/2025 12:34:11 PM|9M/100T - MadLads|4973920|
280326|Scytale|Tleilax|Fark|10002|Aqua|645740|ShadowSleeper|Noevgono|Nuclear Proliferation League|17228|Aqua|Expired|9000000|0|0|6/27/2025 12:26:39 PM|tech 9/100|4973919|
441760|jacka|north 40|The Legion|10020|Purple|485586|veracity|drunkenville|The Legion|10020|Purple|Expired|0|100|0|6/27/2025 12:19:26 PM|Financial Assistance|4973918|
646559|ravana|aaryavat|Nuclear Proliferation League|17228|Aqua|443221|Mistral|Nicholas|Post Grunge Supergroup|16367|Brown|Expired|0|100|0|6/27/2025 12:08:53 PM|Financial Assistance|4973917|
8515|Turetel|Turetel|Freehold of The Wolves|15157|White|624117|General Kuro|Artemis Global Sec|Freehold of The Wolves|15157|White|Expired|9000000|0|0|6/27/2025 12:08:53 PM|Valyrian Aid|4973916|
645347|Randomnameguy|New England INC|Post Grunge Supergroup|16367|Brown|474413|The R00STER|Republic of Ibonn|The Dark Templar|10056|Black|Expired|0|100|0|6/27/2025 12:03:49 PM|Tech Payment|4973914|
573749|necAnt|Lucky Ants|The Gramlins|17275|Green|137097|htmlmaster|Technopolis|Argent|10063|Pink|Expired|0|100|0|6/27/2025 11:54:36 AM|TD 2/2|4973911|
642148|Exod IV|Ummah AlMuwahhidah|Doom Squad|16454|Black|101493|ak47don|sicily mafia|Doombrella|17368|Black|Expired|9000000|0|0|6/27/2025 11:23:13 AM|Financial Assistance|4973910|
642148|Exod IV|Ummah AlMuwahhidah|Doom Squad|16454|Black|646779|RedMetal|Soviet Canuckitstan|Doom Squad|16454|Black|Expired|9000000|0|0|6/27/2025 11:22:47 AM|Financial Assistance|4973909|
642148|Exod IV|Ummah AlMuwahhidah|Doom Squad|16454|Black|641537|Probably Mochi|Kap Land|Doom Squad|16454|Black|Expired|9000000|0|0|6/27/2025 11:22:28 AM|Free Palestine|4973908|
61657|Umar ibn Abd al-Aziz|Umayyad Caliphate|DOOMBIRD DOOMCAVE|10449|Black|502087|Astryl|Ethereal|Doombrella|17368|Black|Expired|9000000|0|0|6/27/2025 11:16:03 AM|Financial Assistance|4973907|
586091|Prince Henry|Great Atlanta|New Pacific Order|10000|Red|366247|Polgas|Novasea|New Pacific Order|10000|Red|Expired|0|100|0|6/27/2025 11:11:46 AM|QT Tech|4973905|
586091|Prince Henry|Great Atlanta|New Pacific Order|10000|Red|551335|Hakora Kiyanto|Makayan|New Pacific Order|10000|Red|Expired|0|100|0|6/27/2025 11:11:36 AM|QT Tech|4973903|
586091|Prince Henry|Great Atlanta|New Pacific Order|10000|Red|75117|rnegafan|Rnegfania|New Pacific Order|10000|Red|Expired|0|100|0|6/27/2025 11:11:31 AM|QT Tech|4973902|
586091|Prince Henry|Great Atlanta|New Pacific Order|10000|Red|542117|Killerbankz|HellOnEarth|New Pacific Order|10000|Red|Expired|0|100|0|6/27/2025 11:11:25 AM|QT Tech|4973901|
586091|Prince Henry|Great Atlanta|New Pacific Order|10000|Red|167235|ORCACommander|Hiigaran Federation|New Pacific Order|10000|Red|Expired|0|100|0|6/27/2025 11:11:19 AM|QT Tech|4973900|
586091|Prince Henry|Great Atlanta|New Pacific Order|10000|Red|588946|AlphaCenturion|Sentosa Republic|New Pacific Order|10000|Red|Expired|0|100|0|6/27/2025 11:11:07 AM|QT Tech|4973899|
414519|markpalm1|vacous|Freehold of The Wolves|15157|White|624117|General Kuro|Artemis Global Sec|Freehold of The Wolves|15157|White|Expired|9000000|0|0|6/27/2025 11:02:52 AM|Valyrian Cash|4973897|
414519|markpalm1|vacous|Freehold of The Wolves|15157|White|634273|kolomee|Noodles Descendent|Freehold of The Wolves|15157|White|Expired|9000000|0|0|6/27/2025 11:01:54 AM|Valyrian Cash|4973896|
583519|Mirakil|The Doom Legions|Freehold of The Wolves|15157|White|120427|Ashleaa|Pigtopia|Federation of Armed Nations|10021|Yellow|Expired|0|100|0|6/27/2025 10:22:57 AM|Valyrian Tech|4973893|
583519|Mirakil|The Doom Legions|Freehold of The Wolves|15157|White|107100|Lenny N Karl|Mudfoot|NATO|10037|Blue|Expired|0|100|0|6/27/2025 10:22:50 AM|Valyrian Tech|4973892|
583519|Mirakil|The Doom Legions|Freehold of The Wolves|15157|White|106012|President JR Seisa|Themysciera|NATO|10037|Blue|Expired|0|100|0|6/27/2025 10:22:44 AM|Valyrian Tech|4973891|
583519|Mirakil|The Doom Legions|Freehold of The Wolves|15157|White|39705|Bmk812|Eisenherz|Global Alliance And Treaty Organization|10003|Brown|Expired|0|100|0|6/27/2025 10:22:37 AM|Valyrian Tech|4973890|
583519|Mirakil|The Doom Legions|Freehold of The Wolves|15157|White|1037|mona lisa|3 oaks|Old Guard|11296|Blue|Expired|0|100|0|6/27/2025 10:22:30 AM|Valyrian Tech|4973889|
603443|Crayon King|Aloyarc|New Pacific Order|10000|Red|552125|Mouseman490|The Empire of Klein|New Pacific Order|10000|Red|Expired|9000000|0|0|6/27/2025 9:44:07 AM|Bankroll|4973886|
603443|Crayon King|Aloyarc|New Pacific Order|10000|Red|640667|paulo11|Cameland|New Pacific Order|10000|Red|Expired|9000000|0|0|6/27/2025 9:44:00 AM|Bankroll|4973885|
603443|Crayon King|Aloyarc|New Pacific Order|10000|Red|612177|DannyVee|Cvetko|New Pacific Order|10000|Red|Expired|9000000|0|0|6/27/2025 9:43:55 AM|QT Pay|4973884|
603443|Crayon King|Aloyarc|New Pacific Order|10000|Red|635806|MikeCat|Renastasia|New Pacific Order|10000|Red|Expired|9000000|0|0|6/27/2025 9:43:49 AM|Bankroll|4973883|
603443|Crayon King|Aloyarc|New Pacific Order|10000|Red|633137|International Waters|International Waters|New Pacific Order|10000|Red|Expired|9000000|0|0|6/27/2025 9:43:43 AM|Bankroll|4973882|
603443|Crayon King|Aloyarc|New Pacific Order|10000|Red|555876|Khandov|Polonia Overlordship|New Pacific Order|10000|Red|Expired|9000000|0|0|6/27/2025 9:43:37 AM|Bankroll|4973881|
604287|Hazib|Kingdom of Lemuria|CLAWS|15841|Black|228721|Hob Dobson|Uustonia|Viridian Entente|10010|Green|Expired|9000000|0|0|6/27/2025 9:38:09 AM|9/300|4973879|
418455|Sabcat|Sabcat Island|Libertarian Socialist Federation|10027|Brown|646827|WarandPece|Warhammer101|Knights Of The Round Table|10092|Green|Expired|6000000|0|0|6/27/2025 9:13:40 AM|Tech deal|4973876|
646756|DyneVeilstone|Felis Felicitas|Global Alliance And Treaty Organization|10003|Brown|580044|Sir Kiloist|Tiocfaidh ar la|Global Alliance And Treaty Organization|10003|Brown|Expired|0|100|0|6/27/2025 9:12:53 AM|Financial Assistance|4973875|
642792|Gipper|Arverni|Orange Defense Network|10007|Orange|645128|Frampton1962|Framtopia||0|Orange|Expired|3000000|0|0|6/27/2025 8:40:15 AM|Tech Deal 3/50|4973872|
280326|Scytale|Tleilax|Fark|10002|Aqua|646840|Elowen Tharne|Veridanya|Nuclear Proliferation League|17228|Aqua|Expired|6000000|0|0|6/27/2025 8:35:08 AM|tech 6/100|4973871|
590030|toledomike|BUGANATION|CLAWS|15841|Black|491366|MikeyFlips|MikeyFlips|CLAWS|15841|Black|Expired|0|100|0|6/27/2025 8:26:25 AM|Financial Assistance|4973870|
387694|Dan100|c123po|New Pacific Order|10000|Red|552125|Mouseman490|The Empire of Klein|New Pacific Order|10000|Red|Expired|9000000|0|0|6/27/2025 8:18:27 AM|Bankroll|4973869|
387694|Dan100|c123po|New Pacific Order|10000|Red|450111|Crowncowboy|Confederate Isle|The Wolves|16660|Maroon|Expired|9000000|0|0|6/27/2025 8:18:16 AM|Hugs from NPO|4973867|
387694|Dan100|c123po|New Pacific Order|10000|Red|646681|Jokkeh|Andebu Technocracy|New Pacific Order|10000|Red|Expired|9000000|0|0|6/27/2025 8:18:10 AM|Rising Stars|4973866|
638|mikharr123|Sirrahistan|New Polar Order|10006|Blue|553210|tenbob|Mayoabu|New Polar Order|10006|Blue|Expired|0|100|0|6/27/2025 8:18:02 AM|ICECAP Tech|4973865|
387694|Dan100|c123po|New Pacific Order|10000|Red|646098|Brutus5149|Legio Lupi|New Pacific Order|10000|Red|Expired|9000000|0|0|6/27/2025 8:17:02 AM|Rising Stars|4973863|
387694|Dan100|c123po|New Pacific Order|10000|Red|612177|DannyVee|Cvetko|New Pacific Order|10000|Red|Expired|9000000|0|0|6/27/2025 8:16:32 AM|QT Pay|4973862|
280326|Scytale|Tleilax|Fark|10002|Aqua|558202|Doug Henning|Magic Land|Nuclear Proliferation League|17228|Aqua|Expired|9000000|0|0|6/27/2025 7:56:55 AM|tech|4973859|
604873|Iorek|Crusader States|New Pacific Order|10000|Red|533942|Saxplayer|Arstoria|New Pacific Order|10000|Red|Expired|9000000|0|0|6/27/2025 7:54:41 AM|Bankroll|4973858|
604873|Iorek|Crusader States|New Pacific Order|10000|Red|543539|Bender B Rodriguez|New New York|New Pacific Order|10000|Red|Expired|9000000|0|0|6/27/2025 7:54:37 AM|Bankroll|4973857|
376391|Dave the Dominator|Taulvia|The Templar Knights|10012|Maroon|132067|Merick|Panamkey|The Templar Knights|10012|Maroon|Expired|9000000|0|0|6/27/2025 7:47:33 AM|Tech|4973854|
341158|Eumirbago|World Wide Web|Doom Squad|16454|Black|342957|tayloj7|Rabbitopia|Doombrella|17368|Black|Expired|0|100|0|6/27/2025 7:13:45 AM|Phat $tax|4973850|
341158|Eumirbago|World Wide Web|Doom Squad|16454|Black|61657|Umar ibn Abd al-Aziz|Umayyad Caliphate|DOOMBIRD DOOMCAVE|10449|Black|Expired|0|100|0|6/27/2025 7:13:30 AM|Phat $tax|4973849|
630254|Venoxis|Anartektica|Post Grunge Supergroup|16367|Brown|643449|Esabbi|Liberation Islands|Post Grunge Supergroup|16367|Brown|Expired|9000000|0|0|6/27/2025 7:13:24 AM|9m/100t TECH DEAL|4973848|
341158|Eumirbago|World Wide Web|Doom Squad|16454|Black|364329|Donnie Darko|DarkoLand|Doom Squad|16454|Black|Expired|0|100|0|6/27/2025 7:13:19 AM|Phat $tax|4973847|
341158|Eumirbago|World Wide Web|Doom Squad|16454|Black|416695|pmacdaddy|Sanctuary|DOOMBIRD DOOMCAVE|10449|Black|Expired|0|100|0|6/27/2025 7:13:07 AM|Phat $tax|4973846|
341158|Eumirbago|World Wide Web|Doom Squad|16454|Black|96568|Dagny Taggart|Galtian Commune|DOOMBIRD DOOMCAVE|10449|Black|Expired|0|100|0|6/27/2025 7:12:43 AM|Phat $tax|4973845|
643887|SilenttShadow27|Temnota|NATO|10037|Blue|32845|Mackay Warrior|Land-o-Mackay|Federation Of Armed Nations|10021|Yellow|Expired|0|100|0|6/27/2025 6:52:21 AM|Cupcakes &amp; techz &lt;3|4973838|
322849|BLITZ1|BLITZKRIEG THE FIRST|Freehold of The Wolves|15157|White|644680|Cutnpaste|Cutnpaste Island|NATO|10037|Blue|Expired|9000000|0|0|6/27/2025 6:49:42 AM|Valyrian Aid|4973836|
624696|Hershicus|DoomsDayShekels|Doom Squad|16454|Black|622221|cobwebbyarc6|Dasein|Doom Squad|16454|Black|Expired|0|100|0|6/27/2025 6:32:02 AM|Financial Assistance|4973834|
624696|Hershicus|DoomsDayShekels|Doom Squad|16454|Black|199494|Bomber66|Baxter|Doombrella|17368|Black|Expired|0|100|0|6/27/2025 6:31:44 AM|Financial Assistance|4973833|
624696|Hershicus|DoomsDayShekels|Doom Squad|16454|Black|615966|tehol|Lether|Doom Squad|16454|Black|Expired|0|100|0|6/27/2025 6:30:58 AM|Financial Assistance|4973830|
644967|Mushrat|Ormarr Land|The Grand Lodge Of Freemasons|10029|Orange|116324|Wayne World|Wayne World|The Grand Lodge of Freemasons|10029|Orange|Expired|0|100|0|6/27/2025 5:48:06 AM|Financial Assistance|4973822|
626678|slothix|Kevin|Non Grata|10097|Maroon|188637|Caustic|Hazardous Materials|Non Grata|10097|Maroon|Expired|0|100|0|6/27/2025 5:37:06 AM|Financial Assistance|4973820|
621876|thebigkas|kekistan69|COBRA|13717|Brown|53781|Algolei|Manitobah|CLAWS|15841|Black|Expired|0|100|0|6/27/2025 5:26:48 AM|Financial Assistance|4973818|
587834|alucardx13|The United Regions|New Pacific Order|10000|Red|407948|avatar3619|Shendu|New Pacific Order|10000|Red|Expired|0|100|0|6/27/2025 5:18:10 AM|Vallum Aelium|4973817|
587834|alucardx13|The United Regions|New Pacific Order|10000|Red|234918|LordOfTheLand|APIGP|New Pacific Order|10000|Red|Expired|0|100|0|6/27/2025 5:17:59 AM|QT Tech|4973816|
624117|General Kuro|Artemis Global Sec|Freehold of The Wolves|15157|White|527097|Galerion|blighty|Freehold of The Wolves|15157|White|Expired|0|100|0|6/27/2025 5:06:18 AM|Financial Assistance|4973815|
644785|Optimus881|Wakanda881|Post Grunge Supergroup|16367|Brown|86974|Mad Mike|Mikeville|Global Alliance And Treaty Organization|10003|Brown|Expired|0|100|0|6/27/2025 4:57:28 AM|PGS $9M/100Tech  |4973811|
583468|Qldvespanut|Mr Ben|Mostly Harmless Alliance|14879|Aqua|558202|Doug Henning|Magic Land|Nuclear Proliferation League|17228|Aqua|Expired|9000000|0|0|6/27/2025 4:19:02 AM|9/100|4973809|
636601|Wolfbite|Caffinated Wolves|Independent Republic Of Orange Nations|10004|Orange|550914|reilstrap|reilstrap|Independent Republic Of Orange Nations|10004|Orange|Expired|9000000|0|0|6/27/2025 4:18:14 AM|ITF|4973808|
636601|Wolfbite|Caffinated Wolves|Independent Republic Of Orange Nations|10004|Orange|584955|Ayiana|Veritable|Independent Republic Of Orange Nations|10004|Orange|Expired|9000000|0|0|6/27/2025 4:17:47 AM|ITF|4973807|
636601|Wolfbite|Caffinated Wolves|Independent Republic Of Orange Nations|10004|Orange|635734|Monyulking|Bomdi La|Independent Republic Of Orange Nations|10004|Orange|Expired|9000000|0|0|6/27/2025 4:16:57 AM|ITF|4973806|
453391|Rokula|Paraiso|New Pacific Order|10000|Red|552125|Mouseman490|The Empire of Klein|New Pacific Order|10000|Red|Expired|9000000|0|0|6/27/2025 4:11:43 AM|Bankroll|4973804|
418455|Sabcat|Sabcat Island|Libertarian Socialist Federation|10027|Brown|646593|Lim jayhee|Cat haven|Knights Of The Round Table|10092|Green|Expired|6000000|0|0|6/27/2025 4:08:36 AM|Tech deal|4973802|
224337|black dove|The Crucible|New Polar Order|10006|Blue|379932|VickiB|Quantum Leap|New Polar Order|10006|Blue|Expired|9000000|0|0|6/27/2025 3:27:13 AM|Financial Assistance|4973797|
374321|Clash|Discord|Doombrella|17368|Black|641537|Probably Mochi|Kap Land|Doom Squad|16454|Black|Expired|9000000|0|4000|6/27/2025 2:57:22 AM|Cash n casualties |4973793|
311344|asapilu|Persianiran|NATO|10037|Blue|132715|DFA MrFox|DFA MrFox|Freehold of The Wolves|15157|White|Expired|9000000|0|0|6/27/2025 2:44:41 AM|Valyrian aid|4973791|
311344|asapilu|Persianiran|NATO|10037|Blue|644680|Cutnpaste|Cutnpaste Island|NATO|10037|Blue|Expired|9000000|0|0|6/27/2025 2:44:08 AM|Valyrian aid|4973790|
569906|Tradewind|Republic of Bort|Viridian Entente|10010|Green|491885|Chuck Jongil|Soylent Greenland|Viridian Entente|10010|Green|Expired|0|100|0|6/27/2025 2:18:38 AM|Tech 1 of 2|4973788|
190480|Unruly|Republique de Buja|AGW Overlords|10043|Black|561416|CaptainBBear|Arctic Bearland|AGW Overlords|10043|Black|Expired|9000000|0|0|6/27/2025 2:01:47 AM|Financial Assistance|4973786|
639275|Giultyspark|Arborija|Post Grunge Supergroup|16367|Brown|627592|Lord Xamaeron|Celtic Forest|Post Grunge Supergroup|16367|Brown|Expired|0|100|0|6/27/2025 1:29:40 AM|Financial Assistance|4973782|
639282|Agaton Sax|Asmodean|COBRA|13717|Brown|170471|Smurthwaite|Smurthwaite|Nuclear Proliferation League|17228|Aqua|Expired|0|100|0|6/27/2025 1:27:21 AM|Financial Assistance|4973781|
12258|Commissar Sendoa|Cataduanes|Non Grata|10097|Maroon|469301|Lars Jorgens|Whale of a Time|Non Grata|10097|Maroon|Expired|0|100|0|6/27/2025 1:22:06 AM|Financial Assistance|4973780|
490921|Roo Blu II|Blue Roo|Non Grata|10097|Maroon|547395|KameraadLenin|Newfoundland SSR|Non Grata|10097|Maroon|Expired|9000000|0|0|6/27/2025 12:11:47 AM|NG Tech deal|4973772|
645871|Danial Frank|Floriida|The Phoenix Federation|17385|Orange|589615|Korlath|Korlithica|The Phoenix Federation|17385|Black|Expired|0|100|0|6/27/2025 12:10:16 AM|Tech Deal|4973771|
324421|Einer|Jesusland|Mostly Harmless Alliance|14879|White|558202|Doug Henning|Magic Land|Nuclear Proliferation League|17228|Aqua|Expired|9000000|0|0|6/27/2025 12:06:45 AM|Continuing 9m/100t|4973770|
107572|oneeightytwo|d&#237;beartach|Fark|10002|Aqua|646840|Elowen Tharne|Veridanya|Nuclear Proliferation League|17228|Aqua|Expired|6000000|0|0|6/26/2025 10:39:05 PM|tech deal - 6/100?|4973765|
276365|ShadowSKAR|Hidden Shadows|Non Grata|10097|Maroon|638461|Jerby|Simulacra|Non Grata|10097|Maroon|Expired|9000000|0|0|6/26/2025 10:33:24 PM|Tech deal|4973762|
310672|King Wally|Rep of Queensland|Nuclear Proliferation League|17228|Aqua|646760|jwill96|Ibica|Nuclear Proliferation League|17228|Aqua|Expired|6000000|100|0|6/26/2025 9:58:18 PM|Harbor Grant|4973756|
262199|Bob|Beta Site|The Dark Templar|10056|Black|639897|CaptTchalle|Akutan Island|The Dark Templar|10056|Brown|Expired|9000000|0|0|6/26/2025 9:57:06 PM|Financial Assistance|4973755|
262199|Bob|Beta Site|The Dark Templar|10056|Black|642338|Kauppinen|Savruotland|The Dark Templar|10056|Black|Expired|9000000|0|0|6/26/2025 9:56:35 PM|Financial Assistance|4973754|
262199|Bob|Beta Site|The Dark Templar|10056|Black|642141|Crusadan|Doimestea|The Dark Templar|10056|Black|Expired|9000000|0|0|6/26/2025 9:56:08 PM|Financial Assistance|4973753|
646771|King Chocolate|Chocolate Cookie|Nuclear Proliferation League|17228|Aqua|261397|Rampage3|United Liberocracy|Nuclear Proliferation League|17228|Aqua|Expired|0|100|0|6/26/2025 9:35:34 PM|Financial Assistance|4973749|
289177|Blaskowicz|Doomsland|New Pacific Order|10000|Red|555876|Khandov|Polonia Overlordship|New Pacific Order|10000|Red|Expired|9000000|0|0|6/26/2025 9:21:01 PM|Bankroll|4973745|
341557|Nishiyoshi|Kapon|Mostly Harmless Alliance|14879|Aqua|593353|Kitkat16|Sofie|NATO|10037|Blue|Expired|0|100|0|6/26/2025 8:52:48 PM|VEP |4973743|
540880|Goosinater|United Mexico States|New Pacific Order|10000|Red|588946|AlphaCenturion|Sentosa Republic|New Pacific Order|10000|Red|Expired|0|100|0|6/26/2025 7:49:32 PM|QT Tech|4973740|
540880|Goosinater|United Mexico States|New Pacific Order|10000|Red|522260|kalev60|Hiiumaa|New Pacific Order|10000|Red|Expired|0|100|0|6/26/2025 7:49:27 PM|QT Tech|4973739|
540880|Goosinater|United Mexico States|New Pacific Order|10000|Red|21424|John Edward|Ardenchestia|New Pacific Order|10000|Red|Expired|0|100|0|6/26/2025 7:49:24 PM|QT Tech|4973738|
540880|Goosinater|United Mexico States|New Pacific Order|10000|Red|97698|Guido|Itally|New Pacific Order|10000|Red|Expired|0|100|0|6/26/2025 7:49:20 PM|QT Tech|4973737|
176740|Apolloyon|Logres|Post Grunge Supergroup|16367|None|326273|Red Rebel|Pi Lambda Phi|Madlads Union|17130|Brown|Expired|0|100|0|6/26/2025 5:53:09 PM|Financial Assistance|4973722|
643887|SilenttShadow27|Temnota|NATO|10037|Blue|440257|lonabis|flying dutchmen|NATO|10037|Blue|Expired|0|100|0|6/26/2025 5:43:59 PM|Cupcakes &amp; techz &lt;3|4973719|
612177|DannyVee|Cvetko|New Pacific Order|10000|Red|366247|Polgas|Novasea|New Pacific Order|10000|Red|Expired|0|100|0|6/26/2025 5:36:33 PM|QT Tech|4973717|
612177|DannyVee|Cvetko|New Pacific Order|10000|Red|515093|GoldenAura|Communist Crackous|New Pacific Order|10000|Red|Expired|0|100|0|6/26/2025 5:36:28 PM|QT Tech|4973716|
620036|Vex L Zher|Lodraland|Nuclear Proliferation League|17228|White|407586|FreezingAssassin|Charr|Fark|10002|Aqua|Expired|0|100|0|6/26/2025 5:15:54 PM|Tech Deal|4973713|
620036|Vex L Zher|Lodraland|Nuclear Proliferation League|17228|White|129864|Mike the Greatest|Palookastan|Nuclear Proliferation League|17228|Maroon|Expired|0|100|0|6/26/2025 5:15:13 PM|Tech Deal|4973712|
632534|valves|valves2|Avalanche|10078|Blue|348070|Chopin|Republic of Poland|Avalanche|10078|Blue|Expired|0|100|0|6/26/2025 5:06:56 PM|Financial Assistance|4973711|
404438|Herzog|Black Amber|Sparta|10008|Black|319444|Deej200|Rocca|Sparta|10008|Black|Expired|0|100|0|6/26/2025 5:05:50 PM|Financial Assistance|4973710|
630575|Sven Herrman|Germanus|The Prussian Empire|14204|Green|645994|Emperor Hintz|Hintztopia|The Prussian Empire|14204|Green|Expired|9000000|0|0|6/26/2025 4:12:33 PM|Financial Assistance|4973703|
634448|Stewie|Stewieland III|Non Grata|10097|Maroon|580021|General Kanabis|Imperio Mexica|COBRA|13717|Brown|Expired|9000000|0|0|6/26/2025 3:28:00 PM|Financial Assistance|4973702|
12501|onbekende|Kapellen|Independent Republic of Orange Nations|10004|Orange|185755|jonah spark|pffoo|Independent Republic of Orange Nations|10004|Orange|Expired|0|100|0|6/26/2025 3:21:00 PM|ITF|4973701|
12501|onbekende|Kapellen|Independent Republic of Orange Nations|10004|Orange|87890|Formanj|Norvegs Trøndelag|Independent Republic of Orange Nations|10004|Orange|Expired|0|100|0|6/26/2025 3:18:00 PM|ITF|4973699|
12501|onbekende|Kapellen|Independent Republic of Orange Nations|10004|Orange|234325|Ben Gates|TreasureLand|Independent Republic Of Orange Nations|10004|Orange|Expired|0|100|0|6/26/2025 3:17:34 PM|ITF|4973698|
12501|onbekende|Kapellen|Independent Republic of Orange Nations|10004|Orange|374610|Captain Crozier|Dime Store Novena|Independent Republic Of Orange Nations|10004|Orange|Expired|0|100|0|6/26/2025 3:17:25 PM|ITF|4973697|
160360|forthehalibut|Bonehead|Federation of Armed Nations|10021|Yellow|638815|BushyBeaver|Beaveland|NATO|10037|Blue|Expired|9000000|0|0|6/26/2025 3:10:49 PM|Valyrian Aid|4973696|
159192|Matt Bowen|Bowenland|Knights Of The Round Table|10092|Green|645274|GRATHGFRT|zUTIA|Knights Of The Round Table|10092|Green|Expired|6000000|0|1|6/26/2025 3:00:10 PM|Make Up $ for Aid Sent|4973694|
163031|MasterChief777|The New Empire|Global Alliance And Treaty Organization|10003|Brown|646135|Sokar|Delmak|Global Alliance And Treaty Organization|10003|Brown|Expired|6000000|0|0|6/26/2025 2:22:14 PM|Gatito|4973693|
500125|Soxirella|Jusmania|Non Grata|10097|Maroon|626678|slothix|Kevin|Non Grata|10097|Maroon|Expired|9000000|0|0|6/26/2025 2:09:28 PM|Financial Assistance|4973692|
533726|An Taoiseach|Eire Nua|CLAWS|15841|Black|238151|devnull|Republic of Unix|CLAWS|15841|Black|Expired|0|100|0|6/26/2025 1:49:44 PM|Financial Assistance|4973688|
533726|An Taoiseach|Eire Nua|CLAWS|15841|Black|258455|Magical Muslim|Alibaba Land|CLAWS|15841|Black|Expired|0|100|0|6/26/2025 1:49:26 PM|Financial Assistance|4973687|
533726|An Taoiseach|Eire Nua|CLAWS|15841|Black|275547|BigKif|KifLand|CLAWS|15841|Black|Expired|0|100|0|6/26/2025 1:49:08 PM|Financial Assistance|4973686|
533726|An Taoiseach|Eire Nua|CLAWS|15841|Black|51153|chiles|The UFOC|CLAWS|15841|Black|Expired|0|100|0|6/26/2025 1:48:40 PM|Financial Assistance|4973685|
219727|danhawk|sonyevilempire|The Imperial Order|10082|Blue|638815|BushyBeaver|Beaveland|NATO|10037|Blue|Expired|9000000|0|0|6/26/2025 1:12:20 PM|Vep aide |4973680|
229836|apemax|smugglers and mercs|The Imperial Order|10082|Blue|638815|BushyBeaver|Beaveland|NATO|10037|Blue|Expired|9000000|0|0|6/26/2025 1:07:46 PM|VEP Tech Deal|4973679|
596807|AmeerMuib|SiegeTank|Disciples of Duckroll|17024|Black|230799|Raymond Jaeger|New Alabama|Disciples of Duckroll|17024|Black|Expired|0|100|0|6/26/2025 12:50:24 PM|Financial Assistance|4973675|
596807|AmeerMuib|SiegeTank|Disciples of Duckroll|17024|Black|334182|st6mm|Northern Reich|Disciples of Duckroll|17024|Black|Expired|0|100|0|6/26/2025 12:49:43 PM|Financial Assistance|4973674|
455413|Duke Nukem|NukemLand|Global Alliance And Treaty Organization|10003|Brown|83518|Johnny Apocalypse|Anubia|Global Alliance And Treaty Organization|10003|Brown|Expired|0|100|0|6/26/2025 11:31:52 AM|Financial Assistance|4973664|
395389|Temporal91|Aikion|NATO|10037|Blue|324421|Einer|Jesusland|Mostly Harmless Alliance|14879|White|Expired|0|100|0|6/26/2025 11:28:34 AM|V|4973663|
395389|Temporal91|Aikion|NATO|10037|Blue|39465|King Tom|king Tom|NATO|10037|Blue|Expired|0|100|0|6/26/2025 11:28:17 AM|Valyrian Aid |4973662|
395389|Temporal91|Aikion|NATO|10037|Blue|527097|Galerion|blighty|Freehold of The Wolves|15157|White|Expired|0|100|0|6/26/2025 11:28:06 AM|Valyrian Aid |4973661|
546488|levothy|mycybernation|Knights Of The Round Table|10092|Green|159192|Matt Bowen|Bowenland|Knights Of The Round Table|10092|Green|Expired|0|100|0|6/26/2025 11:27:15 AM|Spin 188|4973658|
395389|Temporal91|Aikion|NATO|10037|Blue|412136|King James II|Michigan II|NATO|10037|Blue|Expired|0|100|0|6/26/2025 11:27:14 AM|Valyrian Aid |4973657|
620004|Joesph Stalin|Ressurectioned USSR|Union Of Communist Republics|10060|Brown|646793|Alhakim Ayaanle|Ajuuraan Sultanate||0|Red|Expired|6000000|0|4000|6/26/2025 11:16:03 AM|For War|4973656|
646431|The Cute Twin|Vlasic|Doom Squad|16454|Black|416695|pmacdaddy|Sanctuary|DOOMBIRD DOOMCAVE|10449|Black|Expired|0|100|0|6/26/2025 10:19:17 AM|Financial Assistance|4973651|
18236|javaswiller|swillerland|Freehold of The Wolves|15157|White|132715|DFA MrFox|DFA MrFox|Freehold of The Wolves|15157|White|Expired|9000000|0|0|6/26/2025 9:58:36 AM|Valyrian Aid|4973647|
299962|dev0win|1nfinity Otriad|NATO|10037|Blue|646145|ScootDootson|UnitedPeoplesOfDoot|Goldenrod Accords|17406|Green|Expired|6000000|0|0|6/26/2025 9:55:32 AM|Valyrian Aid|4973646|
414337|Shadowfury|Illyria|Freehold of The Wolves|15157|Black|645372|darkestofdans|Alert1|Federation Of Armed Nations|10021|Blue|Expired|9000000|0|0|6/26/2025 9:27:16 AM|VEP|4973636|
414337|Shadowfury|Illyria|Freehold of The Wolves|15157|Black|644680|Cutnpaste|Cutnpaste Island|NATO|10037|Blue|Expired|9000000|0|0|6/26/2025 9:26:59 AM|VEP|4973635|
414337|Shadowfury|Illyria|Freehold of The Wolves|15157|Black|638815|BushyBeaver|Beaveland|NATO|10037|Blue|Expired|9000000|0|0|6/26/2025 9:26:49 AM|VEP|4973634|
414337|Shadowfury|Illyria|Freehold of The Wolves|15157|Black|627906|AironthFlamewing|The Crown Dominion|Christian Coalition Of Countries|10028|White|Expired|9000000|0|0|6/26/2025 9:26:39 AM|VEP|4973633|
414337|Shadowfury|Illyria|Freehold of The Wolves|15157|Black|132715|DFA MrFox|DFA MrFox|Freehold of The Wolves|15157|White|Expired|9000000|0|0|6/26/2025 9:26:22 AM|VEP|4973632|
630254|Venoxis|Anartektica|Post Grunge Supergroup|16367|Brown|545724|Matmal|Matmalia|Post Grunge Supergroup|16367|Brown|Expired|6000000|0|0|6/26/2025 8:57:32 AM|6m/100t TECH DEAL|4973625|
487838|Lord von Manteuffel|Kampfgruppe Panzer|Swash Plates And Tail Rotors|10126|None|40650|kerschbs|indica|Non Grata|10097|Maroon|Expired|9000000|100|0|6/26/2025 8:52:07 AM|Financial Assistance|4973624|
487838|Lord von Manteuffel|Kampfgruppe Panzer|Swash Plates And Tail Rotors|10126|None|324487|Death from above 82|Black Sheep|MONGOLS|14492|Maroon|Expired|9000000|100|0|6/26/2025 8:51:55 AM|Financial Assistance|4973623|
487838|Lord von Manteuffel|Kampfgruppe Panzer|Swash Plates And Tail Rotors|10126|None|260817|MamazlilMistake|Happy Hunting Ground|Non Grata|10097|Maroon|Expired|9000000|100|0|6/26/2025 8:51:45 AM|Financial Assistance|4973622|
487838|Lord von Manteuffel|Kampfgruppe Panzer|Swash Plates And Tail Rotors|10126|None|552359|SeaBeeGipson|Denton|MONGOLS|14492|Maroon|Expired|9000000|100|0|6/26/2025 8:51:32 AM|Financial Assistance|4973620|
487838|Lord von Manteuffel|Kampfgruppe Panzer|Swash Plates And Tail Rotors|10126|None|325202|murtibing|Fluens|Axiom of Regularity|17122|Black|Expired|9000000|0|0|6/26/2025 8:51:21 AM|Financial Assistance|4973619|
487838|Lord von Manteuffel|Kampfgruppe Panzer|Swash Plates And Tail Rotors|10126|None|265697|Laskar Pelangi|Rainbow Soldier|Kaskus|10104|Brown|Expired|9000000|100|0|6/26/2025 8:51:13 AM|Financial Assistance|4973618|
630396|Cyberon|Cybertechtopia|Freehold of The Wolves|15157|White|418644|shakespeare|shakespeare|Freehold of The Wolves|15157|White|Expired|0|100|0|6/26/2025 8:50:30 AM|FTW TECH RECOVERY KIT|4973617|
630396|Cyberon|Cybertechtopia|Freehold of The Wolves|15157|White|527097|Galerion|blighty|Freehold of The Wolves|15157|White|Expired|0|100|0|6/26/2025 8:50:04 AM|FTW TECH RECOVERY KIT|4973616|
642140|Venusia|Tenebris|Post Grunge Supergroup|16367|Brown|630254|Venoxis|Anartektica|Post Grunge Supergroup|16367|Brown|Expired|0|100|0|6/26/2025 8:45:26 AM|Financial Assistance|4973614|
309853|Tasuki|Oniwabanshu|New Pacific Order|10000|Red|581758|Tiberius|Nuke Town|New Pacific Order|10000|Red|Expired|0|100|0|6/26/2025 8:43:34 AM|Vallum Aelium|4973613|
309853|Tasuki|Oniwabanshu|New Pacific Order|10000|Red|305440|Daimos|Micon|New Pacific Order|10000|Red|Expired|0|100|0|6/26/2025 8:43:30 AM|QT Tech|4973612|
309853|Tasuki|Oniwabanshu|New Pacific Order|10000|Red|366247|Polgas|Novasea|New Pacific Order|10000|Red|Expired|0|100|0|6/26/2025 8:43:27 AM|QT Tech|4973611|
309853|Tasuki|Oniwabanshu|New Pacific Order|10000|Red|580705|Theory|Westermont|New Pacific Order|10000|Red|Expired|0|100|0|6/26/2025 8:43:23 AM|QT Tech|4973610|
443221|Mistral|Nicholas|Post Grunge Supergroup|16367|Brown|646873|Patrick the Great|Akarta|Post Grunge Supergroup|16367|Brown|Expired|6000000|0|0|6/26/2025 8:08:55 AM|Welcome to PGS|4973606|
10578|Frawley|stangerites|New Pacific Order|10000|Red|581758|Tiberius|Nuke Town|New Pacific Order|10000|Red|Expired|0|100|0|6/26/2025 7:52:05 AM|Vallum Aelium|4973605|
10578|Frawley|stangerites|New Pacific Order|10000|Red|616876|Lady Hawk|Isle of Mann|New Pacific Order|10000|Red|Expired|0|100|0|6/26/2025 7:52:01 AM|Vallum Aelium|4973604|
10578|Frawley|stangerites|New Pacific Order|10000|Red|305440|Daimos|Micon|New Pacific Order|10000|Red|Expired|0|100|0|6/26/2025 7:51:58 AM|QT Tech|4973603|
10578|Frawley|stangerites|New Pacific Order|10000|Red|366247|Polgas|Novasea|New Pacific Order|10000|Red|Expired|0|100|0|6/26/2025 7:51:55 AM|QT Tech|4973602|
10578|Frawley|stangerites|New Pacific Order|10000|Red|75117|rnegafan|Rnegfania|New Pacific Order|10000|Red|Expired|0|100|0|6/26/2025 7:51:50 AM|QT Tech|4973601|
10578|Frawley|stangerites|New Pacific Order|10000|Red|580705|Theory|Westermont|New Pacific Order|10000|Red|Expired|0|100|0|6/26/2025 7:51:46 AM|QT Tech|4973600|
326273|Red Rebel|Pi Lambda Phi|Madlads Union|17130|Brown|646439|Sagetheml|Santa Marco|Madlads Union|17130|Brown|Expired|6000000|0|0|6/26/2025 7:50:35 AM|Free Money|4973599|
280709|Supersub68|Subway|Sparta|10008|Black|431619|rotinom|Gideons|Sparta|10008|Black|Expired|9000000|0|0|6/26/2025 7:44:26 AM|Financial Assistance|4973598|
206879|Platinumviper|Bekaa|NATO|10037|Blue|643887|SilenttShadow27|Temnota|NATO|10037|Blue|Expired|9000000|0|0|6/26/2025 7:31:34 AM|Valyrian Aid|4973595|
532352|Serberus|The State|Post Grunge Supergroup|16367|Brown|646872|shobon|shobon republic|Post Grunge Supergroup|16367|Brown|Expired|6000000|0|0|6/26/2025 7:20:01 AM|Financial Assistance|4973592|
646118|King Lavey|Republic of Hamster|The Prussian Empire|14204|Green|255997|archduke jack|vittatorio|New Polar Order|10006|Blue|Expired|0|100|0|6/26/2025 7:11:29 AM|Financial Assistance|4973583|
646090|big daddy 69|Underwater Rapture|The Prussian Empire|14204|Green|255997|archduke jack|vittatorio|New Polar Order|10006|Blue|Expired|0|100|0|6/26/2025 7:10:17 AM|Financial Assistance|4973581|
144157|Sarkin|My Hero Party|The Dark Templar|10056|Black|639843|TheChickenRun|Costco Wholesale|The Dark Templar|10056|Black|Expired|9000000|0|0|6/26/2025 7:06:33 AM|Tech deal|4973579|
144157|Sarkin|My Hero Party|The Dark Templar|10056|Black|644785|Optimus881|Wakanda881|Post Grunge Supergroup|16367|Brown|Expired|9000000|0|0|6/26/2025 7:06:07 AM|Tech deal|4973577|
590806|vocalese|Vocalese|The Imperial Entente|16809|Maroon|327088|spearo|Deep Blue|Non Grata|10097|Maroon|Expired|0|100|0|6/26/2025 6:56:55 AM|Financial Assistance|4973575|
634521|Kapleo|Kapleo|The Phoenix Federation|17385|Black|589615|Korlath|Korlithica|The Phoenix Federation|17385|Black|Expired|0|100|0|6/26/2025 6:17:51 AM|Financial Assistance|4973567|
85056|Pbaff|RuntMutLend|The Dark Templar|10056|Black|642110|Warden of 24 thralls|Hellionia|The Dark Templar|10056|Black|Expired|9000000|0|0|6/26/2025 6:07:18 AM|Financial Assistance|4973562|
85056|Pbaff|RuntMutLend|The Dark Templar|10056|Black|641700|Sindal Raj|Republic of Ayodhya|The Dark Templar|10056|Black|Expired|9000000|0|0|6/26/2025 6:07:12 AM|Financial Assistance|4973561|
85056|Pbaff|RuntMutLend|The Dark Templar|10056|Black|50145|makarraka|MAKARRALAND|The Dark Templar|10056|Black|Expired|9000000|0|0|6/26/2025 6:07:05 AM|Financial Assistance|4973560|
85056|Pbaff|RuntMutLend|The Dark Templar|10056|Black|635568|ReForce|Axors|The Dark Templar|10056|Black|Expired|9000000|0|0|6/26/2025 6:06:59 AM|Financial Assistance|4973559|
416695|pmacdaddy|Sanctuary|DOOMBIRD DOOMCAVE|10449|Black|646307|Hermes Observer|Radchaai|Doombrella|17368|Black|Expired|9000000|0|0|6/26/2025 6:02:44 AM|Financial Assistance|4973558|
628583|Dopes|Slaptico|Church of the Holy Platypus|17265|Brown|273692|Pope Bubba XIII|Rebel Virginia|Non Grata|10097|Maroon|Expired|0|100|0|6/26/2025 5:48:16 AM|Texy|4973555|
625051|Troopers|Colonist|CLAWS|15841|Black|275547|BigKif|KifLand|CLAWS|15841|Black|Expired|0|100|0|6/26/2025 4:33:46 AM|Financial Assistance|4973550|
155817|MutedFaith|Faithoria|Non Grata|10097|Maroon|634903|ToasterOven|Pancake Republic|Non Grata|10097|Maroon|Expired|9000000|0|0|6/26/2025 3:57:03 AM|Tech|4973547|
423349|Raiser|Inireland|Orange Defense Network|10007|Orange|87249|Infallible|Mulletville|Orange Defense Network|10007|Orange|Expired|0|100|0|6/26/2025 3:35:16 AM|Tech Deal (1/2)|4973545|
166467|KittyPride207|BlackAngels|New Polar Order|10006|Blue|483058|Dubh Caireallain|Roisin Dubh|New Polar Order|10006|Blue|Expired|9000000|0|0|6/26/2025 3:23:03 AM|ICECAP Cash|4973544|
570802|IlDuce|ItaliaSS|CLAWS|15841|Black|632798|KYBALION|HVITIRDREKAR|Knights Of The Round Table|10092|Green|Expired|0|100|0|6/26/2025 3:04:33 AM|Deal tech|4973543|
492431|Lollerobot|Tigerblue|Knights Of The Round Table|10092|Green|616860|Rifazul|FDWState|Knights Of The Round Table|10092|Green|Expired|9000000|100|0|6/26/2025 2:46:31 AM|Super penguin aid|4973539|
492431|Lollerobot|Tigerblue|Knights Of The Round Table|10092|Green|635907|Yuan Tsui|Saulteran|The Prussian Empire|14204|Green|Expired|9000000|0|0|6/26/2025 2:45:48 AM|Penguin Aid|4973538|
433854|Auctor|Wyrdgar|Doombrella|17368|Black|484851|enderland|Fields of Elysium|Doombrella|17368|Black|Expired|0|100|0|6/26/2025 1:06:17 AM|Financial Assistance|4973521|
202519|Zombie Glaucon|UTC Labs|New Polar Order|10006|Blue|483058|Dubh Caireallain|Roisin Dubh|New Polar Order|10006|Blue|Expired|9000000|0|0|6/26/2025 1:02:10 AM|ICECAP Cash|4973520|
645082|TowerQueen|Turrim|New Pacific Order|10000|Red|581758|Tiberius|Nuke Town|New Pacific Order|10000|Red|Expired|0|100|0|6/26/2025 12:48:33 AM|Vallum Aelium|4973519|
643876|LordInfamous|Swindlerstan|Independent Republic Of Orange Nations|10004|Orange|234325|Ben Gates|TreasureLand|Independent Republic Of Orange Nations|10004|Orange|Expired|0|100|0|6/26/2025 12:34:42 AM|ITF|4973516|
277593|falconer360|Gondowan|CLAWS|15841|Purple|637264|RiddervanGelre|Nieuw Gelre|CLAWS|15841|Black|Expired|9000000|0|0|6/26/2025 12:26:05 AM|Tech deal |4973513|
578787|Caspase|Amino Acids|Post Grunge Supergroup|16367|Brown|646793|Alhakim Ayaanle|Ajuuraan Sultanate||0|Red|Expired|6000000|0|0|6/26/2025 12:09:52 AM|Financial Assistance|4973511|
228721|Hob Dobson|Uustonia|Viridian Entente|10010|Green|364329|Donnie Darko|DarkoLand|Doom Squad|16454|Black|Expired|0|100|0|6/26/2025 12:08:00 AM|Tech (2 of 3)|4973509|
228721|Hob Dobson|Uustonia|Viridian Entente|10010|Green|277593|falconer360|Gondowan|CLAWS|15841|Purple|Expired|0|100|0|6/26/2025 12:07:14 AM|Tech (3 of 3)|4973507|
646570|CiceroThePoet|Ismuth|NATO|10037|Blue|311344|asapilu|Persianiran|NATO|10037|Blue|Expired|0|100|0|6/25/2025 11:40:37 PM|Financial Assistance|4973505|
645688|Queen Victoria Hale|Kingdom of Thalassia|Post Grunge Supergroup|16367|Brown|266131|RA2Leader|Soviet USA|Madlads Union|17130|Brown|Expired|0|100|0|6/25/2025 11:34:34 PM|Financial Assistance|4973504|
618472|Leftie|Brotherhood|Madlads Union|17130|Brown|644785|Optimus881|Wakanda881|Post Grunge Supergroup|16367|Brown|Expired|9000000|0|0|6/25/2025 11:30:51 PM|9M = 100T?|4973503|
471972|Monkzaon|Ecliptonia|United Equestria|10101|Pink|137097|htmlmaster|Technopolis|Argent|10063|Pink|Expired|0|100|0|6/25/2025 10:46:34 PM|Tech|4973502|
471972|Monkzaon|Ecliptonia|United Equestria|10101|Pink|380255|Vaslov|UFPNS|Argent|10063|Pink|Expired|0|100|0|6/25/2025 10:46:23 PM|Tech|4973501|
627592|Lord Xamaeron|Celtic Forest|Post Grunge Supergroup|16367|Brown|645347|Randomnameguy|New England INC|Post Grunge Supergroup|16367|Brown|Expired|9000000|0|0|6/25/2025 9:43:51 PM|9/100 Tech Deal|4973498|
142120|Commander Thrawn|Csilla|Doombrella|17368|Black|643447|Fredrick Wagner|Phinolico|COBRA|13717|Brown|Expired|6000000|0|0|6/25/2025 9:21:30 PM|Financial Assistance|4973497|
142120|Commander Thrawn|Csilla|Doombrella|17368|Black|566736|amossio|amossio|Doombrella|17368|Black|Expired|6000000|0|0|6/25/2025 9:20:29 PM|Financial Assistance|4973493|
261397|Rampage3|United Liberocracy|Nuclear Proliferation League|17228|Aqua|646840|Elowen Tharne|Veridanya|Nuclear Proliferation League|17228|Aqua|Expired|6000000|0|0|6/25/2025 8:56:57 PM|Financial Assistance|4973491|
430606|KemMo|Maurinaria|Nuclear Proliferation League|17228|Aqua|646840|Elowen Tharne|Veridanya|Nuclear Proliferation League|17228|Aqua|Expired|6000000|0|0|6/25/2025 8:54:07 PM|Welcome!|4973490|
314185|Rhizoctonia|Rhizoctonia|Non Grata|10097|Maroon|529964|Pelzig|Salusa Secundus|Non Grata|10097|Maroon|Expired|9000000|0|0|6/25/2025 8:39:38 PM|Financial Assistance|4973489|
139990|BacTalan|NorseTurks|Global Alliance And Treaty Organization|10003|Brown|646815|godtoh1|hotdogal|Global Alliance And Treaty Organization|10003|Brown|Expired|6000000|0|0|6/25/2025 7:51:53 PM|6/100|4973487|
528479|paul711|Paulinca|Non Grata|10097|Maroon|631302|Gatherum|Vermis|Non Grata|10097|Maroon|Expired|9000000|0|0|6/25/2025 7:44:57 PM|Financial Assistance|4973486|
634903|ToasterOven|Pancake Republic|Non Grata|10097|Maroon|634448|Stewie|Stewieland III|Non Grata|10097|Maroon|Expired|0|100|0|6/25/2025 7:26:02 PM|Financial Assistance|4973483|
93757|Irons82|Zero-One|DOOMBIRD DOOMCAVE|10449|Black|644476|ICCoug|VanDanBerg|Catholic Reich|17311|Black|Expired|9000000|0|0|6/25/2025 7:20:38 PM|Tech deal 9/300?|4973482|
627906|AironthFlamewing|The Crown Dominion|Christian Coalition Of Countries|10028|White|8515|Turetel|Turetel|Freehold of The Wolves|15157|White|Expired|0|100|0|6/25/2025 7:12:46 PM|Financial Assistance|4973480|
620328|Albasti|Kayi Tribe|New Pacific Order|10000|Red|580705|Theory|Westermont|New Pacific Order|10000|Red|Expired|0|100|0|6/25/2025 7:10:57 PM|QT Tech|4973479|
620328|Albasti|Kayi Tribe|New Pacific Order|10000|Red|515093|GoldenAura|Communist Crackous|New Pacific Order|10000|Red|Expired|0|100|0|6/25/2025 7:10:33 PM|QT Tech|4973478|
620328|Albasti|Kayi Tribe|New Pacific Order|10000|Red|542117|Killerbankz|HellOnEarth|New Pacific Order|10000|Red|Expired|0|100|0|6/25/2025 7:10:13 PM|QT Tech|4973477|
620328|Albasti|Kayi Tribe|New Pacific Order|10000|Red|167235|ORCACommander|Hiigaran Federation|New Pacific Order|10000|Red|Expired|0|100|0|6/25/2025 7:09:52 PM|QT Tech|4973476|
620328|Albasti|Kayi Tribe|New Pacific Order|10000|Red|588946|AlphaCenturion|Sentosa Republic|New Pacific Order|10000|Red|Expired|0|100|0|6/25/2025 7:09:30 PM|QT Tech|4973475|
288430|jrsyboy|toqueville|Non Grata|10097|Maroon|627572|Latexi|Why would I do this|Non Grata|10097|Maroon|Expired|9000000|0|0|6/25/2025 7:08:35 PM|Financial Assistance|4973474|
423414|Nashorn|Nashornstan|MONGOLS|14492|Maroon|325202|murtibing|Fluens|Axiom of Regularity|17122|Black|Expired|9000000|0|0|6/25/2025 7:08:09 PM|Financial Assistance|4973473|
288430|jrsyboy|toqueville|Non Grata|10097|Maroon|624193|The1nonlykk|Biourja|Non Grata|10097|Maroon|Expired|9000000|0|0|6/25/2025 7:08:02 PM|Financial Assistance|4973472|
423414|Nashorn|Nashornstan|MONGOLS|14492|Maroon|22121|spartan 84|UNSC Reach|Non Grata|10097|Maroon|Expired|9000000|100|0|6/25/2025 7:07:50 PM|Financial Assistance|4973471|
423414|Nashorn|Nashornstan|MONGOLS|14492|Maroon|552359|SeaBeeGipson|Denton|MONGOLS|14492|Maroon|Expired|9000000|100|0|6/25/2025 7:07:28 PM|Financial Assistance|4973470|
423414|Nashorn|Nashornstan|MONGOLS|14492|Maroon|324487|Death from above 82|Black Sheep|MONGOLS|14492|Maroon|Expired|9000000|100|0|6/25/2025 7:07:05 PM|Financial Assistance|4973469|
182598|Phrog|Phrogville|CLAWS|15841|Black|345089|Adificio Depereo|El Fin de Corrupcion|CLAWS|15841|Black|Expired|9000000|0|0|6/25/2025 6:38:53 PM|CLAWS AID|4973466|
493173|Damascis|Typhon|CLAWS|15841|Black|646832|Greg Gregory Gregers|Udrus|The Phoenix Federation|17385|Black|Expired|6000000|0|0|6/25/2025 5:54:50 PM|Tech dealz|4973460|
264926|Ken T Kent|Codopia|Fark|10002|Aqua|428668|EViL0nE|Hivestonia|Fark|10002|Aqua|Expired|0|100|0|6/25/2025 5:45:45 PM|Financial Assistance|4973459|
264926|Ken T Kent|Codopia|Fark|10002|Aqua|254501|gijoe|atlantis awakens|Fark|10002|Aqua|Expired|0|100|0|6/25/2025 5:45:39 PM|Financial Assistance|4973458|
289177|Blaskowicz|Doomsland|New Pacific Order|10000|Red|646033|PlatinumAero|Verloren|The Wolves|16660|White|Expired|9000000|0|0|6/25/2025 5:33:27 PM|Hugs from NPO|4973456|
130031|Matto|Epointe|Federation of Armed Nations|10021|Yellow|535865|Donbo McSlay|Donbo Land|Federation Of Armed Nations|10021|Yellow|Expired|9000000|0|4000|6/25/2025 5:28:16 PM|Financial Assistance|4973455|
646762|Kevlar|Sasquatch|Global Alliance And Treaty Organization|10003|Brown|580044|Sir Kiloist|Tiocfaidh ar la|Global Alliance And Treaty Organization|10003|Brown|Expired|0|100|0|6/25/2025 4:54:20 PM|sweet squatch tech|4973444|
96568|Dagny Taggart|Galtian Commune|DOOMBIRD DOOMCAVE|10449|Black|532609|KingJohnny|Nechian Empire|Doom Squad|16454|Black|Expired|6000000|0|0|6/25/2025 4:43:06 PM|Financial Assistance|4973442|
12258|Commissar Sendoa|Cataduanes|Non Grata|10097|Maroon|2621|James|TIEIXIAIS|Non Grata|10097|Maroon|Expired|0|100|0|6/25/2025 3:38:11 PM|Financial Assistance|4973440|
488372|Heinrich I|Das Ostfrankenreich|The Prussian Empire|14204|Green|631432|Elector King|Bohemia Moravia|The Prussian Empire|14204|Green|Expired|9000000|0|0|6/25/2025 3:20:26 PM|Gut gemacht|4973433|
109963|Tezkat|Throne of the Jaguar|CLAWS|15841|Black|345089|Adificio Depereo|El Fin de Corrupcion|CLAWS|15841|Black|Expired|9000000|0|0|6/25/2025 2:39:33 PM|Free Munnies|4973431|
470323|plaw44|infinite desire|Doombrella|17368|Black|601941|tikibird|Regression|COBRA|13717|Brown|Expired|9000000|0|0|6/25/2025 2:00:59 PM|I love you - Patrick Star|4973425|
187132|White Majik|VSOP United|Doombrella|17368|Black|628583|Dopes|Slaptico|Church of the Holy Platypus|17265|Brown|Expired|6000000|0|0|6/25/2025 1:42:39 PM|Financial Assistance|4973424|
258455|Magical Muslim|Alibaba Land|CLAWS|15841|Black|646832|Greg Gregory Gregers|Udrus|The Phoenix Federation|17385|Black|Expired|6000000|0|0|6/25/2025 12:44:54 PM|6/100 tech deal|4973421|
516493|The dutch Dragonborn|The Dutch Dragonborn|New Polar Order|10006|Blue|483058|Dubh Caireallain|Roisin Dubh|New Polar Order|10006|Blue|Expired|9000000|0|0|6/25/2025 11:58:23 AM|ICECAP Cash|4973412|
552359|SeaBeeGipson|Denton|MONGOLS|14492|Maroon|265697|Laskar Pelangi|Rainbow Soldier|Kaskus|10104|Brown|Expired|0|100|0|6/25/2025 11:56:56 AM|Tech for the Tech Gods|4973411|
636336|Stelth|White Mountain|Union Of Communist Republics|10060|Brown|621029|Le Trout|Lambo Lambo Lambo|Post Grunge Supergroup|16367|Brown|Expired|9000000|0|0|6/25/2025 11:34:28 AM|Financial Assistance|4973409|
273692|Pope Bubba XIII|Rebel Virginia|Non Grata|10097|Maroon|12258|Commissar Sendoa|Cataduanes|Non Grata|10097|Maroon|Expired|9000000|0|0|6/25/2025 11:25:27 AM|Tech|4973407|
455413|Duke Nukem|NukemLand|Global Alliance And Treaty Organization|10003|Brown|273254|unstpblpimp|unstpblpimp|Global Alliance and Treaty Organization|10003|Brown|Expired|0|100|0|6/25/2025 11:01:06 AM|Financial Assistance|4973402|
51153|chiles|The UFOC|CLAWS|15841|Black|345089|Adificio Depereo|El Fin de Corrupcion|CLAWS|15841|Black|Expired|9000000|0|0|6/25/2025 10:54:34 AM|Did you order a pizza?|4973401|
76627|shwampy|Barryteroria|Libertarian Socialist Federation|10027|White|326273|Red Rebel|Pi Lambda Phi|Madlads Union|17130|Brown|Expired|0|100|0|6/25/2025 10:34:35 AM|Another quality trade :)|4973399|
646764|Reverend Edo|Outopostan|Global Alliance And Treaty Organization|10003|Brown|79371|xkirra|Mordlandia|Global Alliance And Treaty Organization|10003|Brown|Expired|0|100|0|6/25/2025 10:30:30 AM|Financial Assistance|4973397|
69978|Garbunkel|Gravillia|CLAWS|15841|Black|646832|Greg Gregory Gregers|Udrus|The Phoenix Federation|17385|Black|Expired|6000000|0|0|6/25/2025 10:21:21 AM|Claws Tech Deal|4973395|
69978|Garbunkel|Gravillia|CLAWS|15841|Black|644711|CatDog|NicholasJoseph|Catholic Reich|17311|Black|Expired|9000000|0|0|6/25/2025 10:18:32 AM|From Claws with Love|4973393|
453391|Rokula|Paraiso|New Pacific Order|10000|Red|646098|Brutus5149|Legio Lupi|New Pacific Order|10000|Red|Expired|9000000|0|0|6/25/2025 10:17:43 AM|Rising Stars|4973389|
69978|Garbunkel|Gravillia|CLAWS|15841|Black|644571|Juno02|Mystic Land|Catholic Reich|17311|Black|Expired|9000000|0|0|6/25/2025 10:17:27 AM|Claws Payback|4973387|
69978|Garbunkel|Gravillia|CLAWS|15841|Black|345089|Adificio Depereo|El Fin de Corrupcion|CLAWS|15841|Black|Expired|9000000|0|0|6/25/2025 10:16:22 AM|Claws Aidz|4973386|
2621|James|TIEIXIAIS|Non Grata|10097|Maroon|584157|Sheekyz|Kingdom Of Xe|Non Grata|10097|Maroon|Expired|9000000|0|0|6/25/2025 9:41:09 AM|Financial Assistance|4973380|
493791|azntrigboi|Symmetry|NATO|10037|Blue|630683|Queen Aurore|Turnopia|Christian Coalition Of Countries|10028|White|Expired|9000000|0|0|6/25/2025 9:25:41 AM|Valyrian Aid|4973376|
493791|azntrigboi|Symmetry|NATO|10037|Blue|641804|jackthebest|Jackastan|NATO|10037|Blue|Expired|9000000|0|0|6/25/2025 9:25:34 AM|Valyrian Aid|4973375|
493791|azntrigboi|Symmetry|NATO|10037|Blue|645652|SpaceGhostCTC|Phantom crusier|Federation Of Armed Nations|10021|Yellow|Expired|9000000|0|0|6/25/2025 9:25:27 AM|Valyrian Aid|4973374|
299962|dev0win|1nfinity Otriad|NATO|10037|Blue|630683|Queen Aurore|Turnopia|Christian Coalition Of Countries|10028|White|Expired|9000000|0|0|6/25/2025 9:09:36 AM|Valyrian Aid|4973368|
299962|dev0win|1nfinity Otriad|NATO|10037|Blue|580046|Body Jryant|Conservative South|Christian Coalition Of Countries|10028|White|Expired|9000000|0|0|6/25/2025 9:09:23 AM|Valyrian Aid|4973367|
546488|levothy|mycybernation|Knights Of The Round Table|10092|Green|645160|Quaker91|Gregorian Empire|Knights Of The Round Table|10092|Green|Expired|0|100|0|6/25/2025 8:51:34 AM|Spin 187|4973366|
538755|zeldafan4ever|Terminus|Orange Defense Network|10007|Orange|38659|Rikhard II|Lunzania|Orange Defense Network|10007|Orange|Expired|0|100|0|6/25/2025 8:20:59 AM|Tech 2/3|4973361|
538755|zeldafan4ever|Terminus|Orange Defense Network|10007|Orange|298479|Pheren|Lost Atlantis|Orange Defense Network|10007|Orange|Expired|0|100|0|6/25/2025 8:20:37 AM|Tech 1/3|4973360|
230895|TCTriangle|Taninsania|Non Grata|10097|Maroon|624193|The1nonlykk|Biourja|Non Grata|10097|Maroon|Expired|9000000|0|0|6/25/2025 8:15:30 AM|Tech Circle|4973358|
610594|ADude|OceaniaRedux|Doom Squad|16454|Black|646836|Keyzlt5|Chi Seeds|Doom Squad|16454|Black|Expired|9000000|0|0|6/25/2025 8:04:13 AM|Financial Assistance|4973352|
610594|ADude|OceaniaRedux|Doom Squad|16454|Black|532609|KingJohnny|Nechian Empire|Doom Squad|16454|Black|Expired|6000000|0|0|6/25/2025 8:03:59 AM|Financial Assistance|4973351|
610594|ADude|OceaniaRedux|Doom Squad|16454|Black|646431|The Cute Twin|Vlasic|Doom Squad|16454|Black|Expired|9000000|0|0|6/25/2025 8:03:52 AM|Financial Assistance|4973350|
610594|ADude|OceaniaRedux|Doom Squad|16454|Black|641537|Probably Mochi|Kap Land|Doom Squad|16454|Black|Expired|9000000|0|0|6/25/2025 8:03:39 AM|Financial Assistance|4973348|
556822|Emwem|MUA land|New Pacific Order|10000|Red|616876|Lady Hawk|Isle of Mann|New Pacific Order|10000|Red|Expired|0|100|0|6/25/2025 8:03:30 AM|Vallum Aelium|4973347|
556822|Emwem|MUA land|New Pacific Order|10000|Red|580705|Theory|Westermont|New Pacific Order|10000|Red|Expired|0|100|0|6/25/2025 8:03:26 AM|QT Tech|4973346|
556822|Emwem|MUA land|New Pacific Order|10000|Red|629229|HopeFun|LimaPT|New Pacific Order|10000|Red|Expired|0|100|0|6/25/2025 8:03:22 AM|QT Tech|4973345|
556822|Emwem|MUA land|New Pacific Order|10000|Red|75117|rnegafan|Rnegfania|New Pacific Order|10000|Red|Expired|0|100|0|6/25/2025 8:03:18 AM|QT Tech|4973344|
556822|Emwem|MUA land|New Pacific Order|10000|Red|515093|GoldenAura|Communist Crackous|New Pacific Order|10000|Red|Expired|0|100|0|6/25/2025 8:03:14 AM|QT Tech|4973343|
645740|ShadowSleeper|Noevgono|Nuclear Proliferation League|17228|Aqua|362361|Gofast2006|Pioneer Village|Nuclear Proliferation League|17228|Aqua|Expired|0|100|0|6/25/2025 7:31:35 AM|Financial Assistance|4973340|
535865|Donbo McSlay|Donbo Land|Federation Of Armed Nations|10021|Yellow|32845|Mackay Warrior|Land-o-Mackay|Federation Of Armed Nations|10021|Yellow|Expired|0|100|0|6/25/2025 7:30:36 AM|Financial Assistance|4973339|
629752|Jamo199599|C1995|New Polar Order|10006|Blue|481947|Morgaine|Cruithne|New Polar Order|10006|Blue|Expired|9000000|0|0|6/25/2025 7:28:18 AM|ICECAP Cash|4973338|
646098|Brutus5149|Legio Lupi|New Pacific Order|10000|Red|581758|Tiberius|Nuke Town|New Pacific Order|10000|Red|Expired|0|100|0|6/25/2025 6:55:43 AM|Vallum Aelium|4973324|
449862|Marneus Calgar|Macragge|New Pacific Order|10000|Red|646465|Panglima Burung|Kalimantan Baru|New Pacific Order|10000|Red|Expired|9000000|0|0|6/25/2025 6:51:04 AM|Financial Assistance|4973323|
449862|Marneus Calgar|Macragge|New Pacific Order|10000|Red|646033|PlatinumAero|Verloren|The Wolves|16660|White|Expired|9000000|0|0|6/25/2025 6:50:54 AM|Financial Assistance|4973322|
449862|Marneus Calgar|Macragge|New Pacific Order|10000|Red|646098|Brutus5149|Legio Lupi|New Pacific Order|10000|Red|Expired|9000000|0|0|6/25/2025 6:50:43 AM|Financial Assistance|4973321|
449862|Marneus Calgar|Macragge|New Pacific Order|10000|Red|612177|DannyVee|Cvetko|New Pacific Order|10000|Red|Expired|9000000|0|0|6/25/2025 6:50:30 AM|Financial Assistance|4973320|
449862|Marneus Calgar|Macragge|New Pacific Order|10000|Red|555876|Khandov|Polonia Overlordship|New Pacific Order|10000|Red|Expired|9000000|0|0|6/25/2025 6:50:05 AM|Financial Assistance|4973318|
580046|Body Jryant|Conservative South|Christian Coalition Of Countries|10028|White|359275|Jesusfreak|El Dorado|Christian Coalition of Countries|10028|White|Expired|0|100|0|6/25/2025 6:49:18 AM|VEP|4973317|
144157|Sarkin|My Hero Party|The Dark Templar|10056|Black|621029|Le Trout|Lambo Lambo Lambo|Post Grunge Supergroup|16367|Brown|Expired|9000000|0|0|6/25/2025 6:44:15 AM|Tech deal|4973314|
579519|EatDirtFartDust|Testiclania|Doom Squad|16454|Black|641537|Probably Mochi|Kap Land|Doom Squad|16454|Black|Expired|9000000|100|4000|6/25/2025 6:41:18 AM|pLEASE DONT KILL ME MR!|4973312|
579519|EatDirtFartDust|Testiclania|Doom Squad|16454|Black|66883|Crown Prince Mishka|Tygaland|Doombrella|17368|Black|Expired|0|100|0|6/25/2025 6:38:26 AM|Financial Assistance|4973309|
579519|EatDirtFartDust|Testiclania|Doom Squad|16454|Black|184514|Franz Ferdinand|L252beck|Doombrella|17368|Black|Expired|0|100|0|6/25/2025 6:38:17 AM|Financial Assistance|4973308|
579519|EatDirtFartDust|Testiclania|Doom Squad|16454|Black|342957|tayloj7|Rabbitopia|Doombrella|17368|Black|Expired|0|100|0|6/25/2025 6:38:01 AM|Financial Assistance|4973307|
326273|Red Rebel|Pi Lambda Phi|Madlads Union|17130|Brown|643449|Esabbi|Liberation Islands|Post Grunge Supergroup|16367|Brown|Expired|9000000|0|0|6/25/2025 6:03:59 AM|Tech Deal 9m/100t|4973303|
621291|Rud25|Caledor|Post Grunge Supergroup|16367|Brown|645361|jreed|Kingdom of Ignis|Post Grunge Supergroup|16367|Brown|Expired|6000000|0|4000|6/25/2025 6:01:20 AM|Financial Assistance|4973302|
2621|James|TIEIXIAIS|Non Grata|10097|Maroon|634597|LiaColle|Prynthian|Non Grata|10097|Maroon|Expired|9000000|0|0|6/25/2025 5:51:32 AM|Financial Assistance|4973299|
638|mikharr123|Sirrahistan|New Polar Order|10006|Blue|639953|Mihail the Just|Republic of Onivlac|New Polar Order|10006|Blue|Expired|9000000|0|0|6/25/2025 5:51:23 AM|ICECAP Cash|4973297|
638|mikharr123|Sirrahistan|New Polar Order|10006|Blue|481947|Morgaine|Cruithne|New Polar Order|10006|Blue|Expired|9000000|0|0|6/25/2025 5:50:54 AM|ICECAP Cash|4973296|
638|mikharr123|Sirrahistan|New Polar Order|10006|Blue|591794|Raden Wijaya|Kerajaan Majapahit|New Polar Order|10006|Blue|Expired|9000000|0|0|6/25/2025 5:50:39 AM|ICECAP Cash|4973295|
642338|Kauppinen|Savruotland|The Dark Templar|10056|Black|402037|Soviet Mudkip|In Soviet Russia|The Dark Templar|10056|Black|Expired|0|100|0|6/25/2025 5:34:11 AM|Tech 9M/100|4973294|
532352|Serberus|The State|Post Grunge Supergroup|16367|Brown|545724|Matmal|Matmalia|Post Grunge Supergroup|16367|Brown|Expired|6000000|0|0|6/25/2025 5:19:50 AM|Financial Assistance|4973293|
627063|Apollon007|Kingdom of Byzantium|Post Grunge Supergroup|16367|Brown|646873|Patrick the Great|Akarta|Post Grunge Supergroup|16367|Red|Expired|6000000|100|4000|6/25/2025 4:45:25 AM|Welcome to PGS|4973289|
184966|The Upper Bass|Little Basses|The Dark Templar|10056|Black|635568|ReForce|Axors|The Dark Templar|10056|Black|Expired|9000000|0|0|6/25/2025 3:54:26 AM|Aid|4973285|
569906|Tradewind|Republic of Bort|Viridian Entente|10010|Green|71592|upchuck|warmarding|Viridian Entente|10010|Green|Expired|0|100|0|6/25/2025 2:00:14 AM|Tech 2 of 2|4973274|
541311|King Quincy|Confederate USA|Green Protection Agency|10041|Green|23377|Pippedy|Lauran|Green Protection Agency|10041|Green|Expired|9000000|0|0|6/25/2025 1:40:35 AM|Financial Assistance|4973273|
166467|KittyPride207|BlackAngels|New Polar Order|10006|Blue|641765|Chandragupta Maurya|Maurya Dynasty|New Polar Order|10006|Blue|Expired|9000000|0|0|6/25/2025 1:35:10 AM|ICECAP Cash|4973272|
532352|Serberus|The State|Post Grunge Supergroup|16367|Brown|646873|Patrick the Great|Akarta|Post Grunge Supergroup|16367|Red|Expired|6000000|0|0|6/25/2025 1:33:41 AM|New Member Aid|4973271|
155826|weebl2000|Azeer|Non Grata|10097|Maroon|529964|Pelzig|Salusa Secundus|Non Grata|10097|Maroon|Expired|9000000|0|0|6/25/2025 1:17:01 AM|Financial Assistance|4973270|
311344|asapilu|Persianiran|NATO|10037|Blue|645124|stugots|Trumpopolis|NATO|10037|Blue|Expired|9000000|0|0|6/25/2025 12:33:09 AM|V|4973268|
490921|Roo Blu II|Blue Roo|Non Grata|10097|Maroon|631302|Gatherum|Vermis|Non Grata|10097|Maroon|Expired|9000000|0|0|6/25/2025 12:32:47 AM|NG Tech deal|4973267|
646204|Tunne|minion|Knights Of The Round Table|10092|Green|531590|Ledon|Ledonia|Knights of the Round Table|10092|Green|Expired|0|100|0|6/25/2025 12:22:02 AM|Financial Assistance|4973265|
646633|lHVEUI|2pkptr|Knights Of The Round Table|10092|Brown|138858|Haart|Barbarica|The Templar Knights|10012|Maroon|Expired|0|100|0|6/25/2025 12:18:08 AM|Financial Assistance|4973264|
639843|TheChickenRun|Costco Wholesale|The Dark Templar|10056|Black|308695|Indiomaestro|Jahara|The Dark Templar|10056|Black|Expired|0|100|0|6/25/2025 12:13:11 AM|Free Tech|4973262|
645274|GRATHGFRT|zUTIA|Knights Of The Round Table|10092|Green|384577|wayoik|SunOase|Knights Of The Round Table|10092|Green|Expired|0|100|0|6/25/2025 12:10:28 AM|Financial Assistance|4973260|
634448|Stewie|Stewieland III|Non Grata|10097|Maroon|624193|The1nonlykk|Biourja|Non Grata|10097|Maroon|Expired|9000000|0|0|6/25/2025 12:07:59 AM|Financial Assistance|4973259|
640027|Rdjzozet|Tryzovits|CLAWS|15841|Black|531590|Ledon|Ledonia|Knights of the Round Table|10092|Green|Expired|0|100|0|6/24/2025 11:34:52 PM|Financial Assistance|4973258|
134146|Lenadius|Espa&#241;ola|New Pacific Order|10000|Red|679|Gateborg|Gateborg|New Pacific Order|10000|Red|Expired|9000000|0|0|6/24/2025 11:18:30 PM|Financial Assistance|4973257|
134146|Lenadius|Espa&#241;ola|New Pacific Order|10000|Red|638135|Lord Terrence Hood|Esteron|New Pacific Order|10000|Red|Expired|9000000|0|0|6/24/2025 11:18:20 PM|Financial Assistance|4973256|
134146|Lenadius|Espa&#241;ola|New Pacific Order|10000|Red|633137|International Waters|International Waters|New Pacific Order|10000|Red|Expired|9000000|0|0|6/24/2025 11:18:08 PM|Financial Assistance|4973255|
646431|The Cute Twin|Vlasic|Doom Squad|16454|Black|470323|plaw44|infinite desire|Doombrella|17368|Black|Expired|0|100|0|6/24/2025 10:38:20 PM|Financial Assistance|4973254|
646038|OT Dominic|borneo kenyalang|Christian Coalition Of Countries|10028|White|380797|gainesta09|gainesta09|NATO|10037|Blue|Expired|0|100|0|6/24/2025 10:37:36 PM|Valyrian Aid|4973253|
646431|The Cute Twin|Vlasic|Doom Squad|16454|Black|61657|Umar ibn Abd al-Aziz|Umayyad Caliphate|DOOMBIRD DOOMCAVE|10449|Black|Expired|0|100|0|6/24/2025 10:36:10 PM|Financial Assistance|4973252|
630971|Jeremiah|CERAVA|Non Grata|10097|Maroon|264911|tgilleland|Murdergascar|Non Grata|10097|Maroon|Expired|0|100|0|6/24/2025 10:32:51 PM|Tech Delivery|4973251|
621241|John Mathews|Earth Three|Fark|10002|Aqua|646156|Kking2025|Louis nation|Nuclear Proliferation League|17228|Blue|Expired|9000000|0|0|6/24/2025 10:27:04 PM|Financial Assistance|4973250|
467779|The decimator|My new new nation|Random Insanity Alliance|10038|Maroon|604565|New Reverie|Hollow Land|Random Insanity Alliance|10038|Maroon|Expired|0|100|0|6/24/2025 9:08:22 PM|Financial Assistance|4973245|
467779|The decimator|My new new nation|Random Insanity Alliance|10038|Maroon|549690|Leonardothered|Casterly Rock|Random Insanity Alliance|10038|Maroon|Expired|6000000|100|0|6/24/2025 9:07:38 PM|Financial Assistance|4973243|
467779|The decimator|My new new nation|Random Insanity Alliance|10038|Maroon|124781|im317|im317|Random Insanity Alliance|10038|Maroon|Expired|0|100|0|6/24/2025 9:07:16 PM|Financial Assistance|4973242|
402037|Soviet Mudkip|In Soviet Russia|The Dark Templar|10056|Black|639843|TheChickenRun|Costco Wholesale|The Dark Templar|10056|Black|Expired|9000000|0|0|6/24/2025 8:52:27 PM|9m/100t|4973240|
404438|Herzog|Black Amber|Sparta|10008|Black|6600|poonertang|PR of pooner|Sparta|10008|Black|Expired|0|100|0|6/24/2025 8:29:14 PM|Financial Assistance|4973238|
404438|Herzog|Black Amber|Sparta|10008|Black|317431|Evileel|ell pond|Sparta|10008|Black|Expired|0|100|0|6/24/2025 8:28:23 PM|Financial Assistance|4973237|
645525|GodKing Menes|Free Republic of Kem|Nuclear Proliferation League|17228|Aqua|645985|CaboMabo|CaboMabo|Nuclear Proliferation League|17228|Aqua|Expired|9000000|100|0|6/24/2025 8:16:40 PM|Repayment 4 of 5|4973235|
206853|Tsayka|Trisaram|NATO|10037|Blue|428260|Warden|Llama Land|NATO|10037|Blue|Expired|0|100|0|6/24/2025 8:14:27 PM|Financial Assistance|4973234|
168105|Bobogoobo|Bobogoobo|New Pacific Order|10000|Red|679|Gateborg|Gateborg|New Pacific Order|10000|Red|Expired|9000000|0|0|6/24/2025 7:03:02 PM|Bankroll|4973231|
646098|Brutus5149|Legio Lupi|New Pacific Order|10000|Red|629229|HopeFun|LimaPT|New Pacific Order|10000|Red|Expired|0|100|0|6/24/2025 6:42:14 PM|QT Tech|4973229|
606440|UnitedBishop|UnitedBishops|Doom Squad|16454|Black|61657|Umar ibn Abd al-Aziz|Umayyad Caliphate|DOOMBIRD DOOMCAVE|10449|Black|Expired|0|100|0|6/24/2025 6:06:19 PM|Financial Assistance|4973226|
440257|lonabis|flying dutchmen|NATO|10037|Blue|633463|Mein Kaiser|DasVaterland|Church of the Holy Platypus|17265|Green|Expired|9000000|0|0|6/24/2025 6:02:22 PM|Valyrian Cash|4973222|
232881|Yashem|Yashemia|New Pacific Order|10000|Red|551335|Hakora Kiyanto|Makayan|New Pacific Order|10000|Red|Expired|0|100|0|6/24/2025 4:16:12 PM|QT Tech|4973217|
232881|Yashem|Yashemia|New Pacific Order|10000|Red|629229|HopeFun|LimaPT|New Pacific Order|10000|Red|Expired|0|100|0|6/24/2025 4:16:06 PM|QT Tech|4973216|
101765|KevinH|Establishmentism|Independent Republic of Orange Nations|10004|Orange|391465|Lysistrata|Alamo|Independent Republic Of Orange Nations|10004|Orange|Expired|9000000|100|4000|6/24/2025 4:15:27 PM|Bunker Busters|4973215|
39705|Bmk812|Eisenherz|Global Alliance And Treaty Organization|10003|Brown|646327|KittenGosCrazy|Aura Kingdom|Global Alliance And Treaty Organization|10003|Brown|Expired|9000000|0|0|6/24/2025 3:40:26 PM|tech|4973211|
277690|brentaar|Barstonia|New Pacific Order|10000|Red|600178|tejuguasu|tejuguasu|New Pacific Order|10000|Red|Expired|0|100|0|6/24/2025 3:35:50 PM|QT Tech|4973208|
277690|brentaar|Barstonia|New Pacific Order|10000|Red|551335|Hakora Kiyanto|Makayan|New Pacific Order|10000|Red|Expired|0|100|0|6/24/2025 3:35:44 PM|QT Tech|4973207|
277690|brentaar|Barstonia|New Pacific Order|10000|Red|629229|HopeFun|LimaPT|New Pacific Order|10000|Red|Expired|0|100|0|6/24/2025 3:35:39 PM|QT Tech|4973206|
277690|brentaar|Barstonia|New Pacific Order|10000|Red|568748|Llednar Twem|Eurica|New Pacific Order|10000|Red|Expired|0|100|0|6/24/2025 3:35:31 PM|QT Tech|4973205|
277690|brentaar|Barstonia|New Pacific Order|10000|Red|168105|Bobogoobo|Bobogoobo|New Pacific Order|10000|Red|Expired|0|100|0|6/24/2025 3:35:26 PM|QT Tech|4973204|
277690|brentaar|Barstonia|New Pacific Order|10000|Red|21424|John Edward|Ardenchestia|New Pacific Order|10000|Red|Expired|0|100|0|6/24/2025 3:35:20 PM|QT Tech|4973203|
550914|reilstrap|reilstrap|Independent Republic Of Orange Nations|10004|Orange|273843|Northern Empire|Northern Empire|Independent Republic Of Orange Nations|10004|Orange|Expired|0|100|0|6/24/2025 1:52:31 PM|8/10|4973198|
288372|king qaz|my own little workd|The Legion|10020|Purple|646353|tuomas|temple of perversion|The Legion|10020|Purple|Expired|9000000|0|0|6/24/2025 1:48:18 PM|Financial Assistance|4973197|
645467|LiefzDel|Greater Czechia|Post Grunge Supergroup|16367|Brown|633062|SoloRocket|Rocket Republic|Post Grunge Supergroup|16367|Brown|Expired|0|100|0|6/24/2025 1:02:38 PM|9/100 Payback|4973196|
645652|SpaceGhostCTC|Phantom crusier|Federation Of Armed Nations|10021|Yellow|32845|Mackay Warrior|Land-o-Mackay|Federation Of Armed Nations|10021|Yellow|Expired|0|100|0|6/24/2025 12:23:39 PM|Financial Assistance|4973194|
646771|King Chocolate|Chocolate Cookie|Nuclear Proliferation League|17228|Aqua|618472|Leftie|Brotherhood|Madlads Union|17130|Brown|Expired|0|100|0|6/24/2025 11:50:35 AM|Completing Tech Deal|4973193|
580046|Body Jryant|Conservative South|Christian Coalition Of Countries|10028|White|626566|Peacy McPeaceface|New Olde Switzerland|Christian Coalition Of Countries|10028|White|Expired|0|100|0|6/24/2025 11:38:00 AM|VEP|4973192|
604148|US Chrisderica|US of Chrisderica|Freehold of The Wolves|15157|White|414519|markpalm1|vacous|Freehold of The Wolves|15157|White|Expired|0|100|0|6/24/2025 11:33:51 AM|Valyrian Aid|4973191|
300255|Argirioc|Argiriahn|The Legion|10020|Purple|373827|VLs Revenge|Revengia|The Legion|10020|Purple|Expired|0|100|0|6/24/2025 10:39:21 AM|Financial Assistance|4973186|
641506|IAmNich|Achladis|Doom Squad|16454|Black|470323|plaw44|infinite desire|Doombrella|17368|Black|Expired|0|100|0|6/24/2025 10:24:19 AM|Financial Assistance|4973183|
641506|IAmNich|Achladis|Doom Squad|16454|Black|61657|Umar ibn Abd al-Aziz|Umayyad Caliphate|DOOMBIRD DOOMCAVE|10449|Black|Expired|0|100|0|6/24/2025 10:23:59 AM|Financial Assistance|4973182|
641506|IAmNich|Achladis|Doom Squad|16454|Black|380007|Supreme Emperor Daeg|Metal|Doom Squad|16454|Black|Expired|0|100|0|6/24/2025 10:23:47 AM|Financial Assistance|4973181|
641506|IAmNich|Achladis|Doom Squad|16454|Black|615966|tehol|Lether|Doom Squad|16454|Black|Expired|0|100|0|6/24/2025 10:21:56 AM|Financial Assistance|4973179|
324421|Einer|Jesusland|Mostly Harmless Alliance|14879|White|633463|Mein Kaiser|DasVaterland|Church of the Holy Platypus|17265|Green|Expired|9000000|0|0|6/24/2025 9:56:29 AM|&quot;Valyrian Aid&quot; !|4973176|
430606|KemMo|Maurinaria|Nuclear Proliferation League|17228|Aqua|646758|FedStateMeritocracy|State Meritocracy|Nuclear Proliferation League|17228|Aqua|Expired|6000000|0|0|6/24/2025 9:28:10 AM|6/100|4973175|
630683|Queen Aurore|Turnopia|Christian Coalition Of Countries|10028|White|541983|CVO|Kush|NATO|10037|Blue|Expired|0|100|0|6/24/2025 8:52:25 AM|Valyrian aid|4973170|
630683|Queen Aurore|Turnopia|Christian Coalition Of Countries|10028|White|340698|Onified|Spork|NATO|10037|Blue|Expired|0|100|0|6/24/2025 8:52:11 AM|Valyrian aid|4973169|
641804|jackthebest|Jackastan|NATO|10037|Blue|428260|Warden|Llama Land|NATO|10037|Blue|Expired|0|100|0|6/24/2025 8:40:46 AM|VEP|4973161|
206853|Tsayka|Trisaram|NATO|10037|Blue|106012|President JR Seisa|Themysciera|NATO|10037|Blue|Expired|0|100|0|6/24/2025 7:51:37 AM|Financial Assistance|4973156|
503436|StevieG|Dinglebay|Disciples of Duckroll|17024|Black|596807|AmeerMuib|SiegeTank|Disciples of Duckroll|17024|Black|Expired|9000000|0|0|6/24/2025 7:38:28 AM|Financial Assistance|4973154|
645124|stugots|Trumpopolis|NATO|10037|Blue|541983|CVO|Kush|NATO|10037|Blue|Expired|0|100|0|6/24/2025 7:22:36 AM|Financial Assistance|4973153|
645124|stugots|Trumpopolis|NATO|10037|Blue|468549|shadowstriker|shadow world|NATO|10037|Blue|Expired|0|100|0|6/24/2025 7:22:23 AM|Financial Assistance|4973152|
645124|stugots|Trumpopolis|NATO|10037|Blue|206879|Platinumviper|Bekaa|NATO|10037|Blue|Expired|0|100|0|6/24/2025 7:22:09 AM|Financial Assistance|4973151|
645124|stugots|Trumpopolis|NATO|10037|Blue|627972|GearHead|Rosche|NATO|10037|Blue|Expired|0|100|0|6/24/2025 7:21:52 AM|Financial Assistance|4973150|
4323|Xineoph|Um|The Legion|10020|Purple|129686|HK Boris|USEAR|The Legion|10020|Purple|Expired|0|100|0|6/24/2025 7:12:45 AM|Financial Assistance|4973147|
322849|BLITZ1|BLITZKRIEG THE FIRST|Freehold of The Wolves|15157|White|510139|AnthraxAnderson|Empire of Armageddon|NATO|10037|Blue|Expired|9000000|0|0|6/24/2025 6:49:23 AM|Valyrian Aid|4973144|
631191|Magnus IV|Kingdom of Ars Magna|CLAWS|15841|Black|238151|devnull|Republic of Unix|CLAWS|15841|Black|Expired|0|100|0|6/24/2025 6:44:44 AM|Tech deal done!|4973142|
613652|Peterkin|Quaraguay|Freehold of The Wolves|15157|White|644690|kylelandia|Kylelandia|Nuclear Proliferation League|17228|Aqua|Expired|6000000|0|0|6/24/2025 6:40:25 AM|6mil/100tech ?|4973138|
646771|King Chocolate|Chocolate Cookie|Nuclear Proliferation League|17228|Aqua|407586|FreezingAssassin|Charr|Fark|10002|Aqua|Expired|0|100|0|6/24/2025 6:27:10 AM|Completing Tech Trade|4973135|
529267|Pastor Jason|Gods Country|Doom Squad|16454|Black|184514|Franz Ferdinand|L252beck|Doombrella|17368|Black|Expired|0|100|0|6/24/2025 6:16:14 AM|Jesus Christ is Lord |4973129|
618779|learjet|Racinante|The Legion|10020|Purple|646353|tuomas|temple of perversion|The Legion|10020|Purple|Expired|9000000|0|0|6/24/2025 6:11:42 AM|Financial Assistance|4973127|
579649|Dale Flanderlion|Flanderlion|New Pacific Order|10000|Red|75117|rnegafan|Rnegfania|New Pacific Order|10000|Red|Expired|0|100|0|6/24/2025 6:00:10 AM|QT Tech|4973126|
633394|Drake Draconis|Draco Purpureus|The Dark Templar|10056|Black|642338|Kauppinen|Savruotland|The Dark Templar|10056|Black|Expired|9000000|0|0|6/24/2025 5:54:30 AM|Financial Assistance|4973125|
633394|Drake Draconis|Draco Purpureus|The Dark Templar|10056|Black|646383|Son Of Him|Land of Forever|Catholic Reich|17311|Black|Expired|9000000|0|0|6/24/2025 5:53:55 AM|Financial Assistance|4973123|
633394|Drake Draconis|Draco Purpureus|The Dark Templar|10056|Black|644476|ICCoug|VanDanBerg|Catholic Reich|17311|Black|Expired|9000000|0|0|6/24/2025 5:53:36 AM|Financial Assistance|4973122|
373827|VLs Revenge|Revengia|The Legion|10020|Purple|646824|AlphaB|Blue Ribbon|The Legion|10020|Purple|Expired|6000000|0|0|6/24/2025 5:10:12 AM|Financial Assistance|4973111|
373827|VLs Revenge|Revengia|The Legion|10020|Purple|646353|tuomas|temple of perversion|The Legion|10020|Purple|Expired|9000000|0|0|6/24/2025 5:10:01 AM|Financial Assistance|4973110|
645427|Clank|Clank|Doombrella|17368|Black|66883|Crown Prince Mishka|Tygaland|Doombrella|17368|Black|Expired|0|100|0|6/24/2025 3:42:47 AM|Financial Assistance|4973107|
645427|Clank|Clank|Doombrella|17368|Black|202255|onelove|We Are One Love|Doombrella|17368|Black|Expired|0|100|0|6/24/2025 3:42:28 AM|Financial Assistance|4973106|
634284|mikeymikes|batmanism|Doombrella|17368|Black|626860|BringMeTheHorizon|Dakotas|Doombrella|17368|Black|Expired|9000000|100|0|6/24/2025 3:31:07 AM|aids|4973105|
553210|tenbob|Mayoabu|New Polar Order|10006|Blue|642764|Nerdslayerx|Friheden|New Polar Order|10006|Blue|Expired|9000000|0|0|6/24/2025 3:30:17 AM|Icecap Cash|4973104|
569906|Tradewind|Republic of Bort|Viridian Entente|10010|Green|301014|asawyer|Zabril|Viridian Entente|10010|Green|Expired|0|100|0|6/24/2025 2:38:17 AM|tech 1 of 2|4973101|
257166|Yggdrazil|Ginginugap|Independent Republic Of Orange Nations|10004|Orange|636601|Wolfbite|Caffinated Wolves|Independent Republic Of Orange Nations|10004|Orange|Expired|0|100|0|6/24/2025 2:37:30 AM|itf|4973100|
455466|KrazyNights|Helleden|New Polar Order|10006|Blue|642764|Nerdslayerx|Friheden|New Polar Order|10006|Blue|Expired|9000000|0|0|6/24/2025 2:00:10 AM|Financial Assistance|4973097|
618150|Lyanna Mormont|Bear Island 4 Lyfe|Non Grata|10097|Maroon|634448|Stewie|Stewieland III|Non Grata|10097|Maroon|Expired|0|100|0|6/24/2025 1:57:50 AM|Financial Assistance|4973095|
618150|Lyanna Mormont|Bear Island 4 Lyfe|Non Grata|10097|Maroon|155826|weebl2000|Azeer|Non Grata|10097|Maroon|Expired|0|100|0|6/24/2025 1:57:39 AM|Financial Assistance|4973094|
618150|Lyanna Mormont|Bear Island 4 Lyfe|Non Grata|10097|Maroon|188637|Caustic|Hazardous Materials|Non Grata|10097|Maroon|Expired|0|100|0|6/24/2025 1:57:34 AM|Financial Assistance|4973093|
618150|Lyanna Mormont|Bear Island 4 Lyfe|Non Grata|10097|Maroon|230895|TCTriangle|Taninsania|Non Grata|10097|Maroon|Expired|0|100|0|6/24/2025 1:57:30 AM|Financial Assistance|4973092|
646135|Sokar|Delmak|Global Alliance And Treaty Organization|10003|Brown|307792|Jordan Lindeman|Arkalay|Global Alliance And Treaty Organization|10003|Brown|Expired|0|100|0|6/24/2025 1:53:31 AM|Financial Assistance|4973091|
634273|kolomee|Noodles Descendent|Freehold of The Wolves|15157|White|578954|Rydin|Vundf|Freehold of The Wolves|15157|White|Expired|0|100|0|6/24/2025 1:37:34 AM|Valyrian Aid|4973089|
634273|kolomee|Noodles Descendent|Freehold of The Wolves|15157|White|369840|Astron|Svedala|NATO|10037|Blue|Expired|0|100|0|6/24/2025 1:33:38 AM|Valyrian Aid|4973088|
646570|CiceroThePoet|Ismuth|NATO|10037|Blue|627972|GearHead|Rosche|NATO|10037|Blue|Expired|0|100|0|6/24/2025 1:25:01 AM|Financial Assistance|4973087|
646570|CiceroThePoet|Ismuth|NATO|10037|Blue|369840|Astron|Svedala|NATO|10037|Blue|Expired|0|100|0|6/24/2025 1:23:58 AM|Financial Assistance|4973086|
646570|CiceroThePoet|Ismuth|NATO|10037|Blue|206879|Platinumviper|Bekaa|NATO|10037|Blue|Expired|0|100|0|6/24/2025 1:22:37 AM|Financial Assistance|4973085|
106012|President JR Seisa|Themysciera|NATO|10037|Blue|645105|Trench Foast|TrenchFoastia|Christian Coalition Of Countries|10028|White|Expired|9000000|0|0|6/24/2025 1:21:44 AM|VEP|4973084|
559191|Darksight1|ChineseEmpire|New Pacific Order|10000|Red|568748|Llednar Twem|Eurica|New Pacific Order|10000|Red|Expired|0|100|0|6/24/2025 12:55:43 AM|QT Tech|4973081|
202519|Zombie Glaucon|UTC Labs|New Polar Order|10006|Blue|642764|Nerdslayerx|Friheden|New Polar Order|10006|Blue|Expired|9000000|0|0|6/24/2025 12:50:38 AM|ICECAP Cash|4973080|
374610|Captain Crozier|Dime Store Novena|Independent Republic Of Orange Nations|10004|Orange|645053|Geezy VIII|SOS Empire|Independent Republic Of Orange Nations|10004|Orange|Expired|6000000|0|0|6/24/2025 12:43:57 AM|ITF|4973079|
645082|TowerQueen|Turrim|New Pacific Order|10000|Red|75117|rnegafan|Rnegfania|New Pacific Order|10000|Red|Expired|0|100|0|6/24/2025 12:39:29 AM|QT Tech|4973078|
310672|King Wally|Rep of Queensland|Nuclear Proliferation League|17228|Aqua|261397|Rampage3|United Liberocracy|Nuclear Proliferation League|17228|Aqua|Expired|0|100|0|6/24/2025 12:22:04 AM|Senator Bribe |4973070|
262614|aml520|Hantou|New Polar Order|10006|Blue|584263|Beefbone|Beefy|New Polar Order|10006|Blue|Expired|0|100|0|6/24/2025 12:06:08 AM|ICECAP Tech|4973069|
262614|aml520|Hantou|New Polar Order|10006|Blue|629752|Jamo199599|C1995|New Polar Order|10006|Blue|Expired|0|100|0|6/24/2025 12:06:02 AM|ICECAP Tech|4973068|
228721|Hob Dobson|Uustonia|Viridian Entente|10010|Green|598970|Azure|Aldarin|Viridian Entente|10010|Green|Expired|0|100|0|6/24/2025 12:05:38 AM|Tech (1 of  3)|4973066|
199347|Caliph|Caliphate|Doom Squad|16454|Black|101493|ak47don|sicily mafia|Doombrella|17368|Black|Expired|9000000|0|0|6/24/2025 12:04:11 AM|Financial Assistance|4973065|
199347|Caliph|Caliphate|Doom Squad|16454|Black|61657|Umar ibn Abd al-Aziz|Umayyad Caliphate|DOOMBIRD DOOMCAVE|10449|Black|Expired|0|100|0|6/24/2025 12:03:32 AM|Financial Assistance|4973064|
199347|Caliph|Caliphate|Doom Squad|16454|Black|641537|Probably Mochi|Kap Land|Doom Squad|16454|Black|Expired|9000000|0|0|6/24/2025 12:02:38 AM|Financial Assistance|4973062|
199347|Caliph|Caliphate|Doom Squad|16454|Black|410812|Berbers|Kingdom of AlRezana|The Wolves|16660|Black|Expired|0|100|0|6/24/2025 12:01:07 AM|Financial Assistance|4973058|
83518|Johnny Apocalypse|Anubia|Global Alliance And Treaty Organization|10003|Brown|529189|Combat Pope|Vaticana|Global Alliance And Treaty Organization|10003|Brown|Expired|9000000|0|0|6/23/2025 11:31:18 PM|RE-up|4973054|
206853|Tsayka|Trisaram|NATO|10037|Blue|248357|MrSka|Slartibartfast|NATO|10037|Blue|Expired|0|100|0|6/23/2025 10:53:04 PM|Financial Assistance|4973052|
412136|King James II|Michigan II|NATO|10037|Blue|604148|US Chrisderica|US of Chrisderica|Freehold of The Wolves|15157|White|Expired|9000000|0|0|6/23/2025 10:40:16 PM|VEP|4973050|
412136|King James II|Michigan II|NATO|10037|Blue|467217|aroswing|Land of Darkness|Freehold of The Wolves|15157|White|Expired|9000000|0|0|6/23/2025 10:38:40 PM|VEP|4973049|
602563|AntiChoice|SuperNaturale|Sparta|10008|Black|143364|Inkblot|Poverty|Sparta|10008|Black|Expired|6000000|0|0|6/23/2025 10:28:12 PM|Tech Deal|4973047|
275547|BigKif|KifLand|CLAWS|15841|Black|631191|Magnus IV|Kingdom of Ars Magna|CLAWS|15841|Black|Expired|9000000|0|0|6/23/2025 10:20:03 PM|Long Deal|4973044|
646212|Immai|Steampower|Knights Of The Round Table|10092|Green|632798|KYBALION|HVITIRDREKAR|Knights Of The Round Table|10092|Green|Expired|0|100|0|6/23/2025 10:11:56 PM|Financial Assistance|4973043|
646212|Immai|Steampower|Knights Of The Round Table|10092|Green|531590|Ledon|Ledonia|Knights of the Round Table|10092|Green|Expired|0|100|0|6/23/2025 10:10:51 PM|Financial Assistance|4973042|
437779|Clayton Lilleby|Lilleby|Nordreich|11319|Maroon|367611|TurnipCruncher|Hwicca|Nordreich|11319|Maroon|Expired|0|100|0|6/23/2025 8:58:38 PM|Financial Assistance|4973036|
437779|Clayton Lilleby|Lilleby|Nordreich|11319|Maroon|360411|Judson|Opportunity|Nordreich|11319|Maroon|Expired|0|100|0|6/23/2025 8:58:18 PM|Financial Assistance|4973035|
437779|Clayton Lilleby|Lilleby|Nordreich|11319|Maroon|501403|Trebs|Trebs|Nordreich|11319|Maroon|Expired|0|100|0|6/23/2025 8:57:50 PM|Financial Assistance|4973034|
437779|Clayton Lilleby|Lilleby|Nordreich|11319|Maroon|290230|UnLimited|Aurora Borealis|Nordreich|11319|Maroon|Expired|0|100|0|6/23/2025 8:57:30 PM|Financial Assistance|4973033|
72766|Gofastleft|Racesteria|Non Grata|10097|Maroon|638461|Jerby|Simulacra|Non Grata|10097|Maroon|Expired|9000000|0|0|6/23/2025 8:03:26 PM|Tech|4973028|
610914|Impossible|Ropadope|Disciples of Duckroll|17024|Black|402492|NikolaP|Wiggles|Disciples of Duckroll|17024|Black|Expired|0|100|0|6/23/2025 7:33:48 PM|Financial Assistance|4973026|
610914|Impossible|Ropadope|Disciples of Duckroll|17024|Black|596807|AmeerMuib|SiegeTank|Disciples of Duckroll|17024|Black|Expired|9000000|0|0|6/23/2025 7:33:37 PM|Financial Assistance|4973025|
610914|Impossible|Ropadope|Disciples of Duckroll|17024|Black|503436|StevieG|Dinglebay|Disciples of Duckroll|17024|Black|Expired|0|100|0|6/23/2025 7:33:32 PM|Financial Assistance|4973024|
610914|Impossible|Ropadope|Disciples of Duckroll|17024|Black|585631|Srivatsan|MAHANADU|Disciples of Duckroll|17024|Black|Expired|0|100|0|6/23/2025 7:33:27 PM|Financial Assistance|4973023|
610914|Impossible|Ropadope|Disciples of Duckroll|17024|Black|334182|st6mm|Northern Reich|Disciples of Duckroll|17024|Black|Expired|0|100|0|6/23/2025 7:33:22 PM|Financial Assistance|4973022|
610914|Impossible|Ropadope|Disciples of Duckroll|17024|Black|230799|Raymond Jaeger|New Alabama|Disciples of Duckroll|17024|Black|Expired|9000000|100|0|6/23/2025 7:33:17 PM|Financial Assistance|4973021|
394625|Empress Elizabeth|DeWitt|Global Alliance And Treaty Organization|10003|Brown|646764|Reverend Edo|Outopostan|Global Alliance And Treaty Organization|10003|Brown|Expired|6000000|0|0|6/23/2025 7:00:43 PM|Financial Assistance|4973016|
394625|Empress Elizabeth|DeWitt|Global Alliance And Treaty Organization|10003|Brown|568795|Greywall|The Westfold|Global Alliance And Treaty Organization|10003|Brown|Expired|9000000|0|0|6/23/2025 7:00:20 PM|Financial Assistance|4973015|
394625|Empress Elizabeth|DeWitt|Global Alliance And Treaty Organization|10003|Brown|646800|Brotherlouie27|Louimerica II|Global Alliance And Treaty Organization|10003|Brown|Expired|6000000|0|0|6/23/2025 6:59:23 PM|Financial Assistance|4973014|
186805|Grendel|Beowulf|Knights Of The Round Table|10092|Green|636950|Sir Percival|Galles|Knights Of The Round Table|10092|Green|Expired|9000000|0|0|6/23/2025 5:26:13 PM|$9M/100T|4973006|
